MANDT,CARRID,CONNID,FLDATE,BOOKID,CUSTOMID,INSTNO,PAYMETH,AMOUNT,CURRENCY,ARCHIVE_
300,DL,0106,2011-01-17,00016846,00002057,0001,C,305.00,USD,
300,DL,0106,2011-01-17,00016688,00000571,0001,C,305.00,USD,
300,DL,0106,2011-01-17,00016646,00001900,0001,C,305.00,USD,
300,DL,0106,2011-01-17,00016816,00000089,0001,C,305.00,USD,
300,DL,0106,2011-01-17,00016937,00004626,0001,C,305.00,USD,
300,DL,0106,2011-01-17,00016625,00000371,0001,C,305.00,USD,
300,DL,0106,2011-01-17,00016921,00003185,0001,C,305.00,USD,
300,DL,0106,2011-01-17,00016997,00004457,0001,C,305.00,USD,
300,DL,0106,2011-01-17,00016764,00002289,0001,C,305.00,USD,
300,DL,0106,2011-01-17,00016802,00002494,0001,C,305.00,USD,
300,DL,0106,2011-01-17,00016623,00002125,0001,C,305.00,USD,
300,DL,0106,2011-01-17,00016716,00003642,0001,C,305.00,USD,
300,DL,0106,2011-01-17,00016748,00002121,0001,C,305.00,USD,
300,DL,0106,2011-01-17,00016718,00001085,0001,C,305.00,USD,
300,DL,0106,2011-01-17,00016698,00003767,0001,C,305.00,USD,
300,DL,0106,2011-01-17,00016823,00000160,0001,C,305.00,USD,
300,DL,0106,2011-01-17,00016662,00004421,0001,C,305.00,USD,
300,DL,0106,2011-01-17,00016766,00003285,0001,C,305.00,USD,
300,DL,0106,2011-01-17,00016758,00003707,0001,C,305.00,USD,
300,DL,0106,2010-08-30,00008029,00004016,0001,C,305.00,USD,
300,DL,0106,2010-08-30,00007901,00000015,0001,C,305.00,USD,
300,DL,0106,2010-08-30,00008215,00004353,0001,C,305.00,USD,
300,DL,0106,2010-08-30,00008233,00002522,0001,C,305.00,USD,
300,DL,0106,2010-08-30,00008234,00002522,0001,C,305.00,USD,
300,DL,0106,2010-08-30,00008060,00000479,0001,C,305.00,USD,
300,DL,0106,2010-08-30,00008191,00003393,0001,C,305.00,USD,
300,DL,0106,2010-08-30,00008017,00004469,0001,C,305.00,USD,
300,DL,0106,2010-08-30,00008116,00001282,0001,C,305.00,USD,
300,DL,0106,2010-08-30,00007961,00002731,0001,C,305.00,USD,
300,DL,0106,2010-08-30,00008161,00004622,0001,C,305.00,USD,
300,DL,0106,2010-08-30,00008249,00001262,0001,C,305.00,USD,
300,DL,0106,2010-08-30,00008227,00002101,0001,C,305.00,USD,
300,DL,0106,2010-08-30,00008194,00002570,0001,C,305.00,USD,
300,DL,0106,2010-08-30,00008213,00001567,0001,C,305.00,USD,
300,DL,0106,2010-08-30,00007949,00001768,0001,C,305.00,USD,
300,DL,0106,2010-08-30,00008197,00004449,0001,C,305.00,USD,
300,DL,0106,2010-08-30,00008095,00003859,0001,C,305.00,USD,
300,DL,0106,2010-08-30,00007904,00001153,0001,C,305.00,USD,
300,DL,0106,2010-08-30,00008212,00003381,0001,C,305.00,USD,
300,DL,0106,2010-08-30,00008158,00001017,0001,C,305.00,USD,
300,DL,0106,2010-08-30,00008021,00004598,0001,C,305.00,USD,
300,DL,0106,2010-08-30,00007951,00002041,0001,C,305.00,USD,
300,DL,0106,2010-08-30,00008011,00002374,0001,C,305.00,USD,
300,DL,0106,2010-08-30,00008069,00002289,0001,C,305.00,USD,
300,DL,0106,2010-08-30,00008063,00003747,0001,C,305.00,USD,
300,DL,0106,2010-08-30,00007945,00003060,0001,C,305.00,USD,
300,DL,0106,2010-08-30,00008165,00001695,0001,C,305.00,USD,
300,AZ,0788,2011-06-07,00063785,00002687,0001,P,515.00,EUR,
300,AZ,0788,2011-06-07,00063734,00001206,0001,P,515.00,EUR,
300,DL,0106,2010-08-30,00007933,00002574,0001,C,305.00,USD,
300,AZ,0788,2011-06-07,00063758,00004192,0001,P,515.00,EUR,
300,AZ,0788,2011-06-07,00063596,00004192,0001,P,515.00,EUR,
300,AZ,0788,2011-06-07,00063737,00003157,0001,P,515.00,EUR,
300,AZ,0788,2011-06-07,00063602,00003650,0001,P,515.00,EUR,
300,LH,0401,2011-09-28,00072670,00000822,0001,C,599.00,EUR,
300,AZ,0788,2011-06-07,00063911,00002249,0001,P,515.00,EUR,
300,DL,0106,2010-08-30,00007976,00000933,0001,C,305.00,USD,
300,AZ,0788,2011-06-07,00063923,00003630,0001,P,515.00,EUR,
300,LH,0401,2011-09-28,00072672,00000084,0001,C,646.00,EUR,
300,AZ,0788,2011-06-07,00063620,00003321,0001,P,515.00,EUR,
300,DL,0106,2010-08-30,00007928,00004212,0001,C,305.00,USD,
300,AZ,0788,2011-06-07,00063788,00004236,0001,P,515.00,EUR,
300,LH,0401,2011-09-28,00072673,00000045,0001,C,599.00,EUR,
300,DL,0106,2010-10-04,00010284,00000451,0001,C,305.00,USD,
300,AZ,0788,2011-06-07,00063569,00002233,0001,P,515.00,EUR,
300,AZ,0788,2011-06-07,00063827,00000499,0001,P,515.00,EUR,
300,LH,0401,2011-09-28,00072675,00002210,0001,C,632.00,EUR,
300,AZ,0788,2011-06-07,00063722,00000290,0001,P,515.00,EUR,
300,LH,0401,2011-09-28,00072676,00003516,0001,C,599.00,EUR,
300,AZ,0788,2011-06-07,00063809,00000535,0001,P,515.00,EUR,
300,AZ,0788,2011-06-07,00063698,00003979,0001,P,515.00,EUR,
300,LH,0401,2011-09-28,00072678,00000480,0001,C,632.00,EUR,
300,DL,0106,2010-10-04,00010311,00002330,0001,C,305.00,USD,
300,AZ,0788,2011-06-07,00063842,00002398,0001,P,515.00,EUR,
300,LH,0401,2011-09-28,00072679,00002793,0001,C,599.00,EUR,
300,AZ,0788,2011-06-07,00063857,00001952,0001,P,515.00,EUR,
300,DL,0106,2010-10-04,00010201,00000772,0001,C,305.00,USD,
300,AZ,0788,2011-06-07,00063665,00001627,0001,P,515.00,EUR,
300,LH,0401,2011-09-28,00072681,00004085,0001,C,632.00,EUR,
300,AZ,0788,2011-06-07,00063899,00001515,0001,P,515.00,EUR,
300,DL,0106,2010-10-04,00010225,00000945,0001,C,305.00,USD,
300,AZ,0788,2011-06-07,00063617,00003614,0001,P,515.00,EUR,
300,LH,0401,2011-09-28,00072682,00002224,0001,C,566.00,EUR,
300,AZ,0788,2011-06-07,00063908,00001089,0001,P,515.00,EUR,
300,AZ,0788,2011-06-07,00063623,00003590,0001,P,515.00,EUR,
300,LH,0401,2011-09-28,00072684,00002202,0001,C,632.00,EUR,
300,AZ,0788,2011-06-07,00063893,00001703,0001,P,515.00,EUR,
300,LH,0401,2011-09-28,00072685,00004147,0001,C,566.00,EUR,
300,AZ,0788,2011-06-07,00063854,00003670,0001,P,515.00,EUR,
300,DL,0106,2010-10-04,00010422,00001282,0001,C,305.00,USD,
300,AZ,0788,2011-06-07,00063689,00001198,0001,P,515.00,EUR,
300,LH,0401,2011-09-28,00072687,00001232,0001,C,599.00,EUR,
300,DL,0106,2010-10-04,00010361,00000090,0001,C,305.00,USD,
300,AZ,0788,2011-06-07,00063773,00001707,0001,P,515.00,EUR,
300,AZ,0788,2011-06-07,00063797,00003698,0001,P,515.00,EUR,
300,LH,0401,2011-09-28,00072688,00001994,0001,C,599.00,EUR,
300,DL,0106,2010-10-04,00010299,00001214,0001,C,305.00,USD,
300,AZ,0788,2011-06-07,00063674,00000820,0001,P,515.00,EUR,
300,LH,0401,2011-09-28,00072690,00000757,0001,C,632.00,EUR,
300,AZ,0788,2011-06-07,00063917,00004369,0001,P,515.00,EUR,
300,AZ,0788,2011-06-07,00063926,00001575,0001,P,515.00,EUR,
300,LH,0401,2011-09-28,00072691,00000862,0001,C,599.00,EUR,
300,AZ,0788,2011-06-07,00063881,00004281,0001,P,515.00,EUR,
300,AZ,0788,2011-06-07,00063692,00003421,0001,P,515.00,EUR,
300,LH,0401,2011-09-28,00072693,00002630,0001,C,566.00,EUR,
300,DL,0106,2010-10-04,00010391,00001434,0001,C,305.00,USD,
300,AZ,0788,2011-06-07,00063740,00003526,0001,P,515.00,EUR,
300,LH,0401,2011-09-28,00072694,00004535,0001,C,599.00,EUR,
300,AZ,0788,2010-08-17,00045288,00003173,0001,P,515.00,EUR,
300,DL,0106,2010-10-04,00010077,00001434,0001,C,305.00,USD,
300,AZ,0788,2010-08-17,00045327,00000917,0001,P,515.00,EUR,
300,LH,0401,2011-09-28,00072696,00000959,0001,C,599.00,EUR,
300,DL,0106,2010-10-04,00010302,00003080,0001,C,305.00,USD,
300,AZ,0788,2010-08-17,00045336,00002855,0001,P,515.00,EUR,
300,AZ,0788,2010-08-17,00045291,00001531,0001,P,515.00,EUR,
300,LH,0401,2011-09-28,00072697,00001828,0001,C,666.00,EUR,
300,DL,0106,2010-10-04,00010113,00000744,0001,C,305.00,USD,
300,AZ,0788,2010-08-17,00045632,00001563,0001,P,515.00,EUR,
300,LH,0401,2011-09-28,00072699,00004503,0001,C,599.00,EUR,
300,DL,0106,2010-10-04,00010119,00001310,0001,C,305.00,USD,
300,LH,0401,2011-09-28,00072700,00004200,0001,C,666.00,EUR,
300,DL,0106,2010-10-04,00010419,00001659,0001,C,305.00,USD,
300,DL,0106,2010-10-04,00010249,00004244,0001,C,305.00,USD,
300,LH,0401,2011-09-28,00072702,00000634,0001,C,599.00,EUR,
300,LH,0401,2011-09-28,00072703,00002370,0001,C,666.00,EUR,
300,DL,0106,2010-10-04,00010316,00003377,0001,C,305.00,USD,
300,LH,0401,2011-09-28,00072705,00000699,0001,C,566.00,EUR,
300,DL,0106,2010-10-04,00010430,00003397,0001,C,305.00,USD,
300,LH,0401,2011-09-28,00072706,00000170,0001,C,566.00,EUR,
300,DL,0106,2010-10-04,00010296,00001768,0001,C,305.00,USD,
300,LH,0401,2011-09-28,00072708,00001793,0001,C,632.00,EUR,
300,LH,0401,2011-09-28,00072709,00003599,0001,C,632.00,EUR,
300,DL,0106,2010-10-04,00010410,00001591,0001,C,305.00,USD,
300,LH,0401,2011-09-28,00072711,00002613,0001,C,899.00,EUR,
300,AZ,0788,2010-08-17,00045605,00004413,0001,P,515.00,EUR,
300,DL,0106,2010-10-04,00010282,00000127,0001,C,305.00,USD,
300,LH,0401,2011-09-28,00072712,00000235,0001,C,949.00,EUR,
300,AZ,0788,2010-08-17,00045408,00000051,0001,P,515.00,EUR,
300,DL,0106,2010-10-04,00010416,00000145,0001,C,305.00,USD,
300,AZ,0788,2010-08-17,00045354,00003020,0001,P,515.00,EUR,
300,LH,0401,2011-09-28,00072714,00001612,0001,C,949.00,EUR,
300,AZ,0788,2010-08-17,00045596,00004574,0001,P,515.00,EUR,
300,DL,0106,2010-10-04,00010398,00001896,0001,C,305.00,USD,
300,AZ,0788,2010-08-17,00045539,00002189,0001,P,515.00,EUR,
300,LH,0401,2011-09-28,00072715,00000733,0001,C,949.00,EUR,
300,AZ,0788,2010-08-17,00045318,00000447,0001,P,515.00,EUR,
300,DL,0106,2010-10-04,00010167,00002446,0001,C,305.00,USD,
300,LH,0401,2011-09-28,00072717,00002497,0001,C,849.00,EUR,
300,AZ,0788,2010-08-17,00045420,00000159,0001,P,515.00,EUR,
300,DL,0106,2010-10-04,00010170,00002000,0001,C,305.00,USD,
300,AZ,0788,2010-08-17,00045477,00001238,0001,P,515.00,EUR,
300,LH,0401,2011-09-28,00072718,00004186,0001,C,899.00,EUR,
300,AZ,0788,2010-08-17,00045611,00001495,0001,P,515.00,EUR,
300,DL,0106,2010-10-04,00010358,00003470,0001,C,305.00,USD,
300,LH,0401,2011-09-28,00072720,00000883,0001,C,849.00,EUR,
300,AZ,0788,2010-08-17,00045456,00004550,0001,P,515.00,EUR,
300,AZ,0788,2010-08-17,00045321,00003843,0001,P,515.00,EUR,
300,DL,0106,2010-10-04,00010335,00000483,0001,C,305.00,USD,
300,LH,0401,2011-09-28,00072721,00003858,0001,C,849.00,EUR,
300,AZ,0788,2010-08-17,00045396,00000008,0001,P,515.00,EUR,
300,DL,0106,2010-10-04,00010236,00002908,0001,C,305.00,USD,
300,AZ,0788,2010-08-17,00045623,00003357,0001,P,515.00,EUR,
300,LH,0401,2011-09-28,00072723,00001340,0001,C,899.00,EUR,
300,AZ,0788,2010-08-17,00045602,00001446,0001,P,515.00,EUR,
300,DL,0106,2010-10-04,00010246,00004321,0001,C,305.00,USD,
300,LH,0401,2011-09-28,00072724,00002099,0001,C,899.00,EUR,
300,AZ,0788,2010-08-17,00045306,00003514,0001,P,515.00,EUR,
300,AZ,0788,2010-08-17,00045566,00002185,0001,P,515.00,EUR,
300,DL,0106,2010-10-04,00010114,00000933,0001,C,305.00,USD,
300,LH,0401,2011-09-28,00072726,00002423,0001,C,949.00,EUR,
300,AZ,0788,2010-08-17,00045303,00001169,0001,P,515.00,EUR,
300,DL,0106,2010-10-04,00010165,00000620,0001,C,305.00,USD,
300,AZ,0788,2010-08-17,00045405,00001290,0001,P,515.00,EUR,
300,LH,0401,2011-09-28,00072727,00004284,0001,C,849.00,EUR,
300,AZ,0788,2010-08-17,00045387,00001892,0001,P,515.00,EUR,
300,DL,0106,2010-10-04,00010123,00001748,0001,C,305.00,USD,
300,AZ,0788,2010-08-17,00045333,00002980,0001,P,515.00,EUR,
300,LH,0401,2011-09-28,00072729,00000488,0001,C,316.00,EUR,
300,AZ,0788,2010-08-17,00045626,00003654,0001,P,515.00,EUR,
300,DL,0106,2010-10-04,00010355,00000091,0001,C,305.00,USD,
300,LH,0401,2011-09-28,00072730,00003110,0001,C,299.00,EUR,
300,AZ,0788,2010-08-17,00045608,00003149,0001,P,515.00,EUR,
300,AZ,0788,2010-08-17,00045441,00004104,0001,P,515.00,EUR,
300,DL,0106,2011-02-28,00019518,00000451,0001,C,305.00,USD,
300,LH,0401,2011-09-28,00072732,00000965,0001,C,333.00,EUR,
300,AZ,0788,2010-08-17,00045339,00003903,0001,P,515.00,EUR,
300,DL,0106,2011-02-28,00019310,00003626,0001,C,305.00,USD,
300,AZ,0788,2010-08-17,00045297,00000780,0001,P,515.00,EUR,
300,LH,0401,2011-09-28,00072733,00002948,0001,C,333.00,EUR,
300,AZ,0788,2010-08-17,00045474,00000467,0001,P,515.00,EUR,
300,DL,0106,2011-02-28,00019539,00004273,0001,C,305.00,USD,
300,AZ,0788,2010-08-17,00045276,00000179,0001,P,515.00,EUR,
300,LH,0401,2011-09-28,00072735,00003825,0001,C,299.00,EUR,
300,AZ,0788,2010-08-17,00045351,00001868,0001,P,515.00,EUR,
300,DL,0106,2011-02-28,00019524,00000479,0001,C,305.00,USD,
300,LH,0401,2011-09-28,00072736,00000487,0001,C,333.00,EUR,
300,AZ,0788,2010-08-17,00045426,00001808,0001,P,515.00,EUR,
300,DL,0106,2011-02-28,00019601,00002900,0001,C,305.00,USD,
300,AZ,0788,2010-08-17,00045515,00001808,0001,P,515.00,EUR,
300,LH,0401,2011-09-28,00072738,00003960,0001,C,316.00,EUR,
300,AZ,0788,2010-04-27,00038462,00000892,0001,P,515.00,EUR,
300,DL,0106,2011-02-28,00019448,00002518,0001,C,305.00,USD,
300,AZ,0788,2010-04-27,00038363,00003638,0001,P,515.00,EUR,
300,LH,0401,2011-09-28,00072739,00001719,0001,C,333.00,EUR,
300,AZ,0788,2010-04-27,00038402,00001342,0001,P,515.00,EUR,
300,DL,0106,2011-02-28,00019386,00001310,0001,C,305.00,USD,
300,LH,0401,2011-09-28,00072741,00002599,0001,C,333.00,EUR,
300,AZ,0788,2010-04-27,00038683,00004293,0001,P,515.00,EUR,
300,DL,0106,2011-02-28,00019550,00001984,0001,C,305.00,USD,
300,AZ,0788,2010-04-27,00038491,00003466,0001,P,515.00,EUR,
300,LH,0401,2011-09-28,00072742,00003590,0001,C,333.00,EUR,
300,AZ,0788,2010-04-27,00038554,00002835,0001,P,515.00,EUR,
300,DL,0106,2011-02-28,00019331,00003193,0001,C,305.00,USD,
300,LH,0401,2011-09-28,00072744,00000997,0001,C,333.00,EUR,
300,AZ,0788,2010-04-27,00038459,00002699,0001,P,515.00,EUR,
300,AZ,0788,2010-04-27,00038396,00003996,0001,P,515.00,EUR,
300,LH,0401,2011-09-28,00072745,00000867,0001,C,283.00,EUR,
300,AZ,0788,2010-04-27,00038429,00002197,0001,P,515.00,EUR,
300,AZ,0788,2010-04-27,00038575,00002671,0001,P,515.00,EUR,
300,LH,0401,2011-09-28,00072747,00000155,0001,C,316.00,EUR,
300,AZ,0788,2010-04-27,00038650,00004489,0001,P,515.00,EUR,
300,DL,0106,2011-02-28,00019269,00001663,0001,C,305.00,USD,
300,AZ,0788,2010-04-27,00038426,00000728,0001,P,515.00,EUR,
300,LH,0401,2011-09-28,00072748,00004209,0001,C,316.00,EUR,
300,AZ,0788,2010-04-27,00038566,00001382,0001,P,515.00,EUR,
300,DL,0106,2011-02-28,00019266,00003807,0001,C,305.00,USD,
300,LH,0401,2011-09-28,00072750,00002563,0001,C,316.00,EUR,
300,AZ,0788,2010-04-27,00038536,00001888,0001,P,515.00,EUR,
300,AZ,0788,2010-04-27,00038593,00000012,0001,P,515.00,EUR,
300,DL,0106,2011-02-28,00019431,00001659,0001,C,305.00,USD,
300,LH,0401,2011-09-28,00072751,00003504,0001,C,299.00,EUR,
300,AZ,0788,2010-04-27,00038423,00002302,0001,P,515.00,EUR,
300,AZ,0788,2010-04-27,00038677,00001479,0001,P,515.00,EUR,
300,DL,0106,2011-02-28,00019272,00004537,0001,C,305.00,USD,
300,LH,0401,2011-09-28,00072753,00001948,0001,C,333.00,EUR,
300,AZ,0788,2010-04-27,00038665,00001459,0001,P,515.00,EUR,
300,DL,0106,2011-02-28,00019314,00002249,0001,C,305.00,USD,
300,AZ,0788,2010-04-27,00038671,00000007,0001,P,515.00,EUR,
300,LH,0401,2011-09-28,00072754,00003697,0001,C,283.00,EUR,
300,AZ,0788,2010-04-27,00038539,00001828,0001,P,515.00,EUR,
300,DL,0106,2011-02-28,00019288,00000591,0001,C,305.00,USD,
300,LH,0401,2011-09-28,00072756,00003185,0001,C,333.00,EUR,
300,AZ,0788,2010-04-27,00038638,00000339,0001,P,515.00,EUR,
300,DL,0106,2011-02-28,00019463,00002707,0001,C,305.00,USD,
300,AZ,0788,2010-04-27,00038581,00001310,0001,P,515.00,EUR,
300,LH,0401,2011-09-28,00072757,00000507,0001,C,333.00,EUR,
300,AZ,0788,2010-04-27,00038656,00003189,0001,P,515.00,EUR,
300,DL,0106,2011-02-28,00019602,00004256,0001,C,305.00,USD,
300,AZ,0788,2010-04-27,00038596,00004136,0001,P,515.00,EUR,
300,LH,0401,2011-09-28,00072759,00001776,0001,C,333.00,EUR,
300,AZ,0788,2010-04-27,00038560,00004545,0001,P,515.00,EUR,
300,DL,0106,2011-02-28,00019587,00003120,0001,C,305.00,USD,
300,AZ,0788,2010-04-27,00038614,00003149,0001,P,515.00,EUR,
300,LH,0401,2011-09-28,00072760,00002718,0001,C,283.00,EUR,
300,AZ,0788,2010-04-27,00038450,00000075,0001,P,515.00,EUR,
300,DL,0106,2011-02-28,00019457,00000965,0001,C,305.00,USD,
300,LH,0401,2011-09-28,00072762,00003060,0001,C,333.00,EUR,
300,AZ,0788,2010-04-27,00038599,00002289,0001,P,515.00,EUR,
300,AZ,0788,2010-04-27,00038420,00003698,0001,P,515.00,EUR,
300,DL,0106,2011-02-28,00019443,00004361,0001,C,305.00,USD,
300,LH,0401,2011-09-28,00072763,00004346,0001,C,316.00,EUR,
300,AZ,0788,2010-04-27,00038653,00001535,0001,P,515.00,EUR,
300,DL,0106,2011-02-28,00019352,00003442,0001,C,305.00,USD,
300,LH,0401,2011-09-28,00072765,00002809,0001,C,299.00,EUR,
300,AZ,0788,2010-04-27,00038509,00000210,0001,P,515.00,EUR,
300,AZ,0788,2010-04-27,00038557,00000941,0001,P,515.00,EUR,
300,DL,0106,2011-02-28,00019260,00002988,0001,C,305.00,USD,
300,LH,0401,2011-09-28,00072766,00000138,0001,C,266.00,EUR,
300,AZ,0788,2010-04-27,00038605,00002486,0001,P,515.00,EUR,
300,DL,0106,2011-02-28,00019317,00001454,0001,C,305.00,USD,
300,AZ,0788,2010-04-27,00038488,00003004,0001,P,515.00,EUR,
300,LH,0401,2011-09-28,00072768,00003038,0001,C,299.00,EUR,
300,AZ,0788,2010-04-27,00038533,00004132,0001,P,515.00,EUR,
300,DL,0106,2011-02-28,00019326,00001691,0001,C,305.00,USD,
300,AZ,0788,2010-12-21,00053177,00002944,0001,P,515.00,EUR,
300,LH,0401,2011-09-28,00072769,00000194,0001,C,316.00,EUR,
300,AZ,0788,2010-12-21,00053225,00001727,0001,P,515.00,EUR,
300,DL,0106,2011-02-28,00019446,00003305,0001,C,305.00,USD,
300,LH,0401,2011-09-28,00072771,00002746,0001,C,283.00,EUR,
300,AZ,0788,2010-12-21,00053438,00003024,0001,P,515.00,EUR,
300,DL,0106,2011-02-28,00019592,00002205,0001,C,305.00,USD,
300,AZ,0788,2010-12-21,00053447,00002924,0001,P,515.00,EUR,
300,LH,0401,2011-09-28,00072772,00000523,0001,C,333.00,EUR,
300,AZ,0788,2010-12-21,00053465,00003072,0001,P,515.00,EUR,
300,DL,0106,2011-02-28,00019467,00003843,0001,C,305.00,USD,
300,AZ,0788,2010-12-21,00053102,00000852,0001,P,515.00,EUR,
300,LH,0401,2011-09-28,00072774,00002614,0001,C,283.00,EUR,
300,AZ,0788,2010-12-21,00053336,00001563,0001,P,515.00,EUR,
300,DL,0106,2011-02-28,00019595,00002097,0001,C,305.00,USD,
300,LH,0401,2011-09-28,00072775,00000505,0001,C,299.00,EUR,
300,AZ,0788,2010-12-21,00053303,00004012,0001,P,515.00,EUR,
300,AZ,0788,2010-12-21,00053420,00004413,0001,P,515.00,EUR,
300,DL,0106,2011-02-28,00019392,00000375,0001,C,305.00,USD,
300,LH,0401,2011-09-28,00072777,00004176,0001,C,333.00,EUR,
300,AZ,0788,2010-12-21,00053189,00002603,0001,P,515.00,EUR,
300,AZ,0788,2010-12-21,00053222,00001145,0001,P,515.00,EUR,
300,LH,0401,2011-09-28,00072778,00002788,0001,C,316.00,EUR,
300,DL,0106,2011-02-28,00019478,00001559,0001,C,305.00,USD,
300,AZ,0788,2010-12-21,00053462,00003169,0001,P,515.00,EUR,
300,DL,0106,2011-02-28,00019254,00000351,0001,C,305.00,USD,
300,LH,0401,2011-09-28,00072780,00002661,0001,C,299.00,EUR,
300,AZ,0788,2010-12-21,00053309,00004088,0001,P,515.00,EUR,
300,AZ,0788,2010-12-21,00053435,00000768,0001,P,515.00,EUR,
300,DL,0106,2010-12-06,00014033,00001699,0001,C,305.00,USD,
300,AZ,0788,2010-12-21,00053479,00000535,0001,P,515.00,EUR,
300,LH,0401,2011-09-28,00072781,00000779,0001,C,283.00,EUR,
300,AZ,0788,2010-12-21,00053363,00003811,0001,P,515.00,EUR,
300,DL,0106,2010-12-06,00014272,00002033,0001,C,305.00,USD,
300,LH,0401,2011-09-28,00072783,00001713,0001,C,299.00,EUR,
300,AZ,0788,2010-12-21,00053318,00003702,0001,P,515.00,EUR,
300,DL,0106,2010-12-06,00014347,00003393,0001,C,305.00,USD,
300,AZ,0788,2010-12-21,00053333,00003787,0001,P,515.00,EUR,
300,LH,0401,2011-09-28,00072784,00003182,0001,C,316.00,EUR,
300,AZ,0788,2010-12-21,00053168,00002029,0001,P,515.00,EUR,
300,DL,0106,2010-12-06,00014060,00001876,0001,C,305.00,USD,
300,LH,0401,2011-09-28,00072786,00002795,0001,C,333.00,EUR,
300,AZ,0788,2010-12-21,00053417,00002161,0001,P,515.00,EUR,
300,DL,0106,2010-12-06,00014051,00003915,0001,C,305.00,USD,
300,AZ,0788,2010-12-21,00053117,00002980,0001,P,515.00,EUR,
300,LH,0401,2011-09-28,00072787,00004395,0001,C,299.00,EUR,
300,AZ,0788,2010-12-21,00053453,00002382,0001,P,515.00,EUR,
300,DL,0106,2010-12-06,00014105,00004606,0001,C,305.00,USD,
300,AZ,0788,2010-12-21,00053345,00001768,0001,P,515.00,EUR,
300,LH,0401,2011-09-28,00072789,00001876,0001,C,333.00,EUR,
300,DL,0106,2010-12-06,00014005,00003630,0001,C,305.00,USD,
300,AZ,0788,2010-12-21,00053231,00000965,0001,P,515.00,EUR,
300,AZ,0788,2010-12-21,00053459,00000720,0001,P,515.00,EUR,
300,LH,0401,2011-09-28,00072790,00003573,0001,C,283.00,EUR,
300,DL,0106,2010-12-06,00014131,00003996,0001,C,305.00,USD,
300,AZ,0788,2010-12-21,00053396,00003626,0001,P,515.00,EUR,
300,LH,0401,2011-09-28,00072792,00003399,0001,C,299.00,EUR,
300,DL,0106,2010-12-06,00014263,00003309,0001,C,305.00,USD,
300,AZ,0788,2010-12-21,00053321,00001073,0001,P,515.00,EUR,
300,AZ,0788,2010-12-21,00053156,00004618,0001,P,515.00,EUR,
300,LH,0401,2011-09-28,00072793,00004258,0001,C,299.00,EUR,
300,DL,0106,2010-12-06,00014176,00001671,0001,C,305.00,USD,
300,AZ,0788,2010-12-21,00053312,00003048,0001,P,515.00,EUR,
300,LH,0401,2011-09-28,00072795,00003069,0001,C,316.00,EUR,
300,AZ,0788,2010-12-21,00053249,00003060,0001,P,515.00,EUR,
300,DL,0106,2010-12-06,00014228,00001463,0001,C,305.00,USD,
300,AZ,0788,2010-12-21,00053270,00004281,0001,P,515.00,EUR,
300,LH,0401,2011-09-28,00072796,00001425,0001,C,283.00,EUR,
300,DL,0106,2010-12-06,00014251,00003040,0001,C,305.00,USD,
300,AZ,0788,2010-12-21,00053216,00003052,0001,P,515.00,EUR,
300,AZ,0788,2010-12-21,00053108,00002049,0001,P,515.00,EUR,
300,DL,0106,2010-12-06,00014015,00003859,0001,C,305.00,USD,
300,LH,0401,2011-09-28,00072798,00001625,0001,C,299.00,EUR,
300,AZ,0788,2010-12-21,00053297,00000035,0001,P,515.00,EUR,
300,AZ,0788,2011-07-12,00065902,00000656,0001,P,515.00,EUR,
300,DL,0106,2010-12-06,00014358,00000012,0001,C,305.00,USD,
300,LH,0401,2011-09-28,00072799,00002749,0001,C,299.00,EUR,
300,AZ,0788,2011-07-12,00065929,00002900,0001,P,515.00,EUR,
300,DL,0106,2010-12-06,00014278,00002037,0001,C,305.00,USD,
300,AZ,0788,2011-07-12,00066069,00000696,0001,P,515.00,EUR,
300,LH,0401,2011-09-28,00072801,00001337,0001,C,283.00,EUR,
300,AZ,0788,2011-07-12,00066057,00003598,0001,P,515.00,EUR,
300,DL,0106,2010-12-06,00014279,00002037,0001,C,305.00,USD,
300,LH,0401,2011-09-28,00072802,00002042,0001,C,316.00,EUR,
300,AZ,0788,2011-07-12,00065890,00000511,0001,P,515.00,EUR,
300,AZ,0788,2011-07-12,00066030,00002731,0001,P,515.00,EUR,
300,DL,0106,2010-12-06,00014261,00000800,0001,C,305.00,USD,
300,LH,0401,2011-09-28,00072804,00003363,0001,C,299.00,EUR,
300,AZ,0788,2011-07-12,00066078,00000018,0001,P,515.00,EUR,
300,DL,0106,2010-12-06,00014338,00000086,0001,C,305.00,USD,
300,AZ,0788,2011-07-12,00065962,00002093,0001,P,515.00,EUR,
300,LH,0401,2011-09-28,00072805,00003453,0001,C,283.00,EUR,
300,AZ,0788,2011-07-12,00065818,00002896,0001,P,515.00,EUR,
300,DL,0106,2010-12-06,00014353,00001049,0001,C,305.00,USD,
300,AZ,0788,2011-07-12,00066012,00001121,0001,P,515.00,EUR,
300,LH,0401,2011-09-28,00072807,00001896,0001,C,333.00,EUR,
300,AZ,0788,2011-07-12,00065833,00004337,0001,P,515.00,EUR,
300,DL,0106,2010-12-06,00014185,00003747,0001,C,305.00,USD,
300,LH,0401,2011-09-28,00072808,00000021,0001,C,299.00,EUR,
300,AZ,0788,2011-07-12,00065881,00001318,0001,P,515.00,EUR,
300,DL,0106,2010-12-06,00014204,00001956,0001,C,305.00,USD,
300,AZ,0788,2011-07-12,00065896,00001025,0001,P,515.00,EUR,
300,LH,0401,2011-09-28,00072810,00001752,0001,C,333.00,EUR,
300,AZ,0788,2011-07-12,00065854,00001735,0001,P,515.00,EUR,
300,DL,0106,2010-12-06,00014032,00003442,0001,C,305.00,USD,
300,AZ,0788,2011-07-12,00065758,00001671,0001,P,515.00,EUR,
300,LH,0401,2011-09-28,00072811,00002925,0001,C,316.00,EUR,
300,AZ,0788,2011-07-12,00066081,00000728,0001,P,515.00,EUR,
300,DL,0106,2010-12-06,00014182,00002691,0001,C,305.00,USD,
300,AZ,0788,2011-07-12,00065731,00002089,0001,P,515.00,EUR,
300,LH,0401,2011-09-28,00072813,00004304,0001,C,283.00,EUR,
300,DL,0106,2010-12-06,00014183,00000391,0001,C,305.00,USD,
300,AZ,0788,2011-07-12,00065985,00002302,0001,P,515.00,EUR,
300,AZ,0788,2011-07-12,00066009,00002831,0001,P,515.00,EUR,
300,LH,0401,2011-09-28,00072814,00000397,0001,C,299.00,EUR,
300,DL,0106,2010-12-06,00014323,00002868,0001,C,305.00,USD,
300,AZ,0788,2011-07-12,00065932,00001984,0001,P,515.00,EUR,
300,LH,0401,2011-09-28,00072816,00002185,0001,C,333.00,EUR,
300,AZ,0788,2011-07-12,00065994,00001539,0001,P,515.00,EUR,
300,DL,0106,2010-12-06,00014150,00002205,0001,C,305.00,USD,
300,AZ,0788,2011-07-12,00065836,00003779,0001,P,515.00,EUR,
300,LH,0401,2011-09-28,00072817,00002770,0001,C,283.00,EUR,
300,DL,0106,2010-12-06,00014281,00004421,0001,C,305.00,USD,
300,AZ,0788,2011-07-12,00066015,00001173,0001,P,515.00,EUR,
300,AZ,0788,2011-07-12,00065974,00002755,0001,P,515.00,EUR,
300,LH,0401,2011-09-28,00072819,00003844,0001,C,316.00,EUR,
300,DL,0106,2010-12-06,00014021,00000832,0001,C,305.00,USD,
300,AZ,0788,2011-07-12,00065935,00002639,0001,P,515.00,EUR,
300,LH,0401,2011-09-28,00072820,00000275,0001,C,296.00,EUR,
300,AZ,0788,2011-07-12,00065982,00001547,0001,P,515.00,EUR,
300,DL,0106,2010-12-06,00014012,00004574,0001,C,305.00,USD,
300,AZ,0788,2011-07-12,00066027,00001768,0001,P,515.00,EUR,
300,LH,0401,2011-09-28,00072822,00001975,0001,C,283.00,EUR,
300,DL,0106,2010-12-06,00014254,00000010,0001,C,305.00,USD,
300,AZ,0788,2011-07-12,00065740,00000144,0001,P,515.00,EUR,
300,AZ,0788,2011-07-12,00066054,00002976,0001,P,515.00,EUR,
300,LH,0401,2011-09-28,00072823,00002843,0001,C,333.00,EUR,
300,DL,0106,2010-08-16,00007392,00002129,0001,C,305.00,USD,
300,AZ,0788,2011-07-12,00065872,00000515,0001,P,515.00,EUR,
300,LH,0401,2011-09-28,00072825,00004417,0001,C,333.00,EUR,
300,AZ,0788,2011-07-12,00065824,00001475,0001,P,515.00,EUR,
300,DL,0106,2010-08-16,00007332,00002033,0001,C,305.00,USD,
300,AZ,0788,2011-07-12,00065938,00000820,0001,P,515.00,EUR,
300,LH,0401,2011-09-28,00072826,00000019,0001,C,333.00,EUR,
300,DL,0106,2010-08-16,00007185,00002217,0001,C,305.00,USD,
300,AZ,0788,2011-07-12,00065968,00000567,0001,P,515.00,EUR,
300,AZ,0788,2011-07-12,00065794,00002121,0001,P,515.00,EUR,
300,LH,0401,2011-09-28,00072828,00002614,0001,C,283.00,EUR,
300,DL,0106,2010-08-16,00007152,00000503,0001,C,305.00,USD,
300,AZ,0788,2011-06-28,00064914,00004457,0001,P,515.00,EUR,
300,DL,0106,2010-08-16,00007305,00000744,0001,C,305.00,USD,
300,AZ,0788,2011-06-28,00065237,00001398,0001,P,515.00,EUR,
300,LH,0401,2011-09-28,00072829,00000474,0001,C,283.00,EUR,
300,AZ,0788,2011-06-28,00065087,00001398,0001,P,515.00,EUR,
300,DL,0106,2010-08-16,00007186,00002165,0001,C,305.00,USD,
300,LH,0401,2011-09-28,00072831,00002273,0001,C,333.00,EUR,
300,AZ,0788,2011-06-28,00065024,00000648,0001,P,515.00,EUR,
300,AZ,0788,2011-06-28,00064971,00000447,0001,P,515.00,EUR,
300,DL,0106,2010-08-16,00007264,00001310,0001,C,305.00,USD,
300,LH,0401,2011-09-28,00072832,00002524,0001,C,299.00,EUR,
300,AZ,0788,2011-06-28,00065054,00002281,0001,P,515.00,EUR,
300,DL,0106,2010-08-16,00007221,00001671,0001,C,305.00,USD,
300,AZ,0788,2011-06-28,00065210,00000547,0001,P,515.00,EUR,
300,LH,0401,2011-09-28,00072834,00000949,0001,C,333.00,EUR,
300,AZ,0788,2011-06-28,00065051,00003711,0001,P,515.00,EUR,
300,DL,0106,2010-08-16,00007251,00003149,0001,C,305.00,USD,
300,AZ,0788,2011-06-28,00065009,00000760,0001,P,515.00,EUR,
300,LH,0401,2011-09-28,00072835,00002671,0001,C,333.00,EUR,
300,DL,0106,2010-08-16,00007317,00004132,0001,C,305.00,USD,
300,AZ,0788,2011-06-28,00065231,00004349,0001,P,515.00,EUR,
300,LH,0401,2011-09-28,00072837,00004017,0001,C,316.00,EUR,
300,AZ,0788,2011-06-28,00064893,00002318,0001,P,515.00,EUR,
300,DL,0106,2010-08-16,00007065,00004461,0001,C,305.00,USD,
300,AZ,0788,2011-06-28,00064881,00002446,0001,P,515.00,EUR,
300,LH,0401,2011-09-28,00072838,00000206,0001,C,333.00,EUR,
300,AZ,0788,2011-06-28,00065234,00000551,0001,P,515.00,EUR,
300,DL,0106,2010-08-16,00007206,00003265,0001,C,305.00,USD,
300,AZ,0788,2011-06-28,00065030,00003201,0001,P,515.00,EUR,
300,LH,0401,2011-09-28,00072840,00003235,0001,C,299.00,EUR,
300,DL,0106,2010-08-16,00007197,00002285,0001,C,305.00,USD,
300,AZ,0788,2011-06-28,00064985,00002302,0001,P,515.00,EUR,
300,AZ,0788,2011-06-28,00065102,00001756,0001,P,515.00,EUR,
300,LH,0401,2011-09-28,00072841,00002059,0001,C,299.00,EUR,
300,DL,0106,2010-08-16,00007069,00001812,0001,C,305.00,USD,
300,AZ,0788,2011-06-28,00065021,00001338,0001,P,515.00,EUR,
300,LH,0401,2011-09-28,00072843,00003426,0001,C,333.00,EUR,
300,AZ,0788,2011-06-28,00065201,00001711,0001,P,515.00,EUR,
300,DL,0106,2010-08-16,00007227,00000511,0001,C,305.00,USD,
300,AZ,0788,2011-06-28,00064905,00000768,0001,P,515.00,EUR,
300,DL,0106,2010-08-16,00007276,00003405,0001,C,305.00,USD,
300,AZ,0788,2011-06-28,00065000,00002306,0001,P,515.00,EUR,
300,LH,0401,2011-09-28,00072844,00002940,0001,C,333.00,EUR,
300,AZ,0788,2011-06-28,00064938,00000347,0001,P,515.00,EUR,
300,DL,0106,2010-08-16,00007290,00003478,0001,C,305.00,USD,
300,LH,0401,2011-09-28,00072846,00003781,0001,C,299.00,EUR,
300,AZ,0788,2011-06-28,00064908,00001908,0001,P,515.00,EUR,
300,DL,0106,2010-08-16,00007087,00001964,0001,C,305.00,USD,
300,AZ,0788,2011-06-28,00065114,00003385,0001,P,515.00,EUR,
300,LH,0401,2011-09-28,00072847,00001176,0001,C,299.00,EUR,
300,AZ,0788,2011-06-28,00064950,00000921,0001,P,515.00,EUR,
300,DL,0106,2010-08-16,00007310,00004457,0001,C,305.00,USD,
300,AZ,0788,2011-06-28,00065195,00002558,0001,P,515.00,EUR,
300,LH,0401,2011-09-28,00072849,00000528,0001,C,316.00,EUR,
300,AZ,0788,2011-06-28,00064869,00004148,0001,P,515.00,EUR,
300,DL,0106,2010-08-16,00007401,00000559,0001,C,305.00,USD,
300,AZ,0788,2011-06-28,00064941,00000036,0001,P,515.00,EUR,
300,LH,0401,2011-09-28,00072850,00004505,0001,C,333.00,EUR,
300,DL,0106,2010-08-16,00007210,00002000,0001,C,305.00,USD,
300,AZ,0788,2011-06-28,00064902,00000415,0001,P,515.00,EUR,
300,LH,0401,2011-09-28,00072852,00001289,0001,C,283.00,EUR,
300,AZ,0788,2011-06-28,00065174,00000559,0001,P,515.00,EUR,
300,DL,0106,2010-08-16,00007081,00003470,0001,C,305.00,USD,
300,AZ,0788,2011-06-28,00065135,00000559,0001,P,515.00,EUR,
300,LH,0401,2011-09-28,00072853,00000428,0001,C,316.00,EUR,
300,AZ,0788,2011-06-28,00065006,00000467,0001,P,515.00,EUR,
300,DL,0106,2010-08-16,00007389,00003140,0001,C,305.00,USD,
300,AZ,0788,2011-06-28,00065018,00003506,0001,P,515.00,EUR,
300,LH,0401,2011-09-28,00072855,00002814,0001,C,283.00,EUR,
300,DL,0106,2010-08-16,00007320,00000071,0001,C,305.00,USD,
300,AZ,0788,2011-06-28,00064962,00003060,0001,P,515.00,EUR,
300,AA,0017,2010-12-01,00014064,00000779,0001,C,179.00,USD,
300,LH,0401,2011-09-28,00072856,00003058,0001,C,299.00,EUR,
300,AZ,0788,2011-06-28,00065108,00001820,0001,P,515.00,EUR,
300,DL,0106,2010-08-16,00007158,00003578,0001,C,305.00,USD,
300,AZ,0788,2011-03-22,00058944,00003369,0001,P,515.00,EUR,
300,LH,0401,2011-09-28,00072858,00000682,0001,C,299.00,EUR,
300,AZ,0788,2011-03-22,00059030,00000423,0001,P,515.00,EUR,
300,JL,0407,2011-02-04,00012890,00000779,0001,C,451.00,JPY,
300,DL,0106,2010-08-16,00007093,00002988,0001,C,305.00,USD,
300,AZ,0788,2011-03-22,00058988,00001350,0001,P,515.00,EUR,
300,LH,0401,2011-09-28,00072859,00003265,0001,C,333.00,EUR,
300,DL,0106,2010-08-16,00007365,00004321,0001,C,305.00,USD,
300,AA,0026,2011-05-11,00055656,00000779,0001,C,519.00,USD,
300,AZ,0788,2011-03-22,00058905,00003911,0001,P,515.00,EUR,
300,AZ,0788,2011-03-22,00059048,00000018,0001,P,515.00,EUR,
300,LH,0401,2011-09-28,00072861,00003657,0001,C,283.00,EUR,
300,AA,0026,2011-03-16,00053261,00000779,0001,C,259.00,USD,
300,DL,0106,2010-08-16,00007313,00002454,0001,C,305.00,USD,
300,AZ,0788,2011-03-22,00059075,00002542,0001,P,515.00,EUR,
300,LH,0401,2011-09-28,00072862,00001185,0001,C,283.00,EUR,
300,AZ,0788,2011-03-22,00058994,00003510,0001,P,515.00,EUR,
300,DL,0106,2010-08-16,00007086,00003285,0001,C,305.00,USD,
300,DL,1984,2010-11-01,00087611,00000779,0001,C,179.00,USD,
300,AZ,0788,2011-03-22,00058911,00002896,0001,P,515.00,EUR,
300,LH,0401,2011-09-28,00072864,00004463,0001,C,299.00,EUR,
300,DL,0106,2010-11-15,00012909,00004044,0001,C,305.00,USD,
300,AZ,0788,2011-03-22,00058982,00002699,0001,P,515.00,EUR,
300,SQ,0015,2011-02-16,00040783,00000779,0001,C,986.00,SGD,
300,AZ,0788,2011-03-22,00058872,00004513,0001,P,515.00,EUR,
300,LH,0401,2011-09-28,00072865,00002505,0001,C,283.00,EUR,
300,DL,0106,2010-11-15,00013009,00003979,0001,C,305.00,USD,
300,SQ,0067,2011-02-14,00116874,00000779,0001,C,139.00,SGD,
300,AZ,0788,2011-03-22,00059045,00001242,0001,P,515.00,EUR,
300,AZ,0788,2011-03-22,00059009,00002671,0001,P,515.00,EUR,
300,LH,0401,2011-09-28,00072867,00000508,0001,C,316.00,EUR,
300,UA,3516,2011-09-28,00122684,00000779,0001,C,259.00,USD,
300,DL,0106,2010-11-15,00012841,00001186,0001,C,305.00,USD,
300,AZ,0788,2011-03-22,00058830,00000025,0001,P,515.00,EUR,
300,AZ,0788,2011-03-22,00058800,00001282,0001,P,515.00,EUR,
300,LH,0401,2011-09-28,00072868,00004198,0001,C,299.00,EUR,
300,DL,0106,2010-11-15,00013044,00002747,0001,C,305.00,USD,
300,DL,1984,2011-08-29,00105933,00000779,0001,C,359.00,USD,
300,AZ,0788,2011-03-22,00059021,00002257,0001,P,515.00,EUR,
300,AZ,0788,2011-03-22,00058902,00001623,0001,P,515.00,EUR,
300,LH,0401,2011-09-28,00072870,00004126,0001,C,299.00,EUR,
300,DL,0106,2010-11-15,00012813,00002851,0001,C,305.00,USD,
300,DL,1984,2011-11-14,00111045,00000779,0001,C,179.00,USD,
300,AZ,0788,2011-03-22,00059129,00001515,0001,P,515.00,EUR,
300,LH,0401,2011-09-28,00072871,00002103,0001,C,299.00,EUR,
300,DL,0106,2010-11-15,00012807,00003915,0001,C,305.00,USD,
300,UA,3517,2011-01-31,00145715,00000779,0001,C,779.00,USD,
300,AZ,0788,2011-03-22,00059051,00000089,0001,P,515.00,EUR,
300,AZ,0788,2011-03-22,00059078,00001434,0001,P,515.00,EUR,
300,LH,0401,2011-09-28,00072873,00002988,0001,C,333.00,EUR,
300,DL,0106,2010-11-15,00012942,00001820,0001,C,305.00,USD,
300,SQ,0117,2011-06-27,00163871,00000779,0001,C,151.00,SGD,
300,AZ,0788,2011-03-22,00059039,00001467,0001,P,515.00,EUR,
300,AZ,0788,2011-03-22,00059003,00000091,0001,P,515.00,EUR,
300,LH,0401,2011-09-28,00072874,00003972,0001,C,316.00,EUR,
300,DL,0106,2010-11-15,00013012,00001579,0001,C,305.00,USD,
300,UA,3517,2011-09-28,00161419,00000779,0001,C,259.00,USD,
300,AZ,0788,2011-03-22,00058833,00000145,0001,P,515.00,EUR,
300,LH,0401,2011-09-28,00072876,00001716,0001,C,316.00,EUR,
300,DL,0106,2010-11-15,00012784,00003309,0001,C,305.00,USD,
300,AZ,0788,2011-03-22,00058941,00003153,0001,P,515.00,EUR,
300,AZ,0788,2011-03-22,00059018,00000034,0001,P,515.00,EUR,
300,LH,0401,2011-09-28,00072877,00003863,0001,C,333.00,EUR,
300,DL,0106,2010-11-15,00012918,00004132,0001,C,305.00,USD,
300,AZ,0788,2011-03-22,00059114,00003578,0001,P,515.00,EUR,
300,LH,0401,2011-09-28,00072879,00002886,0001,C,299.00,EUR,
300,AZ,0788,2011-03-22,00058985,00001266,0001,P,515.00,EUR,
300,DL,0106,2010-11-15,00012843,00000571,0001,C,305.00,USD,
300,AZ,0788,2011-03-22,00058881,00000888,0001,P,515.00,EUR,
300,LH,0401,2011-09-28,00072880,00004491,0001,C,299.00,EUR,
300,AZ,0788,2011-03-22,00058968,00002514,0001,P,515.00,EUR,
300,UA,3517,2011-08-22,00158488,00000779,0001,C,259.00,USD,
300,DL,0106,2010-11-15,00012755,00004537,0001,C,305.00,USD,
300,AZ,0788,2011-03-22,00058896,00001707,0001,P,515.00,EUR,
300,LH,0401,2011-09-28,00072882,00001557,0001,C,299.00,EUR,
300,DL,0106,2010-11-15,00013006,00001744,0001,C,305.00,USD,
300,UA,3517,2011-08-28,00159055,00000779,0001,C,259.00,USD,
300,AZ,0788,2011-03-22,00058866,00002289,0001,P,515.00,EUR,
300,LH,0401,2011-09-28,00072883,00004349,0001,C,333.00,EUR,
300,AZ,0788,2011-03-22,00058914,00002827,0001,P,515.00,EUR,
300,DL,0106,2010-11-15,00012903,00001796,0001,C,305.00,USD,
300,SQ,0114,2011-01-03,00141064,00000779,0001,C,151.00,SGD,
300,AZ,0788,2011-03-22,00058812,00003116,0001,P,515.00,EUR,
300,LH,0401,2011-09-28,00072885,00000416,0001,C,316.00,EUR,
300,AZ,0788,2011-03-22,00058917,00001820,0001,P,515.00,EUR,
300,DL,0106,2010-11-15,00012856,00000957,0001,C,305.00,USD,
300,SQ,0066,2011-03-28,00081705,00000779,0001,C,139.00,SGD,
300,AZ,0788,2011-03-22,00059105,00004060,0001,P,515.00,EUR,
300,LH,0401,2011-09-28,00072886,00002675,0001,C,333.00,EUR,
300,AZ,0788,2011-10-11,00071423,00002587,0001,P,515.00,EUR,
300,DL,0106,2010-11-15,00012823,00003963,0001,C,305.00,USD,
300,DL,1984,2010-09-06,00084161,00000779,0001,C,179.00,USD,
300,AZ,0788,2011-10-11,00071453,00002073,0001,P,515.00,EUR,
300,LH,0401,2011-09-28,00072888,00000779,0001,C,283.00,EUR,
300,DL,0106,2010-11-15,00012769,00003654,0001,C,305.00,USD,
300,AZ,0788,2011-10-11,00071471,00002073,0001,P,515.00,EUR,
300,AA,0064,2010-11-26,00073899,00000779,0001,C,179.00,USD,
300,AZ,0788,2011-10-11,00071521,00001005,0001,P,515.00,EUR,
300,LH,0401,2011-09-28,00072889,00004300,0001,C,283.00,EUR,
300,DL,0106,2010-11-15,00012972,00000684,0001,C,305.00,USD,
300,UA,3516,2010-05-11,00090537,00000779,0001,C,259.00,USD,
300,AZ,0788,2011-10-11,00071593,00000684,0001,P,515.00,EUR,
300,LH,0401,2011-09-28,00072891,00000874,0001,C,299.00,EUR,
300,AZ,0788,2011-10-11,00071746,00003855,0001,P,515.00,EUR,
300,DL,0106,2010-11-15,00012922,00000086,0001,C,305.00,USD,
300,SQ,0066,2011-09-12,00091939,00000779,0001,C,139.00,SGD,
300,AZ,0788,2011-10-11,00071557,00001202,0001,P,515.00,EUR,
300,LH,0401,2011-09-28,00072892,00001813,0001,C,316.00,EUR,
300,DL,0106,2010-11-15,00012870,00002390,0001,C,305.00,USD,
300,AZ,0788,2011-10-11,00071635,00004329,0001,P,515.00,EUR,
300,DL,1984,2011-01-10,00091694,00000779,0001,C,179.00,USD,
300,AZ,0788,2011-10-11,00071515,00003486,0001,P,515.00,EUR,
300,LH,0401,2011-09-28,00072894,00000981,0001,C,333.00,EUR,
300,DL,0106,2010-11-15,00012728,00000047,0001,C,305.00,USD,
300,UA,3504,2011-10-28,00085950,00000779,0001,C,373.00,USD,
300,AZ,0788,2011-10-11,00071632,00004489,0001,P,515.00,EUR,
300,LH,0401,2011-09-28,00072895,00001568,0001,C,316.00,EUR,
300,AZ,0788,2011-10-11,00071605,00003169,0001,P,515.00,EUR,
300,DL,0106,2010-11-15,00012946,00002105,0001,C,305.00,USD,
300,UA,3504,2010-07-30,00056405,00000779,0001,C,373.00,USD,
300,AZ,0788,2011-10-11,00071743,00003329,0001,P,515.00,EUR,
300,LH,0401,2011-09-28,00072897,00004417,0001,C,333.00,EUR,
300,AZ,0788,2011-10-11,00071474,00003899,0001,P,515.00,EUR,
300,DL,0106,2010-11-15,00013045,00002121,0001,C,305.00,USD,
300,UA,0007,2010-05-01,00000447,00000779,0001,C,179.00,USD,
300,AZ,0788,2011-10-11,00071587,00002245,0001,P,515.00,EUR,
300,LH,0401,2011-09-28,00072898,00004335,0001,C,299.00,EUR,
300,AA,0064,2010-08-06,00069839,00000779,0001,C,359.00,USD,
300,DL,0106,2010-11-15,00012858,00000391,0001,C,305.00,USD,
300,AZ,0788,2011-10-11,00071668,00000804,0001,P,515.00,EUR,
300,LH,0401,2011-09-28,00072900,00001565,0001,C,299.00,EUR,
300,AZ,0788,2011-10-11,00071456,00001454,0001,P,515.00,EUR,
300,AA,0064,2010-10-29,00072971,00000779,0001,C,179.00,USD,
300,DL,0106,2010-11-15,00012712,00003048,0001,C,305.00,USD,
300,AZ,0788,2011-10-11,00071399,00004120,0001,P,515.00,EUR,
300,LH,0401,2011-09-28,00072901,00004477,0001,C,333.00,EUR,
300,DL,1699,2011-10-24,00071703,00000779,0001,C,179.00,USD,
300,AZ,0788,2011-10-11,00071650,00001105,0001,P,515.00,EUR,
300,DL,0106,2010-11-15,00012999,00000316,0001,C,305.00,USD,
300,LH,0401,2011-09-28,00072903,00004310,0001,C,316.00,EUR,
300,AZ,0788,2011-10-11,00071444,00001539,0001,P,515.00,EUR,
300,UA,3504,2011-01-28,00067797,00000779,0001,C,373.00,USD,
300,AZ,0788,2011-10-11,00071497,00002795,0001,P,515.00,EUR,
300,DL,0106,2010-11-15,00012766,00004421,0001,C,305.00,USD,
300,AZ,0788,2011-10-11,00071695,00001623,0001,P,515.00,EUR,
300,LH,0401,2011-09-28,00072904,00004580,0001,C,299.00,EUR,
300,SQ,0866,2010-07-15,00306792,00000779,0001,C,218.00,SGD,
300,AZ,0788,2011-10-11,00071384,00001591,0001,P,515.00,EUR,
300,DL,0106,2010-11-15,00012734,00000379,0001,C,305.00,USD,
300,LH,0401,2011-09-28,00072906,00002785,0001,C,299.00,EUR,
300,SQ,0866,2010-08-05,00308130,00000779,0001,C,218.00,SGD,
300,AZ,0788,2011-10-11,00071692,00000375,0001,P,515.00,EUR,
300,DL,0106,2010-11-15,00013024,00001748,0001,C,305.00,USD,
300,AZ,0788,2011-10-11,00071620,00003197,0001,P,515.00,EUR,
300,SQ,0866,2010-07-22,00307538,00000779,0001,C,218.00,SGD,
300,LH,0401,2011-09-28,00072907,00001249,0001,C,283.00,EUR,
300,AZ,0788,2011-10-11,00071402,00002265,0001,P,515.00,EUR,
300,DL,0106,2011-08-15,00030011,00000015,0001,C,305.00,USD,
300,AZ,0788,2011-10-11,00071426,00000720,0001,P,515.00,EUR,
300,SQ,0866,2011-10-20,00335819,00000779,0001,C,218.00,SGD,
300,LH,0401,2011-09-28,00072909,00003840,0001,C,316.00,EUR,
300,AZ,0788,2011-10-11,00071731,00003951,0001,P,515.00,EUR,
300,DL,0106,2011-08-15,00029916,00002217,0001,C,305.00,USD,
300,SQ,0866,2011-11-17,00337555,00000779,0001,C,218.00,SGD,
300,AZ,0788,2011-10-11,00071674,00000403,0001,P,515.00,EUR,
300,LH,0401,2011-09-28,00072910,00003909,0001,C,299.00,EUR,
300,AZ,0788,2011-10-11,00071479,00001535,0001,P,515.00,EUR,
300,DL,0106,2011-08-15,00029963,00002747,0001,C,305.00,USD,
300,SQ,0866,2011-03-31,00322885,00000779,0001,C,654.00,SGD,
300,AZ,0788,2011-10-11,00071408,00003434,0001,P,515.00,EUR,
300,LH,0401,2011-09-28,00072912,00000759,0001,C,283.00,EUR,
300,DL,0106,2011-08-15,00029694,00001551,0001,C,305.00,USD,
300,AZ,0788,2011-10-11,00071477,00000844,0001,P,515.00,EUR,
300,SQ,0863,2010-11-24,00287389,00000779,0001,C,218.00,SGD,
300,AZ,0788,2011-10-11,00071420,00000941,0001,P,515.00,EUR,
300,LH,0401,2011-09-28,00072913,00003958,0001,C,283.00,EUR,
300,DL,0106,2011-08-15,00029773,00002302,0001,C,305.00,USD,
300,AZ,0788,2011-10-11,00071545,00000265,0001,P,515.00,EUR,
300,SQ,0326,2011-11-04,00277579,00000779,0001,C,738.00,SGD,
300,LH,0401,2011-09-28,00072915,00001512,0001,C,316.00,EUR,
300,AZ,0788,2011-10-11,00071686,00001061,0001,P,515.00,EUR,
300,DL,0106,2011-08-15,00030042,00001760,0001,C,305.00,USD,
300,SQ,0326,2011-12-16,00278628,00000779,0001,C,738.00,SGD,
300,LH,0401,2011-09-28,00072916,00003415,0001,C,299.00,EUR,
300,AZ,0788,2011-09-13,00069782,00001928,0001,P,515.00,EUR,
300,DL,0106,2011-08-15,00029967,00000740,0001,C,305.00,USD,
300,SQ,0866,2010-06-03,00304280,00000779,0001,C,218.00,SGD,
300,AZ,0788,2011-09-13,00070000,00002900,0001,P,515.00,EUR,
300,LH,0401,2011-09-28,00072918,00004557,0001,C,283.00,EUR,
300,DL,0106,2011-08-15,00029725,00003711,0001,C,305.00,USD,
300,SQ,0866,2010-04-22,00301609,00000779,0001,C,218.00,SGD,
300,AZ,0788,2011-09-13,00069677,00002611,0001,P,515.00,EUR,
300,LH,0401,2011-09-28,00072919,00003298,0001,C,316.00,EUR,
300,DL,0106,2011-08-15,00029876,00001214,0001,C,305.00,USD,
300,SQ,0326,2011-03-18,00267428,00000779,0001,C,738.00,SGD,
300,AZ,0788,2011-09-13,00069809,00004341,0001,P,515.00,EUR,
300,LH,0401,2011-09-28,00072921,00001251,0001,C,316.00,EUR,
300,DL,0106,2011-08-15,00029734,00000265,0001,C,305.00,USD,
300,SQ,0863,2011-01-19,00289422,00000779,0001,C,218.00,SGD,
300,AZ,0788,2011-09-13,00069731,00004224,0001,P,515.00,EUR,
300,LH,0401,2011-09-28,00072922,00001251,0001,C,316.00,EUR,
300,SQ,0863,2011-01-12,00289185,00000779,0001,C,218.00,SGD,
300,DL,0106,2011-08-15,00029894,00000716,0001,C,305.00,USD,
300,AZ,0788,2011-09-13,00069719,00000929,0001,P,515.00,EUR,
300,LH,0401,2011-09-28,00072924,00002995,0001,C,283.00,EUR,
300,DL,0106,2011-08-15,00030000,00003967,0001,C,305.00,USD,
300,SQ,0997,2010-12-17,00392973,00000779,0001,C,386.00,SGD,
300,AZ,0788,2011-09-13,00069872,00000051,0001,P,515.00,EUR,
300,DL,0106,2011-08-15,00029770,00002165,0001,C,305.00,USD,
300,LH,0401,2011-09-28,00072925,00002141,0001,C,333.00,EUR,
300,SQ,0997,2010-05-28,00380388,00000779,0001,C,386.00,SGD,
300,AZ,0788,2011-09-13,00069890,00003678,0001,P,515.00,EUR,
300,DL,0106,2011-08-15,00029784,00001298,0001,C,305.00,USD,
300,AZ,0788,2011-09-13,00069647,00004574,0001,P,515.00,EUR,
300,LH,0401,2011-09-28,00072927,00001918,0001,C,299.00,EUR,
300,SQ,0997,2010-06-04,00380870,00000779,0001,C,386.00,SGD,
300,AZ,0788,2011-09-13,00069818,00002904,0001,P,515.00,EUR,
300,DL,0106,2011-08-15,00029718,00000089,0001,C,305.00,USD,
300,LH,0401,2011-09-28,00072928,00001918,0001,C,299.00,EUR,
300,SQ,0997,2010-08-20,00385745,00000779,0001,C,386.00,SGD,
300,AZ,0788,2011-09-13,00069875,00000957,0001,P,515.00,EUR,
300,DL,0106,2011-08-15,00030021,00002956,0001,C,305.00,USD,
300,SQ,0997,2011-09-16,00410016,00000779,0001,C,386.00,SGD,
300,LH,0401,2011-09-28,00072930,00001557,0001,C,299.00,EUR,
300,AZ,0788,2011-09-13,00069968,00000015,0001,P,515.00,EUR,
300,DL,0106,2011-08-15,00029988,00003638,0001,C,305.00,USD,
300,SQ,0997,2011-08-19,00408160,00000779,0001,C,386.00,SGD,
300,LH,0401,2011-09-28,00072931,00000827,0001,C,283.00,EUR,
300,AZ,0788,2011-09-13,00069869,00004301,0001,P,515.00,EUR,
300,DL,0106,2011-08-15,00029790,00000981,0001,C,305.00,USD,
300,SQ,0997,2011-08-05,00407493,00000779,0001,C,386.00,SGD,
300,LH,0401,2011-09-28,00072933,00003539,0001,C,316.00,EUR,
300,AZ,0788,2011-09-13,00069857,00001723,0001,P,515.00,EUR,
300,DL,0106,2011-08-15,00029825,00000511,0001,C,305.00,USD,
300,LH,0401,2011-09-28,00072934,00003079,0001,C,283.00,EUR,
300,SQ,0997,2011-03-25,00399199,00000779,0001,C,386.00,SGD,
300,AZ,0788,2011-09-13,00069881,00000192,0001,P,515.00,EUR,
300,DL,0106,2011-08-15,00030023,00000575,0001,C,305.00,USD,
300,AZ,0788,2011-09-13,00069950,00002225,0001,P,515.00,EUR,
300,SQ,0988,2010-11-18,00352349,00000779,0001,C,386.00,SGD,
300,DL,0106,2011-08-15,00029969,00003269,0001,C,305.00,USD,
300,LH,0401,2011-09-28,00072936,00003358,0001,C,316.00,EUR,
300,AZ,0788,2011-09-13,00069985,00002574,0001,P,515.00,EUR,
300,SQ,0988,2010-11-18,00352625,00000779,0001,C,386.00,SGD,
300,DL,0106,2011-08-15,00030015,00002430,0001,C,305.00,USD,
300,AZ,0788,2011-09-13,00069755,00003325,0001,P,515.00,EUR,
300,SQ,0988,2010-11-11,00352157,00000779,0001,C,386.00,SGD,
300,LH,0401,2011-09-28,00072938,00003309,0001,C,333.00,EUR,
300,DL,0106,2011-08-15,00030002,00004521,0001,C,305.00,USD,
300,AZ,0788,2011-09-13,00069938,00000616,0001,P,515.00,EUR,
300,SQ,0988,2011-01-27,00356799,00000779,0001,C,386.00,SGD,
300,LH,0401,2011-09-28,00072939,00001601,0001,C,299.00,EUR,
300,DL,0106,2011-08-15,00029942,00000543,0001,C,305.00,USD,
300,AZ,0788,2011-09-13,00069971,00001619,0001,P,515.00,EUR,
300,SQ,0988,2010-08-12,00346385,00000779,0001,C,386.00,SGD,
300,LH,0401,2011-09-28,00072941,00000317,0001,C,316.00,EUR,
300,AZ,0788,2011-09-13,00069994,00002739,0001,P,515.00,EUR,
300,DL,0106,2011-08-15,00030009,00000391,0001,C,305.00,USD,
300,SQ,0988,2011-07-21,00367786,00000779,0001,C,386.00,SGD,
300,AZ,0788,2011-09-13,00069896,00003092,0001,P,515.00,EUR,
300,LH,0401,2011-09-28,00072942,00002249,0001,C,333.00,EUR,
300,DL,0106,2011-08-15,00029882,00003767,0001,C,305.00,USD,
300,AZ,0788,2011-09-13,00069728,00003827,0001,P,515.00,EUR,
300,SQ,0988,2011-08-11,00369175,00000779,0001,C,386.00,SGD,
300,LH,0401,2011-09-28,00072944,00003428,0001,C,299.00,EUR,
300,DL,0106,2011-08-15,00029847,00000668,0001,C,305.00,USD,
300,AZ,0788,2011-09-13,00069686,00003915,0001,P,515.00,EUR,
300,SQ,0988,2011-08-04,00368748,00000779,0001,C,386.00,SGD,
300,DL,0106,2011-08-15,00029709,00002908,0001,C,305.00,USD,
300,LH,0401,2011-09-28,00072945,00001067,0001,C,299.00,EUR,
300,AZ,0788,2011-09-13,00069752,00003140,0001,P,515.00,EUR,
300,SQ,0988,2011-10-20,00373589,00000779,0001,C,386.00,SGD,
300,LH,0401,2011-09-28,00072947,00000967,0001,C,299.00,EUR,
300,AZ,0788,2011-09-13,00069695,00001719,0001,P,515.00,EUR,
300,UA,3517,2011-06-06,00153710,00000779,0001,C,259.00,USD,
300,SQ,0117,2011-10-31,00168191,00000779,0001,C,151.00,SGD,
300,AZ,0788,2011-09-13,00069956,00002526,0001,P,515.00,EUR,
300,LH,0401,2011-09-28,00072948,00001187,0001,C,316.00,EUR,
300,SQ,0117,2011-11-14,00168751,00000779,0001,C,151.00,SGD,
300,AZ,0788,2011-09-13,00069722,00004345,0001,P,515.00,EUR,
300,LH,0401,2011-09-28,00072950,00003169,0001,C,333.00,EUR,
300,SQ,0067,2011-04-25,00121232,00000779,0001,C,139.00,SGD,
300,DL,0106,2011-08-15,00029801,00004297,0001,C,305.00,USD,
300,AZ,0788,2011-09-13,00069830,00002534,0001,P,515.00,EUR,
300,LH,0401,2011-09-28,00072951,00002832,0001,C,316.00,EUR,
300,SQ,0067,2011-04-11,00120454,00000779,0001,C,139.00,SGD,
300,DL,0106,2011-09-12,00031560,00002189,0001,C,305.00,USD,
300,AZ,0788,2011-09-13,00069824,00003161,0001,P,515.00,EUR,
300,LH,0401,2011-09-28,00072953,00003254,0001,C,316.00,EUR,
300,UA,3516,2011-02-15,00107890,00000779,0001,C,259.00,USD,
300,DL,0106,2011-09-12,00031571,00003076,0001,C,305.00,USD,
300,AZ,0788,2011-09-13,00069773,00000017,0001,P,515.00,EUR,
300,LH,0401,2011-09-28,00072954,00001318,0001,C,333.00,EUR,
300,SQ,0114,2010-04-26,00135978,00000779,0001,C,151.00,SGD,
300,DL,0106,2011-09-12,00031805,00000479,0001,C,305.00,USD,
300,AZ,0788,2011-09-13,00069845,00000632,0001,P,515.00,EUR,
300,LH,0401,2011-09-28,00072956,00001530,0001,C,283.00,EUR,
300,SQ,0067,2011-08-01,00127385,00000779,0001,C,139.00,SGD,
300,AZ,0788,2011-09-13,00069635,00000632,0001,P,515.00,EUR,
300,DL,0106,2011-09-12,00031595,00001884,0001,C,305.00,USD,
300,LH,0401,2011-09-28,00072957,00002120,0001,C,283.00,EUR,
300,AZ,0788,2011-09-13,00069905,00000009,0001,P,515.00,EUR,
300,UA,3504,2012-03-09,00088821,00000779,0001,C,373.00,USD,
300,DL,0106,2011-09-12,00031716,00002165,0001,C,305.00,USD,
300,LH,0401,2011-09-28,00072959,00001343,0001,C,316.00,EUR,
300,AZ,0788,2011-05-03,00061497,00003863,0001,P,515.00,EUR,
300,SQ,0325,2011-04-06,00236124,00000779,0001,C,738.00,SGD,
300,DL,0106,2011-09-12,00031658,00004461,0001,C,305.00,USD,
300,LH,0401,2011-09-28,00072960,00002195,0001,C,299.00,EUR,
300,AZ,0788,2011-05-03,00061491,00000901,0001,P,515.00,EUR,
300,SQ,0325,2011-04-06,00235871,00000779,0001,C,1476.00,SGD,
300,LH,0401,2011-09-28,00072962,00003862,0001,C,283.00,EUR,
300,DL,0106,2011-09-12,00031760,00002570,0001,C,305.00,USD,
300,AZ,0788,2011-05-03,00061725,00002285,0001,P,515.00,EUR,
300,SQ,0325,2011-04-27,00237299,00000779,0001,C,738.00,SGD,
300,LH,0401,2011-09-28,00072963,00003126,0001,C,299.00,EUR,
300,DL,0106,2011-09-12,00031448,00001274,0001,C,305.00,USD,
300,AZ,0788,2011-05-03,00061417,00001563,0001,P,515.00,EUR,
300,LH,0401,2011-09-28,00072965,00001220,0001,C,299.00,EUR,
300,SQ,0325,2010-10-27,00226289,00000779,0001,C,738.00,SGD,
300,DL,0106,2011-09-12,00031656,00004305,0001,C,305.00,USD,
300,LH,0401,2011-09-28,00072966,00000357,0001,C,299.00,EUR,
300,AZ,0788,2011-05-03,00061695,00000051,0001,P,515.00,EUR,
300,SQ,0326,2010-08-06,00257292,00000779,0001,C,738.00,SGD,
300,DL,0106,2011-09-12,00031494,00001061,0001,C,305.00,USD,
300,LH,0401,2011-09-28,00072968,00001936,0001,C,333.00,EUR,
300,AZ,0788,2011-05-03,00061512,00002896,0001,P,515.00,EUR,
300,SQ,0325,2011-11-23,00250334,00000779,0001,C,738.00,SGD,
300,DL,0106,2011-09-12,00031746,00001936,0001,C,305.00,USD,
300,LH,0401,2011-09-28,00072969,00002054,0001,C,316.00,EUR,
300,AZ,0788,2011-05-03,00061533,00002864,0001,P,515.00,EUR,
300,SQ,0161,2010-05-25,00193507,00000779,0001,C,210.00,SGD,
300,DL,0106,2011-09-12,00031478,00000012,0001,C,305.00,USD,
300,LH,0401,2011-09-28,00072971,00003954,0001,C,283.00,EUR,
300,AZ,0788,2011-05-03,00061629,00002699,0001,P,515.00,EUR,
300,SQ,0161,2012-01-17,00213532,00000779,0001,C,210.00,SGD,
300,DL,0106,2011-09-12,00031804,00003405,0001,C,305.00,USD,
300,LH,0401,2011-09-28,00072972,00000019,0001,C,333.00,EUR,
300,AZ,0788,2011-05-03,00061482,00001025,0001,P,515.00,EUR,
300,DL,0106,2011-09-12,00031745,00003478,0001,C,305.00,USD,
300,LH,0401,2011-09-28,00072974,00000321,0001,C,309.00,EUR,
300,SQ,0325,2010-07-07,00219008,00000779,0001,C,738.00,SGD,
300,AZ,0788,2011-05-03,00061740,00001218,0001,P,515.00,EUR,
300,LH,0401,2011-09-28,00072975,00000321,0001,C,309.00,EUR,
300,DL,0106,2011-09-12,00031527,00000210,0001,C,305.00,USD,
300,SQ,0161,2011-09-20,00210553,00000779,0001,C,630.00,SGD,
300,AZ,0788,2011-05-03,00061572,00000025,0001,P,515.00,EUR,
300,LH,0401,2011-09-28,00072977,00000877,0001,C,316.00,EUR,
300,DL,0106,2011-09-12,00031493,00001844,0001,C,305.00,USD,
300,DL,0106,2011-11-07,00035290,00001834,0001,C,274.00,USD,
300,AZ,0788,2011-05-03,00061378,00000086,0001,P,515.00,EUR,
300,LH,0401,2011-09-28,00072978,00002643,0001,C,333.00,EUR,
300,DL,0106,2011-09-12,00031623,00001844,0001,C,305.00,USD,
300,DL,0106,2010-11-15,00012790,00001834,0001,C,274.00,USD,
300,AZ,0788,2011-05-03,00061402,00002591,0001,P,515.00,EUR,
300,LH,0401,2011-09-28,00072980,00000878,0001,C,299.00,EUR,
300,DL,0106,2011-09-12,00031673,00001964,0001,C,305.00,USD,
300,JL,0407,2011-11-04,00024751,00001834,0001,C,477.00,JPY,
300,AZ,0788,2011-05-03,00061608,00002591,0001,P,515.00,EUR,
300,LH,0401,2011-09-28,00072981,00004315,0001,C,299.00,EUR,
300,DL,0106,2011-09-12,00031784,00001178,0001,C,305.00,USD,
300,SQ,0015,2010-08-25,00029847,00001834,0001,C,2088.00,SGD,
300,AZ,0788,2011-05-03,00061569,00003341,0001,P,515.00,EUR,
300,LH,0401,2011-09-28,00072983,00000949,0001,C,333.00,EUR,
300,LH,0401,2011-09-28,00072984,00003185,0001,C,333.00,EUR,
300,DL,0106,2011-09-12,00031670,00001896,0001,C,305.00,USD,
300,JL,0407,2011-12-23,00025987,00001834,0001,C,477.00,JPY,
300,AZ,0788,2011-05-03,00061456,00001984,0001,P,515.00,EUR,
300,LH,0401,2011-09-28,00072986,00002985,0001,C,316.00,EUR,
300,DL,0106,2011-09-12,00031440,00000965,0001,C,305.00,USD,
300,QF,0005,2011-05-27,00025036,00001834,0001,C,354.00,AUD,
300,LH,0401,2011-09-28,00072987,00004105,0001,C,316.00,EUR,
300,AZ,0788,2011-05-03,00061477,00002418,0001,P,515.00,EUR,
300,LH,0401,2011-09-28,00072989,00000338,0001,C,283.00,EUR,
300,DL,0106,2011-09-12,00031529,00002892,0001,C,305.00,USD,
300,DL,1699,2010-08-30,00045542,00001834,0001,C,190.00,USD,
300,LH,0401,2011-09-28,00072990,00000468,0001,C,316.00,EUR,
300,AZ,0788,2011-05-03,00061665,00001113,0001,P,515.00,EUR,
300,LH,0401,2011-09-28,00072992,00003220,0001,C,283.00,EUR,
300,DL,0106,2011-09-12,00031508,00000005,0001,C,305.00,USD,
300,DL,1699,2010-08-23,00045218,00001834,0001,C,190.00,USD,
300,LH,0401,2011-09-28,00072993,00003843,0001,C,333.00,EUR,
300,AZ,0788,2011-05-03,00061644,00004626,0001,P,515.00,EUR,
300,JL,0408,2011-11-12,00047464,00001834,0001,C,477.00,JPY,
300,DL,0106,2011-09-12,00031798,00001290,0001,C,305.00,USD,
300,LH,0401,2011-09-28,00072995,00004261,0001,C,316.00,EUR,
300,AZ,0788,2011-05-03,00061707,00004429,0001,P,515.00,EUR,
300,LH,0401,2011-09-28,00072996,00001117,0001,C,333.00,EUR,
300,DL,0106,2011-09-12,00031460,00004128,0001,C,305.00,USD,
300,DL,0106,2010-05-17,00001560,00001834,0001,C,274.00,USD,
300,LH,0401,2011-09-28,00072998,00000674,0001,C,299.00,EUR,
300,LH,0401,2011-09-28,00072999,00000722,0001,C,299.00,EUR,
300,JL,0407,2010-04-23,00000206,00001834,0001,C,477.00,JPY,
300,DL,0106,2011-09-12,00031688,00000648,0001,C,305.00,USD,
300,AZ,0788,2011-05-03,00061506,00003658,0001,P,515.00,EUR,
300,LH,0401,2011-09-28,00073001,00000925,0001,C,333.00,EUR,
300,LH,0401,2011-09-28,00073002,00003967,0001,C,333.00,EUR,
300,QF,0006,2010-12-01,00048072,00001834,0001,C,354.00,AUD,
300,DL,0106,2011-09-12,00031523,00004574,0001,C,305.00,USD,
300,LH,0401,2011-09-28,00073004,00002206,0001,C,316.00,EUR,
300,UA,0007,2010-11-06,00008904,00001834,0001,C,190.00,USD,
300,DL,0106,2011-09-12,00031521,00000091,0001,C,305.00,USD,
300,LH,0401,2011-09-28,00073005,00001548,0001,C,316.00,EUR,
300,LH,0401,2011-09-28,00073007,00000651,0001,C,283.00,EUR,
300,DL,0106,2011-09-12,00031761,00000848,0001,C,305.00,USD,
300,DL,0106,2010-08-30,00007954,00001834,0001,C,274.00,USD,
300,LH,0401,2011-09-28,00073008,00002223,0001,C,299.00,EUR,
300,LH,0401,2011-09-28,00073010,00002374,0001,C,333.00,EUR,
300,DL,0106,2010-04-26,00000421,00001186,0001,C,305.00,USD,
300,DL,1699,2010-09-20,00046879,00001834,0001,C,190.00,USD,
300,LH,0401,2011-09-28,00073011,00000788,0001,C,333.00,EUR,
300,JL,0408,2010-05-22,00028191,00001834,0001,C,477.00,JPY,
300,DL,0106,2010-04-26,00000194,00004100,0001,C,305.00,USD,
300,LH,0401,2011-09-28,00073013,00001064,0001,C,283.00,EUR,
300,AZ,0788,2011-05-03,00061503,00000034,0001,P,515.00,EUR,
300,LH,0401,2011-09-28,00073014,00001152,0001,C,283.00,EUR,
300,DL,0106,2011-07-11,00027655,00001834,0001,C,274.00,USD,
300,DL,0106,2010-04-26,00000242,00004112,0001,C,305.00,USD,
300,LH,0401,2011-09-28,00073016,00000005,0001,C,333.00,EUR,
300,AZ,0788,2011-05-03,00061650,00002265,0001,P,515.00,EUR,
300,LH,0401,2011-09-28,00073017,00001582,0001,C,283.00,EUR,
300,AA,0017,2012-02-15,00037924,00001834,0001,C,190.00,USD,
300,DL,0106,2010-04-26,00000273,00003438,0001,C,305.00,USD,
300,LH,0401,2011-09-28,00073019,00001141,0001,C,333.00,EUR,
300,AZ,0788,2011-05-03,00061527,00000599,0001,P,515.00,EUR,
300,AA,0026,2010-07-21,00042798,00001834,0001,C,274.00,USD,
300,DL,0106,2010-04-26,00000278,00002522,0001,C,305.00,USD,
300,LH,0401,2011-09-28,00073020,00001982,0001,C,299.00,EUR,
300,LH,0401,2011-09-28,00073022,00001579,0001,C,333.00,EUR,
300,UA,3504,2010-06-04,00052817,00001834,0001,C,791.00,USD,
300,DL,0106,2010-04-26,00000260,00003771,0001,C,305.00,USD,
300,LH,0401,2011-09-28,00073023,00000799,0001,C,283.00,EUR,
300,LH,0401,2011-09-28,00073025,00003743,0001,C,333.00,EUR,
300,DL,1699,2010-08-23,00045150,00001834,0001,C,190.00,USD,
300,DL,0106,2010-04-26,00000222,00004160,0001,C,305.00,USD,
300,LH,0401,2011-09-28,00073026,00002402,0001,C,333.00,EUR,
300,AA,0026,2010-07-07,00042145,00001834,0001,C,274.00,USD,
300,LH,0401,2011-09-28,00073028,00002593,0001,C,299.00,EUR,
300,DL,0106,2010-04-26,00000204,00001876,0001,C,305.00,USD,
300,AZ,0788,2011-05-03,00061381,00003883,0001,P,515.00,EUR,
300,LH,0401,2011-09-28,00073029,00002350,0001,C,333.00,EUR,
300,LH,0401,2011-09-28,00073031,00003602,0001,C,333.00,EUR,
300,DL,0106,2010-04-26,00000227,00003915,0001,C,305.00,USD,
300,LH,0401,2011-09-28,00073032,00001706,0001,C,283.00,EUR,
300,AZ,0788,2011-05-03,00061459,00001362,0001,P,515.00,EUR,
300,LH,0401,2011-09-28,00073034,00003761,0001,C,299.00,EUR,
300,DL,0106,2010-04-26,00000144,00004622,0001,C,305.00,USD,
300,LH,0401,2011-09-28,00073035,00000381,0001,C,299.00,EUR,
300,AZ,0788,2011-05-03,00061671,00001715,0001,P,515.00,EUR,
300,LH,0401,2011-09-28,00073037,00001397,0001,C,283.00,EUR,
300,DL,0106,2010-04-26,00000249,00000728,0001,C,305.00,USD,
300,AZ,0788,2011-05-03,00061683,00004357,0001,P,515.00,EUR,
300,LH,0401,2011-09-28,00073038,00004363,0001,C,299.00,EUR,
300,DL,0106,2010-04-26,00000164,00003149,0001,C,305.00,USD,
300,LH,0401,2011-09-28,00073040,00001567,0001,C,333.00,EUR,
300,AZ,0788,2011-05-03,00061387,00003249,0001,P,515.00,EUR,
300,LH,0401,2011-09-28,00073041,00003811,0001,C,333.00,EUR,
300,DL,0106,2010-04-26,00000069,00002964,0001,C,305.00,USD,
300,LH,0401,2011-09-28,00073043,00000960,0001,C,283.00,EUR,
300,LH,0401,2011-09-28,00073044,00003456,0001,C,299.00,EUR,
300,DL,0106,2010-04-26,00000084,00000571,0001,C,305.00,USD,
300,LH,0401,2011-09-28,00073046,00001928,0001,C,333.00,EUR,
300,AZ,0788,2011-05-03,00061479,00001258,0001,P,515.00,EUR,
300,LH,0401,2011-09-28,00073047,00002240,0001,C,283.00,EUR,
300,DL,0106,2010-04-26,00000086,00001322,0001,C,305.00,USD,
300,LH,0401,2011-09-28,00073049,00000662,0001,C,299.00,EUR,
300,AZ,0788,2011-05-03,00061737,00003313,0001,P,515.00,EUR,
300,LH,0401,2011-09-28,00073050,00002627,0001,C,333.00,EUR,
300,DL,0106,2010-04-26,00000418,00001322,0001,C,305.00,USD,
300,LH,0401,2011-09-28,00073052,00000142,0001,C,309.00,EUR,
300,AZ,0788,2011-05-03,00061393,00002121,0001,P,515.00,EUR,
300,LH,0401,2011-09-28,00073053,00004452,0001,C,283.00,EUR,
300,DL,0106,2010-04-26,00000428,00001900,0001,C,305.00,USD,
300,LH,0401,2011-09-28,00073055,00002365,0001,C,283.00,EUR,
300,AZ,0788,2011-05-03,00061551,00001061,0001,P,515.00,EUR,
300,LH,0401,2011-09-28,00073056,00000806,0001,C,299.00,EUR,
300,DL,0106,2010-04-26,00000287,00001105,0001,C,305.00,USD,
300,AZ,0788,2011-05-03,00061566,00004562,0001,P,515.00,EUR,
300,LH,0401,2011-09-28,00073058,00001404,0001,C,299.00,EUR,
300,LH,0401,2011-09-28,00073059,00002333,0001,C,283.00,EUR,
300,DL,0106,2010-04-26,00000352,00001735,0001,C,305.00,USD,
300,LH,0401,2011-09-28,00073061,00003565,0001,C,283.00,EUR,
300,DL,0106,2010-04-26,00000171,00000985,0001,C,305.00,USD,
300,LH,0401,2011-09-28,00073062,00003889,0001,C,299.00,EUR,
300,AZ,0788,2011-02-08,00056261,00000656,0001,P,515.00,EUR,
300,LH,0401,2011-09-28,00073064,00003944,0001,C,316.00,EUR,
300,DL,0106,2010-04-26,00000380,00000961,0001,C,305.00,USD,
300,LH,0401,2011-09-28,00073065,00002624,0001,C,316.00,EUR,
300,AZ,0788,2011-02-08,00056342,00003771,0001,P,515.00,EUR,
300,LH,0401,2011-09-28,00073067,00000771,0001,C,283.00,EUR,
300,DL,0106,2010-04-26,00000089,00001202,0001,C,305.00,USD,
300,LH,0401,2011-09-28,00073068,00001041,0001,C,333.00,EUR,
300,AZ,0788,2011-02-08,00056282,00002073,0001,P,515.00,EUR,
300,LH,0401,2011-09-28,00073070,00000817,0001,C,316.00,EUR,
300,DL,0106,2010-04-26,00000296,00004457,0001,C,305.00,USD,
300,AZ,0788,2011-02-08,00056503,00001442,0001,P,515.00,EUR,
300,LH,0401,2011-09-28,00073071,00003398,0001,C,316.00,EUR,
300,LH,0401,2011-09-28,00073073,00000048,0001,C,333.00,EUR,
300,DL,0106,2010-04-26,00000207,00002823,0001,C,305.00,USD,
300,AZ,0788,2011-02-08,00056240,00001414,0001,P,515.00,EUR,
300,LH,0401,2011-09-28,00073074,00004629,0001,C,283.00,EUR,
300,AZ,0788,2011-02-08,00056524,00001414,0001,P,515.00,EUR,
300,LH,0401,2011-09-28,00073076,00000513,0001,C,299.00,EUR,
300,DL,0106,2010-04-26,00000328,00003120,0001,C,305.00,USD,
300,LH,0401,2011-09-28,00073077,00002217,0001,C,333.00,EUR,
300,AZ,0788,2011-02-08,00056468,00001206,0001,P,515.00,EUR,
300,DL,0106,2010-04-26,00000096,00001583,0001,C,305.00,USD,
300,LH,0401,2011-09-28,00073079,00004185,0001,C,316.00,EUR,
300,LH,0401,2011-09-28,00073080,00004093,0001,C,316.00,EUR,
300,AZ,0788,2011-02-08,00056530,00000913,0001,P,515.00,EUR,
300,DL,0106,2010-04-26,00000424,00002490,0001,C,305.00,USD,
300,LH,0401,2011-09-28,00073082,00004229,0001,C,316.00,EUR,
300,LH,0401,2011-09-28,00073083,00003156,0001,C,283.00,EUR,
300,DL,0106,2010-04-26,00000332,00002562,0001,C,305.00,USD,
300,LH,0401,2011-09-28,00073085,00001765,0001,C,316.00,EUR,
300,LH,0401,2011-09-28,00073086,00001511,0001,C,333.00,EUR,
300,AZ,0788,2011-02-08,00056411,00000025,0001,P,515.00,EUR,
300,DL,0106,2010-04-26,00000364,00003578,0001,C,305.00,USD,
300,LH,0401,2011-09-28,00073088,00002599,0001,C,333.00,EUR,
300,AZ,0788,2011-02-08,00056515,00000015,0001,P,515.00,EUR,
300,LH,0401,2011-09-28,00073089,00004304,0001,C,283.00,EUR,
300,DL,0106,2011-02-07,00018095,00002566,0001,C,305.00,USD,
300,LH,0401,2011-09-28,00073091,00002826,0001,C,283.00,EUR,
300,AZ,0788,2011-02-08,00056222,00004208,0001,P,515.00,EUR,
300,LH,0401,2011-09-28,00073092,00000655,0001,C,283.00,EUR,
300,DL,0106,2011-02-07,00018267,00003076,0001,C,305.00,USD,
300,AZ,0788,2011-02-08,00056494,00002109,0001,P,515.00,EUR,
300,LH,0401,2011-09-28,00073094,00003534,0001,C,333.00,EUR,
300,DL,0106,2011-02-07,00018302,00001077,0001,C,305.00,USD,
300,LH,0401,2011-09-28,00073095,00003893,0001,C,299.00,EUR,
300,AZ,0788,2011-02-08,00056372,00002089,0001,P,515.00,EUR,
300,LH,0401,2011-09-28,00073097,00001578,0001,C,283.00,EUR,
300,DL,0106,2011-02-07,00018003,00003711,0001,C,305.00,USD,
300,LH,0401,2011-09-28,00073098,00002511,0001,C,316.00,EUR,
300,AZ,0788,2011-02-08,00056243,00000688,0001,P,515.00,EUR,
300,LH,0401,2011-09-28,00073100,00001362,0001,C,333.00,EUR,
300,DL,0106,2011-02-07,00018200,00000503,0001,C,305.00,USD,
300,LH,0401,2011-09-28,00073101,00001722,0001,C,283.00,EUR,
300,AZ,0788,2011-02-08,00056345,00001675,0001,P,515.00,EUR,
300,LH,0401,2011-09-28,00073103,00004464,0001,C,283.00,EUR,
300,DL,0106,2011-02-07,00018228,00002751,0001,C,305.00,USD,
300,LH,0401,2011-09-28,00073104,00003657,0001,C,283.00,EUR,
300,AZ,0788,2011-02-08,00056491,00000921,0001,P,515.00,EUR,
300,LH,0401,2011-09-28,00073106,00001297,0001,C,283.00,EUR,
300,DL,0106,2011-02-07,00017964,00004248,0001,C,305.00,USD,
300,AZ,0788,2011-02-08,00056429,00004008,0001,P,515.00,EUR,
300,LH,0401,2011-09-28,00073107,00004458,0001,C,316.00,EUR,
300,DL,0106,2011-02-07,00018257,00003967,0001,C,305.00,USD,
300,LH,0401,2011-04-22,00062468,00004422,0001,C,316.00,EUR,
300,AZ,0788,2011-02-08,00056384,00002888,0001,P,515.00,EUR,
300,LH,0401,2011-04-22,00062337,00000853,0001,C,316.00,EUR,
300,DL,0106,2011-02-07,00018027,00002731,0001,C,305.00,USD,
300,AZ,0788,2011-02-08,00056390,00003658,0001,P,515.00,EUR,
300,LH,0401,2011-04-22,00062520,00003266,0001,C,316.00,EUR,
300,LH,0401,2011-04-22,00062434,00001997,0001,C,316.00,EUR,
300,AZ,0788,2011-02-08,00056216,00001186,0001,P,515.00,EUR,
300,DL,0106,2011-02-07,00018123,00001310,0001,C,305.00,USD,
300,LH,0401,2011-04-22,00062425,00003190,0001,C,316.00,EUR,
300,LH,0401,2011-04-22,00062368,00003021,0001,C,316.00,EUR,
300,AZ,0788,2011-02-08,00056318,00000905,0001,P,515.00,EUR,
300,DL,0106,2011-02-07,00018024,00004622,0001,C,305.00,USD,
300,LH,0401,2011-04-22,00062385,00000476,0001,C,316.00,EUR,
300,LH,0401,2011-04-22,00062376,00004089,0001,C,316.00,EUR,
300,DL,0106,2011-02-07,00018023,00004622,0001,C,305.00,USD,
300,AA,0026,2010-09-01,00044680,00001834,0001,C,274.00,USD,
300,AZ,0788,2011-02-08,00056177,00003494,0001,P,515.00,EUR,
300,LH,0401,2011-04-22,00062624,00002030,0001,C,316.00,EUR,
300,AZ,0788,2011-02-08,00056324,00001266,0001,P,515.00,EUR,
300,LH,0401,2011-04-22,00062474,00003274,0001,C,316.00,EUR,
300,DL,0106,2011-02-07,00017942,00002956,0001,C,305.00,USD,
300,SQ,0015,2011-12-28,00058931,00001834,0001,C,1044.00,SGD,
300,LH,0401,2011-04-22,00062251,00004165,0001,C,316.00,EUR,
300,AZ,0788,2011-02-08,00056279,00000599,0001,P,515.00,EUR,
300,DL,0106,2011-02-07,00018288,00001812,0001,C,305.00,USD,
300,AA,0017,2010-12-15,00015145,00001834,0001,C,190.00,USD,
300,LH,0401,2011-04-22,00062514,00003964,0001,C,316.00,EUR,
300,LH,0401,2011-04-22,00062481,00000296,0001,C,316.00,EUR,
300,AZ,0788,2011-02-08,00056258,00004104,0001,P,515.00,EUR,
300,SQ,0002,2011-04-07,00012541,00001834,0001,C,1044.00,SGD,
300,DL,0106,2011-02-07,00018101,00003092,0001,C,305.00,USD,
300,LH,0401,2011-04-22,00062480,00000296,0001,C,316.00,EUR,
300,AZ,0788,2011-02-08,00056309,00004554,0001,P,515.00,EUR,
300,LH,0401,2011-04-22,00062272,00003623,0001,C,316.00,EUR,
300,SQ,0002,2010-06-17,00002149,00001834,0001,C,1044.00,SGD,
300,DL,0106,2011-02-07,00017952,00001153,0001,C,305.00,USD,
300,LH,0401,2011-04-22,00062534,00001219,0001,C,316.00,EUR,
300,AZ,0788,2011-02-08,00056363,00003670,0001,P,515.00,EUR,
300,LH,0401,2011-04-22,00062350,00003912,0001,C,316.00,EUR,
300,UA,3504,2010-10-08,00060805,00001834,0001,C,395.00,USD,
300,DL,0106,2011-02-07,00018242,00001338,0001,C,305.00,USD,
300,LH,0401,2011-04-22,00062477,00001343,0001,C,316.00,EUR,
300,AZ,0788,2011-02-08,00056477,00003393,0001,P,515.00,EUR,
300,LH,0401,2011-04-22,00062269,00001319,0001,C,316.00,EUR,
300,DL,0106,2011-02-07,00018069,00002237,0001,C,305.00,USD,
300,DL,1699,2011-05-23,00061846,00001834,0001,C,570.00,USD,
300,LH,0401,2011-04-22,00062607,00000930,0001,C,316.00,EUR,
300,AZ,0788,2011-02-08,00056500,00002679,0001,P,515.00,EUR,
300,DL,0106,2011-02-07,00018131,00002892,0001,C,305.00,USD,
300,UA,0007,2010-04-24,00000255,00001834,0001,C,190.00,USD,
300,LH,0401,2011-04-22,00062544,00004225,0001,C,316.00,EUR,
300,AZ,0788,2011-02-08,00056267,00001519,0001,P,515.00,EUR,
300,LH,0401,2011-04-22,00062603,00003009,0001,C,316.00,EUR,
300,DL,0106,2011-02-07,00018008,00003100,0001,C,305.00,USD,
300,DL,0106,2010-05-10,00001185,00001834,0001,C,274.00,USD,
300,LH,0401,2011-04-22,00062570,00002877,0001,C,316.00,EUR,
300,AZ,0788,2011-02-08,00056252,00000343,0001,P,515.00,EUR,
300,LH,0401,2011-04-22,00062502,00002877,0001,C,316.00,EUR,
300,DL,0106,2011-02-07,00018006,00000005,0001,C,305.00,USD,
300,UA,0007,2010-09-04,00006160,00001834,0001,C,190.00,USD,
300,AZ,0788,2011-02-08,00056387,00000162,0001,P,515.00,EUR,
300,LH,0401,2011-04-22,00062501,00000825,0001,C,316.00,EUR,
300,DL,0106,2011-02-07,00017969,00001169,0001,C,305.00,USD,
300,QF,0005,2010-07-16,00005367,00001834,0001,C,354.00,AUD,
300,LH,0401,2011-04-22,00062334,00001668,0001,C,316.00,EUR,
300,AZ,0788,2011-02-08,00056192,00004562,0001,P,515.00,EUR,
300,LH,0401,2011-04-22,00062558,00002355,0001,C,316.00,EUR,
300,DL,0106,2011-02-07,00018134,00002574,0001,C,305.00,USD,
300,SQ,0066,2010-05-31,00062654,00001834,0001,C,444.00,SGD,
300,AZ,0788,2010-07-27,00044264,00001531,0001,P,515.00,EUR,
300,LH,0401,2011-04-22,00062616,00000131,0001,C,316.00,EUR,
300,LH,0401,2011-04-22,00062295,00004514,0001,C,316.00,EUR,
300,DL,0106,2011-04-18,00022538,00001834,0001,C,274.00,USD,
300,DL,0106,2011-02-07,00018032,00000041,0001,C,305.00,USD,
300,AZ,0788,2010-07-27,00044150,00001121,0001,P,515.00,EUR,
300,LH,0401,2011-04-22,00062304,00004534,0001,C,316.00,EUR,
300,DL,0106,2011-04-18,00022529,00001834,0001,C,274.00,USD,
300,AZ,0788,2010-07-27,00044114,00003450,0001,P,515.00,EUR,
300,DL,0106,2011-02-07,00018222,00003048,0001,C,305.00,USD,
300,JL,0407,2011-10-07,00023565,00001834,0001,C,477.00,JPY,
300,DL,0106,2011-02-07,00018291,00004252,0001,C,305.00,USD,
300,DL,0106,2011-02-07,00018243,00003261,0001,C,305.00,USD,
300,SQ,0066,2010-06-28,00064377,00001834,0001,C,296.00,SGD,
300,AZ,0788,2010-07-27,00044285,00001495,0001,P,515.00,EUR,
300,DL,0106,2011-02-07,00017949,00004574,0001,C,305.00,USD,
300,DL,0106,2011-01-24,00017165,00001834,0001,C,274.00,USD,
300,AZ,0788,2010-07-27,00044234,00000174,0001,P,515.00,EUR,
300,DL,0106,2011-07-25,00028728,00000249,0001,C,305.00,USD,
300,AA,0026,2011-04-06,00054388,00001834,0001,C,274.00,USD,
300,AZ,0788,2010-07-27,00044153,00003711,0001,P,515.00,EUR,
300,UA,3516,2011-02-22,00108347,00001834,0001,C,274.00,USD,
300,DL,0106,2011-07-25,00028526,00000740,0001,C,305.00,USD,
300,AZ,0788,2010-07-27,00044168,00003795,0001,P,515.00,EUR,
300,SQ,0066,2011-06-20,00086951,00001834,0001,C,148.00,SGD,
300,DL,0106,2011-07-25,00028605,00003582,0001,C,305.00,USD,
300,AZ,0788,2010-07-27,00044108,00000981,0001,P,515.00,EUR,
300,AA,0064,2011-07-22,00082421,00001834,0001,C,190.00,USD,
300,DL,0106,2011-07-25,00028428,00000772,0001,C,305.00,USD,
300,AZ,0788,2010-07-27,00044171,00003574,0001,P,515.00,EUR,
300,SQ,0066,2011-04-11,00082389,00001834,0001,C,148.00,SGD,
300,DL,0106,2011-07-25,00028427,00003474,0001,C,305.00,USD,
300,LH,0401,2011-04-22,00062326,00000588,0001,C,316.00,EUR,
300,AZ,0788,2010-07-27,00044255,00002683,0001,P,515.00,EUR,
300,LH,0401,2011-04-22,00062377,00000588,0001,C,316.00,EUR,
300,AA,0064,2011-07-15,00082213,00001834,0001,C,190.00,USD,
300,DL,0106,2011-07-25,00028746,00004293,0001,C,305.00,USD,
300,LH,0401,2011-04-22,00062568,00003218,0001,C,316.00,EUR,
300,AZ,0788,2010-07-27,00044012,00002310,0001,P,515.00,EUR,
300,AA,0064,2011-07-01,00081605,00001834,0001,C,190.00,USD,
300,DL,0106,2011-07-25,00028670,00003080,0001,C,305.00,USD,
300,LH,0401,2011-04-22,00062328,00002812,0001,C,316.00,EUR,
300,AZ,0788,2010-07-27,00044237,00001479,0001,P,515.00,EUR,
300,LH,0401,2011-04-22,00062604,00002748,0001,C,316.00,EUR,
300,DL,0106,2011-07-25,00028575,00001776,0001,C,305.00,USD,
300,SQ,0066,2011-05-09,00084031,00001834,0001,C,148.00,SGD,
300,LH,0401,2011-04-22,00062427,00002579,0001,C,316.00,EUR,
300,AZ,0788,2010-07-27,00044261,00002510,0001,P,515.00,EUR,
300,LH,0401,2011-04-22,00062416,00001423,0001,C,316.00,EUR,
300,DL,0106,2011-07-25,00028439,00001298,0001,C,305.00,USD,
300,UA,3504,2011-04-08,00072190,00001834,0001,C,395.00,USD,
300,AZ,0788,2010-07-27,00044105,00003715,0001,P,515.00,EUR,
300,LH,0401,2011-04-22,00062349,00003250,0001,C,316.00,EUR,
300,DL,0106,2011-07-25,00028452,00001105,0001,C,305.00,USD,
300,LH,0401,2011-04-22,00062371,00004635,0001,C,316.00,EUR,
300,SQ,0066,2010-10-25,00071804,00001834,0001,C,444.00,SGD,
300,AZ,0788,2010-07-27,00044228,00001627,0001,P,515.00,EUR,
300,LH,0401,2011-04-22,00062433,00003936,0001,C,316.00,EUR,
300,DL,0106,2011-07-25,00028416,00003397,0001,C,305.00,USD,
300,LH,0401,2011-04-22,00062595,00000246,0001,C,316.00,EUR,
300,DL,1984,2010-10-18,00086404,00001834,0001,C,380.00,USD,
300,AZ,0788,2010-07-27,00044192,00002173,0001,P,515.00,EUR,
300,LH,0401,2011-04-22,00062358,00002122,0001,C,316.00,EUR,
300,DL,0106,2011-07-25,00028511,00000463,0001,C,305.00,USD,
300,LH,0401,2011-04-22,00062301,00002126,0001,C,316.00,EUR,
300,AA,0064,2010-08-20,00070334,00001834,0001,C,380.00,USD,
300,AZ,0788,2010-07-27,00044276,00003614,0001,P,515.00,EUR,
300,DL,0106,2011-07-25,00028610,00002599,0001,C,305.00,USD,
300,LH,0401,2011-04-22,00062253,00000685,0001,C,316.00,EUR,
300,AZ,0788,2010-07-27,00044024,00002739,0001,P,515.00,EUR,
300,SQ,0002,2011-11-03,00020205,00001834,0001,C,1044.00,SGD,
300,LH,0401,2011-04-22,00062525,00002796,0001,C,316.00,EUR,
300,DL,0106,2011-07-25,00028625,00002599,0001,C,305.00,USD,
300,LH,0401,2011-04-22,00062268,00003105,0001,C,316.00,EUR,
300,AZ,0788,2010-07-27,00044249,00001222,0001,P,515.00,EUR,
300,UA,0007,2011-09-17,00023043,00001834,0001,C,190.00,USD,
300,LH,0401,2011-04-22,00062553,00001110,0001,C,316.00,EUR,
300,DL,0106,2011-07-25,00028626,00003450,0001,C,305.00,USD,
300,LH,0401,2011-04-22,00062329,00004270,0001,C,316.00,EUR,
300,AZ,0788,2010-07-27,00043982,00002213,0001,P,515.00,EUR,
300,SQ,0015,2010-12-15,00037067,00001834,0001,C,1044.00,SGD,
300,DL,0106,2011-07-25,00028383,00002149,0001,C,305.00,USD,
300,LH,0401,2011-04-22,00062559,00002218,0001,C,316.00,EUR,
300,AZ,0788,2010-07-27,00044300,00003971,0001,P,515.00,EUR,
300,LH,0401,2011-04-22,00062550,00004245,0001,C,316.00,EUR,
300,AA,0017,2011-08-10,00029836,00001834,0001,C,190.00,USD,
300,DL,0106,2011-07-25,00028388,00000012,0001,C,305.00,USD,
300,LH,0401,2011-04-22,00062510,00003924,0001,C,316.00,EUR,
300,AZ,0788,2010-07-27,00044045,00000268,0001,P,515.00,EUR,
300,LH,0401,2011-04-22,00062547,00002395,0001,C,316.00,EUR,
300,QF,0005,2011-10-21,00034253,00001834,0001,C,354.00,AUD,
300,DL,0106,2011-07-25,00028442,00002273,0001,C,305.00,USD,
300,LH,0401,2011-04-22,00062260,00003093,0001,C,316.00,EUR,
300,AZ,0788,2010-07-27,00044243,00001936,0001,P,515.00,EUR,
300,UA,0007,2010-10-30,00008537,00001834,0001,C,190.00,USD,
300,LH,0401,2011-04-22,00062478,00002744,0001,C,316.00,EUR,
300,DL,0106,2011-07-25,00028506,00002707,0001,C,305.00,USD,
300,LH,0401,2011-04-22,00062562,00004097,0001,C,316.00,EUR,
300,AZ,0788,2010-07-27,00044294,00004036,0001,P,515.00,EUR,
300,UA,0007,2010-05-15,00001028,00001834,0001,C,190.00,USD,
300,DL,0106,2011-07-25,00028574,00004264,0001,C,305.00,USD,
300,LH,0401,2011-04-22,00062513,00004563,0001,C,316.00,EUR,
300,AZ,0788,2010-07-27,00044204,00000776,0001,P,515.00,EUR,
300,LH,0401,2011-04-22,00062332,00001367,0001,C,316.00,EUR,
300,QF,0005,2010-06-04,00002708,00001834,0001,C,354.00,AUD,
300,DL,0106,2011-07-25,00028545,00004301,0001,C,305.00,USD,
300,LH,0401,2011-04-22,00062457,00000278,0001,C,316.00,EUR,
300,AZ,0788,2010-07-27,00044156,00001471,0001,P,515.00,EUR,
300,LH,0401,2011-04-22,00062418,00000059,0001,C,316.00,EUR,
300,DL,0106,2011-07-25,00028553,00003747,0001,C,305.00,USD,
300,SQ,0002,2011-03-24,00012046,00001834,0001,C,1044.00,SGD,
300,LH,0401,2011-04-22,00062541,00004278,0001,C,316.00,EUR,
300,AZ,0788,2010-07-27,00044093,00003606,0001,P,515.00,EUR,
300,DL,0106,2011-07-25,00028479,00004521,0001,C,305.00,USD,
300,LH,0401,2011-04-22,00062419,00000344,0001,C,316.00,EUR,
300,JL,0407,2010-12-10,00010303,00001834,0001,C,477.00,JPY,
300,LH,0401,2011-04-22,00062573,00000076,0001,C,316.00,EUR,
300,AZ,0788,2010-07-27,00044303,00002534,0001,P,515.00,EUR,
300,DL,0106,2011-07-25,00028653,00002574,0001,C,305.00,USD,
300,LH,0401,2011-04-22,00062289,00002921,0001,C,316.00,EUR,
300,SQ,0015,2011-09-28,00055020,00001834,0001,C,1044.00,SGD,
300,AZ,0788,2010-07-27,00044219,00004618,0001,P,515.00,EUR,
300,LH,0401,2011-04-22,00062391,00001038,0001,C,316.00,EUR,
300,DL,0106,2011-07-25,00028466,00000190,0001,C,305.00,USD,
300,LH,0401,2011-04-22,00062422,00001038,0001,C,316.00,EUR,
300,QF,0006,2011-06-15,00056622,00001834,0001,C,354.00,AUD,
300,AZ,0788,2010-07-27,00044201,00004004,0001,P,515.00,EUR,
300,LH,0401,2011-04-22,00062431,00003563,0001,C,316.00,EUR,
300,DL,0106,2011-07-25,00028400,00000832,0001,C,305.00,USD,
300,SQ,0067,2010-06-07,00101254,00001834,0001,C,148.00,SGD,
300,LH,0401,2011-04-22,00062367,00003539,0001,C,316.00,EUR,
300,AZ,0788,2010-07-27,00044147,00004401,0001,P,515.00,EUR,
300,DL,0106,2011-07-25,00028607,00002743,0001,C,305.00,USD,
300,LH,0401,2011-04-22,00062374,00000356,0001,C,316.00,EUR,
300,UA,0941,2011-05-05,00041402,00001834,0001,C,395.00,USD,
300,LH,0401,2011-04-22,00062522,00003298,0001,C,316.00,EUR,
300,AZ,0788,2010-07-27,00044213,00000632,0001,P,515.00,EUR,
300,DL,0106,2011-07-25,00028401,00001559,0001,C,305.00,USD,
300,LH,0401,2011-04-22,00062263,00001672,0001,C,316.00,EUR,
300,AA,0026,2010-05-19,00040043,00001834,0001,C,274.00,USD,
300,AZ,0788,2010-07-27,00044258,00002751,0001,P,515.00,EUR,
300,LH,0401,2011-04-22,00062410,00002347,0001,C,316.00,EUR,
300,DL,0106,2010-09-20,00009536,00004016,0001,C,305.00,USD,
300,SQ,0067,2011-06-06,00124028,00001834,0001,C,148.00,SGD,
300,LH,0401,2011-04-22,00062628,00001993,0001,C,316.00,EUR,
300,AZ,0788,2011-04-05,00059653,00002478,0001,P,515.00,EUR,
300,LH,0401,2011-04-22,00062316,00001712,0001,C,316.00,EUR,
300,DL,0106,2010-09-20,00009458,00000740,0001,C,305.00,USD,
300,SQ,0067,2010-09-20,00107903,00001834,0001,C,148.00,SGD,
300,LH,0401,2011-04-22,00062450,00000167,0001,C,316.00,EUR,
300,AZ,0788,2011-04-05,00059979,00002587,0001,P,515.00,EUR,
300,LH,0401,2011-04-22,00062386,00000906,0001,C,316.00,EUR,
300,DL,0106,2010-09-20,00009466,00001711,0001,C,305.00,USD,
300,SQ,0067,2010-09-06,00106891,00001834,0001,C,148.00,SGD,
300,AZ,0788,2011-04-05,00059920,00001149,0001,P,515.00,EUR,
300,LH,0401,2011-04-22,00062526,00001375,0001,C,316.00,EUR,
300,LH,0401,2011-04-22,00062317,00000821,0001,C,316.00,EUR,
300,DL,0106,2010-09-20,00009499,00003393,0001,C,305.00,USD,
300,DL,1984,2011-08-08,00104828,00001834,0001,C,190.00,USD,
300,AZ,0788,2011-04-05,00059773,00000206,0001,P,515.00,EUR,
300,LH,0401,2011-04-22,00062574,00000877,0001,C,316.00,EUR,
300,UA,3516,2011-01-18,00106207,00001834,0001,C,274.00,USD,
300,LH,0401,2011-04-22,00062565,00001098,0001,C,316.00,EUR,
300,DL,0106,2010-09-20,00009538,00003494,0001,C,305.00,USD,
300,AZ,0788,2011-04-05,00060003,00000917,0001,P,515.00,EUR,
300,LH,0401,2011-04-22,00062347,00000653,0001,C,316.00,EUR,
300,UA,3516,2011-01-11,00105578,00001834,0001,C,549.00,USD,
300,AZ,0788,2011-04-05,00059806,00004224,0001,P,515.00,EUR,
300,DL,0106,2010-09-20,00009365,00001788,0001,C,305.00,USD,
300,LH,0401,2011-04-22,00062430,00004290,0001,C,316.00,EUR,
300,LH,0401,2011-04-22,00062588,00002555,0001,C,316.00,EUR,
300,SQ,0114,2011-09-05,00146181,00001834,0001,C,160.00,SGD,
300,AZ,0788,2011-04-05,00059941,00001615,0001,P,515.00,EUR,
300,LH,0401,2011-07-08,00067352,00000950,0001,C,316.00,EUR,
300,DL,0106,2010-09-20,00009449,00001776,0001,C,305.00,USD,
300,SQ,0114,2011-09-19,00146470,00001834,0001,C,160.00,SGD,
300,AZ,0788,2011-04-05,00059911,00002807,0001,P,515.00,EUR,
300,LH,0401,2011-07-08,00067097,00003952,0001,C,316.00,EUR,
300,DL,0106,2010-09-20,00009224,00003068,0001,C,305.00,USD,
300,LH,0401,2011-07-08,00067122,00003146,0001,C,316.00,EUR,
300,UA,3517,2010-07-26,00134392,00001834,0001,C,274.00,USD,
300,AZ,0788,2011-04-05,00059647,00004550,0001,P,515.00,EUR,
300,LH,0401,2011-07-08,00067251,00003146,0001,C,316.00,EUR,
300,DL,0106,2010-09-20,00009343,00001262,0001,C,305.00,USD,
300,LH,0401,2011-07-08,00067148,00002676,0001,C,316.00,EUR,
300,UA,3516,2012-02-07,00127709,00001834,0001,C,274.00,USD,
300,AZ,0788,2011-04-05,00059704,00000064,0001,P,515.00,EUR,
300,LH,0401,2011-07-08,00067236,00003459,0001,C,316.00,EUR,
300,DL,0106,2010-09-20,00009388,00002964,0001,C,305.00,USD,
300,UA,3517,2010-11-22,00141488,00001834,0001,C,274.00,USD,
300,AZ,0788,2011-04-05,00059785,00002643,0001,P,515.00,EUR,
300,LH,0401,2011-07-08,00067421,00003190,0001,C,316.00,EUR,
300,LH,0401,2011-07-08,00067202,00004350,0001,C,316.00,EUR,
300,SQ,0114,2011-04-11,00143121,00001834,0001,C,160.00,SGD,
300,DL,0106,2010-09-20,00009389,00001322,0001,C,305.00,USD,
300,AZ,0788,2011-04-05,00059734,00000644,0001,P,515.00,EUR,
300,LH,0401,2011-07-08,00067205,00000761,0001,C,316.00,EUR,
300,LH,0401,2011-07-08,00067158,00004354,0001,C,316.00,EUR,
300,DL,0106,2010-09-20,00009341,00003397,0001,C,305.00,USD,
300,UA,3517,2010-08-23,00135853,00001834,0001,C,274.00,USD,
300,AZ,0788,2011-04-05,00059997,00001675,0001,P,515.00,EUR,
300,LH,0401,2011-07-08,00067076,00002937,0001,C,316.00,EUR,
300,UA,3516,2010-05-04,00090157,00001834,0001,C,274.00,USD,
300,AZ,0788,2011-04-05,00059866,00001182,0001,P,515.00,EUR,
300,DL,0106,2010-09-20,00009550,00003859,0001,C,305.00,USD,
300,LH,0401,2011-07-08,00067232,00004274,0001,C,316.00,EUR,
300,DL,1984,2010-12-06,00089703,00001834,0001,C,190.00,USD,
300,AZ,0788,2011-04-05,00059893,00001491,0001,P,515.00,EUR,
300,LH,0401,2011-07-08,00067211,00001355,0001,C,316.00,EUR,
300,DL,0106,2010-09-20,00009455,00000292,0001,C,305.00,USD,
300,LH,0401,2011-07-08,00067418,00003274,0001,C,316.00,EUR,
300,AA,0017,2010-09-15,00009486,00001834,0001,C,190.00,USD,
300,AZ,0788,2011-04-05,00059857,00001125,0001,P,515.00,EUR,
300,LH,0401,2011-07-08,00067266,00002728,0001,C,316.00,EUR,
300,DL,0106,2010-09-20,00009311,00004473,0001,C,305.00,USD,
300,LH,0401,2011-07-08,00067188,00003703,0001,C,316.00,EUR,
300,AZ,0788,2011-04-05,00059782,00000752,0001,P,515.00,EUR,
300,AA,0017,2011-04-20,00022947,00001834,0001,C,190.00,USD,
300,LH,0401,2011-07-08,00067092,00004197,0001,C,316.00,EUR,
300,DL,0106,2010-09-20,00009210,00000559,0001,C,305.00,USD,
300,UA,0007,2011-08-20,00021441,00001834,0001,C,190.00,USD,
300,AZ,0788,2011-04-05,00059701,00003979,0001,P,515.00,EUR,
300,LH,0401,2011-07-08,00067091,00004197,0001,C,316.00,EUR,
300,LH,0401,2011-07-08,00067217,00001078,0001,C,316.00,EUR,
300,SQ,0066,2011-10-24,00094813,00001834,0001,C,148.00,SGD,
300,AZ,0788,2011-04-05,00060009,00002755,0001,P,515.00,EUR,
300,LH,0401,2011-07-08,00067071,00002901,0001,C,316.00,EUR,
300,SQ,0066,2012-02-13,00097981,00001834,0001,C,148.00,SGD,
300,AZ,0788,2011-04-05,00059830,00000459,0001,P,515.00,EUR,
300,SQ,0066,2012-01-09,00097125,00001834,0001,C,296.00,SGD,
300,AZ,0788,2011-04-05,00059761,00003490,0001,P,515.00,EUR,
300,SQ,0866,2010-07-08,00306676,00001834,0001,C,230.00,SGD,
300,DL,0106,2010-09-20,00009428,00002699,0001,C,305.00,USD,
300,AZ,0788,2011-04-05,00059968,00004397,0001,P,515.00,EUR,
300,SQ,0866,2010-11-04,00313997,00001834,0001,C,230.00,SGD,
300,AZ,0788,2011-04-05,00059985,00003494,0001,P,515.00,EUR,
300,DL,0106,2010-09-20,00009500,00003506,0001,C,305.00,USD,
300,SQ,0866,2010-12-02,00315676,00001834,0001,C,230.00,SGD,
300,AZ,0788,2011-04-05,00059731,00001768,0001,P,515.00,EUR,
300,SQ,0866,2010-09-23,00311449,00001834,0001,C,230.00,SGD,
300,AZ,0788,2011-04-05,00059875,00001936,0001,P,515.00,EUR,
300,DL,0106,2010-09-20,00009559,00000419,0001,C,305.00,USD,
300,SQ,0866,2010-07-29,00307669,00001834,0001,C,230.00,SGD,
300,LH,0401,2011-07-08,00067431,00002901,0001,C,316.00,EUR,
300,AZ,0788,2011-04-05,00059719,00004554,0001,P,515.00,EUR,
300,DL,0106,2010-09-20,00009290,00003442,0001,C,305.00,USD,
300,SQ,0866,2011-08-11,00331245,00001834,0001,C,230.00,SGD,
300,AZ,0788,2011-04-05,00060012,00000740,0001,P,515.00,EUR,
300,SQ,0866,2011-08-25,00332299,00001834,0001,C,230.00,SGD,
300,DL,0106,2010-09-20,00009475,00004389,0001,C,305.00,USD,
300,AZ,0788,2011-04-05,00059929,00000704,0001,P,515.00,EUR,
300,LH,0401,2011-07-08,00067359,00002969,0001,C,316.00,EUR,
300,SQ,0866,2011-09-08,00333095,00001834,0001,C,230.00,SGD,
300,DL,0106,2010-09-20,00009394,00000391,0001,C,305.00,USD,
300,AZ,0788,2011-04-05,00059845,00000201,0001,P,515.00,EUR,
300,SQ,0866,2011-09-15,00333412,00001834,0001,C,230.00,SGD,
300,DL,0106,2010-09-20,00009329,00000668,0001,C,305.00,USD,
300,AZ,0788,2011-04-05,00059776,00004000,0001,P,515.00,EUR,
300,SQ,0866,2011-09-08,00333230,00001834,0001,C,230.00,SGD,
300,DL,0106,2010-09-20,00009326,00000620,0001,C,305.00,USD,
300,AZ,0788,2011-04-05,00059650,00003140,0001,P,515.00,EUR,
300,SQ,0866,2011-05-05,00325406,00001834,0001,C,230.00,SGD,
300,AZ,0788,2011-04-05,00059878,00000391,0001,P,515.00,EUR,
300,DL,0106,2010-09-20,00009243,00000824,0001,C,305.00,USD,
300,SQ,0863,2010-11-03,00286618,00001834,0001,C,230.00,SGD,
300,AZ,0788,2011-04-05,00059965,00002490,0001,P,515.00,EUR,
300,SQ,0863,2010-10-20,00286065,00001834,0001,C,461.00,SGD,
300,DL,0106,2010-09-20,00009209,00003670,0001,C,305.00,USD,
300,AZ,0788,2011-10-18,00072180,00002900,0001,P,515.00,EUR,
300,SQ,0326,2011-07-01,00272077,00001834,0001,C,781.00,SGD,
300,AZ,0788,2011-10-18,00071908,00002297,0001,P,515.00,EUR,
300,DL,0106,2010-09-20,00009317,00000648,0001,C,305.00,USD,
300,SQ,0326,2011-07-08,00272275,00001834,0001,C,781.00,SGD,
300,AZ,0788,2011-10-18,00072057,00002920,0001,P,515.00,EUR,
300,SQ,0863,2011-10-05,00298543,00001834,0001,C,230.00,SGD,
300,AZ,0788,2011-10-18,00071941,00001302,0001,P,515.00,EUR,
300,SQ,0863,2011-01-26,00289552,00001834,0001,C,461.00,SGD,
300,AZ,0788,2011-10-18,00071953,00002350,0001,P,515.00,EUR,
300,SQ,0863,2011-06-29,00295040,00001834,0001,C,461.00,SGD,
300,DL,0106,2010-09-20,00009409,00003702,0001,C,305.00,USD,
300,AZ,0788,2011-10-18,00071982,00000539,0001,P,515.00,EUR,
300,SQ,0863,2011-05-18,00293597,00001834,0001,C,230.00,SGD,
300,AZ,0788,2011-10-18,00072003,00003377,0001,P,515.00,EUR,
300,DL,0106,2011-04-04,00021608,00000451,0001,C,305.00,USD,
300,SQ,0997,2011-02-11,00396320,00001834,0001,C,1228.00,SGD,
300,AZ,0788,2011-10-18,00072156,00001567,0001,P,515.00,EUR,
300,DL,0106,2011-04-04,00021607,00000451,0001,C,305.00,USD,
300,SQ,0997,2010-06-11,00381241,00001834,0001,C,409.00,SGD,
300,AZ,0788,2011-10-18,00072018,00000447,0001,P,515.00,EUR,
300,SQ,0997,2010-08-27,00386127,00001834,0001,C,409.00,SGD,
300,DL,0106,2011-04-04,00021610,00000925,0001,C,305.00,USD,
300,AZ,0788,2011-10-18,00071905,00001418,0001,P,515.00,EUR,
300,SQ,0997,2011-09-09,00409618,00001834,0001,C,409.00,SGD,
300,DL,0106,2011-04-04,00021650,00003076,0001,C,305.00,USD,
300,AZ,0788,2011-10-18,00071988,00003815,0001,P,515.00,EUR,
300,SQ,0997,2011-11-11,00413413,00001834,0001,C,409.00,SGD,
300,DL,0106,2011-04-04,00021526,00003534,0001,C,305.00,USD,
300,AZ,0788,2011-10-18,00072039,00003221,0001,P,515.00,EUR,
300,SQ,0997,2012-01-13,00415041,00001834,0001,C,409.00,SGD,
300,DL,0106,2011-04-04,00021490,00004469,0001,C,305.00,USD,
300,AZ,0788,2011-10-18,00071974,00001756,0001,P,515.00,EUR,
300,SQ,0997,2011-10-14,00411491,00001834,0001,C,1228.00,SGD,
300,DL,0106,2011-04-04,00021769,00004485,0001,C,305.00,USD,
300,AZ,0788,2011-10-18,00071845,00002233,0001,P,515.00,EUR,
300,SQ,0997,2011-11-11,00413377,00001834,0001,C,409.00,SGD,
300,DL,0106,2011-04-04,00021433,00001254,0001,C,305.00,USD,
300,AZ,0788,2011-10-18,00071896,00002402,0001,P,515.00,EUR,
300,DL,0106,2011-04-04,00021428,00001816,0001,C,305.00,USD,
300,SQ,0997,2011-03-18,00398684,00001834,0001,C,409.00,SGD,
300,AZ,0788,2011-10-18,00071857,00000752,0001,P,515.00,EUR,
300,AZ,0788,2011-10-18,00071827,00004313,0001,P,515.00,EUR,
300,SQ,0988,2010-11-11,00352242,00001834,0001,C,409.00,SGD,
300,DL,0106,2011-04-04,00021653,00001764,0001,C,305.00,USD,
300,AZ,0788,2011-10-18,00071881,00001892,0001,P,515.00,EUR,
300,DL,0106,2011-04-04,00021551,00000579,0001,C,305.00,USD,
300,SQ,0988,2010-09-16,00348430,00001834,0001,C,409.00,SGD,
300,AZ,0788,2011-10-18,00071911,00001057,0001,P,515.00,EUR,
300,DL,0106,2011-04-04,00021472,00003458,0001,C,305.00,USD,
300,SQ,0988,2010-06-03,00342197,00001834,0001,C,409.00,SGD,
300,AZ,0788,2011-10-18,00071839,00002213,0001,P,515.00,EUR,
300,SQ,0988,2011-09-08,00370778,00001834,0001,C,409.00,SGD,
300,AZ,0788,2011-10-18,00071848,00000268,0001,P,515.00,EUR,
300,SQ,0988,2011-04-14,00361433,00001834,0001,C,1228.00,SGD,
300,DL,0106,2011-04-04,00021445,00004529,0001,C,305.00,USD,
300,SQ,0988,2011-06-02,00364643,00001834,0001,C,409.00,SGD,
300,AZ,0788,2011-10-18,00072087,00003458,0001,P,515.00,EUR,
300,DL,0106,2011-04-04,00021715,00000989,0001,C,305.00,USD,
300,AZ,0788,2011-10-18,00071932,00003626,0001,P,515.00,EUR,
300,SQ,0988,2011-05-19,00363891,00001834,0001,C,409.00,SGD,
300,AZ,0788,2011-10-18,00072153,00004064,0001,P,515.00,EUR,
300,DL,0106,2011-04-04,00021716,00000989,0001,C,305.00,USD,
300,UA,3517,2011-08-01,00157087,00001834,0001,C,274.00,USD,
300,AZ,0788,2011-10-18,00072000,00003831,0001,P,515.00,EUR,
300,SQ,0117,2011-01-31,00158460,00001834,0001,C,160.00,SGD,
300,DL,0106,2011-04-04,00021404,00001735,0001,C,305.00,USD,
300,AZ,0788,2011-10-18,00072024,00002057,0001,P,515.00,EUR,
300,SQ,0114,2012-03-05,00148361,00001834,0001,C,160.00,SGD,
300,DL,0106,2011-04-04,00021644,00002936,0001,C,305.00,USD,
300,AZ,0788,2011-10-18,00072054,00003193,0001,P,515.00,EUR,
300,SQ,0114,2011-09-12,00146292,00001834,0001,C,482.00,SGD,
300,DL,0106,2011-04-04,00021659,00000511,0001,C,305.00,USD,
300,AZ,0788,2011-10-18,00072063,00003470,0001,P,515.00,EUR,
300,SQ,0117,2011-09-19,00166838,00001834,0001,C,160.00,SGD,
300,DL,0106,2011-04-04,00021523,00002249,0001,C,305.00,USD,
300,AZ,0788,2011-10-18,00072036,00003136,0001,P,515.00,EUR,
300,SQ,0117,2011-10-24,00167913,00001834,0001,C,321.00,SGD,
300,DL,0106,2011-04-04,00021668,00001338,0001,C,305.00,USD,
300,AZ,0788,2011-10-18,00071997,00000455,0001,P,515.00,EUR,
300,SQ,0067,2011-03-21,00119191,00001834,0001,C,148.00,SGD,
300,DL,0106,2011-04-04,00021761,00000575,0001,C,305.00,USD,
300,AZ,0788,2011-10-18,00072171,00003421,0001,P,515.00,EUR,
300,UA,3516,2011-08-16,00119327,00001834,0001,C,274.00,USD,
300,DL,0106,2011-04-04,00021467,00004156,0001,C,305.00,USD,
300,AZ,0788,2011-10-18,00072141,00002847,0001,P,515.00,EUR,
300,UA,3516,2010-06-08,00092420,00001834,0001,C,274.00,USD,
300,AZ,0788,2011-03-29,00059354,00003638,0001,P,515.00,EUR,
300,DL,0106,2011-04-04,00021554,00003907,0001,C,305.00,USD,
300,SQ,0067,2011-05-09,00122328,00001834,0001,C,148.00,SGD,
300,AZ,0788,2011-03-29,00059426,00004012,0001,P,515.00,EUR,
300,DL,0106,2011-04-04,00021442,00000836,0001,C,305.00,USD,
300,UA,3516,2011-09-28,00122563,00001834,0001,C,549.00,USD,
300,AZ,0788,2011-03-29,00059216,00004513,0001,P,515.00,EUR,
300,DL,0106,2011-04-04,00021524,00000014,0001,C,305.00,USD,
300,UA,3516,2011-01-04,00105393,00001834,0001,C,274.00,USD,
300,AZ,0788,2011-03-29,00059243,00003711,0001,P,515.00,EUR,
300,LH,0401,2011-07-08,00067125,00000376,0001,C,316.00,EUR,
300,SQ,0067,2011-01-03,00114562,00001834,0001,C,148.00,SGD,
300,DL,0106,2011-04-04,00021614,00001210,0001,C,305.00,USD,
300,AZ,0788,2011-03-29,00059222,00001298,0001,P,515.00,EUR,
300,UA,3517,2010-09-13,00137303,00001834,0001,C,274.00,USD,
300,DL,0106,2011-04-04,00021454,00002454,0001,C,305.00,USD,
300,LH,0401,2011-07-08,00067284,00003479,0001,C,316.00,EUR,
300,AZ,0788,2011-03-29,00059539,00000249,0001,P,515.00,EUR,
300,SQ,0114,2010-09-13,00138843,00001834,0001,C,160.00,SGD,
300,AZ,0788,2011-03-29,00059351,00003357,0001,P,515.00,EUR,
300,DL,0106,2011-04-11,00022120,00002960,0001,C,305.00,USD,
300,LH,0401,2011-07-08,00067301,00001664,0001,C,316.00,EUR,
300,UA,3517,2010-08-09,00135087,00001834,0001,C,274.00,USD,
300,AZ,0788,2011-03-29,00059527,00003959,0001,P,515.00,EUR,
300,LH,0401,2011-07-08,00067233,00000085,0001,C,316.00,EUR,
300,SQ,0114,2010-05-03,00136083,00001834,0001,C,160.00,SGD,
300,AZ,0788,2011-03-29,00059518,00000644,0001,P,515.00,EUR,
300,LH,0401,2011-07-08,00067316,00002527,0001,C,316.00,EUR,
300,SQ,0114,2011-01-31,00141619,00001834,0001,C,321.00,SGD,
300,AZ,0788,2011-03-29,00059300,00001479,0001,P,515.00,EUR,
300,LH,0401,2011-07-08,00067154,00003467,0001,C,316.00,EUR,
300,SQ,0325,2010-10-06,00224615,00001834,0001,C,1563.00,SGD,
300,AZ,0788,2011-03-29,00059252,00001326,0001,P,515.00,EUR,
300,LH,0401,2011-07-08,00067427,00002431,0001,C,316.00,EUR,
300,SQ,0325,2011-01-19,00231151,00001834,0001,C,781.00,SGD,
300,AZ,0788,2011-03-29,00059512,00003743,0001,P,515.00,EUR,
300,LH,0401,2011-07-08,00067247,00002250,0001,C,316.00,EUR,
300,AZ,0788,2011-03-29,00059557,00001651,0001,P,515.00,EUR,
300,SQ,0325,2011-12-21,00251071,00001834,0001,C,781.00,SGD,
300,LH,0401,2011-07-08,00067328,00001652,0001,C,316.00,EUR,
300,DL,0106,2011-04-11,00022089,00004176,0001,C,305.00,USD,
300,AZ,0788,2011-03-29,00059270,00001057,0001,P,515.00,EUR,
300,SQ,0325,2011-11-02,00249151,00001834,0001,C,781.00,SGD,
300,LH,0401,2011-07-08,00067095,00002644,0001,C,316.00,EUR,
300,DL,0106,2011-04-11,00022017,00001242,0001,C,305.00,USD,
300,AZ,0788,2011-03-29,00059327,00002161,0001,P,515.00,EUR,
300,SQ,0325,2011-10-19,00248214,00001834,0001,C,781.00,SGD,
300,LH,0401,2011-07-08,00067415,00000468,0001,C,316.00,EUR,
300,AZ,0788,2011-03-29,00059246,00002980,0001,P,515.00,EUR,
300,DL,0106,2011-04-11,00021993,00001884,0001,C,305.00,USD,
300,SQ,0161,2010-12-21,00200991,00001834,0001,C,222.00,SGD,
300,LH,0401,2011-07-08,00067107,00004009,0001,C,316.00,EUR,
300,AZ,0788,2011-03-29,00059572,00003209,0001,P,515.00,EUR,
300,DL,0106,2011-04-11,00022011,00001996,0001,C,305.00,USD,
300,SQ,0158,2011-09-13,00188394,00001834,0001,C,667.00,SGD,
300,LH,0401,2011-07-08,00067239,00003294,0001,C,316.00,EUR,
300,AZ,0788,2011-03-29,00059297,00003353,0001,P,515.00,EUR,
300,DL,0106,2011-04-11,00022126,00000941,0001,C,305.00,USD,
300,SQ,0161,2011-05-03,00205724,00001834,0001,C,222.00,SGD,
300,LH,0401,2011-07-08,00067278,00003310,0001,C,316.00,EUR,
300,AZ,0788,2011-03-29,00059228,00003490,0001,P,515.00,EUR,
300,UA,0007,2011-03-19,00014548,00003526,0001,C,211.00,USD,
300,DL,0106,2011-04-11,00022135,00002257,0001,C,305.00,USD,
300,LH,0401,2011-07-08,00067086,00000155,0001,C,316.00,EUR,
300,AZ,0788,2011-03-29,00059554,00000201,0001,P,515.00,EUR,
300,DL,0106,2011-04-11,00021943,00001262,0001,C,305.00,USD,
300,UA,0941,2011-02-24,00038868,00003526,0001,C,439.00,USD,
300,LH,0401,2011-07-08,00067335,00001961,0001,C,316.00,EUR,
300,AZ,0788,2011-03-29,00059381,00002065,0001,P,515.00,EUR,
300,DL,1699,2010-05-10,00038509,00003526,0001,C,211.00,USD,
300,DL,0106,2011-04-11,00022128,00002085,0001,C,305.00,USD,
300,AZ,0788,2011-03-29,00059231,00001603,0001,P,515.00,EUR,
300,LH,0401,2011-07-08,00067323,00002122,0001,C,316.00,EUR,
300,JL,0407,2012-03-09,00026850,00003526,0001,C,530.00,JPY,
300,DL,0106,2011-04-11,00022125,00003149,0001,C,305.00,USD,
300,AZ,0788,2011-03-29,00059459,00001073,0001,P,515.00,EUR,
300,LH,0401,2011-07-08,00067155,00003105,0001,C,316.00,EUR,
300,DL,0106,2011-07-11,00027449,00003526,0001,C,611.00,USD,
300,DL,0106,2011-04-11,00021958,00003265,0001,C,305.00,USD,
300,AZ,0788,2011-03-29,00059303,00002145,0001,P,515.00,EUR,
300,LH,0401,2011-07-08,00067181,00000801,0001,C,316.00,EUR,
300,UA,0941,2010-08-12,00031967,00003526,0001,C,439.00,USD,
300,DL,0106,2011-04-11,00022206,00000463,0001,C,305.00,USD,
300,AZ,0788,2011-03-29,00059533,00003935,0001,P,515.00,EUR,
300,LH,0401,2011-07-08,00067185,00004001,0001,C,316.00,EUR,
300,SQ,0015,2011-04-13,00044410,00003526,0001,C,1160.00,SGD,
300,DL,0106,2011-04-11,00022141,00002599,0001,C,305.00,USD,
300,AZ,0788,2011-03-29,00059399,00001880,0001,P,515.00,EUR,
300,LH,0401,2011-07-08,00067175,00003736,0001,C,316.00,EUR,
300,QF,0006,2010-10-13,00045754,00003526,0001,C,394.00,AUD,
300,DL,0106,2011-04-11,00021979,00002936,0001,C,305.00,USD,
300,AZ,0788,2011-03-29,00059333,00002583,0001,P,515.00,EUR,
300,LH,0401,2011-07-08,00067118,00003704,0001,C,316.00,EUR,
300,SQ,0002,2010-10-14,00006314,00003526,0001,C,1160.00,SGD,
300,DL,0106,2011-04-11,00022002,00003819,0001,C,305.00,USD,
300,AZ,0788,2011-03-29,00059378,00002209,0001,P,515.00,EUR,
300,LH,0401,2011-07-08,00067176,00003908,0001,C,316.00,EUR,
300,JL,0407,2010-09-10,00006368,00003526,0001,C,530.00,JPY,
300,DL,0106,2011-04-11,00022158,00001410,0001,C,305.00,USD,
300,AZ,0788,2011-03-29,00059530,00003759,0001,P,515.00,EUR,
300,DL,1699,2010-10-18,00048608,00003526,0001,C,211.00,USD,
300,AZ,0788,2011-03-29,00059336,00000129,0001,P,515.00,EUR,
300,LH,0401,2011-07-08,00067347,00002535,0001,C,316.00,EUR,
300,DL,0106,2011-04-11,00022167,00002273,0001,C,305.00,USD,
300,SQ,0002,2010-07-01,00002481,00003526,0001,C,3480.00,SGD,
300,AZ,0788,2011-03-29,00059503,00003120,0001,P,515.00,EUR,
300,DL,0106,2011-04-11,00022039,00001017,0001,C,305.00,USD,
300,LH,0401,2011-07-08,00067277,00002588,0001,C,316.00,EUR,
300,JL,0408,2011-10-22,00046739,00003526,0001,C,530.00,JPY,
300,AZ,0788,2011-03-29,00059551,00004325,0001,P,515.00,EUR,
300,DL,0106,2011-04-11,00022182,00001338,0001,C,305.00,USD,
300,LH,0401,2011-07-08,00067320,00001608,0001,C,316.00,EUR,
300,UA,0941,2011-09-22,00046654,00003526,0001,C,439.00,USD,
300,AZ,0788,2011-02-15,00056890,00000828,0001,P,515.00,EUR,
300,DL,0106,2011-04-11,00021988,00002041,0001,C,305.00,USD,
300,LH,0401,2011-07-08,00067314,00000926,0001,C,316.00,EUR,
300,AZ,0788,2011-02-15,00056893,00000037,0001,P,515.00,EUR,
300,DL,1699,2011-01-10,00053587,00003526,0001,C,211.00,USD,
300,DL,0106,2011-04-11,00021934,00001727,0001,C,305.00,USD,
300,LH,0401,2011-07-08,00067310,00004286,0001,C,316.00,EUR,
300,AZ,0788,2011-02-15,00056764,00003389,0001,P,515.00,EUR,
300,SQ,0015,2011-01-19,00039361,00003526,0001,C,1160.00,SGD,
300,DL,0106,2011-04-11,00022084,00001350,0001,C,305.00,USD,
300,LH,0401,2011-07-08,00067133,00001969,0001,C,316.00,EUR,
300,DL,0106,2011-08-29,00030665,00003526,0001,C,305.00,USD,
300,AZ,0788,2011-02-15,00056827,00000636,0001,P,515.00,EUR,
300,DL,0106,2011-04-11,00022032,00000005,0001,C,305.00,USD,
300,LH,0401,2011-07-08,00067103,00001989,0001,C,316.00,EUR,
300,UA,0941,2012-02-23,00049805,00003526,0001,C,439.00,USD,
300,AZ,0788,2011-02-15,00056752,00000981,0001,P,515.00,EUR,
300,DL,0106,2011-04-11,00022168,00002988,0001,C,305.00,USD,
300,LH,0401,2011-07-08,00067436,00003880,0001,C,316.00,EUR,
300,AZ,0788,2011-02-15,00056785,00002105,0001,P,515.00,EUR,
300,JL,0408,2010-12-04,00035191,00003526,0001,C,530.00,JPY,
300,DL,0106,2011-04-11,00021957,00004389,0001,C,305.00,USD,
300,AZ,0788,2011-02-15,00056833,00001555,0001,P,515.00,EUR,
300,LH,0401,2011-07-08,00067131,00000165,0001,C,316.00,EUR,
300,SQ,0015,2010-12-15,00037160,00003526,0001,C,1160.00,SGD,
300,DL,0106,2011-04-11,00022023,00001454,0001,C,305.00,USD,
300,AZ,0788,2011-02-15,00056692,00001888,0001,P,515.00,EUR,
300,UA,0941,2011-01-06,00037126,00003526,0001,C,439.00,USD,
300,LH,0401,2011-07-08,00067286,00003342,0001,C,316.00,EUR,
300,DL,0106,2011-04-11,00022051,00001334,0001,C,305.00,USD,
300,AA,0017,2011-11-23,00036144,00003526,0001,C,211.00,USD,
300,LH,0401,2011-07-08,00067367,00004013,0001,C,316.00,EUR,
300,DL,0106,2011-06-20,00026461,00000451,0001,C,305.00,USD,
300,QF,0006,2011-01-05,00049331,00003526,0001,C,788.00,AUD,
300,LH,0401,2011-07-08,00067392,00003154,0001,C,316.00,EUR,
300,DL,0106,2011-06-20,00026382,00000640,0001,C,305.00,USD,
300,UA,0941,2010-09-02,00032620,00003526,0001,C,439.00,USD,
300,LH,0401,2011-07-08,00067325,00002206,0001,C,316.00,EUR,
300,DL,0106,2011-06-20,00026497,00000479,0001,C,305.00,USD,
300,AA,0017,2012-04-11,00038626,00003526,0001,C,211.00,USD,
300,LH,0401,2011-07-08,00067326,00001488,0001,C,316.00,EUR,
300,DL,0106,2011-06-20,00026206,00001711,0001,C,305.00,USD,
300,SQ,0015,2011-12-28,00058987,00003526,0001,C,1160.00,SGD,
300,LH,0401,2011-07-08,00067271,00001327,0001,C,316.00,EUR,
300,DL,0106,2011-06-20,00026466,00003393,0001,C,305.00,USD,
300,SQ,0015,2011-12-07,00058666,00003526,0001,C,1160.00,SGD,
300,LH,0401,2011-07-08,00067356,00001692,0001,C,316.00,EUR,
300,DL,0106,2011-06-20,00026236,00002900,0001,C,305.00,USD,
300,UA,0007,2010-12-18,00010740,00003526,0001,C,211.00,USD,
300,LH,0401,2011-07-08,00067388,00003716,0001,C,316.00,EUR,
300,DL,0106,2011-06-20,00026316,00003458,0001,C,305.00,USD,
300,SQ,0002,2010-11-25,00007828,00003526,0001,C,1160.00,SGD,
300,LH,0401,2011-07-08,00067365,00002138,0001,C,316.00,EUR,
300,DL,0106,2011-06-20,00026340,00003996,0001,C,305.00,USD,
300,DL,1699,2011-06-13,00063224,00003526,0001,C,211.00,USD,
300,LH,0401,2011-07-08,00067401,00003635,0001,C,316.00,EUR,
300,DL,0106,2011-06-20,00026532,00002964,0001,C,305.00,USD,
300,SQ,0015,2011-11-16,00057736,00003526,0001,C,2320.00,SGD,
300,DL,0106,2011-06-20,00026482,00003807,0001,C,305.00,USD,
300,LH,0401,2011-07-08,00067212,00003792,0001,C,316.00,EUR,
300,QF,0006,2011-07-27,00058515,00003526,0001,C,394.00,AUD,
300,DL,0106,2011-06-20,00026460,00001723,0001,C,305.00,USD,
300,UA,3504,2010-10-22,00061581,00003526,0001,C,439.00,USD,
300,LH,0401,2011-07-08,00067137,00000906,0001,C,316.00,EUR,
300,DL,0106,2010-05-03,00000701,00003526,0001,C,305.00,USD,
300,DL,0106,2011-06-20,00026245,00002948,0001,C,305.00,USD,
300,LH,0401,2011-07-08,00067197,00004073,0001,C,316.00,EUR,
300,QF,0005,2010-08-06,00006912,00003526,0001,C,394.00,AUD,
300,DL,0106,2011-06-20,00026234,00003132,0001,C,305.00,USD,
300,LH,0401,2011-07-08,00067160,00003001,0001,C,316.00,EUR,
300,QF,0005,2011-05-27,00024852,00003526,0001,C,394.00,AUD,
300,DL,0106,2011-06-20,00026376,00003478,0001,C,305.00,USD,
300,LH,0401,2011-07-08,00067269,00000821,0001,C,316.00,EUR,
300,SQ,0002,2011-11-03,00020170,00003526,0001,C,1160.00,SGD,
300,DL,0106,2011-06-20,00026427,00002193,0001,C,305.00,USD,
300,LH,0401,2011-07-08,00067355,00000865,0001,C,316.00,EUR,
300,DL,0106,2011-06-20,00026334,00003277,0001,C,305.00,USD,
300,SQ,0015,2010-04-21,00022346,00003526,0001,C,1160.00,SGD,
300,LH,0401,2011-07-08,00067379,00003234,0001,C,316.00,EUR,
300,UA,0007,2011-09-03,00022252,00003526,0001,C,211.00,USD,
300,DL,0106,2011-06-20,00026536,00002450,0001,C,305.00,USD,
300,LH,0401,2011-07-08,00067089,00004406,0001,C,316.00,EUR,
300,QF,0005,2011-04-01,00021565,00003526,0001,C,394.00,AUD,
300,DL,0106,2011-06-20,00026310,00003602,0001,C,305.00,USD,
300,LH,0401,2011-07-08,00067229,00004446,0001,C,316.00,EUR,
300,UA,3504,2010-08-13,00057227,00003526,0001,C,439.00,USD,
300,DL,0106,2011-06-20,00026204,00001836,0001,C,305.00,USD,
300,LH,0401,2011-07-08,00067164,00002624,0001,C,316.00,EUR,
300,DL,1699,2011-08-22,00067793,00003526,0001,C,211.00,USD,
300,DL,0106,2011-06-20,00026275,00002534,0001,C,305.00,USD,
300,LH,0401,2011-07-08,00067124,00001391,0001,C,316.00,EUR,
300,AA,0064,2010-05-14,00066990,00003526,0001,C,211.00,USD,
300,DL,0106,2011-06-20,00026270,00000077,0001,C,305.00,USD,
300,LH,0401,2011-07-08,00067077,00001789,0001,C,316.00,EUR,
300,DL,0106,2011-06-20,00026269,00003642,0001,C,305.00,USD,
300,UA,3504,2011-01-21,00067600,00003526,0001,C,439.00,USD,
300,LH,0401,2011-07-08,00067383,00000608,0001,C,316.00,EUR,
300,DL,0106,2011-06-20,00026221,00004277,0001,C,305.00,USD,
300,AA,0064,2010-06-25,00068487,00003526,0001,C,211.00,USD,
300,LH,0401,2011-07-08,00067329,00002182,0001,C,316.00,EUR,
300,DL,0106,2011-06-20,00026517,00001210,0001,C,305.00,USD,
300,UA,3504,2010-11-05,00062704,00003526,0001,C,439.00,USD,
300,LH,0401,2011-07-15,00067633,00002230,0001,C,316.00,EUR,
300,DL,0106,2011-06-20,00026428,00003261,0001,C,305.00,USD,
300,DL,1699,2011-07-04,00064743,00003526,0001,C,211.00,USD,
300,LH,0401,2011-07-15,00067588,00003282,0001,C,316.00,EUR,
300,DL,0106,2011-06-20,00026434,00000780,0001,C,305.00,USD,
300,AA,0064,2011-04-22,00079181,00003526,0001,C,211.00,USD,
300,LH,0401,2011-07-15,00067706,00004422,0001,C,316.00,EUR,
300,DL,0106,2011-06-20,00026457,00003702,0001,C,305.00,USD,
300,UA,3504,2011-07-01,00077291,00003526,0001,C,439.00,USD,
300,LH,0401,2011-07-15,00067537,00001146,0001,C,316.00,EUR,
300,DL,0106,2011-08-01,00029039,00000640,0001,C,305.00,USD,
300,DL,1984,2010-08-02,00081757,00003526,0001,C,211.00,USD,
300,DL,0106,2011-08-01,00029155,00002330,0001,C,305.00,USD,
300,LH,0401,2011-07-15,00067811,00002800,0001,C,316.00,EUR,
300,AA,0064,2010-10-08,00072184,00003526,0001,C,211.00,USD,
300,DL,0106,2011-08-01,00028826,00004260,0001,C,305.00,USD,
300,LH,0401,2011-07-15,00067810,00003575,0001,C,316.00,EUR,
300,SQ,0066,2010-09-20,00069816,00003526,0001,C,164.00,SGD,
300,DL,0106,2011-08-01,00028811,00002570,0001,C,305.00,USD,
300,LH,0401,2011-07-15,00067844,00002419,0001,C,316.00,EUR,
300,DL,1984,2011-04-18,00097823,00003526,0001,C,211.00,USD,
300,DL,0106,2011-08-01,00028829,00000523,0001,C,305.00,USD,
300,UA,0941,2010-04-22,00027809,00003526,0001,C,439.00,USD,
300,LH,0401,2011-07-15,00067496,00003021,0001,C,316.00,EUR,
300,DL,0106,2011-08-01,00028844,00004269,0001,C,305.00,USD,
300,LH,0401,2011-07-15,00067562,00002937,0001,C,316.00,EUR,
300,AA,0017,2011-11-02,00035052,00003526,0001,C,211.00,USD,
300,DL,0106,2011-08-01,00029069,00002474,0001,C,305.00,USD,
300,AA,0017,2011-12-21,00036797,00003526,0001,C,422.00,USD,
300,LH,0401,2011-07-15,00067765,00004619,0001,C,316.00,EUR,
300,DL,0106,2011-08-01,00028838,00004541,0001,C,305.00,USD,
300,LH,0401,2011-07-15,00067721,00000994,0001,C,316.00,EUR,
300,UA,0941,2010-10-07,00033878,00003526,0001,C,439.00,USD,
300,DL,0106,2011-08-01,00028927,00001844,0001,C,305.00,USD,
300,LH,0401,2011-07-15,00067528,00000476,0001,C,316.00,EUR,
300,JL,0407,2010-11-05,00008854,00003526,0001,C,530.00,JPY,
300,DL,0106,2011-08-01,00029020,00001964,0001,C,305.00,USD,
300,LH,0401,2011-07-15,00067573,00000673,0001,C,316.00,EUR,
300,UA,0007,2011-04-02,00015115,00003526,0001,C,422.00,USD,
300,DL,0106,2011-08-01,00028817,00004156,0001,C,305.00,USD,
300,LH,0401,2011-07-15,00067691,00002086,0001,C,316.00,EUR,
300,UA,0007,2011-02-26,00013827,00003526,0001,C,211.00,USD,
300,DL,0106,2011-08-01,00029113,00000684,0001,C,305.00,USD,
300,DL,1984,2011-06-06,00100934,00003526,0001,C,211.00,USD,
300,LH,0401,2011-07-15,00067697,00003402,0001,C,316.00,EUR,
300,DL,0106,2011-08-01,00029140,00003698,0001,C,305.00,USD,
300,QF,0006,2011-05-04,00054726,00003526,0001,C,394.00,AUD,
300,LH,0401,2011-07-15,00067523,00001861,0001,C,316.00,EUR,
300,DL,0106,2011-08-01,00028909,00002699,0001,C,305.00,USD,
300,QF,0006,2011-06-22,00056759,00003526,0001,C,394.00,AUD,
300,LH,0401,2011-07-15,00067694,00002475,0001,C,316.00,EUR,
300,DL,0106,2011-08-01,00029018,00004590,0001,C,305.00,USD,
300,QF,0006,2011-04-06,00053529,00003526,0001,C,394.00,AUD,
300,LH,0401,2011-07-15,00067813,00003274,0001,C,316.00,EUR,
300,DL,0106,2011-08-01,00028931,00004521,0001,C,305.00,USD,
300,SQ,0015,2012-03-14,00060143,00003526,0001,C,3480.00,SGD,
300,LH,0401,2011-07-15,00067834,00000705,0001,C,316.00,EUR,
300,DL,0106,2011-08-01,00028979,00000583,0001,C,305.00,USD,
300,QF,0006,2011-09-28,00061134,00003526,0001,C,394.00,AUD,
300,LH,0401,2011-07-15,00067508,00003703,0001,C,316.00,EUR,
300,DL,0106,2011-08-01,00029176,00003140,0001,C,305.00,USD,
300,UA,3504,2010-10-08,00061022,00003526,0001,C,439.00,USD,
300,LH,0401,2011-07-15,00067703,00001207,0001,C,316.00,EUR,
300,DL,0106,2011-08-01,00028888,00003060,0001,C,305.00,USD,
300,UA,3504,2010-08-06,00057135,00003526,0001,C,439.00,USD,
300,LH,0401,2011-07-15,00067792,00000039,0001,C,316.00,EUR,
300,DL,0106,2011-08-01,00029090,00001085,0001,C,305.00,USD,
300,JL,0408,2011-10-01,00045875,00003526,0001,C,1061.00,JPY,
300,LH,0401,2011-07-15,00067861,00002018,0001,C,316.00,EUR,
300,DL,0106,2011-08-01,00029057,00003365,0001,C,305.00,USD,
300,SQ,0015,2011-02-02,00040070,00003526,0001,C,1160.00,SGD,
300,LH,0401,2011-07-15,00067826,00002929,0001,C,316.00,EUR,
300,DL,0106,2011-08-01,00029149,00003365,0001,C,305.00,USD,
300,UA,3516,2011-07-05,00116573,00003526,0001,C,305.00,USD,
300,DL,0106,2011-08-01,00029024,00004389,0001,C,305.00,USD,
300,LH,0401,2011-07-15,00067852,00004571,0001,C,316.00,EUR,
300,UA,3516,2011-07-05,00116642,00003526,0001,C,305.00,USD,
300,DL,0106,2011-08-01,00028912,00000933,0001,C,305.00,USD,
300,LH,0401,2011-07-15,00067579,00000930,0001,C,316.00,EUR,
300,UA,3516,2011-03-29,00110746,00003526,0001,C,305.00,USD,
300,LH,0401,2011-07-15,00067837,00004225,0001,C,316.00,EUR,
300,DL,0106,2011-08-01,00029189,00004128,0001,C,305.00,USD,
300,SQ,0067,2010-10-25,00110139,00003526,0001,C,164.00,SGD,
300,LH,0401,2011-07-15,00067603,00002628,0001,C,316.00,EUR,
300,DL,0106,2011-08-01,00029087,00000648,0001,C,305.00,USD,
300,SQ,0117,2010-06-21,00150651,00003526,0001,C,178.00,SGD,
300,DL,0106,2011-08-01,00028853,00000010,0001,C,305.00,USD,
300,LH,0401,2011-07-15,00067556,00000922,0001,C,316.00,EUR,
300,SQ,0067,2011-10-17,00132199,00003526,0001,C,164.00,SGD,
300,DL,0106,2010-07-12,00005002,00002960,0001,C,305.00,USD,
300,LH,0401,2011-07-15,00067702,00002054,0001,C,316.00,EUR,
300,SQ,0114,2010-11-01,00139778,00003526,0001,C,178.00,SGD,
300,DL,0106,2010-07-12,00005074,00004136,0001,C,305.00,USD,
300,LH,0401,2011-07-15,00067639,00001203,0001,C,316.00,EUR,
300,AA,0064,2011-05-06,00079765,00003526,0001,C,211.00,USD,
300,DL,0106,2010-07-12,00004964,00004485,0001,C,305.00,USD,
300,LH,0401,2011-07-15,00067790,00002178,0001,C,316.00,EUR,
300,AA,0064,2011-08-19,00083456,00003526,0001,C,211.00,USD,
300,DL,0106,2010-07-12,00005044,00001254,0001,C,305.00,USD,
300,LH,0401,2011-07-15,00067538,00000508,0001,C,316.00,EUR,
300,SQ,0066,2010-11-29,00074238,00003526,0001,C,164.00,SGD,
300,LH,0401,2011-07-15,00067684,00002736,0001,C,316.00,EUR,
300,DL,1984,2010-10-25,00087119,00003526,0001,C,211.00,USD,
300,UA,0941,2010-08-12,00031968,00003526,0001,C,439.00,USD,
300,LH,0401,2011-07-15,00067768,00002431,0001,C,316.00,EUR,
300,DL,0106,2010-07-12,00004991,00001816,0001,C,305.00,USD,
300,AA,0017,2011-05-18,00024477,00003526,0001,C,211.00,USD,
300,LH,0401,2011-07-15,00067637,00002431,0001,C,316.00,EUR,
300,DL,0106,2010-07-12,00005203,00001715,0001,C,305.00,USD,
300,UA,3504,2010-12-10,00064950,00003526,0001,C,439.00,USD,
300,LH,0401,2011-07-15,00067636,00002431,0001,C,316.00,EUR,
300,DL,0106,2010-07-12,00004937,00000744,0001,C,305.00,USD,
300,UA,3504,2010-10-29,00062339,00003526,0001,C,439.00,USD,
300,LH,0401,2011-07-15,00067522,00002242,0001,C,316.00,EUR,
300,DL,0106,2010-07-12,00005174,00000008,0001,C,305.00,USD,
300,UA,3516,2010-07-27,00095207,00003526,0001,C,305.00,USD,
300,LH,0401,2011-07-15,00067801,00004217,0001,C,316.00,EUR,
300,UA,3516,2010-07-06,00094204,00003526,0001,C,305.00,USD,
300,DL,0106,2010-07-12,00005186,00002137,0001,C,305.00,USD,
300,LH,0401,2011-07-15,00067612,00001423,0001,C,316.00,EUR,
300,DL,1984,2011-06-13,00101557,00003526,0001,C,211.00,USD,
300,DL,0106,2010-07-12,00005209,00001723,0001,C,305.00,USD,
300,LH,0401,2011-07-15,00067610,00003491,0001,C,316.00,EUR,
300,DL,1984,2011-02-28,00094770,00003526,0001,C,211.00,USD,
300,DL,0106,2010-07-12,00005000,00004269,0001,C,305.00,USD,
300,LH,0401,2011-07-15,00067529,00000155,0001,C,316.00,EUR,
300,SQ,0866,2010-07-01,00306035,00003526,0001,C,256.00,SGD,
300,DL,0106,2010-07-12,00004907,00004269,0001,C,305.00,USD,
300,LH,0401,2011-07-15,00067543,00004635,0001,C,316.00,EUR,
300,SQ,0866,2010-08-12,00308751,00003526,0001,C,256.00,SGD,
300,DL,0106,2010-07-12,00005059,00000371,0001,C,305.00,USD,
300,LH,0401,2011-07-15,00067741,00004631,0001,C,316.00,EUR,
300,SQ,0866,2011-11-03,00336621,00003526,0001,C,256.00,SGD,
300,DL,0106,2010-07-12,00004883,00001017,0001,C,305.00,USD,
300,LH,0401,2011-07-15,00067550,00003137,0001,C,316.00,EUR,
300,SQ,0866,2011-12-08,00337849,00003526,0001,C,256.00,SGD,
300,DL,0106,2010-07-12,00005132,00003277,0001,C,305.00,USD,
300,LH,0401,2011-07-15,00067549,00003137,0001,C,316.00,EUR,
300,DL,0106,2010-07-12,00005093,00004264,0001,C,305.00,USD,
300,SQ,0866,2011-09-15,00333550,00003526,0001,C,256.00,SGD,
300,LH,0401,2011-07-15,00067609,00002130,0001,C,316.00,EUR,
300,DL,0106,2010-07-12,00004912,00003963,0001,C,305.00,USD,
300,SQ,0866,2011-03-31,00322882,00003526,0001,C,769.00,SGD,
300,LH,0401,2011-07-15,00067816,00002612,0001,C,316.00,EUR,
300,DL,0106,2010-07-12,00005042,00003690,0001,C,305.00,USD,
300,SQ,0326,2011-05-13,00269933,00003526,0001,C,868.00,SGD,
300,DL,0106,2010-07-12,00004901,00004521,0001,C,305.00,USD,
300,LH,0401,2011-07-15,00067717,00002403,0001,C,316.00,EUR,
300,SQ,0863,2010-08-25,00284331,00003526,0001,C,256.00,SGD,
300,DL,0106,2010-07-12,00005081,00003470,0001,C,305.00,USD,
300,LH,0401,2011-07-15,00067511,00003057,0001,C,316.00,EUR,
300,SQ,0326,2011-04-15,00268558,00003526,0001,C,868.00,SGD,
300,DL,0106,2010-07-12,00004979,00002008,0001,C,305.00,USD,
300,LH,0401,2011-07-15,00067720,00001259,0001,C,316.00,EUR,
300,SQ,0326,2011-04-08,00268136,00003526,0001,C,868.00,SGD,
300,DL,0106,2010-07-12,00005168,00004610,0001,C,305.00,USD,
300,LH,0401,2011-07-15,00067540,00000140,0001,C,316.00,EUR,
300,SQ,0326,2011-10-14,00276577,00003526,0001,C,868.00,SGD,
300,DL,0106,2010-07-12,00004973,00000519,0001,C,305.00,USD,
300,LH,0401,2011-07-15,00067709,00003752,0001,C,316.00,EUR,
300,SQ,0326,2011-12-16,00278646,00003526,0001,C,868.00,SGD,
300,DL,0106,2010-07-12,00005098,00003454,0001,C,305.00,USD,
300,LH,0401,2011-07-15,00067546,00003370,0001,C,316.00,EUR,
300,SQ,0863,2011-10-26,00299448,00003526,0001,C,256.00,SGD,
300,DL,0106,2010-07-12,00005086,00000129,0001,C,305.00,USD,
300,LH,0401,2011-07-15,00067715,00001399,0001,C,316.00,EUR,
300,SQ,0863,2011-10-12,00298915,00003526,0001,C,256.00,SGD,
300,DL,0106,2010-07-12,00004997,00004128,0001,C,305.00,USD,
300,SQ,0326,2011-01-28,00265206,00003526,0001,C,868.00,SGD,
300,LH,0401,2011-07-15,00067736,00002262,0001,C,316.00,EUR,
300,DL,0106,2010-07-12,00004903,00000648,0001,C,305.00,USD,
300,SQ,0863,2011-11-09,00299961,00003526,0001,C,256.00,SGD,
300,LH,0401,2011-07-15,00067570,00002459,0001,C,316.00,EUR,
300,DL,0106,2010-08-09,00006706,00002021,0001,C,305.00,USD,
300,SQ,0863,2011-08-31,00297284,00003526,0001,C,512.00,SGD,
300,LH,0401,2011-07-15,00067808,00001580,0001,C,316.00,EUR,
300,DL,0106,2010-08-09,00006804,00000772,0001,C,305.00,USD,
300,SQ,0326,2011-02-11,00265681,00003526,0001,C,868.00,SGD,
300,LH,0401,2011-07-15,00067604,00001299,0001,C,316.00,EUR,
300,SQ,0866,2010-04-29,00301925,00003526,0001,C,512.00,SGD,
300,DL,0106,2010-08-09,00006665,00002900,0001,C,305.00,USD,
300,LH,0401,2011-07-15,00067640,00002692,0001,C,316.00,EUR,
300,DL,0106,2010-08-09,00006940,00002269,0001,C,305.00,USD,
300,SQ,0863,2011-01-05,00288931,00003526,0001,C,256.00,SGD,
300,DL,0106,2010-08-09,00006928,00004622,0001,C,305.00,USD,
300,SQ,0997,2010-12-10,00392529,00003526,0001,C,455.00,SGD,
300,SQ,0997,2010-11-26,00391771,00003526,0001,C,455.00,SGD,
300,DL,0106,2010-08-09,00006805,00002004,0001,C,305.00,USD,
300,SQ,0988,2012-03-01,00377541,00003526,0001,C,455.00,SGD,
300,SQ,0997,2011-08-19,00408272,00003526,0001,C,455.00,SGD,
300,SQ,0997,2012-01-06,00414861,00003526,0001,C,455.00,SGD,
300,SQ,0997,2012-01-13,00415007,00003526,0001,C,1365.00,SGD,
300,SQ,0988,2010-11-04,00351577,00003526,0001,C,455.00,SGD,
300,SQ,0988,2010-10-07,00349777,00003526,0001,C,455.00,SGD,
300,SQ,0988,2010-10-14,00350323,00003526,0001,C,455.00,SGD,
300,SQ,0988,2010-12-30,00355265,00003526,0001,C,455.00,SGD,
300,SQ,0988,2010-12-30,00355272,00003526,0001,C,455.00,SGD,
300,SQ,0988,2010-12-02,00353485,00003526,0001,C,455.00,SGD,
300,SQ,0988,2011-07-21,00367507,00003526,0001,C,910.00,SGD,
300,SQ,0988,2011-04-07,00361296,00003526,0001,C,455.00,SGD,
300,SQ,0988,2011-06-16,00365580,00003526,0001,C,455.00,SGD,
300,SQ,0117,2010-12-27,00157271,00003526,0001,C,178.00,SGD,
300,UA,3517,2011-08-08,00157521,00003526,0001,C,305.00,USD,
300,SQ,0117,2011-05-16,00162238,00003526,0001,C,178.00,SGD,
300,SQ,0117,2011-06-27,00163643,00003526,0001,C,357.00,SGD,
300,SQ,0117,2011-04-04,00160873,00003526,0001,C,178.00,SGD,
300,UA,3517,2012-03-05,00166354,00003526,0001,C,305.00,USD,
300,SQ,0117,2011-08-01,00164915,00003526,0001,C,178.00,SGD,
300,UA,3517,2012-02-06,00166042,00003526,0001,C,305.00,USD,
300,SQ,0158,2010-05-18,00171103,00003526,0001,C,742.00,SGD,
300,SQ,0067,2011-09-19,00130577,00003526,0001,C,164.00,SGD,
300,SQ,0067,2011-10-10,00131667,00003526,0001,C,164.00,SGD,
300,SQ,0325,2011-01-26,00231919,00003526,0001,C,868.00,SGD,
300,SQ,0325,2011-06-15,00240573,00003526,0001,C,868.00,SGD,
300,SQ,0325,2010-11-03,00226663,00003526,0001,C,868.00,SGD,
300,SQ,0325,2011-08-17,00244481,00003526,0001,C,868.00,SGD,
300,SQ,0325,2011-11-30,00250467,00003526,0001,C,1737.00,SGD,
300,SQ,0161,2010-06-08,00193777,00003526,0001,C,494.00,SGD,
300,SQ,0161,2010-12-07,00200434,00003526,0001,C,247.00,SGD,
300,SQ,0161,2011-01-18,00201991,00003526,0001,C,247.00,SGD,
300,SQ,0161,2011-01-11,00201778,00003526,0001,C,247.00,SGD,
300,SQ,0158,2011-06-14,00185307,00003526,0001,C,247.00,SGD,
300,SQ,0158,2011-09-06,00188127,00003526,0001,C,494.00,SGD,
300,SQ,0161,2011-05-24,00206446,00003526,0001,C,247.00,SGD,
300,SQ,0161,2011-02-08,00202625,00003526,0001,C,247.00,SGD,
300,DL,0106,2010-12-27,00015452,00003130,0001,C,274.00,USD,
300,AA,0017,2011-11-30,00036490,00003130,0001,C,190.00,USD,
300,UA,0941,2011-04-07,00040221,00003130,0001,C,791.00,USD,
300,UA,0007,2011-02-26,00013781,00003130,0001,C,190.00,USD,
300,JL,0407,2011-01-21,00012236,00003130,0001,C,477.00,JPY,
300,SQ,0015,2010-07-21,00027984,00003130,0001,C,1044.00,SGD,
300,JL,0407,2011-07-29,00020478,00003130,0001,C,477.00,JPY,
300,JL,0407,2011-06-17,00018587,00003130,0001,C,477.00,JPY,
300,SQ,0015,2010-10-20,00033356,00003130,0001,C,2088.00,SGD,
300,DL,0106,2011-04-18,00022356,00003130,0001,C,274.00,USD,
300,QF,0005,2010-07-09,00004940,00003130,0001,C,354.00,AUD,
300,SQ,0015,2011-05-04,00045957,00003130,0001,C,1044.00,SGD,
300,DL,1699,2010-09-20,00046551,00003130,0001,C,380.00,USD,
300,AA,0017,2011-08-17,00030196,00003130,0001,C,190.00,USD,
300,DL,1699,2010-09-13,00046364,00003130,0001,C,190.00,USD,
300,UA,0941,2010-07-29,00031273,00003130,0001,C,395.00,USD,
300,JL,0408,2010-05-08,00027653,00003130,0001,C,955.00,JPY,
300,DL,0106,2011-07-25,00028662,00003130,0001,C,274.00,USD,
300,JL,0408,2011-05-14,00041065,00003130,0001,C,477.00,JPY,
300,DL,0106,2011-11-14,00035697,00003130,0001,C,274.00,USD,
300,AA,0026,2010-08-11,00043840,00003130,0001,C,274.00,USD,
300,DL,1699,2010-07-26,00043433,00003130,0001,C,190.00,USD,
300,QF,0005,2011-10-07,00033145,00003130,0001,C,354.00,AUD,
300,AA,0026,2010-09-15,00045163,00003130,0001,C,549.00,USD,
300,AA,0026,2010-09-22,00045657,00003130,0001,C,274.00,USD,
300,UA,0941,2011-08-28,00045635,00003130,0001,C,395.00,USD,
300,SQ,0015,2011-03-09,00042092,00003130,0001,C,1044.00,SGD,
300,UA,0941,2010-10-07,00033794,00003130,0001,C,395.00,USD,
300,UA,3504,2010-11-12,00063236,00003130,0001,C,395.00,USD,
300,DL,0106,2010-12-06,00014304,00003130,0001,C,274.00,USD,
300,DL,0106,2010-12-27,00015276,00003130,0001,C,549.00,USD,
300,SQ,0002,2011-03-24,00012199,00003130,0001,C,1044.00,SGD,
300,UA,0007,2011-02-12,00013249,00003130,0001,C,190.00,USD,
300,AA,0026,2011-10-05,00062304,00003130,0001,C,274.00,USD,
300,DL,0106,2010-05-10,00001279,00003130,0001,C,274.00,USD,
300,DL,1699,2011-05-02,00060545,00003130,0001,C,190.00,USD,
300,DL,1699,2011-02-21,00056466,00003130,0001,C,190.00,USD,
300,UA,0007,2011-08-27,00021713,00003130,0001,C,190.00,USD,
300,DL,0106,2011-01-31,00017773,00003130,0001,C,274.00,USD,
300,AA,0026,2012-03-07,00065794,00003130,0001,C,274.00,USD,
300,SQ,0066,2010-06-28,00064549,00003130,0001,C,148.00,SGD,
300,UA,3504,2010-12-17,00065273,00003130,0001,C,395.00,USD,
300,DL,1984,2010-06-14,00078802,00003130,0001,C,190.00,USD,
300,DL,1984,2010-08-09,00082204,00003130,0001,C,190.00,USD,
300,UA,3504,2011-09-09,00082278,00003130,0001,C,395.00,USD,
300,DL,1984,2010-08-16,00082835,00003130,0001,C,190.00,USD,
300,AA,0064,2011-05-13,00080063,00003130,0001,C,190.00,USD,
300,SQ,0066,2010-12-13,00074828,00003130,0001,C,444.00,SGD,
300,UA,3504,2011-05-06,00073997,00003130,0001,C,395.00,USD,
300,DL,1699,2011-12-05,00073754,00003130,0001,C,190.00,USD,
300,UA,0007,2011-11-12,00025806,00003130,0001,C,190.00,USD,
300,SQ,0002,2012-02-23,00021735,00003130,0001,C,1044.00,SGD,
300,AA,0017,2011-08-03,00029318,00003130,0001,C,190.00,USD,
300,JL,0408,2010-10-09,00033318,00003130,0001,C,477.00,JPY,
300,AA,0017,2010-08-11,00007022,00003130,0001,C,190.00,USD,
300,UA,0007,2010-11-20,00009399,00003130,0001,C,190.00,USD,
300,JL,0407,2010-05-21,00001384,00003130,0001,C,477.00,JPY,
300,AA,0017,2010-06-30,00004570,00003130,0001,C,190.00,USD,
300,SQ,0002,2011-07-14,00016046,00003130,0001,C,1044.00,SGD,
300,UA,0007,2010-12-04,00010010,00003130,0001,C,190.00,USD,
300,AA,0017,2010-11-24,00013585,00003130,0001,C,190.00,USD,
300,AA,0026,2011-06-01,00056767,00003130,0001,C,274.00,USD,
300,SQ,0067,2010-05-17,00100224,00003130,0001,C,148.00,SGD,
300,SQ,0015,2011-11-02,00057026,00003130,0001,C,1044.00,SGD,
300,UA,3516,2011-02-15,00107730,00003130,0001,C,549.00,USD,
300,DL,1984,2011-09-05,00106374,00003130,0001,C,380.00,USD,
300,SQ,0067,2011-02-14,00116961,00003130,0001,C,148.00,SGD,
300,SQ,0067,2010-09-20,00107643,00003130,0001,C,296.00,SGD,
300,DL,1984,2011-09-19,00107337,00003130,0001,C,190.00,USD,
300,UA,3516,2010-12-14,00104189,00003130,0001,C,274.00,USD,
300,UA,3516,2011-11-08,00125482,00003130,0001,C,274.00,USD,
300,AA,0064,2011-04-22,00079220,00003130,0001,C,190.00,USD,
300,UA,3504,2011-05-20,00074818,00003130,0001,C,395.00,USD,
300,SQ,0066,2011-02-07,00078553,00003130,0001,C,148.00,SGD,
300,UA,3516,2010-04-27,00089675,00003130,0001,C,274.00,USD,
300,AA,0026,2011-01-12,00050483,00003130,0001,C,274.00,USD,
300,AA,0026,2011-02-23,00052339,00003130,0001,C,274.00,USD,
300,AA,0026,2010-11-03,00047486,00003130,0001,C,274.00,USD,
300,DL,1699,2011-09-26,00069679,00003130,0001,C,380.00,USD,
300,DL,1699,2011-10-10,00070700,00003130,0001,C,190.00,USD,
300,DL,1984,2011-03-28,00096445,00003130,0001,C,570.00,USD,
300,SQ,0066,2012-03-19,00098298,00003130,0001,C,296.00,SGD,
300,DL,1984,2011-05-09,00099099,00003130,0001,C,190.00,USD,
300,SQ,0866,2010-07-08,00306645,00003130,0001,C,230.00,SGD,
300,SQ,0866,2010-06-24,00305541,00003130,0001,C,230.00,SGD,
300,SQ,0866,2010-12-23,00316835,00003130,0001,C,230.00,SGD,
300,SQ,0326,2010-11-19,00261936,00003130,0001,C,781.00,SGD,
300,SQ,0866,2010-08-26,00309721,00003130,0001,C,230.00,SGD,
300,SQ,0866,2011-07-14,00329541,00003130,0001,C,230.00,SGD,
300,SQ,0866,2011-05-05,00325013,00003130,0001,C,461.00,SGD,
300,SQ,0863,2010-09-22,00285323,00003130,0001,C,230.00,SGD,
300,SQ,0326,2011-07-29,00273127,00003130,0001,C,781.00,SGD,
300,SQ,0863,2010-04-28,00280034,00003130,0001,C,230.00,SGD,
300,SQ,0326,2011-01-28,00265146,00003130,0001,C,781.00,SGD,
300,SQ,0863,2011-11-02,00299727,00003130,0001,C,230.00,SGD,
300,SQ,0863,2011-03-09,00291137,00003130,0001,C,230.00,SGD,
300,SQ,0863,2011-06-08,00294337,00003130,0001,C,230.00,SGD,
300,SQ,0863,2011-05-18,00293589,00003130,0001,C,230.00,SGD,
300,SQ,0997,2010-09-10,00387077,00003130,0001,C,409.00,SGD,
300,SQ,0997,2011-01-21,00395307,00003130,0001,C,409.00,SGD,
300,SQ,0997,2010-11-26,00391820,00003130,0001,C,409.00,SGD,
300,SQ,0997,2010-04-30,00378858,00003130,0001,C,409.00,SGD,
300,SQ,0997,2010-08-06,00384793,00003130,0001,C,409.00,SGD,
300,SQ,0997,2010-09-03,00386588,00003130,0001,C,409.00,SGD,
300,SQ,0997,2010-07-02,00382606,00003130,0001,C,409.00,SGD,
300,SQ,0997,2010-07-09,00383166,00003130,0001,C,409.00,SGD,
300,SQ,0997,2011-09-30,00410691,00003130,0001,C,409.00,SGD,
300,SQ,0997,2012-01-06,00414846,00003130,0001,C,409.00,SGD,
300,SQ,0997,2011-05-27,00403007,00003130,0001,C,409.00,SGD,
300,SQ,0988,2011-01-20,00356570,00003130,0001,C,409.00,SGD,
300,SQ,0988,2010-12-23,00354664,00003130,0001,C,409.00,SGD,
300,SQ,0988,2011-08-25,00369729,00003130,0001,C,1228.00,SGD,
300,SQ,0988,2011-09-29,00372215,00003130,0001,C,409.00,SGD,
300,SQ,0988,2011-03-31,00360672,00003130,0001,C,409.00,SGD,
300,SQ,0988,2011-03-17,00359939,00003130,0001,C,409.00,SGD,
300,SQ,0988,2011-06-23,00365955,00003130,0001,C,409.00,SGD,
300,UA,3517,2011-09-28,00161348,00003130,0001,C,274.00,USD,
300,SQ,0117,2011-02-28,00159586,00003130,0001,C,160.00,SGD,
300,SQ,0117,2010-08-30,00153056,00003130,0001,C,160.00,SGD,
300,SQ,0158,2011-03-29,00182385,00003130,0001,C,667.00,SGD,
300,UA,3517,2012-03-12,00166429,00003130,0001,C,274.00,USD,
300,SQ,0117,2011-09-19,00166711,00003130,0001,C,160.00,SGD,
300,SQ,0117,2011-10-24,00167973,00003130,0001,C,160.00,SGD,
300,SQ,0117,2011-10-24,00168104,00003130,0001,C,160.00,SGD,
300,SQ,0117,2011-07-18,00164529,00003130,0001,C,160.00,SGD,
300,SQ,0158,2010-04-20,00170088,00003130,0001,C,445.00,SGD,
300,SQ,0067,2011-04-18,00120744,00003130,0001,C,148.00,SGD,
300,SQ,0067,2010-04-26,00098780,00003130,0001,C,148.00,SGD,
300,SQ,0067,2011-01-10,00114927,00003130,0001,C,148.00,SGD,
300,SQ,0067,2010-12-20,00113691,00003130,0001,C,148.00,SGD,
300,UA,3516,2011-05-03,00112938,00003130,0001,C,274.00,USD,
300,AZ,0788,2011-02-15,00056968,00002053,0001,P,515.00,EUR,
300,UA,3517,2010-08-16,00135641,00003130,0001,C,274.00,USD,
300,AZ,0788,2011-02-15,00056944,00000487,0001,P,515.00,EUR,
300,UA,3517,2010-12-13,00143042,00003130,0001,C,274.00,USD,
300,AZ,0788,2011-02-15,00056605,00002302,0001,P,515.00,EUR,
300,UA,3517,2010-05-10,00129357,00003130,0001,C,274.00,USD,
300,AZ,0788,2011-02-15,00056818,00002306,0001,P,515.00,EUR,
300,SQ,0067,2011-07-04,00125744,00003130,0001,C,148.00,SGD,
300,AZ,0788,2011-02-15,00056617,00000937,0001,P,515.00,EUR,
300,SQ,0325,2011-06-15,00240296,00003130,0001,C,781.00,SGD,
300,AZ,0788,2011-02-15,00056650,00001772,0001,P,515.00,EUR,
300,SQ,0325,2010-12-08,00228852,00003130,0001,C,781.00,SGD,
300,AZ,0788,2011-02-15,00056908,00002422,0001,P,515.00,EUR,
300,AZ,0788,2011-02-15,00056683,00002000,0001,P,515.00,EUR,
300,AZ,0788,2011-02-15,00056950,00000949,0001,P,515.00,EUR,
300,AZ,0788,2011-02-15,00056737,00003237,0001,P,515.00,EUR,
300,AZ,0788,2011-02-15,00056863,00002888,0001,P,515.00,EUR,
300,AZ,0788,2011-02-15,00056782,00003092,0001,P,515.00,EUR,
300,AZ,0788,2011-02-15,00056656,00003682,0001,P,515.00,EUR,
300,AZ,0788,2011-02-15,00056923,00004260,0001,P,515.00,EUR,
300,AZ,0788,2011-02-15,00056797,00000371,0001,P,515.00,EUR,
300,AZ,0788,2011-02-15,00056770,00002289,0001,P,515.00,EUR,
300,AZ,0788,2011-02-15,00056812,00001475,0001,P,515.00,EUR,
300,AZ,0788,2011-02-15,00056743,00001077,0001,P,515.00,EUR,
300,AZ,0788,2011-02-15,00056611,00003775,0001,P,515.00,EUR,
300,AZ,0788,2011-02-15,00056953,00000210,0001,P,515.00,EUR,
300,AZ,0788,2011-02-15,00056803,00003594,0001,P,515.00,EUR,
300,AZ,0788,2011-02-15,00056707,00002049,0001,P,515.00,EUR,
300,AZ,0788,2011-02-15,00056791,00004469,0001,P,515.00,EUR,
300,AZ,0788,2011-02-15,00056767,00004377,0001,P,515.00,EUR,
300,AZ,0788,2010-06-01,00040767,00000431,0001,P,515.00,EUR,
300,AZ,0788,2010-06-01,00040755,00001727,0001,P,515.00,EUR,
300,AZ,0788,2010-06-01,00040641,00001149,0001,P,515.00,EUR,
300,AZ,0788,2010-06-01,00040662,00002731,0001,P,515.00,EUR,
300,AZ,0788,2010-06-01,00040656,00004321,0001,P,515.00,EUR,
300,AZ,0788,2010-06-01,00040512,00004566,0001,P,515.00,EUR,
300,AZ,0788,2010-06-01,00040680,00001563,0001,P,515.00,EUR,
300,AZ,0788,2010-06-01,00040569,00002864,0001,P,515.00,EUR,
300,AZ,0788,2010-06-01,00040566,00003530,0001,P,515.00,EUR,
300,AZ,0788,2010-06-01,00040743,00001523,0001,P,515.00,EUR,
300,AZ,0788,2010-06-01,00040818,00002623,0001,P,515.00,EUR,
300,AZ,0788,2010-06-01,00040560,00003169,0001,P,515.00,EUR,
300,AZ,0788,2010-06-01,00040557,00002113,0001,P,515.00,EUR,
300,AZ,0788,2010-06-01,00040563,00003281,0001,P,515.00,EUR,
300,AZ,0788,2010-06-01,00040710,00001065,0001,P,515.00,EUR,
300,AZ,0788,2010-06-01,00040596,00000208,0001,P,515.00,EUR,
300,AZ,0788,2010-06-01,00040518,00001226,0001,P,515.00,EUR,
300,AZ,0788,2010-06-01,00040800,00001173,0001,P,515.00,EUR,
300,AZ,0788,2010-06-01,00040491,00002137,0001,P,515.00,EUR,
300,AZ,0788,2010-06-01,00040683,00000660,0001,P,515.00,EUR,
300,AZ,0788,2010-06-01,00040554,00001278,0001,P,515.00,EUR,
300,AZ,0788,2010-06-01,00040812,00003056,0001,P,515.00,EUR,
300,AZ,0788,2010-06-01,00040644,00001475,0001,P,515.00,EUR,
300,AZ,0788,2010-06-01,00040650,00000387,0001,P,515.00,EUR,
300,AZ,0788,2010-06-01,00040836,00003550,0001,P,515.00,EUR,
300,AZ,0788,2010-06-01,00040578,00003434,0001,P,515.00,EUR,
300,AZ,0788,2010-06-01,00040806,00004618,0001,P,515.00,EUR,
300,AZ,0788,2010-06-01,00040722,00001543,0001,P,515.00,EUR,
300,AZ,0788,2010-06-01,00040830,00004220,0001,P,515.00,EUR,
300,AZ,0788,2010-06-01,00040617,00001061,0001,P,515.00,EUR,
300,AZ,0788,2010-06-01,00040692,00001868,0001,P,515.00,EUR,
300,AZ,0788,2010-06-01,00040746,00000583,0001,P,515.00,EUR,
300,AZ,0788,2011-01-11,00054740,00000483,0001,P,515.00,EUR,
300,AZ,0788,2011-01-11,00054668,00004228,0001,P,515.00,EUR,
300,AZ,0788,2011-01-11,00054524,00000159,0001,P,515.00,EUR,
300,AZ,0788,2011-01-11,00054479,00002868,0001,P,515.00,EUR,
300,AZ,0788,2011-01-11,00054650,00002988,0001,P,515.00,EUR,
300,AZ,0788,2011-01-11,00054719,00000174,0001,P,515.00,EUR,
300,AZ,0788,2011-01-11,00054512,00000012,0001,P,515.00,EUR,
300,AZ,0788,2011-01-11,00054731,00002053,0001,P,515.00,EUR,
300,AZ,0788,2011-01-11,00054542,00004236,0001,P,515.00,EUR,
300,AZ,0788,2011-01-11,00054477,00000848,0001,P,515.00,EUR,
300,AZ,0788,2011-01-11,00054587,00000208,0001,P,515.00,EUR,
300,AZ,0788,2011-01-11,00054710,00000752,0001,P,515.00,EUR,
300,AZ,0788,2011-01-11,00054417,00002045,0001,P,515.00,EUR,
300,AZ,0788,2011-01-11,00054728,00001310,0001,P,515.00,EUR,
300,AZ,0788,2011-01-11,00054432,00003277,0001,P,515.00,EUR,
300,AZ,0788,2011-01-11,00054506,00001426,0001,P,515.00,EUR,
300,AZ,0788,2011-01-11,00054689,00001210,0001,P,515.00,EUR,
300,AZ,0788,2011-01-11,00054677,00002719,0001,P,515.00,EUR,
300,AZ,0788,2011-01-11,00054695,00002968,0001,P,515.00,EUR,
300,AZ,0788,2011-01-11,00054776,00002631,0001,P,515.00,EUR,
300,AZ,0788,2011-01-11,00054641,00000144,0001,P,515.00,EUR,
300,AZ,0788,2011-01-11,00054722,00003317,0001,P,515.00,EUR,
300,AZ,0788,2011-01-11,00054701,00002289,0001,P,515.00,EUR,
300,AZ,0788,2011-01-11,00054686,00001258,0001,P,515.00,EUR,
300,AZ,0788,2011-01-11,00054530,00003434,0001,P,515.00,EUR,
300,AZ,0788,2011-01-11,00054590,00001876,0001,P,515.00,EUR,
300,AZ,0788,2011-01-11,00054536,00003405,0001,P,515.00,EUR,
300,AZ,0788,2011-01-11,00054423,00003859,0001,P,515.00,EUR,
300,AZ,0788,2011-01-11,00054468,00004240,0001,P,515.00,EUR,
300,AZ,0788,2011-01-11,00054755,00003177,0001,P,515.00,EUR,
300,AZ,0788,2011-01-11,00054611,00003116,0001,P,515.00,EUR,
300,AZ,0788,2011-01-11,00054548,00004469,0001,P,515.00,EUR,
300,AZ,0788,2010-06-08,00041204,00000379,0001,P,515.00,EUR,
300,AZ,0788,2010-06-08,00041081,00000423,0001,P,515.00,EUR,
300,AZ,0788,2010-06-08,00041114,00003554,0001,P,515.00,EUR,
300,AZ,0788,2010-06-08,00041213,00003466,0001,P,515.00,EUR,
300,AZ,0788,2010-06-08,00041102,00002285,0001,P,515.00,EUR,
300,AZ,0788,2010-06-08,00041117,00003510,0001,P,515.00,EUR,
300,AZ,0788,2010-06-08,00041276,00002864,0001,P,515.00,EUR,
300,AZ,0788,2010-06-08,00041240,00001318,0001,P,515.00,EUR,
300,AZ,0788,2010-06-08,00040956,00004550,0001,P,515.00,EUR,
300,AZ,0788,2010-06-08,00041132,00003000,0001,P,515.00,EUR,
300,AZ,0788,2010-06-08,00041027,00000086,0001,P,515.00,EUR,
300,AZ,0788,2010-06-08,00041072,00001812,0001,P,515.00,EUR,
300,AZ,0788,2010-06-08,00041273,00001888,0001,P,515.00,EUR,
300,AZ,0788,2010-06-08,00040985,00001711,0001,P,515.00,EUR,
300,AZ,0788,2010-06-08,00040926,00002510,0001,P,515.00,EUR,
300,AZ,0788,2010-06-08,00041087,00004598,0001,P,515.00,EUR,
300,AZ,0788,2010-06-08,00041126,00001587,0001,P,515.00,EUR,
300,AZ,0788,2010-06-08,00041285,00001587,0001,P,515.00,EUR,
300,AZ,0788,2010-06-08,00040962,00003442,0001,P,515.00,EUR,
300,AZ,0788,2010-06-08,00041180,00002655,0001,P,515.00,EUR,
300,AZ,0788,2010-06-08,00041144,00001920,0001,P,515.00,EUR,
300,AZ,0788,2010-06-08,00040953,00003446,0001,P,515.00,EUR,
300,AZ,0788,2010-06-08,00041186,00002976,0001,P,515.00,EUR,
300,AZ,0788,2010-06-08,00040932,00001198,0001,P,515.00,EUR,
300,AZ,0788,2010-06-08,00041198,00002663,0001,P,515.00,EUR,
300,AZ,0788,2010-06-08,00041207,00004441,0001,P,515.00,EUR,
300,AZ,0788,2010-06-08,00041063,00003731,0001,P,515.00,EUR,
300,AZ,0788,2010-06-08,00041108,00000672,0001,P,515.00,EUR,
300,AZ,0788,2010-06-08,00041177,00000507,0001,P,515.00,EUR,
300,AZ,0788,2010-06-08,00041168,00004485,0001,P,515.00,EUR,
300,AZ,0788,2010-06-08,00041189,00004317,0001,P,515.00,EUR,
300,AZ,0788,2010-06-08,00041225,00004590,0001,P,515.00,EUR,
300,AZ,0788,2010-10-26,00049647,00001643,0001,P,515.00,EUR,
300,AZ,0788,2010-10-26,00049698,00002153,0001,P,515.00,EUR,
300,AZ,0788,2010-10-26,00049797,00004574,0001,P,515.00,EUR,
300,AZ,0788,2010-10-26,00049731,00003855,0001,P,515.00,EUR,
300,AZ,0788,2010-10-26,00049821,00002249,0001,P,515.00,EUR,
300,AZ,0788,2010-10-26,00049997,00004204,0001,P,515.00,EUR,
300,AZ,0788,2010-10-26,00049944,00003843,0001,P,515.00,EUR,
300,AZ,0788,2010-10-26,00049734,00002880,0001,P,515.00,EUR,
300,AZ,0788,2010-10-26,00049869,00001282,0001,P,515.00,EUR,
300,AZ,0788,2010-10-26,00049767,00001723,0001,P,515.00,EUR,
300,AZ,0788,2010-10-26,00049872,00001045,0001,P,515.00,EUR,
300,AZ,0788,2010-10-26,00049839,00001756,0001,P,515.00,EUR,
300,AZ,0788,2010-10-26,00049854,00000163,0001,P,515.00,EUR,
300,AZ,0788,2010-10-26,00049926,00001964,0001,P,515.00,EUR,
300,LH,0401,2011-07-15,00067850,00002704,0001,C,316.00,EUR,
300,AZ,0788,2010-10-26,00049985,00004493,0001,P,515.00,EUR,
300,LH,0401,2011-07-15,00067763,00002009,0001,C,316.00,EUR,
300,AZ,0788,2010-10-26,00049947,00002518,0001,P,515.00,EUR,
300,AZ,0788,2010-10-26,00049803,00000535,0001,P,515.00,EUR,
300,LH,0401,2011-07-15,00067499,00003756,0001,C,316.00,EUR,
300,AZ,0788,2010-10-26,00049779,00001226,0001,P,515.00,EUR,
300,LH,0401,2011-07-15,00067615,00003812,0001,C,316.00,EUR,
300,AZ,0788,2010-10-26,00049848,00003409,0001,P,515.00,EUR,
300,LH,0401,2011-07-15,00067853,00002656,0001,C,316.00,EUR,
300,AZ,0788,2010-10-26,00049893,00002574,0001,P,515.00,EUR,
300,LH,0401,2011-07-15,00067507,00001098,0001,C,316.00,EUR,
300,AZ,0788,2010-10-26,00049677,00003895,0001,P,515.00,EUR,
300,LH,0401,2011-07-15,00067769,00004546,0001,C,316.00,EUR,
300,AZ,0788,2010-10-26,00049974,00003674,0001,P,515.00,EUR,
300,LH,0401,2011-07-15,00067723,00002327,0001,C,316.00,EUR,
300,AZ,0788,2010-10-26,00049845,00002330,0001,P,515.00,EUR,
300,LH,0401,2011-07-15,00067565,00000773,0001,C,316.00,EUR,
300,AZ,0788,2010-10-26,00049890,00002386,0001,P,515.00,EUR,
300,LH,0401,2011-07-15,00067750,00003210,0001,C,316.00,EUR,
300,AZ,0788,2010-10-26,00049743,00001972,0001,P,515.00,EUR,
300,AZ,0788,2010-10-26,00049884,00003992,0001,P,515.00,EUR,
300,LH,0401,2011-07-15,00067774,00004575,0001,C,316.00,EUR,
300,AZ,0788,2010-10-26,00049680,00002514,0001,P,515.00,EUR,
300,LH,0401,2011-07-15,00067664,00001138,0001,C,316.00,EUR,
300,AZ,0788,2010-10-26,00049896,00000243,0001,P,515.00,EUR,
300,LH,0401,2011-07-15,00067742,00002038,0001,C,316.00,EUR,
300,AZ,0788,2010-10-26,00049887,00002791,0001,P,515.00,EUR,
300,LH,0401,2011-07-15,00067693,00001062,0001,C,316.00,EUR,
300,AZ,0788,2010-10-26,00049788,00001378,0001,P,515.00,EUR,
300,LH,0401,2011-07-15,00067682,00003346,0001,C,316.00,EUR,
300,AZ,0788,2010-10-26,00049953,00001519,0001,P,515.00,EUR,
300,LH,0401,2011-07-15,00067673,00003764,0001,C,316.00,EUR,
300,AZ,0788,2010-10-26,00049899,00003004,0001,P,515.00,EUR,
300,AZ,0788,2010-06-22,00041926,00001302,0001,P,515.00,EUR,
300,LH,0401,2011-07-15,00067624,00004266,0001,C,316.00,EUR,
300,AZ,0788,2010-06-22,00041968,00003622,0001,P,515.00,EUR,
300,LH,0401,2011-08-26,00070148,00000713,0001,C,316.00,EUR,
300,LH,0401,2011-08-26,00070383,00000950,0001,C,316.00,EUR,
300,AZ,0788,2010-06-22,00041971,00004228,0001,P,515.00,EUR,
300,LH,0401,2011-08-26,00070236,00004326,0001,C,316.00,EUR,
300,AZ,0788,2010-06-22,00041923,00002779,0001,P,515.00,EUR,
300,AZ,0788,2010-06-22,00042036,00000491,0001,P,515.00,EUR,
300,LH,0401,2011-08-26,00070341,00003282,0001,C,316.00,EUR,
300,AZ,0788,2010-06-22,00042039,00003650,0001,P,515.00,EUR,
300,LH,0401,2011-08-26,00070474,00003976,0001,C,316.00,EUR,
300,AZ,0788,2010-06-22,00041803,00002281,0001,P,515.00,EUR,
300,LH,0401,2011-08-26,00070358,00002604,0001,C,316.00,EUR,
300,AZ,0788,2010-06-22,00042141,00004204,0001,P,515.00,EUR,
300,LH,0401,2011-08-26,00070388,00003053,0001,C,316.00,EUR,
300,AZ,0788,2010-06-22,00042057,00003381,0001,P,515.00,EUR,
300,LH,0401,2011-08-26,00070329,00002676,0001,C,316.00,EUR,
300,AZ,0788,2010-06-22,00041977,00002651,0001,P,515.00,EUR,
300,LH,0401,2011-08-26,00070301,00002387,0001,C,316.00,EUR,
300,AZ,0788,2010-06-22,00042030,00004152,0001,P,515.00,EUR,
300,AZ,0788,2010-06-22,00041845,00004208,0001,P,515.00,EUR,
300,LH,0401,2011-08-26,00070397,00004213,0001,C,316.00,EUR,
300,LH,0401,2011-08-26,00070365,00000424,0001,C,316.00,EUR,
300,AZ,0788,2010-06-22,00042060,00002105,0001,P,515.00,EUR,
300,AZ,0788,2010-06-22,00042024,00001382,0001,P,515.00,EUR,
300,LH,0401,2011-08-26,00070211,00002961,0001,C,316.00,EUR,
300,AZ,0788,2010-06-22,00042009,00002892,0001,P,515.00,EUR,
300,LH,0401,2011-08-26,00070422,00002074,0001,C,316.00,EUR,
300,AZ,0788,2010-06-22,00042096,00002185,0001,P,515.00,EUR,
300,LH,0401,2011-08-26,00070115,00003186,0001,C,316.00,EUR,
300,AZ,0788,2010-06-22,00041920,00001579,0001,P,515.00,EUR,
300,LH,0401,2011-08-26,00070155,00002608,0001,C,316.00,EUR,
300,AZ,0788,2010-06-22,00042015,00001326,0001,P,515.00,EUR,
300,LH,0401,2011-08-26,00070346,00004165,0001,C,316.00,EUR,
300,AZ,0788,2010-06-22,00041890,00002884,0001,P,515.00,EUR,
300,LH,0401,2011-08-26,00070445,00004165,0001,C,316.00,EUR,
300,AZ,0788,2010-06-22,00041836,00003032,0001,P,515.00,EUR,
300,LH,0401,2011-08-26,00070334,00003703,0001,C,316.00,EUR,
300,AZ,0788,2010-06-22,00042144,00001057,0001,P,515.00,EUR,
300,LH,0401,2011-08-26,00070241,00000039,0001,C,316.00,EUR,
300,AZ,0788,2010-06-22,00041982,00003209,0001,P,515.00,EUR,
300,LH,0401,2011-08-26,00070259,00000151,0001,C,316.00,EUR,
300,AZ,0788,2010-06-22,00041974,00002558,0001,P,515.00,EUR,
300,AZ,0788,2010-06-22,00041988,00003823,0001,P,515.00,EUR,
300,LH,0401,2011-08-26,00070250,00003427,0001,C,316.00,EUR,
300,AZ,0788,2010-06-22,00041950,00003827,0001,P,515.00,EUR,
300,LH,0401,2011-08-26,00070278,00002949,0001,C,316.00,EUR,
300,AZ,0788,2010-06-22,00041812,00003446,0001,P,515.00,EUR,
300,LH,0401,2011-08-26,00070424,00002949,0001,C,316.00,EUR,
300,AZ,0788,2010-06-22,00042075,00004024,0001,P,515.00,EUR,
300,LH,0401,2011-08-26,00070293,00003009,0001,C,316.00,EUR,
300,AZ,0788,2010-06-22,00041896,00001836,0001,P,515.00,EUR,
300,LH,0401,2011-08-26,00070457,00000966,0001,C,316.00,EUR,
300,AZ,0788,2010-06-22,00042132,00004016,0001,P,515.00,EUR,
300,LH,0401,2011-08-26,00070298,00003607,0001,C,316.00,EUR,
300,AZ,0788,2010-06-22,00041824,00004586,0001,P,515.00,EUR,
300,LH,0401,2011-08-26,00070221,00000388,0001,C,316.00,EUR,
300,AZ,0788,2010-06-22,00042162,00001856,0001,P,515.00,EUR,
300,LH,0401,2011-08-26,00070229,00003972,0001,C,316.00,EUR,
300,AZ,0788,2010-06-22,00042114,00003116,0001,P,515.00,EUR,
300,LH,0401,2011-08-26,00070302,00000078,0001,C,316.00,EUR,
300,AZ,0788,2010-05-11,00039240,00001643,0001,P,515.00,EUR,
300,LH,0401,2011-08-26,00070409,00001203,0001,C,316.00,EUR,
300,AZ,0788,2010-05-11,00039366,00002944,0001,P,515.00,EUR,
300,LH,0401,2011-08-26,00070305,00000131,0001,C,316.00,EUR,
300,AZ,0788,2010-05-11,00039503,00002908,0001,P,515.00,EUR,
300,LH,0401,2011-08-26,00070161,00002339,0001,C,316.00,EUR,
300,AZ,0788,2010-05-11,00039509,00004513,0001,P,515.00,EUR,
300,LH,0401,2011-08-26,00070395,00004033,0001,C,316.00,EUR,
300,AZ,0788,2010-05-11,00039198,00002651,0001,P,515.00,EUR,
300,LH,0401,2011-08-26,00070368,00004514,0001,C,316.00,EUR,
300,AZ,0788,2010-05-11,00039539,00002651,0001,P,515.00,EUR,
300,LH,0401,2011-08-26,00070272,00001439,0001,C,316.00,EUR,
300,AZ,0788,2010-05-11,00039482,00002651,0001,P,515.00,EUR,
300,AZ,0788,2010-05-11,00039494,00002671,0001,P,515.00,EUR,
300,LH,0401,2011-08-26,00070447,00003422,0001,C,316.00,EUR,
300,AZ,0788,2010-05-11,00039351,00003646,0001,P,515.00,EUR,
300,LH,0401,2011-08-26,00070194,00002636,0001,C,316.00,EUR,
300,AZ,0788,2010-05-11,00039195,00001454,0001,P,515.00,EUR,
300,LH,0401,2011-08-26,00070450,00001387,0001,C,316.00,EUR,
300,AZ,0788,2010-05-11,00039192,00002045,0001,P,515.00,EUR,
300,LH,0401,2011-08-26,00070280,00004133,0001,C,316.00,EUR,
300,AZ,0788,2010-05-11,00039231,00004622,0001,P,515.00,EUR,
300,LH,0401,2011-08-26,00070471,00002098,0001,C,316.00,EUR,
300,AZ,0788,2010-05-11,00039456,00000407,0001,P,515.00,EUR,
300,LH,0401,2011-08-26,00070251,00004029,0001,C,316.00,EUR,
300,AZ,0788,2010-05-11,00039444,00003181,0001,P,515.00,EUR,
300,LH,0401,2011-08-26,00070143,00003354,0001,C,316.00,EUR,
300,AZ,0788,2010-05-11,00039189,00001230,0001,P,515.00,EUR,
300,LH,0401,2011-08-26,00070373,00000139,0001,C,316.00,EUR,
300,AZ,0788,2010-05-11,00039315,00002394,0001,P,515.00,EUR,
300,LH,0401,2011-08-26,00070469,00001961,0001,C,316.00,EUR,
300,AZ,0788,2010-05-11,00039252,00003209,0001,P,515.00,EUR,
300,LH,0401,2011-08-26,00070163,00002780,0001,C,316.00,EUR,
300,AZ,0788,2010-05-11,00039512,00000057,0001,P,515.00,EUR,
300,LH,0401,2011-08-26,00070385,00004041,0001,C,316.00,EUR,
300,AZ,0788,2010-05-11,00039462,00004008,0001,P,515.00,EUR,
300,LH,0401,2011-08-26,00070131,00003073,0001,C,316.00,EUR,
300,AZ,0788,2010-05-11,00039468,00001266,0001,P,515.00,EUR,
300,AZ,0788,2010-05-11,00039243,00002968,0001,P,515.00,EUR,
300,LH,0401,2011-08-26,00070349,00003137,0001,C,316.00,EUR,
300,AZ,0788,2010-05-11,00039378,00004084,0001,P,515.00,EUR,
300,LH,0401,2011-08-26,00070308,00001110,0001,C,316.00,EUR,
300,AZ,0788,2010-05-11,00039213,00000132,0001,P,515.00,EUR,
300,LH,0401,2011-08-26,00070295,00002186,0001,C,316.00,EUR,
300,AZ,0788,2010-05-11,00039375,00003947,0001,P,515.00,EUR,
300,LH,0401,2011-08-26,00070290,00004017,0001,C,316.00,EUR,
300,AZ,0788,2010-05-11,00039551,00000780,0001,P,515.00,EUR,
300,LH,0401,2011-08-26,00070391,00003435,0001,C,316.00,EUR,
300,AZ,0788,2010-05-11,00039408,00000014,0001,P,515.00,EUR,
300,LH,0401,2011-08-26,00070185,00003121,0001,C,316.00,EUR,
300,AZ,0788,2010-05-11,00039255,00001543,0001,P,515.00,EUR,
300,LH,0401,2011-08-26,00070398,00003551,0001,C,316.00,EUR,
300,AZ,0788,2010-05-11,00039533,00000467,0001,P,515.00,EUR,
300,LH,0401,2011-08-26,00070343,00003523,0001,C,316.00,EUR,
300,AZ,0788,2010-05-11,00039387,00001117,0001,P,515.00,EUR,
300,AZ,0788,2010-05-11,00039527,00000419,0001,P,515.00,EUR,
300,LH,0401,2011-08-26,00070326,00003595,0001,C,316.00,EUR,
300,AZ,0788,2010-05-11,00039396,00001679,0001,P,515.00,EUR,
300,LH,0401,2011-08-26,00070317,00002893,0001,C,316.00,EUR,
300,LH,0401,2011-08-26,00070176,00002828,0001,C,316.00,EUR,
300,AZ,0788,2011-11-08,00073354,00003863,0001,P,515.00,EUR,
300,LH,0401,2011-08-26,00070224,00001632,0001,C,316.00,EUR,
300,AZ,0788,2011-11-08,00073441,00000901,0001,P,515.00,EUR,
300,LH,0401,2011-08-26,00070460,00001259,0001,C,316.00,EUR,
300,AZ,0788,2011-11-08,00073105,00002924,0001,P,515.00,EUR,
300,AZ,0788,2011-11-08,00073429,00002261,0001,P,515.00,EUR,
300,LH,0401,2011-08-26,00070486,00000143,0001,C,316.00,EUR,
300,AZ,0788,2011-11-08,00073321,00001398,0001,P,515.00,EUR,
300,LH,0401,2011-08-26,00070283,00001030,0001,C,316.00,EUR,
300,AZ,0788,2011-11-08,00073447,00002153,0001,P,515.00,EUR,
300,AZ,0788,2011-11-08,00073375,00002189,0001,P,515.00,EUR,
300,LH,0401,2011-08-26,00070274,00003410,0001,C,316.00,EUR,
300,AZ,0788,2011-11-08,00073129,00002972,0001,P,515.00,EUR,
300,LH,0401,2011-08-26,00070352,00003170,0001,C,316.00,EUR,
300,AZ,0788,2011-11-08,00073351,00003100,0001,P,515.00,EUR,
300,LH,0401,2011-08-26,00070451,00002696,0001,C,316.00,EUR,
300,AZ,0788,2011-11-08,00073231,00002322,0001,P,515.00,EUR,
300,LH,0401,2011-08-26,00070277,00001732,0001,C,316.00,EUR,
300,AZ,0788,2011-11-08,00073195,00003132,0001,P,515.00,EUR,
300,LH,0401,2011-08-26,00070376,00002294,0001,C,316.00,EUR,
300,AZ,0788,2011-11-08,00073240,00004305,0001,P,515.00,EUR,
300,LH,0401,2011-08-26,00070275,00003916,0001,C,316.00,EUR,
300,AZ,0788,2011-11-08,00073198,00003558,0001,P,515.00,EUR,
300,LH,0401,2011-08-26,00070124,00004410,0001,C,316.00,EUR,
300,AZ,0788,2011-11-08,00073330,00000451,0001,P,515.00,EUR,
300,LH,0401,2011-08-26,00070416,00002407,0001,C,316.00,EUR,
300,AZ,0788,2011-11-08,00073123,00002538,0001,P,515.00,EUR,
300,LH,0401,2011-08-26,00070463,00002327,0001,C,316.00,EUR,
300,AZ,0788,2011-11-08,00073479,00002518,0001,P,515.00,EUR,
300,LH,0401,2011-08-26,00070233,00002479,0001,C,316.00,EUR,
300,AZ,0788,2011-11-08,00073282,00004353,0001,P,515.00,EUR,
300,LH,0401,2011-08-26,00070413,00000962,0001,C,316.00,EUR,
300,AZ,0788,2011-11-08,00073144,00002767,0001,P,515.00,EUR,
300,LH,0401,2011-08-26,00070239,00000604,0001,C,316.00,EUR,
300,AZ,0788,2011-11-08,00073393,00002045,0001,P,515.00,EUR,
300,LH,0401,2011-08-26,00070331,00004261,0001,C,316.00,EUR,
300,AZ,0788,2011-11-08,00073156,00001173,0001,P,515.00,EUR,
300,LH,0401,2010-10-08,00050065,00001146,0001,C,316.00,EUR,
300,AZ,0788,2011-11-08,00073402,00001892,0001,P,515.00,EUR,
300,LH,0401,2010-10-08,00050281,00003976,0001,C,316.00,EUR,
300,AZ,0788,2011-11-08,00073162,00003686,0001,P,515.00,EUR,
300,LH,0401,2010-10-08,00050260,00003976,0001,C,316.00,EUR,
300,AZ,0788,2011-11-08,00073141,00003353,0001,P,515.00,EUR,
300,LH,0401,2010-10-08,00050259,00003976,0001,C,316.00,EUR,
300,AZ,0788,2011-11-08,00073120,00001800,0001,P,515.00,EUR,
300,LH,0401,2010-10-08,00050167,00003146,0001,C,316.00,EUR,
300,AZ,0788,2011-11-08,00073261,00001426,0001,P,515.00,EUR,
300,LH,0401,2010-10-08,00050344,00000853,0001,C,316.00,EUR,
300,AZ,0788,2011-11-08,00073303,00001186,0001,P,515.00,EUR,
300,LH,0401,2010-10-08,00050100,00002844,0001,C,316.00,EUR,
300,LH,0401,2010-10-08,00050014,00002278,0001,C,316.00,EUR,
300,AZ,0788,2011-11-08,00073267,00002719,0001,P,515.00,EUR,
300,AZ,0788,2011-11-08,00073285,00001547,0001,P,515.00,EUR,
300,LH,0401,2010-10-08,00050224,00001797,0001,C,316.00,EUR,
300,AZ,0788,2011-11-08,00073216,00001101,0001,P,515.00,EUR,
300,LH,0401,2010-10-08,00050362,00003695,0001,C,316.00,EUR,
300,AZ,0788,2011-11-08,00073333,00000672,0001,P,515.00,EUR,
300,LH,0401,2010-10-08,00050037,00002467,0001,C,316.00,EUR,
300,LH,0401,2010-10-08,00050253,00003214,0001,C,316.00,EUR,
300,AZ,0788,2011-11-08,00073177,00000840,0001,P,515.00,EUR,
300,LH,0401,2010-10-08,00050112,00003226,0001,C,316.00,EUR,
300,AZ,0788,2010-07-06,00043003,00002117,0001,P,515.00,EUR,
300,LH,0401,2010-10-08,00050301,00002575,0001,C,316.00,EUR,
300,AZ,0788,2010-07-06,00042917,00001165,0001,P,515.00,EUR,
300,LH,0401,2010-10-08,00050161,00002575,0001,C,316.00,EUR,
300,AZ,0788,2010-07-06,00042671,00000018,0001,P,515.00,EUR,
300,LH,0401,2010-10-08,00050068,00004197,0001,C,316.00,EUR,
300,AZ,0788,2010-07-06,00042860,00004341,0001,P,515.00,EUR,
300,LH,0401,2010-10-08,00050361,00003912,0001,C,316.00,EUR,
300,AZ,0788,2010-07-06,00042782,00004012,0001,P,515.00,EUR,
300,LH,0401,2010-10-08,00050188,00003515,0001,C,316.00,EUR,
300,AZ,0788,2010-07-06,00042857,00001218,0001,P,515.00,EUR,
300,LH,0401,2010-10-08,00050358,00001319,0001,C,316.00,EUR,
300,AZ,0788,2010-07-06,00042997,00004513,0001,P,515.00,EUR,
300,AZ,0788,2010-07-06,00042704,00002197,0001,P,515.00,EUR,
300,LH,0401,2010-10-08,00050173,00002672,0001,C,316.00,EUR,
300,LH,0401,2010-10-08,00050029,00002949,0001,C,316.00,EUR,
300,AZ,0788,2010-07-06,00042686,00002318,0001,P,515.00,EUR,
300,LH,0401,2010-10-08,00050091,00001291,0001,C,316.00,EUR,
300,AZ,0788,2010-07-06,00042926,00002550,0001,P,515.00,EUR,
300,LH,0401,2010-10-08,00050116,00001664,0001,C,316.00,EUR,
300,AZ,0788,2010-07-06,00042947,00000033,0001,P,515.00,EUR,
300,AZ,0788,2010-07-06,00042854,00002667,0001,P,515.00,EUR,
300,LH,0401,2010-10-08,00050170,00001688,0001,C,316.00,EUR,
300,AZ,0788,2010-07-06,00042953,00001627,0001,P,515.00,EUR,
300,LH,0401,2010-10-08,00050089,00003270,0001,C,316.00,EUR,
300,AZ,0788,2010-07-06,00042872,00001057,0001,P,515.00,EUR,
300,LH,0401,2010-10-08,00050206,00003467,0001,C,316.00,EUR,
300,AZ,0788,2010-07-06,00042722,00003674,0001,P,515.00,EUR,
300,LH,0401,2010-10-08,00050085,00000633,0001,C,316.00,EUR,
300,AZ,0788,2010-07-06,00042710,00000057,0001,P,515.00,EUR,
300,LH,0401,2010-10-08,00050092,00002973,0001,C,316.00,EUR,
300,LH,0401,2010-10-08,00050371,00001837,0001,C,316.00,EUR,
300,AZ,0788,2010-07-06,00042743,00000856,0001,P,515.00,EUR,
300,AZ,0788,2010-07-06,00042689,00002655,0001,P,515.00,EUR,
300,LH,0401,2010-10-08,00050280,00003049,0001,C,316.00,EUR,
300,AZ,0788,2010-07-06,00042875,00000034,0001,P,515.00,EUR,
300,LH,0401,2010-10-08,00050256,00003069,0001,C,316.00,EUR,
300,AZ,0788,2010-07-06,00042941,00001422,0001,P,515.00,EUR,
300,LH,0401,2010-10-08,00050337,00001114,0001,C,316.00,EUR,
300,AZ,0788,2010-07-06,00042713,00001972,0001,P,515.00,EUR,
300,LH,0401,2010-10-08,00050340,00003523,0001,C,316.00,EUR,
300,AZ,0788,2010-07-06,00042788,00004104,0001,P,515.00,EUR,
300,LH,0401,2010-10-08,00050277,00002535,0001,C,316.00,EUR,
300,AZ,0788,2010-07-06,00042773,00002928,0001,P,515.00,EUR,
300,LH,0401,2010-10-08,00050101,00003025,0001,C,316.00,EUR,
300,LH,0401,2010-10-08,00050320,00002752,0001,C,316.00,EUR,
300,AZ,0788,2010-07-06,00042701,00004000,0001,P,515.00,EUR,
300,LH,0401,2010-10-08,00050367,00004097,0001,C,316.00,EUR,
300,AZ,0788,2010-07-06,00042848,00003831,0001,P,515.00,EUR,
300,AZ,0788,2010-07-06,00042842,00001804,0001,P,515.00,EUR,
300,LH,0401,2010-10-08,00050031,00004530,0001,C,316.00,EUR,
300,AZ,0788,2010-07-06,00042887,00004068,0001,P,515.00,EUR,
300,LH,0401,2010-10-08,00050305,00004490,0001,C,316.00,EUR,
300,AZ,0788,2010-07-06,00042971,00003040,0001,P,515.00,EUR,
300,LH,0401,2010-10-08,00050205,00004563,0001,C,316.00,EUR,
300,AZ,0788,2010-07-06,00042899,00002787,0001,P,515.00,EUR,
300,LH,0401,2010-10-08,00050194,00001275,0001,C,316.00,EUR,
300,AZ,0788,2010-07-06,00042824,00002827,0001,P,515.00,EUR,
300,LH,0401,2010-10-08,00050263,00001142,0001,C,316.00,EUR,
300,AZ,0788,2010-07-06,00042794,00003526,0001,P,515.00,EUR,
300,LH,0401,2010-10-08,00050266,00001877,0001,C,316.00,EUR,
300,AZ,0788,2011-02-22,00057324,00001683,0001,P,515.00,EUR,
300,LH,0401,2010-10-08,00050223,00004085,0001,C,316.00,EUR,
300,AZ,0788,2011-02-22,00057243,00002205,0001,P,515.00,EUR,
300,LH,0401,2010-10-08,00050265,00001006,0001,C,316.00,EUR,
300,AZ,0788,2011-02-22,00057117,00004176,0001,P,515.00,EUR,
300,LH,0401,2010-10-08,00050251,00003394,0001,C,316.00,EUR,
300,AZ,0788,2011-02-22,00057345,00000048,0001,P,515.00,EUR,
300,LH,0401,2010-10-08,00050071,00003587,0001,C,316.00,EUR,
300,AZ,0788,2011-02-22,00057348,00004521,0001,P,515.00,EUR,
300,LH,0401,2010-10-08,00050262,00003483,0001,C,316.00,EUR,
300,AZ,0788,2011-02-22,00057033,00003562,0001,P,515.00,EUR,
300,LH,0401,2010-10-08,00050317,00004229,0001,C,316.00,EUR,
300,AZ,0788,2011-02-22,00057126,00000447,0001,P,515.00,EUR,
300,LH,0401,2010-10-08,00050376,00002206,0001,C,316.00,EUR,
300,AZ,0788,2011-02-22,00057330,00002281,0001,P,515.00,EUR,
300,LH,0401,2010-10-08,00050235,00001415,0001,C,316.00,EUR,
300,AZ,0788,2011-02-22,00057189,00004100,0001,P,515.00,EUR,
300,LH,0401,2010-10-08,00050350,00002375,0001,C,316.00,EUR,
300,AZ,0788,2011-02-22,00057072,00003711,0001,P,515.00,EUR,
300,AZ,0788,2011-02-22,00057114,00000495,0001,P,515.00,EUR,
300,LH,0401,2010-10-08,00050128,00002391,0001,C,316.00,EUR,
300,LH,0401,2010-10-08,00050061,00002459,0001,C,316.00,EUR,
300,AZ,0788,2011-02-22,00057237,00003221,0001,P,515.00,EUR,
300,LH,0401,2010-10-08,00050286,00002692,0001,C,316.00,EUR,
300,AZ,0788,2011-02-22,00057306,00003201,0001,P,515.00,EUR,
300,LH,0401,2010-10-08,00050103,00001231,0001,C,316.00,EUR,
300,AZ,0788,2011-02-22,00057294,00002053,0001,P,515.00,EUR,
300,LH,0401,2010-10-08,00050323,00001985,0001,C,316.00,EUR,
300,AZ,0788,2011-02-22,00057318,00004381,0001,P,515.00,EUR,
300,AZ,0788,2011-02-22,00057066,00000033,0001,P,515.00,EUR,
300,LH,0401,2010-10-08,00050226,00003984,0001,C,316.00,EUR,
300,SQ,0325,2010-12-01,00228392,00003130,0001,C,781.00,SGD,
300,AZ,0788,2011-02-22,00057036,00002948,0001,P,515.00,EUR,
300,LH,0401,2010-10-08,00050220,00003868,0001,C,316.00,EUR,
300,SQ,0325,2011-09-14,00246058,00003130,0001,C,781.00,SGD,
300,AZ,0788,2011-02-22,00057288,00003084,0001,P,515.00,EUR,
300,LH,0401,2010-10-08,00050254,00003603,0001,C,316.00,EUR,
300,SQ,0325,2011-11-23,00250292,00003130,0001,C,781.00,SGD,
300,LH,0401,2010-10-08,00050229,00000813,0001,C,316.00,EUR,
300,AZ,0788,2011-02-22,00057300,00004076,0001,P,515.00,EUR,
300,SQ,0158,2011-07-12,00186286,00003130,0001,C,222.00,SGD,
300,LH,0401,2010-10-08,00050169,00004410,0001,C,316.00,EUR,
300,AZ,0788,2011-02-22,00057351,00000359,0001,P,515.00,EUR,
300,SQ,0158,2011-06-07,00185056,00003130,0001,C,222.00,SGD,
300,LH,0401,2010-10-08,00050055,00001174,0001,C,316.00,EUR,
300,AZ,0788,2011-02-22,00057396,00000079,0001,P,515.00,EUR,
300,SQ,0158,2011-09-20,00188790,00003130,0001,C,222.00,SGD,
300,LH,0401,2010-10-08,00050104,00003358,0001,C,316.00,EUR,
300,AZ,0788,2011-02-22,00057339,00001314,0001,P,515.00,EUR,
300,SQ,0161,2011-11-29,00213000,00003130,0001,C,222.00,SGD,
300,AZ,0788,2011-02-22,00057192,00002137,0001,P,515.00,EUR,
300,LH,0401,2010-10-08,00050274,00001536,0001,C,316.00,EUR,
300,SQ,0325,2010-07-28,00220446,00003130,0001,C,781.00,SGD,
300,AZ,0788,2011-02-22,00057132,00001691,0001,P,515.00,EUR,
300,LH,0401,2010-10-08,00050181,00001508,0001,C,316.00,EUR,
300,SQ,0161,2011-09-13,00210485,00003130,0001,C,222.00,SGD,
300,AZ,0788,2011-02-22,00057153,00002209,0001,P,515.00,EUR,
300,LH,0401,2010-10-08,00050131,00000962,0001,C,316.00,EUR,
300,SQ,0161,2011-07-19,00208522,00003130,0001,C,222.00,SGD,
300,LH,0401,2010-10-08,00050011,00001901,0001,C,316.00,EUR,
300,AZ,0788,2011-02-22,00057378,00001764,0001,P,515.00,EUR,
300,SQ,0161,2011-08-09,00209118,00003130,0001,C,222.00,SGD,
300,LH,0401,2010-10-08,00050095,00003768,0001,C,316.00,EUR,
300,AZ,0788,2011-02-22,00057219,00001061,0001,P,515.00,EUR,
300,LH,0401,2010-10-08,00050125,00003627,0001,C,316.00,EUR,
300,JL,0407,2011-04-08,00015499,00001656,0001,C,504.00,JPY,
300,AZ,0788,2011-02-22,00057039,00001884,0001,P,515.00,EUR,
300,LH,0401,2010-10-08,00050335,00003840,0001,C,316.00,EUR,
300,AZ,0788,2011-02-22,00057408,00003177,0001,P,515.00,EUR,
300,JL,0408,2011-02-05,00037506,00001656,0001,C,504.00,JPY,
300,AZ,0788,2011-02-22,00057276,00000800,0001,P,515.00,EUR,
300,LH,0401,2010-10-08,00050275,00002740,0001,C,316.00,EUR,
300,JL,0407,2011-11-04,00024829,00001656,0001,C,504.00,JPY,
300,AZ,0788,2011-02-22,00057135,00000583,0001,P,515.00,EUR,
300,JL,0408,2010-05-01,00027452,00001656,0001,C,504.00,JPY,
300,LH,0401,2011-04-29,00063023,00000713,0001,C,316.00,EUR,
300,AZ,0788,2010-05-18,00039689,00003522,0001,P,515.00,EUR,
300,LH,0401,2011-04-29,00062948,00003724,0001,C,316.00,EUR,
300,DL,0106,2011-10-03,00033096,00001656,0001,C,290.00,USD,
300,AZ,0788,2010-05-18,00039806,00003542,0001,P,515.00,EUR,
300,LH,0401,2011-04-29,00062699,00000612,0001,C,316.00,EUR,
300,QF,0005,2011-04-08,00021993,00001656,0001,C,374.00,AUD,
300,AZ,0788,2010-05-18,00039911,00000511,0001,P,515.00,EUR,
300,LH,0401,2011-04-29,00062959,00000544,0001,C,316.00,EUR,
300,SQ,0002,2010-08-12,00003972,00001656,0001,C,2204.00,SGD,
300,AZ,0788,2010-05-18,00039764,00001318,0001,P,515.00,EUR,
300,LH,0401,2011-04-29,00062790,00004213,0001,C,316.00,EUR,
300,JL,0407,2010-09-24,00007039,00001656,0001,C,504.00,JPY,
300,AZ,0788,2010-05-18,00039803,00004204,0001,P,515.00,EUR,
300,LH,0401,2011-04-29,00062804,00000424,0001,C,316.00,EUR,
300,JL,0408,2012-02-25,00048736,00001656,0001,C,504.00,JPY,
300,AZ,0788,2010-05-18,00039644,00001145,0001,P,515.00,EUR,
300,LH,0401,2011-04-29,00062735,00002937,0001,C,316.00,EUR,
300,UA,0007,2010-05-15,00000985,00001656,0001,C,200.00,USD,
300,AZ,0788,2010-05-18,00039704,00000077,0001,P,515.00,EUR,
300,LH,0401,2011-04-29,00063005,00001873,0001,C,316.00,EUR,
300,JL,0407,2010-05-28,00001751,00001656,0001,C,504.00,JPY,
300,AZ,0788,2010-05-18,00039899,00003931,0001,P,515.00,EUR,
300,LH,0401,2011-04-29,00063035,00003238,0001,C,316.00,EUR,
300,AZ,0788,2010-05-18,00039731,00003185,0001,P,515.00,EUR,
300,UA,0941,2011-10-27,00048066,00001656,0001,C,417.00,USD,
300,LH,0401,2011-04-29,00062975,00002467,0001,C,316.00,EUR,
300,AZ,0788,2010-05-18,00039950,00001338,0001,P,515.00,EUR,
300,SQ,0015,2011-05-11,00046371,00001656,0001,C,1102.00,SGD,
300,LH,0401,2011-04-29,00062721,00001885,0001,C,316.00,EUR,
300,DL,0106,2010-05-31,00002454,00001656,0001,C,290.00,USD,
300,AZ,0788,2010-05-18,00039782,00002683,0001,P,515.00,EUR,
300,LH,0401,2011-04-29,00062775,00003623,0001,C,316.00,EUR,
300,SQ,0015,2010-07-21,00027870,00001656,0001,C,1102.00,SGD,
300,AZ,0788,2010-05-18,00039638,00003016,0001,P,515.00,EUR,
300,LH,0401,2011-04-29,00062754,00000039,0001,C,316.00,EUR,
300,SQ,0015,2010-07-21,00028056,00001656,0001,C,1102.00,SGD,
300,LH,0401,2011-04-29,00063053,00003515,0001,C,316.00,EUR,
300,AZ,0788,2010-05-18,00039857,00000443,0001,P,515.00,EUR,
300,JL,0408,2011-05-21,00041153,00001656,0001,C,504.00,JPY,
300,LH,0401,2011-04-29,00062778,00000376,0001,C,316.00,EUR,
300,QF,0005,2011-08-05,00029547,00001656,0001,C,374.00,AUD,
300,LH,0401,2011-04-29,00062768,00000376,0001,C,316.00,EUR,
300,AZ,0788,2010-05-18,00039701,00001326,0001,P,515.00,EUR,
300,DL,1699,2011-01-10,00053849,00001656,0001,C,200.00,USD,
300,LH,0401,2011-04-29,00063058,00000388,0001,C,316.00,EUR,
300,JL,0408,2011-07-23,00043541,00001656,0001,C,504.00,JPY,
300,LH,0401,2011-04-29,00062786,00002005,0001,C,316.00,EUR,
300,AA,0017,2011-11-16,00035900,00001656,0001,C,200.00,USD,
300,LH,0401,2011-04-29,00062831,00004306,0001,C,316.00,EUR,
300,LH,0401,2011-04-29,00062807,00000213,0001,C,316.00,EUR,
300,AZ,0788,2010-05-18,00039884,00000038,0001,P,515.00,EUR,
300,QF,0005,2012-04-13,00037801,00001656,0001,C,374.00,AUD,
300,AZ,0788,2010-05-18,00039929,00001984,0001,P,515.00,EUR,
300,LH,0401,2011-04-29,00062864,00004414,0001,C,316.00,EUR,
300,AA,0026,2010-12-22,00049651,00001656,0001,C,290.00,USD,
300,LH,0401,2011-04-29,00063022,00001439,0001,C,316.00,EUR,
300,AA,0026,2010-09-22,00045764,00001656,0001,C,290.00,USD,
300,AZ,0788,2010-05-18,00039971,00001330,0001,P,515.00,EUR,
300,LH,0401,2011-04-29,00062817,00001745,0001,C,316.00,EUR,
300,UA,0941,2011-02-10,00038249,00001656,0001,C,417.00,USD,
300,LH,0401,2011-04-29,00062913,00002178,0001,C,316.00,EUR,
300,DL,1699,2010-12-20,00052394,00001656,0001,C,200.00,USD,
300,LH,0401,2011-04-29,00062868,00001588,0001,C,316.00,EUR,
300,QF,0005,2010-10-08,00010646,00001656,0001,C,374.00,AUD,
300,LH,0401,2011-04-29,00062933,00002359,0001,C,316.00,EUR,
300,AZ,0788,2010-05-18,00039830,00000692,0001,P,515.00,EUR,
300,JL,0407,2010-11-26,00009601,00001656,0001,C,504.00,JPY,
300,LH,0401,2011-04-29,00062885,00004117,0001,C,316.00,EUR,
300,SQ,0015,2012-01-11,00059202,00001656,0001,C,1102.00,SGD,
300,LH,0401,2011-04-29,00063001,00002664,0001,C,316.00,EUR,
300,AZ,0788,2010-05-18,00039908,00002394,0001,P,515.00,EUR,
300,AA,0026,2011-06-22,00057599,00001656,0001,C,290.00,USD,
300,LH,0401,2011-04-29,00063013,00004635,0001,C,316.00,EUR,
300,AZ,0788,2010-05-18,00039734,00002558,0001,P,515.00,EUR,
300,DL,1699,2011-05-09,00061334,00001656,0001,C,200.00,USD,
300,LH,0401,2011-04-29,00062897,00004631,0001,C,316.00,EUR,
300,AZ,0788,2010-05-18,00039797,00004232,0001,P,515.00,EUR,
300,QF,0005,2010-05-07,00001086,00001656,0001,C,374.00,AUD,
300,LH,0401,2011-04-29,00062928,00003691,0001,C,316.00,EUR,
300,JL,0407,2010-09-24,00007038,00001656,0001,C,504.00,JPY,
300,AZ,0788,2010-05-18,00039632,00000034,0001,P,515.00,EUR,
300,LH,0401,2011-04-29,00062894,00003936,0001,C,316.00,EUR,
300,QF,0005,2011-04-01,00021373,00001656,0001,C,374.00,AUD,
300,LH,0401,2011-04-29,00063002,00002170,0001,C,316.00,EUR,
300,DL,1699,2011-02-14,00055838,00001656,0001,C,200.00,USD,
300,LH,0401,2011-04-29,00062898,00002222,0001,C,316.00,EUR,
300,JL,0407,2011-06-03,00018174,00001656,0001,C,504.00,JPY,
300,AZ,0788,2010-05-18,00039752,00002839,0001,P,515.00,EUR,
300,LH,0401,2011-04-29,00062971,00003844,0001,C,316.00,EUR,
300,SQ,0066,2010-06-28,00064630,00001656,0001,C,156.00,SGD,
300,AZ,0788,2010-05-18,00039659,00004080,0001,P,515.00,EUR,
300,LH,0401,2011-04-29,00062732,00003663,0001,C,316.00,EUR,
300,SQ,0002,2011-08-25,00017631,00001656,0001,C,1102.00,SGD,
300,AZ,0788,2010-05-18,00039641,00004389,0001,P,515.00,EUR,
300,LH,0401,2011-04-29,00062691,00003619,0001,C,316.00,EUR,
300,DL,1699,2011-06-27,00064077,00001656,0001,C,200.00,USD,
300,LH,0401,2011-04-29,00062895,00002395,0001,C,316.00,EUR,
300,AZ,0788,2010-05-18,00039968,00001707,0001,P,515.00,EUR,
300,AA,0026,2011-10-12,00062659,00001656,0001,C,290.00,USD,
300,LH,0401,2011-04-29,00062944,00003033,0001,C,316.00,EUR,
300,AZ,0788,2010-05-18,00039944,00000884,0001,P,515.00,EUR,
300,UA,3504,2011-11-11,00086689,00001656,0001,C,417.00,USD,
300,LH,0401,2011-04-29,00063044,00000717,0001,C,316.00,EUR,
300,DL,1699,2011-09-05,00068368,00001656,0001,C,401.00,USD,
300,AZ,0788,2010-05-18,00039809,00004200,0001,P,515.00,EUR,
300,LH,0401,2011-04-29,00062945,00000408,0001,C,316.00,EUR,
300,AZ,0788,2010-05-18,00039974,00003606,0001,P,515.00,EUR,
300,AA,0064,2011-07-15,00082082,00001656,0001,C,602.00,USD,
300,LH,0401,2011-04-29,00062694,00004322,0001,C,316.00,EUR,
300,AZ,0788,2010-05-18,00039982,00002827,0001,P,515.00,EUR,
300,AA,0064,2011-08-26,00083582,00001656,0001,C,602.00,USD,
300,LH,0401,2011-04-29,00062711,00004322,0001,C,316.00,EUR,
300,AZ,0788,2010-05-18,00039719,00002627,0001,P,515.00,EUR,
300,SQ,0066,2011-04-11,00082215,00001656,0001,C,312.00,SGD,
300,LH,0401,2011-04-29,00062986,00000789,0001,C,316.00,EUR,
300,AZ,0788,2010-09-07,00046590,00002522,0001,P,515.00,EUR,
300,DL,1984,2010-08-23,00082987,00001656,0001,C,602.00,USD,
300,LH,0401,2011-04-29,00062939,00000902,0001,C,316.00,EUR,
300,AZ,0788,2010-09-07,00046647,00000716,0001,P,515.00,EUR,
300,DL,1984,2010-08-23,00082988,00001656,0001,C,602.00,USD,
300,LH,0401,2011-04-29,00063014,00004286,0001,C,316.00,EUR,
300,AZ,0788,2010-09-07,00046917,00001752,0001,P,515.00,EUR,
300,SQ,0066,2011-03-14,00080549,00001656,0001,C,156.00,SGD,
300,LH,0401,2011-04-29,00062957,00000031,0001,C,316.00,EUR,
300,AZ,0788,2010-09-07,00046737,00000913,0001,P,515.00,EUR,
300,AA,0064,2010-09-24,00071761,00001656,0001,C,200.00,USD,
300,LH,0401,2011-04-29,00062822,00004627,0001,C,316.00,EUR,
300,AZ,0788,2010-09-07,00046752,00002281,0001,P,515.00,EUR,
300,DL,1699,2011-10-03,00070371,00001656,0001,C,200.00,USD,
300,LH,0401,2011-04-29,00063040,00000194,0001,C,316.00,EUR,
300,AZ,0788,2010-09-07,00046863,00003755,0001,P,515.00,EUR,
300,SQ,0066,2010-12-13,00074856,00001656,0001,C,156.00,SGD,
300,LH,0401,2011-04-29,00063065,00000194,0001,C,316.00,EUR,
300,AZ,0788,2010-09-07,00046608,00001298,0001,P,515.00,EUR,
300,UA,3504,2011-05-27,00075273,00001656,0001,C,417.00,USD,
300,LH,0401,2011-04-29,00062968,00001070,0001,C,316.00,EUR,
300,AZ,0788,2010-09-07,00046683,00000748,0001,P,515.00,EUR,
300,DL,1699,2012-01-16,00074656,00001656,0001,C,200.00,USD,
300,AZ,0788,2010-09-07,00046914,00001406,0001,P,515.00,EUR,
300,LH,0401,2011-04-29,00062954,00002933,0001,C,316.00,EUR,
300,UA,3516,2010-08-03,00095868,00001656,0001,C,290.00,USD,
300,LH,0401,2011-04-29,00062921,00002977,0001,C,316.00,EUR,
300,AZ,0788,2010-09-07,00046773,00003329,0001,P,515.00,EUR,
300,AA,0064,2010-10-22,00072671,00001656,0001,C,200.00,USD,
300,LH,0401,2011-04-29,00062918,00004551,0001,C,316.00,EUR,
300,AZ,0788,2010-09-07,00046881,00002302,0001,P,515.00,EUR,
300,JL,0408,2011-01-08,00036396,00001656,0001,C,1008.00,JPY,
300,AZ,0788,2010-09-07,00046872,00003899,0001,P,515.00,EUR,
300,LH,0401,2011-04-29,00062784,00000741,0001,C,316.00,EUR,
300,DL,1984,2011-08-15,00105401,00001656,0001,C,200.00,USD,
300,LH,0401,2011-04-29,00062859,00000189,0001,C,316.00,EUR,
300,AZ,0788,2010-09-07,00046938,00002607,0001,P,515.00,EUR,
300,UA,0007,2010-08-28,00005555,00001656,0001,C,401.00,USD,
300,LH,0401,2011-04-29,00062796,00003940,0001,C,316.00,EUR,
300,AA,0017,2010-04-28,00000552,00001656,0001,C,200.00,USD,
300,AZ,0788,2010-09-07,00046893,00000033,0001,P,515.00,EUR,
300,LH,0401,2011-04-29,00062801,00001399,0001,C,316.00,EUR,
300,UA,0007,2010-06-26,00002926,00001656,0001,C,200.00,USD,
300,AZ,0788,2010-09-07,00046743,00000824,0001,P,515.00,EUR,
300,LH,0401,2011-04-29,00063037,00001195,0001,C,316.00,EUR,
300,AA,0017,2010-11-24,00013519,00001656,0001,C,602.00,USD,
300,AZ,0788,2010-09-07,00046755,00002884,0001,P,515.00,EUR,
300,LH,0401,2011-04-29,00062838,00002082,0001,C,316.00,EUR,
300,UA,0007,2011-01-29,00012363,00001656,0001,C,602.00,USD,
300,LH,0401,2011-04-29,00062856,00001921,0001,C,316.00,EUR,
300,QF,0006,2011-06-15,00056553,00001656,0001,C,374.00,AUD,
300,LH,0401,2011-04-29,00062925,00002058,0001,C,316.00,EUR,
300,SQ,0067,2010-09-13,00107362,00001656,0001,C,156.00,SGD,
300,AZ,0788,2010-09-07,00046941,00002474,0001,P,515.00,EUR,
300,LH,0401,2011-04-29,00062865,00004145,0001,C,316.00,EUR,
300,UA,3516,2010-11-02,00101242,00001656,0001,C,870.00,USD,
300,AZ,0788,2010-09-07,00046686,00003546,0001,P,515.00,EUR,
300,LH,0401,2011-04-29,00062772,00004145,0001,C,316.00,EUR,
300,SQ,0015,2011-09-14,00054106,00001656,0001,C,1102.00,SGD,
300,AZ,0788,2010-09-07,00046923,00003739,0001,P,515.00,EUR,
300,LH,0401,2011-04-29,00062832,00002399,0001,C,316.00,EUR,
300,AZ,0788,2010-09-07,00046908,00004232,0001,P,515.00,EUR,
300,DL,1699,2011-05-23,00061794,00001656,0001,C,401.00,USD,
300,LH,0401,2011-04-29,00062723,00000769,0001,C,316.00,EUR,
300,AZ,0788,2010-09-07,00046821,00004136,0001,P,515.00,EUR,
300,AA,0026,2011-06-22,00057758,00001656,0001,C,290.00,USD,
300,LH,0401,2011-04-29,00062847,00001532,0001,C,316.00,EUR,
300,AZ,0788,2010-09-07,00046725,00001768,0001,P,515.00,EUR,
300,QF,0006,2011-07-20,00058161,00001656,0001,C,374.00,AUD,
300,LH,0401,2011-04-29,00063059,00001118,0001,C,316.00,EUR,
300,AZ,0788,2010-09-07,00046614,00000620,0001,P,515.00,EUR,
300,SQ,0015,2011-03-02,00041612,00001656,0001,C,2204.00,SGD,
300,LH,0401,2011-04-29,00062774,00001857,0001,C,316.00,EUR,
300,AZ,0788,2010-09-07,00046662,00002583,0001,P,515.00,EUR,
300,UA,0941,2011-11-17,00048815,00001656,0001,C,417.00,USD,
300,LH,0401,2011-04-29,00062962,00001925,0001,C,316.00,EUR,
300,AZ,0788,2010-09-07,00046617,00004168,0001,P,515.00,EUR,
300,UA,3516,2011-09-06,00121148,00001656,0001,C,290.00,USD,
300,LH,0401,2011-04-29,00062727,00000392,0001,C,316.00,EUR,
300,AZ,0788,2010-09-07,00046734,00000129,0001,P,515.00,EUR,
300,SQ,0067,2011-04-25,00121353,00001656,0001,C,156.00,SGD,
300,LH,0401,2011-07-29,00068427,00001443,0001,C,316.00,EUR,
300,AZ,0788,2010-09-07,00046878,00004004,0001,P,515.00,EUR,
300,DL,1984,2011-09-12,00107143,00001656,0001,C,200.00,USD,
300,AZ,0788,2010-09-07,00046818,00001848,0001,P,515.00,EUR,
300,LH,0401,2011-07-29,00068729,00004193,0001,C,316.00,EUR,
300,SQ,0067,2010-07-26,00104169,00001656,0001,C,312.00,SGD,
300,AZ,0788,2010-09-07,00046866,00003068,0001,P,515.00,EUR,
300,LH,0401,2011-07-29,00068640,00004422,0001,C,316.00,EUR,
300,DL,1984,2011-08-29,00105999,00001656,0001,C,200.00,USD,
300,LH,0401,2011-07-29,00068741,00000492,0001,C,316.00,EUR,
300,SQ,0117,2010-07-26,00151841,00001656,0001,C,169.00,SGD,
300,AZ,0788,2010-09-07,00046629,00000035,0001,P,515.00,EUR,
300,LH,0401,2011-07-29,00068663,00001363,0001,C,316.00,EUR,
300,UA,3517,2011-07-11,00155799,00001656,0001,C,290.00,USD,
300,AZ,0788,2010-09-07,00046605,00004028,0001,P,515.00,EUR,
300,LH,0401,2011-07-29,00068580,00001363,0001,C,316.00,EUR,
300,UA,3517,2011-02-28,00147467,00001656,0001,C,290.00,USD,
300,AZ,0788,2011-02-01,00055806,00001149,0001,P,515.00,EUR,
300,LH,0401,2011-07-29,00068648,00004342,0001,C,316.00,EUR,
300,UA,3517,2011-02-07,00146302,00001656,0001,C,290.00,USD,
300,AZ,0788,2011-02-01,00056093,00002779,0001,P,515.00,EUR,
300,LH,0401,2011-07-29,00068493,00003266,0001,C,316.00,EUR,
300,SQ,0117,2011-06-20,00163513,00001656,0001,C,169.00,SGD,
300,AZ,0788,2011-02-01,00056060,00004277,0001,P,515.00,EUR,
300,LH,0401,2011-07-29,00068489,00001476,0001,C,316.00,EUR,
300,SQ,0067,2011-11-07,00133522,00001656,0001,C,156.00,SGD,
300,AZ,0788,2011-02-01,00055791,00004566,0001,P,515.00,EUR,
300,LH,0401,2011-07-29,00068492,00001945,0001,C,316.00,EUR,
300,UA,3517,2010-09-20,00137455,00001656,0001,C,580.00,USD,
300,AZ,0788,2011-02-01,00055953,00000037,0001,P,515.00,EUR,
300,LH,0401,2011-07-29,00068487,00003832,0001,C,316.00,EUR,
300,AA,0064,2011-05-13,00080001,00001656,0001,C,200.00,USD,
300,AZ,0788,2011-02-01,00055935,00003707,0001,P,515.00,EUR,
300,LH,0401,2011-07-29,00068685,00000625,0001,C,316.00,EUR,
300,AA,0064,2011-01-14,00075735,00001656,0001,C,200.00,USD,
300,AZ,0788,2011-02-01,00055830,00002803,0001,P,515.00,EUR,
300,LH,0401,2011-07-29,00068583,00002106,0001,C,316.00,EUR,
300,AA,0064,2011-03-18,00077914,00001656,0001,C,200.00,USD,
300,AZ,0788,2011-02-01,00055794,00001735,0001,P,515.00,EUR,
300,LH,0401,2011-07-29,00068709,00000745,0001,C,316.00,EUR,
300,UA,3504,2011-06-17,00076477,00001656,0001,C,417.00,USD,
300,AZ,0788,2011-02-01,00056072,00002643,0001,P,515.00,EUR,
300,LH,0401,2011-07-29,00068688,00000829,0001,C,316.00,EUR,
300,SQ,0066,2011-08-15,00090526,00001656,0001,C,156.00,SGD,
300,AZ,0788,2011-02-01,00056075,00001045,0001,P,515.00,EUR,
300,LH,0401,2011-07-29,00068379,00001291,0001,C,316.00,EUR,
300,AZ,0788,2011-02-01,00055815,00001334,0001,P,515.00,EUR,
300,DL,1984,2011-01-10,00091667,00001656,0001,C,602.00,USD,
300,LH,0401,2011-07-29,00068407,00000825,0001,C,316.00,EUR,
300,AZ,0788,2011-02-01,00056039,00001358,0001,P,515.00,EUR,
300,DL,1984,2010-11-29,00089098,00001656,0001,C,200.00,USD,
300,LH,0401,2011-07-29,00068613,00000825,0001,C,316.00,EUR,
300,AZ,0788,2011-02-01,00055782,00000499,0001,P,515.00,EUR,
300,DL,1984,2010-11-08,00088032,00001656,0001,C,200.00,USD,
300,AZ,0788,2011-02-01,00056081,00002538,0001,P,515.00,EUR,
300,LH,0401,2011-07-29,00068712,00003607,0001,C,316.00,EUR,
300,DL,1984,2011-07-11,00103173,00001656,0001,C,200.00,USD,
300,LH,0401,2011-07-29,00068622,00000380,0001,C,316.00,EUR,
300,AZ,0788,2011-02-01,00055968,00003787,0001,P,515.00,EUR,
300,SQ,0066,2012-01-23,00097534,00001656,0001,C,156.00,SGD,
300,AZ,0788,2011-02-01,00055860,00001695,0001,P,515.00,EUR,
300,LH,0401,2011-07-29,00068655,00004021,0001,C,316.00,EUR,
300,SQ,0066,2012-01-23,00097535,00001656,0001,C,156.00,SGD,
300,AZ,0788,2011-02-01,00055869,00001695,0001,P,515.00,EUR,
300,LH,0401,2011-07-29,00068392,00003374,0001,C,316.00,EUR,
300,SQ,0866,2010-12-30,00317160,00001656,0001,C,487.00,SGD,
300,AZ,0788,2011-02-01,00055956,00001619,0001,P,515.00,EUR,
300,LH,0401,2011-07-29,00068410,00004133,0001,C,316.00,EUR,
300,SQ,0866,2010-07-01,00306037,00001656,0001,C,243.00,SGD,
300,AZ,0788,2011-02-01,00056024,00003149,0001,P,515.00,EUR,
300,LH,0401,2011-07-29,00068610,00002664,0001,C,316.00,EUR,
300,SQ,0866,2010-09-23,00311236,00001656,0001,C,243.00,SGD,
300,AZ,0788,2011-02-01,00056063,00001836,0001,P,515.00,EUR,
300,LH,0401,2011-07-29,00068679,00002579,0001,C,316.00,EUR,
300,SQ,0866,2010-07-29,00307903,00001656,0001,C,243.00,SGD,
300,AZ,0788,2011-02-01,00056018,00004405,0001,P,515.00,EUR,
300,LH,0401,2011-07-29,00068570,00002571,0001,C,316.00,EUR,
300,SQ,0863,2010-09-01,00284424,00001656,0001,C,243.00,SGD,
300,AZ,0788,2011-02-01,00055932,00000780,0001,P,515.00,EUR,
300,LH,0401,2011-07-29,00068520,00000468,0001,C,316.00,EUR,
300,SQ,0326,2011-10-07,00276118,00001656,0001,C,1650.00,SGD,
300,AZ,0788,2011-02-01,00055839,00002209,0001,P,515.00,EUR,
300,LH,0401,2011-07-29,00068475,00000629,0001,C,316.00,EUR,
300,SQ,0326,2012-01-13,00279028,00001656,0001,C,825.00,SGD,
300,AZ,0788,2011-02-01,00055824,00001270,0001,P,515.00,EUR,
300,LH,0401,2011-07-29,00068403,00000139,0001,C,316.00,EUR,
300,SQ,0863,2010-05-19,00280723,00001656,0001,C,243.00,SGD,
300,AZ,0788,2011-02-01,00055848,00002992,0001,P,515.00,EUR,
300,LH,0401,2011-07-29,00068370,00003744,0001,C,316.00,EUR,
300,SQ,0326,2011-11-18,00278257,00001656,0001,C,825.00,SGD,
300,AZ,0788,2011-02-01,00055914,00002771,0001,P,515.00,EUR,
300,SQ,0866,2010-05-13,00303187,00001656,0001,C,243.00,SGD,
300,LH,0401,2011-07-29,00068421,00000661,0001,C,316.00,EUR,
300,AZ,0788,2011-02-01,00055842,00004485,0001,P,515.00,EUR,
300,AZ,0788,2011-02-01,00055761,00004505,0001,P,515.00,EUR,
300,SQ,0866,2010-04-22,00301634,00001656,0001,C,243.00,SGD,
300,LH,0401,2011-07-29,00068726,00000689,0001,C,316.00,EUR,
300,AZ,0788,2011-02-01,00055896,00000343,0001,P,515.00,EUR,
300,SQ,0863,2011-07-20,00296000,00001656,0001,C,243.00,SGD,
300,AZ,0788,2011-02-01,00056012,00000343,0001,P,515.00,EUR,
300,LH,0401,2011-07-29,00068643,00004506,0001,C,316.00,EUR,
300,AZ,0788,2011-02-01,00055959,00002486,0001,P,515.00,EUR,
300,SQ,0997,2010-11-19,00391242,00001656,0001,C,432.00,SGD,
300,LH,0401,2011-07-29,00068667,00001110,0001,C,316.00,EUR,
300,AZ,0788,2011-04-26,00061234,00003522,0001,P,515.00,EUR,
300,SQ,0997,2010-09-10,00386969,00001656,0001,C,432.00,SGD,
300,LH,0401,2011-07-29,00068535,00002170,0001,C,316.00,EUR,
300,AZ,0788,2011-04-26,00061273,00002944,0001,P,515.00,EUR,
300,AZ,0788,2011-04-26,00061249,00000004,0001,P,515.00,EUR,
300,SQ,0997,2011-10-07,00411284,00001656,0001,C,432.00,SGD,
300,LH,0401,2011-07-29,00068561,00002114,0001,C,316.00,EUR,
300,AZ,0788,2011-04-26,00061024,00001687,0001,P,515.00,EUR,
300,SQ,0997,2011-03-25,00399059,00001656,0001,C,432.00,SGD,
300,AZ,0788,2011-04-26,00061141,00003755,0001,P,515.00,EUR,
300,LH,0401,2011-07-29,00068673,00002186,0001,C,316.00,EUR,
300,AZ,0788,2011-04-26,00060979,00000025,0001,P,515.00,EUR,
300,SQ,0997,2011-03-04,00397732,00001656,0001,C,432.00,SGD,
300,LH,0401,2011-07-29,00068364,00003579,0001,C,316.00,EUR,
300,AZ,0788,2011-04-26,00061267,00002109,0001,P,515.00,EUR,
300,AZ,0788,2011-04-26,00060982,00001639,0001,P,515.00,EUR,
300,SQ,0997,2011-05-20,00402594,00001656,0001,C,432.00,SGD,
300,LH,0401,2011-07-29,00068395,00004101,0001,C,316.00,EUR,
300,AZ,0788,2011-04-26,00061204,00000487,0001,P,515.00,EUR,
300,LH,0401,2011-07-29,00068669,00000717,0001,C,316.00,EUR,
300,SQ,0988,2010-09-16,00348376,00001656,0001,C,1296.00,SGD,
300,AZ,0788,2011-04-26,00061117,00003293,0001,P,515.00,EUR,
300,AZ,0788,2011-04-26,00061183,00002960,0001,P,515.00,EUR,
300,LH,0401,2011-07-29,00068642,00001777,0001,C,316.00,EUR,
300,SQ,0866,2012-02-02,00338658,00001656,0001,C,243.00,SGD,
300,AZ,0788,2011-04-26,00061000,00003618,0001,P,515.00,EUR,
300,LH,0401,2011-07-29,00068703,00001853,0001,C,316.00,EUR,
300,SQ,0988,2010-05-06,00340217,00001656,0001,C,432.00,SGD,
300,AZ,0788,2011-04-26,00061312,00001711,0001,P,515.00,EUR,
300,LH,0401,2011-07-29,00068609,00001716,0001,C,316.00,EUR,
300,AZ,0788,2011-04-26,00060971,00001527,0001,P,515.00,EUR,
300,SQ,0988,2010-07-08,00344065,00001656,0001,C,432.00,SGD,
300,LH,0401,2011-07-29,00068666,00002848,0001,C,316.00,EUR,
300,AZ,0788,2011-04-26,00060962,00000367,0001,P,515.00,EUR,
300,SQ,0988,2011-09-08,00370807,00001656,0001,C,432.00,SGD,
300,AZ,0788,2011-04-26,00061069,00004120,0001,P,515.00,EUR,
300,LH,0401,2011-07-29,00068624,00003880,0001,C,316.00,EUR,
300,SQ,0988,2011-09-15,00371080,00001656,0001,C,432.00,SGD,
300,AZ,0788,2011-04-26,00061174,00003084,0001,P,515.00,EUR,
300,AZ,0788,2011-04-26,00061309,00003614,0001,P,515.00,EUR,
300,LH,0401,2011-07-29,00068721,00000143,0001,C,316.00,EUR,
300,UA,3517,2011-08-22,00158608,00001656,0001,C,290.00,USD,
300,AZ,0788,2011-04-26,00061156,00003686,0001,P,515.00,EUR,
300,SQ,0114,2011-06-20,00144661,00001656,0001,C,169.00,SGD,
300,LH,0401,2011-07-29,00068558,00001038,0001,C,316.00,EUR,
300,SQ,0117,2010-07-26,00151840,00001656,0001,C,169.00,SGD,
300,AZ,0788,2011-04-26,00061300,00004188,0001,P,515.00,EUR,
300,LH,0401,2011-07-29,00068486,00002977,0001,C,316.00,EUR,
300,UA,3517,2011-04-11,00150255,00001656,0001,C,290.00,USD,
300,LH,0401,2011-07-29,00068373,00004518,0001,C,316.00,EUR,
300,SQ,0158,2010-08-31,00174979,00001656,0001,C,235.00,SGD,
300,AZ,0788,2011-04-26,00061282,00002358,0001,P,515.00,EUR,
300,LH,0401,2011-07-29,00068594,00003647,0001,C,316.00,EUR,
300,SQ,0158,2010-12-21,00178864,00001656,0001,C,470.00,SGD,
300,AZ,0788,2011-04-26,00061276,00000036,0001,P,515.00,EUR,
300,LH,0401,2011-07-29,00068636,00000225,0001,C,316.00,EUR,
300,SQ,0158,2011-01-04,00179428,00001656,0001,C,235.00,SGD,
300,AZ,0788,2011-04-26,00061108,00000888,0001,P,515.00,EUR,
300,SQ,0158,2010-12-14,00178747,00001656,0001,C,235.00,SGD,
300,LH,0401,2011-07-29,00068652,00002511,0001,C,316.00,EUR,
300,AZ,0788,2011-04-26,00061129,00000720,0001,P,515.00,EUR,
300,SQ,0158,2011-02-01,00180517,00001656,0001,C,235.00,SGD,
300,LH,0401,2011-07-29,00068691,00002162,0001,C,316.00,EUR,
300,AZ,0788,2011-04-26,00061132,00000660,0001,P,515.00,EUR,
300,SQ,0158,2011-01-11,00179712,00001656,0001,C,235.00,SGD,
300,LH,0401,2011-07-29,00068675,00002226,0001,C,316.00,EUR,
300,AZ,0788,2011-04-26,00061207,00000620,0001,P,515.00,EUR,
300,SQ,0067,2011-03-07,00118478,00001656,0001,C,156.00,SGD,
300,LH,0401,2011-07-29,00068714,00002704,0001,C,316.00,EUR,
300,AZ,0788,2011-04-26,00061255,00003915,0001,P,515.00,EUR,
300,LH,0401,2011-07-29,00068504,00002756,0001,C,316.00,EUR,
300,SQ,0067,2011-06-20,00124726,00001656,0001,C,156.00,SGD,
300,AZ,0788,2011-04-26,00061093,00002771,0001,P,515.00,EUR,
300,LH,0401,2011-07-29,00068687,00003535,0001,C,316.00,EUR,
300,UA,3516,2010-04-27,00089869,00001656,0001,C,290.00,USD,
300,AZ,0788,2011-04-26,00060988,00003229,0001,P,515.00,EUR,
300,LH,0401,2011-07-29,00068447,00004121,0001,C,316.00,EUR,
300,UA,3516,2011-09-28,00122800,00001656,0001,C,290.00,USD,
300,AZ,0788,2011-04-26,00061231,00000017,0001,P,515.00,EUR,
300,LH,0401,2011-07-29,00068385,00002985,0001,C,316.00,EUR,
300,AZ,0788,2010-12-14,00052947,00000379,0001,P,515.00,EUR,
300,SQ,0067,2010-12-27,00114023,00001656,0001,C,156.00,SGD,
300,LH,0401,2011-07-29,00068739,00003101,0001,C,316.00,EUR,
300,AZ,0788,2010-12-14,00052857,00003466,0001,P,515.00,EUR,
300,LH,0401,2011-07-29,00068568,00004145,0001,C,316.00,EUR,
300,AZ,0788,2010-12-14,00052917,00000159,0001,P,515.00,EUR,
300,SQ,0067,2011-07-04,00125804,00001656,0001,C,156.00,SGD,
300,LH,0401,2011-07-29,00068516,00001166,0001,C,316.00,EUR,
300,AZ,0788,2010-12-14,00053036,00000547,0001,P,515.00,EUR,
300,LH,0401,2011-07-29,00068441,00001183,0001,C,316.00,EUR,
300,AZ,0788,2010-12-14,00052758,00000435,0001,P,515.00,EUR,
300,UA,3516,2011-12-27,00126959,00001656,0001,C,290.00,USD,
300,LH,0401,2011-07-29,00068538,00001544,0001,C,316.00,EUR,
300,AZ,0788,2010-12-14,00052935,00001298,0001,P,515.00,EUR,
300,SQ,0325,2011-04-06,00236025,00001656,0001,C,825.00,SGD,
300,LH,0401,2011-07-29,00068543,00001472,0001,C,316.00,EUR,
300,AZ,0788,2010-12-14,00052728,00002310,0001,P,515.00,EUR,
300,AZ,0788,2010-12-14,00052902,00000443,0001,P,515.00,EUR,
300,LH,0401,2011-07-29,00068439,00001640,0001,C,316.00,EUR,
300,SQ,0325,2011-02-09,00232443,00001656,0001,C,2476.00,SGD,
300,AZ,0788,2010-12-14,00052923,00003835,0001,P,515.00,EUR,
300,AZ,0788,2010-12-14,00052725,00004361,0001,P,515.00,EUR,
300,LH,0401,2011-07-29,00068415,00004611,0001,C,316.00,EUR,
300,SQ,0325,2011-06-15,00240260,00001656,0001,C,2476.00,SGD,
300,AZ,0788,2010-12-14,00052785,00000011,0001,P,515.00,EUR,
300,LH,0401,2011-07-29,00068730,00003944,0001,C,316.00,EUR,
300,SQ,0325,2010-10-20,00225597,00001656,0001,C,825.00,SGD,
300,AZ,0788,2010-12-14,00052872,00001772,0001,P,515.00,EUR,
300,AZ,0788,2010-12-14,00052956,00003666,0001,P,515.00,EUR,
300,LH,0401,2011-07-29,00068499,00004567,0001,C,316.00,EUR,
300,SQ,0325,2010-11-10,00226931,00001656,0001,C,825.00,SGD,
300,AZ,0788,2010-12-14,00053015,00001744,0001,P,515.00,EUR,
300,LH,0401,2011-07-29,00068631,00001419,0001,C,316.00,EUR,
300,AZ,0788,2010-12-14,00053006,00001222,0001,P,515.00,EUR,
300,SQ,0326,2010-05-07,00253284,00001656,0001,C,825.00,SGD,
300,AZ,0788,2010-12-14,00053042,00003209,0001,P,515.00,EUR,
300,LH,0401,2011-07-29,00068398,00003322,0001,C,316.00,EUR,
300,AZ,0788,2010-12-14,00052731,00002338,0001,P,515.00,EUR,
300,SQ,0161,2010-06-22,00194451,00001656,0001,C,235.00,SGD,
300,AZ,0788,2010-12-14,00052991,00001186,0001,P,515.00,EUR,
300,LH,0401,2011-10-14,00074422,00001443,0001,C,316.00,EUR,
300,SQ,0158,2011-07-12,00186154,00001656,0001,C,235.00,SGD,
300,AZ,0788,2010-12-14,00052911,00004333,0001,P,515.00,EUR,
300,AZ,0788,2010-12-14,00052848,00002719,0001,P,515.00,EUR,
300,LH,0401,2011-10-14,00074080,00002620,0001,C,316.00,EUR,
300,SQ,0158,2011-06-14,00185326,00001656,0001,C,235.00,SGD,
300,AZ,0788,2010-12-14,00052710,00003149,0001,P,515.00,EUR,
300,LH,0401,2011-10-14,00074268,00000303,0001,C,316.00,EUR,
300,AZ,0788,2010-12-14,00053027,00004477,0001,P,515.00,EUR,
300,SQ,0158,2012-01-24,00191690,00001656,0001,C,235.00,SGD,
300,AZ,0788,2010-12-14,00052920,00004465,0001,P,515.00,EUR,
300,LH,0401,2011-10-14,00074065,00001018,0001,C,316.00,EUR,
300,AZ,0788,2010-12-14,00052860,00003951,0001,P,515.00,EUR,
300,SQ,0161,2010-04-20,00192088,00001656,0001,C,235.00,SGD,
300,LH,0401,2011-10-14,00074211,00003800,0001,C,316.00,EUR,
300,AZ,0788,2010-12-14,00052959,00004064,0001,P,515.00,EUR,
300,SQ,0325,2010-05-12,00215682,00001656,0001,C,825.00,SGD,
300,AZ,0788,2010-12-14,00052887,00003735,0001,P,515.00,EUR,
300,LH,0401,2011-10-14,00074347,00002278,0001,C,316.00,EUR,
300,AZ,0788,2010-12-14,00052752,00002502,0001,P,515.00,EUR,
300,SQ,0325,2010-05-19,00215955,00001656,0001,C,825.00,SGD,
300,LH,0401,2011-10-14,00074221,00004205,0001,C,316.00,EUR,
300,AZ,0788,2010-12-14,00052740,00003775,0001,P,515.00,EUR,
300,AZ,0788,2010-12-14,00052988,00000941,0001,P,515.00,EUR,
300,LH,0401,2011-10-14,00074325,00001476,0001,C,316.00,EUR,
300,SQ,0015,2010-11-03,00034452,00004516,0001,C,986.00,SGD,
300,AZ,0788,2010-12-14,00053030,00000035,0001,P,515.00,EUR,
300,LH,0401,2011-10-14,00074310,00003575,0001,C,316.00,EUR,
300,AZ,0788,2011-04-12,00060072,00003369,0001,P,515.00,EUR,
300,QF,0005,2010-10-29,00011850,00004516,0001,C,335.00,AUD,
300,AZ,0788,2011-04-12,00060102,00000656,0001,P,515.00,EUR,
300,LH,0401,2011-10-14,00074385,00004257,0001,C,316.00,EUR,
300,JL,0408,2011-02-12,00037745,00004516,0001,C,451.00,JPY,
300,AZ,0788,2011-04-12,00060096,00003361,0001,P,515.00,EUR,
300,AZ,0788,2011-04-12,00060162,00000439,0001,P,515.00,EUR,
300,LH,0401,2011-10-14,00074365,00003190,0001,C,316.00,EUR,
300,SQ,0015,2010-08-11,00029305,00004516,0001,C,986.00,SGD,
300,AZ,0788,2011-04-12,00060339,00002261,0001,P,515.00,EUR,
300,AZ,0788,2011-04-12,00060351,00000447,0001,P,515.00,EUR,
300,LH,0401,2011-10-14,00074125,00004350,0001,C,316.00,EUR,
300,UA,0941,2010-05-27,00029015,00004516,0001,C,1121.00,USD,
300,AZ,0788,2011-04-12,00060237,00004273,0001,P,515.00,EUR,
300,LH,0401,2011-10-14,00074187,00001873,0001,C,316.00,EUR,
300,QF,0005,2011-04-29,00023389,00004516,0001,C,335.00,AUD,
300,AZ,0788,2011-04-12,00060261,00003534,0001,P,515.00,EUR,
300,LH,0401,2011-10-14,00074214,00000745,0001,C,316.00,EUR,
300,AZ,0788,2011-04-12,00060411,00002607,0001,P,515.00,EUR,
300,QF,0005,2011-06-17,00026212,00004516,0001,C,335.00,AUD,
300,AZ,0788,2011-04-12,00060294,00003767,0001,P,515.00,EUR,
300,LH,0401,2011-10-14,00074289,00002017,0001,C,316.00,EUR,
300,AZ,0788,2011-04-12,00060252,00003618,0001,P,515.00,EUR,
300,DL,1699,2010-08-23,00044978,00004516,0001,C,179.00,USD,
300,LH,0401,2011-10-14,00074175,00003667,0001,C,316.00,EUR,
300,AZ,0788,2011-04-12,00060273,00003634,0001,P,515.00,EUR,
300,UA,0941,2011-08-18,00045030,00004516,0001,C,373.00,USD,
300,AZ,0788,2011-04-12,00060144,00001105,0001,P,515.00,EUR,
300,LH,0401,2011-10-14,00074413,00002086,0001,C,316.00,EUR,
300,AZ,0788,2011-04-12,00060426,00002418,0001,P,515.00,EUR,
300,JL,0407,2010-09-10,00006212,00004516,0001,C,1353.00,JPY,
300,AZ,0788,2011-04-12,00060093,00003702,0001,P,515.00,EUR,
300,LH,0401,2011-10-14,00074157,00002616,0001,C,316.00,EUR,
300,DL,0106,2010-06-07,00002976,00004516,0001,C,259.00,USD,
300,AZ,0788,2011-04-12,00060207,00003385,0001,P,515.00,EUR,
300,AZ,0788,2011-04-12,00060432,00000724,0001,P,515.00,EUR,
300,LH,0401,2011-10-14,00074352,00000829,0001,C,316.00,EUR,
300,JL,0407,2010-06-04,00002111,00004516,0001,C,451.00,JPY,
300,AZ,0788,2011-04-12,00060123,00002029,0001,P,515.00,EUR,
300,LH,0401,2011-10-14,00074284,00001207,0001,C,316.00,EUR,
300,AZ,0788,2011-04-12,00060327,00000079,0001,P,515.00,EUR,
300,JL,0408,2011-05-14,00040987,00004516,0001,C,451.00,JPY,
300,AZ,0788,2011-04-12,00060336,00000090,0001,P,515.00,EUR,
300,LH,0401,2011-10-14,00074307,00002298,0001,C,316.00,EUR,
300,AZ,0788,2011-04-12,00060429,00000660,0001,P,515.00,EUR,
300,UA,0941,2010-06-24,00030124,00004516,0001,C,373.00,USD,
300,LH,0401,2011-10-14,00074388,00001066,0001,C,316.00,EUR,
300,AZ,0788,2011-04-12,00060228,00004537,0001,P,515.00,EUR,
300,DL,1699,2010-06-21,00041176,00004516,0001,C,179.00,USD,
300,AZ,0788,2011-04-12,00060174,00001499,0001,P,515.00,EUR,
300,LH,0401,2011-10-14,00074332,00000151,0001,C,316.00,EUR,
300,AZ,0788,2011-04-12,00060129,00001804,0001,P,515.00,EUR,
300,AA,0026,2010-10-27,00047166,00004516,0001,C,259.00,USD,
300,LH,0401,2011-10-14,00074377,00002062,0001,C,316.00,EUR,
300,AZ,0788,2011-04-12,00060309,00000527,0001,P,515.00,EUR,
300,AZ,0788,2011-04-12,00060204,00004365,0001,P,515.00,EUR,
300,DL,1699,2010-05-03,00038035,00004516,0001,C,179.00,USD,
300,LH,0401,2011-10-14,00074110,00002062,0001,C,316.00,EUR,
300,AZ,0788,2011-04-12,00060342,00001519,0001,P,515.00,EUR,
300,JL,0408,2011-02-19,00038120,00004516,0001,C,451.00,JPY,
300,AZ,0788,2011-04-12,00060264,00001061,0001,P,515.00,EUR,
300,LH,0401,2011-10-14,00074188,00003029,0001,C,316.00,EUR,
300,AZ,0788,2011-04-12,00060378,00000611,0001,P,515.00,EUR,
300,QF,0006,2010-08-18,00043200,00004516,0001,C,335.00,AUD,
300,AZ,0788,2011-04-12,00060312,00002799,0001,P,515.00,EUR,
300,LH,0401,2011-10-14,00074281,00002700,0001,C,316.00,EUR,
300,AZ,0788,2011-09-27,00070632,00001141,0001,P,515.00,EUR,
300,SQ,0015,2011-01-05,00038511,00004516,0001,C,986.00,SGD,
300,LH,0401,2011-10-14,00074256,00001271,0001,C,316.00,EUR,
300,AZ,0788,2011-09-27,00070500,00002542,0001,P,515.00,EUR,
300,AA,0017,2011-10-05,00033192,00004516,0001,C,179.00,USD,
300,AZ,0788,2011-09-27,00070722,00002285,0001,P,515.00,EUR,
300,LH,0401,2011-10-14,00074086,00000376,0001,C,316.00,EUR,
300,AZ,0788,2011-09-27,00070815,00000019,0001,P,515.00,EUR,
300,UA,0941,2011-08-04,00044654,00004516,0001,C,373.00,USD,
300,LH,0401,2011-10-14,00074320,00003559,0001,C,316.00,EUR,
300,AZ,0788,2011-09-27,00070539,00003562,0001,P,515.00,EUR,
300,AZ,0788,2011-09-27,00070617,00002972,0001,P,515.00,EUR,
300,SQ,0002,2011-01-13,00009651,00004516,0001,C,986.00,SGD,
300,LH,0401,2011-10-14,00074145,00000085,0001,C,316.00,EUR,
300,AZ,0788,2011-09-27,00070824,00003100,0001,P,515.00,EUR,
300,UA,3504,2010-09-10,00059169,00004516,0001,C,373.00,USD,
300,LH,0401,2011-10-14,00074280,00002339,0001,C,316.00,EUR,
300,AZ,0788,2011-09-27,00070761,00001374,0001,P,515.00,EUR,
300,AZ,0788,2011-09-27,00070689,00001374,0001,P,515.00,EUR,
300,AA,0017,2010-09-08,00008710,00004516,0001,C,359.00,USD,
300,LH,0401,2011-10-14,00074301,00004534,0001,C,316.00,EUR,
300,AZ,0788,2011-09-27,00070812,00002053,0001,P,515.00,EUR,
300,AZ,0788,2011-09-27,00070731,00003329,0001,P,515.00,EUR,
300,QF,0005,2010-09-10,00009071,00004516,0001,C,335.00,AUD,
300,LH,0401,2011-10-14,00074293,00004021,0001,C,316.00,EUR,
300,AZ,0788,2011-09-27,00070863,00002025,0001,P,515.00,EUR,
300,AZ,0788,2011-09-27,00070785,00001667,0001,P,515.00,EUR,
300,DL,0106,2010-12-20,00015141,00004516,0001,C,259.00,USD,
300,LH,0401,2011-10-14,00074109,00001431,0001,C,316.00,EUR,
300,AZ,0788,2011-09-27,00070740,00003614,0001,P,515.00,EUR,
300,UA,0007,2011-02-05,00012713,00004516,0001,C,179.00,USD,
300,AZ,0788,2011-09-27,00070758,00002980,0001,P,515.00,EUR,
300,LH,0401,2011-10-14,00074058,00002812,0001,C,316.00,EUR,
300,AZ,0788,2011-09-27,00070659,00000459,0001,P,515.00,EUR,
300,AA,0026,2011-09-07,00060978,00004516,0001,C,259.00,USD,
300,LH,0401,2011-10-14,00074247,00000536,0001,C,316.00,EUR,
300,AZ,0788,2011-09-27,00070548,00001402,0001,P,515.00,EUR,
300,AZ,0788,2011-09-27,00070698,00003831,0001,P,515.00,EUR,
300,LH,0401,2011-10-14,00074287,00002720,0001,C,316.00,EUR,
300,AA,0017,2011-05-25,00025193,00004516,0001,C,179.00,USD,
300,AZ,0788,2011-09-27,00070638,00000603,0001,P,515.00,EUR,
300,LH,0401,2011-10-14,00074115,00004141,0001,C,316.00,EUR,
300,JL,0407,2011-10-07,00023674,00004516,0001,C,451.00,JPY,
300,AZ,0788,2011-09-27,00070734,00001880,0001,P,515.00,EUR,
300,AZ,0788,2011-09-27,00070644,00000872,0001,P,515.00,EUR,
300,LH,0401,2011-10-14,00074367,00004635,0001,C,316.00,EUR,
300,JL,0407,2011-09-16,00022668,00004516,0001,C,451.00,JPY,
300,JL,0407,2011-08-12,00021153,00004516,0001,C,451.00,JPY,
300,LH,0401,2011-10-14,00074226,00002022,0001,C,316.00,EUR,
300,JL,0407,2012-01-20,00026294,00004516,0001,C,451.00,JPY,
300,LH,0401,2011-10-14,00074170,00000954,0001,C,316.00,EUR,
300,LH,0401,2011-10-14,00074067,00002130,0001,C,316.00,EUR,
300,AA,0017,2011-06-15,00026391,00004516,0001,C,179.00,USD,
300,LH,0401,2011-10-14,00074380,00003924,0001,C,316.00,EUR,
300,QF,0005,2011-02-04,00018161,00004516,0001,C,335.00,AUD,
300,LH,0401,2011-10-14,00074172,00003908,0001,C,316.00,EUR,
300,SQ,0067,2010-05-17,00099913,00004516,0001,C,139.00,SGD,
300,LH,0401,2011-10-14,00074314,00002732,0001,C,316.00,EUR,
300,SQ,0066,2010-07-19,00065678,00004516,0001,C,279.00,SGD,
300,LH,0401,2011-10-14,00074199,00002724,0001,C,316.00,EUR,
300,SQ,0066,2011-05-16,00084440,00004516,0001,C,419.00,SGD,
300,LH,0401,2011-10-14,00074131,00004502,0001,C,316.00,EUR,
300,UA,3504,2011-09-28,00083713,00004516,0001,C,373.00,USD,
300,LH,0401,2011-10-14,00074167,00000360,0001,C,316.00,EUR,
300,UA,3516,2010-06-29,00093479,00004516,0001,C,259.00,USD,
300,LH,0401,2011-10-14,00074403,00001259,0001,C,316.00,EUR,
300,AA,0064,2011-06-24,00081364,00004516,0001,C,179.00,USD,
300,LH,0401,2011-10-14,00074154,00001283,0001,C,316.00,EUR,
300,DL,1984,2010-07-19,00080907,00004516,0001,C,179.00,USD,
300,LH,0401,2011-10-14,00074173,00000974,0001,C,316.00,EUR,
300,UA,3504,2011-04-08,00072308,00004516,0001,C,373.00,USD,
300,LH,0401,2011-10-14,00074209,00000934,0001,C,316.00,EUR,
300,DL,1699,2011-11-07,00072439,00004516,0001,C,179.00,USD,
300,LH,0401,2011-10-14,00074191,00001853,0001,C,316.00,EUR,
300,SQ,0066,2010-10-25,00071760,00004516,0001,C,279.00,SGD,
300,LH,0401,2011-10-14,00074160,00001761,0001,C,316.00,EUR,
300,AA,0017,2011-06-08,00026055,00004516,0001,C,179.00,USD,
300,LH,0401,2011-10-14,00074194,00003061,0001,C,316.00,EUR,
300,SQ,0015,2010-11-17,00035262,00004516,0001,C,986.00,SGD,
300,LH,0401,2011-10-14,00074121,00003784,0001,C,316.00,EUR,
300,JL,0408,2010-06-19,00029324,00004516,0001,C,451.00,JPY,
300,LH,0401,2011-10-14,00074368,00003683,0001,C,316.00,EUR,
300,SQ,0015,2010-11-03,00034232,00004516,0001,C,1972.00,SGD,
300,LH,0401,2011-10-14,00074052,00001415,0001,C,316.00,EUR,
300,JL,0408,2010-10-23,00033827,00004516,0001,C,451.00,JPY,
300,LH,0401,2011-10-14,00074134,00004113,0001,C,316.00,EUR,
300,AA,0017,2010-07-21,00005929,00004516,0001,C,179.00,USD,
300,LH,0401,2011-10-14,00074356,00004221,0001,C,316.00,EUR,
300,LH,0401,2011-10-14,00074044,00000914,0001,C,316.00,EUR,
300,UA,0007,2010-10-09,00007597,00004516,0001,C,179.00,USD,
300,LH,0401,2011-10-14,00074373,00001339,0001,C,316.00,EUR,
300,AA,0017,2010-08-18,00007588,00004516,0001,C,179.00,USD,
300,LH,0401,2011-10-14,00074068,00003077,0001,C,316.00,EUR,
300,AA,0017,2010-12-29,00015923,00004516,0001,C,179.00,USD,
300,LH,0401,2011-10-14,00074101,00004109,0001,C,316.00,EUR,
300,AA,0017,2010-10-20,00011615,00004516,0001,C,179.00,USD,
300,LH,0401,2011-10-14,00074119,00002451,0001,C,316.00,EUR,
300,JL,0407,2011-01-21,00012297,00004516,0001,C,451.00,JPY,
300,LH,0401,2011-10-14,00074260,00002254,0001,C,316.00,EUR,
300,DL,1699,2011-01-24,00054547,00004516,0001,C,179.00,USD,
300,LH,0401,2011-10-14,00074250,00002194,0001,C,316.00,EUR,
300,LH,0401,2011-10-14,00074362,00003527,0001,C,316.00,EUR,
300,LH,0401,2011-10-14,00074043,00001455,0001,C,316.00,EUR,
300,UA,3504,2010-06-18,00053698,00004516,0001,C,747.00,USD,
300,LH,0401,2011-06-17,00065915,00003065,0001,C,316.00,EUR,
300,DL,1699,2011-04-11,00059568,00004516,0001,C,179.00,USD,
300,LH,0401,2011-06-17,00065786,00001443,0001,C,316.00,EUR,
300,SQ,0015,2011-11-09,00057588,00004516,0001,C,986.00,SGD,
300,LH,0401,2011-06-17,00066128,00003800,0001,C,316.00,EUR,
300,QF,0006,2010-09-22,00044756,00004516,0001,C,335.00,AUD,
300,LH,0401,2011-06-17,00066026,00001893,0001,C,316.00,EUR,
300,SQ,0015,2011-04-27,00045088,00004516,0001,C,1972.00,SGD,
300,LH,0401,2011-06-17,00065891,00003832,0001,C,316.00,EUR,
300,LH,0401,2011-06-17,00066067,00000625,0001,C,316.00,EUR,
300,AA,0026,2010-09-29,00045821,00004516,0001,C,259.00,USD,
300,LH,0401,2011-06-17,00066053,00004619,0001,C,316.00,EUR,
300,UA,3504,2010-04-23,00050582,00004516,0001,C,373.00,USD,
300,LH,0401,2011-06-17,00066049,00000745,0001,C,316.00,EUR,
300,DL,1699,2010-11-29,00051092,00004516,0001,C,179.00,USD,
300,LH,0401,2011-06-17,00065951,00000476,0001,C,316.00,EUR,
300,DL,1699,2010-11-08,00049697,00004516,0001,C,179.00,USD,
300,LH,0401,2011-06-17,00065918,00003238,0001,C,316.00,EUR,
300,LH,0401,2011-06-17,00065941,00002017,0001,C,316.00,EUR,
300,SQ,0067,2011-02-28,00117706,00004516,0001,C,139.00,SGD,
300,DL,1984,2011-10-17,00109282,00004516,0001,C,179.00,USD,
300,LH,0401,2011-06-17,00066040,00003948,0001,C,316.00,EUR,
300,LH,0401,2011-06-17,00066070,00002471,0001,C,316.00,EUR,
300,UA,3516,2011-06-14,00115519,00004516,0001,C,259.00,USD,
300,LH,0401,2011-06-17,00065909,00002608,0001,C,316.00,EUR,
300,UA,3517,2011-05-16,00152425,00004516,0001,C,259.00,USD,
300,LH,0401,2011-06-17,00065864,00001749,0001,C,316.00,EUR,
300,UA,3517,2011-05-16,00152458,00004516,0001,C,259.00,USD,
300,LH,0401,2011-06-17,00065769,00003687,0001,C,316.00,EUR,
300,UA,3517,2011-07-18,00156479,00004516,0001,C,259.00,USD,
300,LH,0401,2011-06-17,00066088,00003029,0001,C,316.00,EUR,
300,SQ,0114,2011-05-16,00143817,00004516,0001,C,455.00,SGD,
300,LH,0401,2011-06-17,00065910,00001078,0001,C,316.00,EUR,
300,SQ,0114,2010-05-03,00136046,00004516,0001,C,151.00,SGD,
300,LH,0401,2011-06-17,00065844,00002901,0001,C,316.00,EUR,
300,SQ,0066,2011-04-04,00082098,00004516,0001,C,139.00,SGD,
300,LH,0401,2011-06-17,00065981,00001303,0001,C,316.00,EUR,
300,DL,1984,2010-08-09,00082149,00004516,0001,C,179.00,USD,
300,LH,0401,2011-06-17,00065947,00001616,0001,C,316.00,EUR,
300,UA,3516,2010-04-27,00089599,00004516,0001,C,259.00,USD,
300,LH,0401,2011-06-17,00066119,00003479,0001,C,316.00,EUR,
300,SQ,0066,2011-08-29,00091028,00004516,0001,C,139.00,SGD,
300,LH,0401,2011-06-17,00065780,00003820,0001,C,316.00,EUR,
300,SQ,0066,2011-06-06,00086041,00004516,0001,C,139.00,SGD,
300,LH,0401,2011-06-17,00065841,00000213,0001,C,316.00,EUR,
300,DL,1984,2010-11-15,00088316,00004516,0001,C,179.00,USD,
300,LH,0401,2011-06-17,00065840,00000213,0001,C,316.00,EUR,
300,AA,0026,2010-06-30,00042001,00004516,0001,C,259.00,USD,
300,LH,0401,2011-06-17,00066122,00001576,0001,C,316.00,EUR,
300,DL,1984,2011-06-06,00100749,00004516,0001,C,359.00,USD,
300,LH,0401,2011-06-17,00065822,00001736,0001,C,316.00,EUR,
300,SQ,0066,2011-10-03,00093502,00004516,0001,C,139.00,SGD,
300,LH,0401,2011-06-17,00066118,00002632,0001,C,316.00,EUR,
300,UA,3516,2010-08-03,00095521,00004516,0001,C,519.00,USD,
300,LH,0401,2011-06-17,00065963,00002571,0001,C,316.00,EUR,
300,DL,1984,2011-04-04,00097086,00004516,0001,C,179.00,USD,
300,LH,0401,2011-06-17,00065906,00001897,0001,C,316.00,EUR,
300,DL,1984,2011-05-16,00099631,00004516,0001,C,179.00,USD,
300,LH,0401,2011-06-17,00065867,00003980,0001,C,316.00,EUR,
300,SQ,0866,2010-07-15,00307025,00004516,0001,C,218.00,SGD,
300,LH,0401,2011-06-17,00065983,00003993,0001,C,316.00,EUR,
300,SQ,0866,2010-11-11,00314203,00004516,0001,C,218.00,SGD,
300,LH,0401,2011-06-17,00065956,00004583,0001,C,316.00,EUR,
300,SQ,0866,2010-11-25,00315026,00004516,0001,C,654.00,SGD,
300,LH,0401,2011-06-17,00066109,00003013,0001,C,316.00,EUR,
300,SQ,0866,2010-08-12,00308816,00004516,0001,C,218.00,SGD,
300,LH,0401,2011-06-17,00065885,00001102,0001,C,316.00,EUR,
300,SQ,0866,2010-10-28,00313549,00004516,0001,C,218.00,SGD,
300,LH,0401,2011-06-17,00065959,00002126,0001,C,316.00,EUR,
300,SQ,0866,2010-07-22,00307176,00004516,0001,C,436.00,SGD,
300,LH,0401,2011-06-17,00066043,00003105,0001,C,316.00,EUR,
300,SQ,0326,2010-12-24,00263476,00004516,0001,C,738.00,SGD,
300,LH,0401,2011-06-17,00065966,00000797,0001,C,316.00,EUR,
300,LH,0401,2011-06-17,00065771,00002118,0001,C,316.00,EUR,
300,SQ,0866,2010-07-29,00307751,00004516,0001,C,218.00,SGD,
300,LH,0401,2011-06-17,00066046,00003435,0001,C,316.00,EUR,
300,SQ,0866,2011-08-11,00331200,00004516,0001,C,218.00,SGD,
300,SQ,0866,2011-06-23,00328272,00004516,0001,C,218.00,SGD,
300,LH,0401,2011-06-17,00065805,00003760,0001,C,316.00,EUR,
300,SQ,0866,2011-07-14,00329702,00004516,0001,C,218.00,SGD,
300,LH,0401,2011-06-17,00065868,00002893,0001,C,316.00,EUR,
300,LH,0401,2011-06-17,00065828,00004093,0001,C,316.00,EUR,
300,SQ,0866,2011-11-10,00337098,00004516,0001,C,218.00,SGD,
300,LH,0401,2011-06-17,00065793,00001708,0001,C,316.00,EUR,
300,SQ,0326,2011-04-08,00268250,00004516,0001,C,738.00,SGD,
300,LH,0401,2011-06-17,00065814,00001034,0001,C,316.00,EUR,
300,SQ,0863,2010-09-22,00285196,00004516,0001,C,218.00,SGD,
300,LH,0401,2011-06-17,00065760,00000031,0001,C,316.00,EUR,
300,SQ,0326,2011-09-16,00275406,00004516,0001,C,738.00,SGD,
300,LH,0401,2011-06-17,00066097,00001030,0001,C,316.00,EUR,
300,SQ,0863,2011-10-05,00298618,00004516,0001,C,218.00,SGD,
300,LH,0401,2011-06-17,00065939,00001038,0001,C,316.00,EUR,
300,SQ,0863,2011-03-09,00291040,00004516,0001,C,436.00,SGD,
300,LH,0401,2011-06-17,00065904,00003872,0001,C,316.00,EUR,
300,SQ,0863,2011-02-16,00290419,00004516,0001,C,218.00,SGD,
300,LH,0401,2011-06-17,00065763,00003386,0001,C,316.00,EUR,
300,SQ,0997,2010-09-24,00387681,00004516,0001,C,386.00,SGD,
300,LH,0401,2011-06-17,00065774,00003133,0001,C,316.00,EUR,
300,SQ,0997,2011-01-07,00394481,00004516,0001,C,386.00,SGD,
300,LH,0401,2011-06-17,00065802,00003133,0001,C,316.00,EUR,
300,SQ,0997,2011-08-12,00407843,00004516,0001,C,386.00,SGD,
300,LH,0401,2011-06-17,00066017,00003222,0001,C,316.00,EUR,
300,SQ,0997,2011-12-23,00414454,00004516,0001,C,386.00,SGD,
300,LH,0401,2011-06-17,00066068,00001500,0001,C,316.00,EUR,
300,SQ,0997,2011-03-25,00399212,00004516,0001,C,386.00,SGD,
300,LH,0401,2011-06-17,00065927,00001484,0001,C,316.00,EUR,
300,SQ,0997,2011-07-01,00405119,00004516,0001,C,386.00,SGD,
300,LH,0401,2011-06-17,00065901,00001732,0001,C,316.00,EUR,
300,SQ,0997,2011-06-03,00403570,00004516,0001,C,386.00,SGD,
300,LH,0401,2011-06-17,00065907,00002238,0001,C,316.00,EUR,
300,SQ,0988,2010-11-18,00352320,00004516,0001,C,386.00,SGD,
300,LH,0401,2011-06-17,00066124,00002110,0001,C,316.00,EUR,
300,SQ,0988,2010-11-04,00351796,00004516,0001,C,386.00,SGD,
300,LH,0401,2011-06-17,00065880,00004221,0001,C,316.00,EUR,
300,SQ,0988,2010-09-23,00348856,00004516,0001,C,386.00,SGD,
300,LH,0401,2011-06-17,00065933,00004073,0001,C,316.00,EUR,
300,SQ,0988,2010-09-30,00349311,00004516,0001,C,386.00,SGD,
300,SQ,0988,2010-08-12,00346562,00004516,0001,C,386.00,SGD,
300,LH,0401,2011-06-17,00066005,00001074,0001,C,316.00,EUR,
300,SQ,0988,2010-06-24,00343496,00004516,0001,C,386.00,SGD,
300,LH,0401,2011-06-17,00065796,00002315,0001,C,316.00,EUR,
300,LH,0401,2011-06-17,00066074,00000781,0001,C,316.00,EUR,
300,SQ,0988,2011-11-17,00375326,00004516,0001,C,386.00,SGD,
300,LH,0401,2011-06-17,00066091,00000721,0001,C,316.00,EUR,
300,SQ,0988,2011-06-23,00366103,00004516,0001,C,386.00,SGD,
300,LH,0401,2011-06-17,00065879,00004334,0001,C,316.00,EUR,
300,SQ,0988,2011-05-05,00363098,00004516,0001,C,386.00,SGD,
300,LH,0401,2011-06-17,00066092,00004575,0001,C,316.00,EUR,
300,SQ,0988,2011-06-02,00364579,00004516,0001,C,386.00,SGD,
300,LH,0401,2011-06-17,00066137,00001536,0001,C,316.00,EUR,
300,UA,3517,2011-06-13,00154102,00004516,0001,C,259.00,USD,
300,LH,0401,2011-06-17,00066077,00000524,0001,C,316.00,EUR,
300,SQ,0117,2011-05-16,00162173,00004516,0001,C,151.00,SGD,
300,LH,0401,2011-06-17,00065859,00000749,0001,C,316.00,EUR,
300,SQ,0117,2010-05-03,00148801,00004516,0001,C,151.00,SGD,
300,LH,0401,2010-10-29,00051615,00002620,0001,C,316.00,EUR,
300,UA,3517,2011-01-31,00146042,00004516,0001,C,259.00,USD,
300,LH,0401,2010-10-29,00051457,00003053,0001,C,316.00,EUR,
300,UA,3517,2012-02-27,00166213,00004516,0001,C,259.00,USD,
300,LH,0401,2010-10-29,00051640,00002676,0001,C,316.00,EUR,
300,UA,3516,2011-08-30,00120515,00004516,0001,C,259.00,USD,
300,LH,0401,2010-10-29,00051537,00001997,0001,C,316.00,EUR,
300,UA,3516,2011-09-13,00121474,00004516,0001,C,259.00,USD,
300,LH,0401,2010-10-29,00051610,00000725,0001,C,316.00,EUR,
300,UA,3516,2011-04-12,00111312,00004516,0001,C,259.00,USD,
300,LH,0401,2010-10-29,00051528,00004354,0001,C,316.00,EUR,
300,UA,3516,2011-01-04,00105477,00004516,0001,C,259.00,USD,
300,LH,0401,2010-10-29,00051651,00003740,0001,C,316.00,EUR,
300,UA,3516,2011-05-17,00113521,00004516,0001,C,259.00,USD,
300,LH,0401,2010-10-29,00051688,00003045,0001,C,316.00,EUR,
300,UA,3517,2010-08-09,00135198,00004516,0001,C,259.00,USD,
300,LH,0401,2010-10-29,00051552,00002467,0001,C,316.00,EUR,
300,SQ,0114,2010-11-29,00140337,00004516,0001,C,455.00,SGD,
300,LH,0401,2010-10-29,00051433,00001239,0001,C,316.00,EUR,
300,SQ,0114,2010-11-15,00140074,00004516,0001,C,151.00,SGD,
300,LH,0401,2010-10-29,00051507,00001861,0001,C,316.00,EUR,
300,LH,0401,2010-10-29,00051670,00003226,0001,C,316.00,EUR,
300,SQ,0325,2011-02-16,00233127,00004516,0001,C,738.00,SGD,
300,LH,0401,2010-10-29,00051574,00002495,0001,C,316.00,EUR,
300,SQ,0325,2011-04-27,00237244,00004516,0001,C,738.00,SGD,
300,LH,0401,2010-10-29,00051679,00001066,0001,C,316.00,EUR,
300,SQ,0325,2010-10-06,00224855,00004516,0001,C,738.00,SGD,
300,LH,0401,2010-10-29,00051310,00001066,0001,C,316.00,EUR,
300,SQ,0325,2010-11-17,00227522,00004516,0001,C,738.00,SGD,
300,LH,0401,2010-10-29,00051373,00000151,0001,C,316.00,EUR,
300,SQ,0325,2010-11-24,00227750,00004516,0001,C,738.00,SGD,
300,LH,0401,2010-10-29,00051478,00001078,0001,C,316.00,EUR,
300,SQ,0325,2010-12-01,00228182,00004516,0001,C,738.00,SGD,
300,LH,0401,2010-10-29,00051630,00000922,0001,C,316.00,EUR,
300,SQ,0326,2010-07-02,00255918,00004516,0001,C,738.00,SGD,
300,LH,0401,2010-10-29,00051589,00003972,0001,C,316.00,EUR,
300,SQ,0326,2010-08-20,00258116,00004516,0001,C,738.00,SGD,
300,LH,0401,2010-10-29,00051636,00001668,0001,C,316.00,EUR,
300,SQ,0161,2011-01-18,00201807,00004516,0001,C,420.00,SGD,
300,LH,0401,2010-10-29,00051601,00001191,0001,C,316.00,EUR,
300,SQ,0158,2011-08-09,00187352,00004516,0001,C,210.00,SGD,
300,LH,0401,2010-10-29,00051325,00001187,0001,C,316.00,EUR,
300,SQ,0325,2010-05-12,00215488,00004516,0001,C,2215.00,SGD,
300,LH,0401,2010-10-29,00051625,00003270,0001,C,316.00,EUR,
300,SQ,0325,2010-08-04,00221010,00004516,0001,C,738.00,SGD,
300,LH,0401,2010-10-29,00051649,00003262,0001,C,316.00,EUR,
300,SQ,0161,2011-04-05,00204712,00004516,0001,C,210.00,SGD,
300,LH,0401,2010-10-29,00051395,00001431,0001,C,316.00,EUR,
300,UA,0007,2011-04-02,00015389,00004515,0001,C,190.00,USD,
300,LH,0401,2010-10-29,00051335,00000520,0001,C,316.00,EUR,
300,UA,0941,2010-10-07,00033913,00004515,0001,C,395.00,USD,
300,LH,0401,2010-10-29,00051657,00000536,0001,C,316.00,EUR,
300,SQ,0015,2011-01-05,00038410,00004515,0001,C,1044.00,SGD,
300,LH,0401,2010-10-29,00051380,00002463,0001,C,316.00,EUR,
300,QF,0005,2011-05-06,00023832,00004515,0001,C,354.00,AUD,
300,LH,0401,2010-10-29,00051622,00002178,0001,C,316.00,EUR,
300,SQ,0015,2010-05-12,00023389,00004515,0001,C,1044.00,SGD,
300,LH,0401,2010-10-29,00051462,00002431,0001,C,316.00,EUR,
300,DL,0106,2011-06-06,00025445,00004515,0001,C,274.00,USD,
300,LH,0401,2010-10-29,00051667,00002274,0001,C,316.00,EUR,
300,UA,0007,2011-07-09,00019527,00004515,0001,C,190.00,USD,
300,LH,0401,2010-10-29,00051314,00002636,0001,C,316.00,EUR,
300,DL,0106,2011-02-14,00018533,00004515,0001,C,274.00,USD,
300,LH,0401,2010-10-29,00051607,00004157,0001,C,316.00,EUR,
300,QF,0005,2011-09-16,00031814,00004515,0001,C,354.00,AUD,
300,LH,0401,2010-10-29,00051364,00000246,0001,C,316.00,EUR,
300,DL,1699,2010-08-16,00044554,00004515,0001,C,190.00,USD,
300,LH,0401,2010-10-29,00051642,00003013,0001,C,316.00,EUR,
300,QF,0005,2010-06-18,00003578,00004515,0001,C,354.00,AUD,
300,LH,0401,2010-10-29,00051559,00002154,0001,C,316.00,EUR,
300,JL,0407,2010-09-24,00006954,00004515,0001,C,477.00,JPY,
300,LH,0401,2010-10-29,00051346,00000685,0001,C,316.00,EUR,
300,DL,1699,2010-10-25,00048993,00004515,0001,C,190.00,USD,
300,AA,0026,2011-03-09,00053072,00004515,0001,C,274.00,USD,
300,LH,0401,2010-10-29,00051377,00001179,0001,C,316.00,EUR,
300,SQ,0015,2011-05-18,00046541,00004515,0001,C,1044.00,SGD,
300,LH,0401,2010-10-29,00051511,00003129,0001,C,316.00,EUR,
300,UA,3504,2010-06-18,00053820,00004515,0001,C,395.00,USD,
300,LH,0401,2010-10-29,00051508,00002114,0001,C,316.00,EUR,
300,SQ,0015,2010-08-04,00028828,00004515,0001,C,1044.00,SGD,
300,LH,0401,2010-10-29,00051358,00003511,0001,C,316.00,EUR,
300,DL,0106,2011-08-01,00028807,00004515,0001,C,824.00,USD,
300,LH,0401,2010-10-29,00051400,00003503,0001,C,316.00,EUR,
300,SQ,0015,2011-04-20,00045068,00004515,0001,C,1044.00,SGD,
300,LH,0401,2010-10-29,00051523,00002286,0001,C,316.00,EUR,
300,DL,1699,2010-05-03,00038171,00004515,0001,C,190.00,USD,
300,LH,0401,2010-10-29,00051481,00002732,0001,C,316.00,EUR,
300,AA,0026,2010-08-25,00044391,00004515,0001,C,274.00,USD,
300,LH,0401,2010-10-29,00051517,00002724,0001,C,316.00,EUR,
300,UA,3504,2010-11-19,00063383,00004515,0001,C,395.00,USD,
300,LH,0401,2010-10-29,00051534,00004093,0001,C,316.00,EUR,
300,AA,0017,2010-08-18,00007648,00004515,0001,C,190.00,USD,
300,LH,0401,2010-10-29,00051465,00002840,0001,C,316.00,EUR,
300,AA,0017,2010-09-15,00009424,00004515,0001,C,190.00,USD,
300,LH,0401,2010-10-29,00051484,00000974,0001,C,316.00,EUR,
300,DL,0106,2010-09-06,00008680,00004515,0001,C,274.00,USD,
300,JL,0407,2011-01-21,00012117,00004515,0001,C,477.00,JPY,
300,LH,0401,2010-10-29,00051483,00000344,0001,C,316.00,EUR,
300,AZ,0788,2011-09-27,00070593,00003775,0001,P,515.00,EUR,
300,LH,0401,2010-10-29,00051609,00003061,0001,C,316.00,EUR,
300,UA,3504,2010-11-26,00063757,00004515,0001,C,395.00,USD,
300,AZ,0788,2011-09-27,00070581,00002787,0001,P,515.00,EUR,
300,LH,0401,2010-10-29,00051564,00004065,0001,C,316.00,EUR,
300,QF,0005,2010-11-12,00012837,00004515,0001,C,354.00,AUD,
300,AZ,0788,2011-09-27,00070755,00000672,0001,P,515.00,EUR,
300,AZ,0788,2011-09-27,00070854,00004289,0001,P,515.00,EUR,
300,LH,0401,2010-10-29,00051394,00003370,0001,C,316.00,EUR,
300,AZ,0788,2011-09-27,00070857,00000265,0001,P,515.00,EUR,
300,QF,0005,2010-08-06,00006630,00004515,0001,C,354.00,AUD,
300,LH,0401,2010-10-29,00051619,00000572,0001,C,316.00,EUR,
300,AZ,0788,2011-09-27,00070869,00001884,0001,P,515.00,EUR,
300,AA,0017,2010-06-23,00004267,00004515,0001,C,190.00,USD,
300,AZ,0788,2011-09-27,00070683,00000712,0001,P,515.00,EUR,
300,LH,0401,2010-10-29,00051431,00000225,0001,C,316.00,EUR,
300,AZ,0788,2011-09-27,00070686,00004164,0001,P,515.00,EUR,
300,SQ,0015,2012-04-04,00060319,00004515,0001,C,2088.00,SGD,
300,AZ,0788,2011-09-27,00070530,00002751,0001,P,515.00,EUR,
300,LH,0401,2010-10-29,00051475,00002375,0001,C,316.00,EUR,
300,AZ,0788,2010-10-19,00049369,00002073,0001,P,515.00,EUR,
300,AA,0026,2011-12-07,00064663,00004515,0001,C,274.00,USD,
300,LH,0401,2010-10-29,00051562,00001540,0001,C,316.00,EUR,
300,AZ,0788,2010-10-19,00049246,00000423,0001,P,515.00,EUR,
300,AZ,0788,2010-10-19,00049536,00003413,0001,P,515.00,EUR,
300,JL,0407,2011-11-11,00025291,00004515,0001,C,477.00,JPY,
300,LH,0401,2010-10-29,00051682,00002246,0001,C,316.00,EUR,
300,AZ,0788,2010-10-19,00049542,00003855,0001,P,515.00,EUR,
300,LH,0401,2010-10-29,00051684,00001299,0001,C,316.00,EUR,
300,JL,0407,2011-07-08,00019635,00004515,0001,C,477.00,JPY,
300,AZ,0788,2010-10-19,00049453,00003482,0001,P,515.00,EUR,
300,AZ,0788,2010-10-19,00049315,00004204,0001,P,515.00,EUR,
300,LH,0401,2010-10-29,00051621,00001933,0001,C,316.00,EUR,
300,SQ,0015,2011-10-05,00055400,00004515,0001,C,1044.00,SGD,
300,AZ,0788,2010-10-19,00049417,00001735,0001,P,515.00,EUR,
300,LH,0401,2010-10-29,00051529,00001243,0001,C,316.00,EUR,
300,AZ,0788,2010-10-19,00049518,00000086,0001,P,515.00,EUR,
300,QF,0005,2011-04-29,00023424,00004515,0001,C,354.00,AUD,
300,AZ,0788,2010-10-19,00049494,00002109,0001,P,515.00,EUR,
300,LH,0401,2010-10-29,00051359,00002640,0001,C,316.00,EUR,
300,AZ,0788,2010-10-19,00049488,00004184,0001,P,515.00,EUR,
300,QF,0005,2010-12-31,00016029,00004515,0001,C,354.00,AUD,
300,AZ,0788,2010-10-19,00049339,00000033,0001,P,515.00,EUR,
300,LH,0401,2010-10-29,00051663,00003679,0001,C,316.00,EUR,
300,AZ,0788,2010-10-19,00049548,00002482,0001,P,515.00,EUR,
300,SQ,0015,2011-11-02,00056942,00004515,0001,C,1044.00,SGD,
300,AZ,0788,2010-10-19,00049533,00001491,0001,P,515.00,EUR,
300,LH,0401,2010-10-29,00051487,00002110,0001,C,316.00,EUR,
300,AZ,0788,2010-10-19,00049231,00001788,0001,P,515.00,EUR,
300,AA,0026,2012-03-07,00065755,00004515,0001,C,549.00,USD,
300,LH,0401,2010-10-29,00051567,00001427,0001,C,316.00,EUR,
300,AZ,0788,2010-10-19,00049363,00003028,0001,P,515.00,EUR,
300,AZ,0788,2010-10-19,00049387,00001627,0001,P,515.00,EUR,
300,UA,3504,2010-12-17,00065416,00004515,0001,C,395.00,USD,
300,LH,0401,2010-10-29,00051681,00004386,0001,C,316.00,EUR,
300,AZ,0788,2010-10-19,00049477,00001222,0001,P,515.00,EUR,
300,DL,1984,2011-05-02,00098826,00004515,0001,C,190.00,USD,
300,LH,0401,2010-10-29,00051409,00002311,0001,C,316.00,EUR,
300,AZ,0788,2010-10-19,00049414,00002382,0001,P,515.00,EUR,
300,AZ,0788,2010-10-19,00049554,00001426,0001,P,515.00,EUR,
300,LH,0401,2010-10-29,00051628,00001347,0001,C,316.00,EUR,
300,UA,3516,2010-06-01,00091874,00004515,0001,C,274.00,USD,
300,AZ,0788,2010-10-19,00049479,00001033,0001,P,515.00,EUR,
300,AZ,0788,2010-10-19,00049399,00002016,0001,P,515.00,EUR,
300,UA,3504,2010-11-12,00063204,00004515,0001,C,395.00,USD,
300,AZ,0788,2010-10-19,00049264,00000603,0001,P,515.00,EUR,
300,AZ,0788,2010-10-19,00049240,00001410,0001,P,515.00,EUR,
300,UA,3504,2011-01-07,00066608,00004515,0001,C,395.00,USD,
300,AZ,0788,2010-10-19,00049459,00002526,0001,P,515.00,EUR,
300,AZ,0788,2010-10-19,00049303,00004369,0001,P,515.00,EUR,
300,SQ,0066,2011-05-16,00084672,00004515,0001,C,148.00,SGD,
300,AZ,0788,2010-10-19,00049444,00000128,0001,P,515.00,EUR,
300,UA,3504,2011-07-01,00077219,00004515,0001,C,791.00,USD,
300,AZ,0788,2010-10-19,00049216,00003963,0001,P,515.00,EUR,
300,AZ,0788,2010-10-19,00049482,00002370,0001,P,515.00,EUR,
300,UA,3504,2011-06-24,00077136,00004515,0001,C,395.00,USD,
300,AZ,0788,2010-10-19,00049276,00003887,0001,P,515.00,EUR,
300,UA,3504,2011-09-28,00083635,00004515,0001,C,395.00,USD,
300,AZ,0788,2010-10-19,00049336,00003257,0001,P,515.00,EUR,
300,AZ,0788,2011-06-14,00064165,00001727,0001,P,515.00,EUR,
300,AA,0064,2010-07-30,00069674,00004515,0001,C,190.00,USD,
300,AZ,0788,2011-06-14,00064207,00001727,0001,P,515.00,EUR,
300,SQ,0066,2010-12-13,00075058,00004515,0001,C,148.00,SGD,
300,AZ,0788,2011-06-14,00064036,00004449,0001,P,515.00,EUR,
300,AZ,0788,2011-06-14,00064003,00000037,0001,P,515.00,EUR,
300,AA,0064,2011-01-21,00076030,00004515,0001,C,190.00,USD,
300,AZ,0788,2011-06-14,00064144,00002699,0001,P,515.00,EUR,
300,SQ,0066,2010-11-08,00072745,00004515,0001,C,148.00,SGD,
300,AZ,0788,2011-06-14,00064090,00001735,0001,P,515.00,EUR,
300,AZ,0788,2011-06-14,00064318,00002591,0001,P,515.00,EUR,
300,DL,1699,2011-12-19,00074233,00004515,0001,C,190.00,USD,
300,AZ,0788,2011-06-14,00064078,00002643,0001,P,515.00,EUR,
300,UA,3504,2011-04-29,00073706,00004515,0001,C,395.00,USD,
300,AZ,0788,2011-06-14,00064210,00000499,0001,P,515.00,EUR,
300,UA,3504,2011-05-06,00073838,00004515,0001,C,395.00,USD,
300,AZ,0788,2011-06-14,00064312,00001828,0001,P,515.00,EUR,
300,AZ,0788,2011-06-14,00064354,00001984,0001,P,515.00,EUR,
300,SQ,0015,2010-06-23,00026022,00004515,0001,C,1044.00,SGD,
300,AZ,0788,2011-06-14,00064177,00003028,0001,P,515.00,EUR,
300,QF,0005,2011-07-01,00027244,00004515,0001,C,354.00,AUD,
300,AZ,0788,2011-06-14,00064000,00004570,0001,P,515.00,EUR,
300,AZ,0788,2011-06-14,00064129,00000535,0001,P,515.00,EUR,
300,JL,0407,2011-08-19,00021420,00004515,0001,C,477.00,JPY,
300,AZ,0788,2011-06-14,00064030,00004517,0001,P,515.00,EUR,
300,AZ,0788,2011-06-14,00064111,00002422,0001,P,515.00,EUR,
300,UA,0007,2011-08-20,00021519,00004515,0001,C,190.00,USD,
300,AZ,0788,2011-06-14,00064315,00004373,0001,P,515.00,EUR,
300,AZ,0788,2011-06-14,00064048,00000921,0001,P,515.00,EUR,
300,SQ,0015,2010-05-19,00023774,00004515,0001,C,3132.00,SGD,
300,AZ,0788,2011-06-14,00064276,00001057,0001,P,515.00,EUR,
300,AZ,0788,2011-06-14,00064201,00003674,0001,P,515.00,EUR,
300,UA,0941,2010-09-30,00033600,00004515,0001,C,395.00,USD,
300,AZ,0788,2011-06-14,00064024,00004558,0001,P,515.00,EUR,
300,AZ,0788,2011-06-14,00064120,00004064,0001,P,515.00,EUR,
300,UA,0007,2010-10-30,00008561,00004515,0001,C,190.00,USD,
300,AZ,0788,2011-06-14,00064114,00002872,0001,P,515.00,EUR,
300,UA,0007,2010-10-16,00007827,00004515,0001,C,190.00,USD,
300,AZ,0788,2011-06-14,00064009,00001836,0001,P,515.00,EUR,
300,AZ,0788,2011-06-14,00064135,00001904,0001,P,515.00,EUR,
300,AZ,0788,2011-06-14,00064357,00001956,0001,P,515.00,EUR,
300,UA,0007,2011-04-30,00016357,00004515,0001,C,570.00,USD,
300,AZ,0788,2011-06-14,00064093,00001410,0001,P,515.00,EUR,
300,AZ,0788,2011-06-14,00064291,00000391,0001,P,515.00,EUR,
300,SQ,0066,2011-08-15,00090284,00004515,0001,C,148.00,SGD,
300,AZ,0788,2011-06-14,00064108,00004562,0001,P,515.00,EUR,
300,AZ,0788,2011-06-14,00064351,00004164,0001,P,515.00,EUR,
300,JL,0407,2011-02-25,00013815,00004515,0001,C,477.00,JPY,
300,AZ,0788,2010-12-07,00052252,00001438,0001,P,515.00,EUR,
300,AZ,0788,2010-12-07,00052282,00000676,0001,P,515.00,EUR,
300,UA,3504,2010-06-25,00054183,00004515,0001,C,395.00,USD,
300,AZ,0788,2010-12-07,00052294,00002261,0001,P,515.00,EUR,
300,AZ,0788,2010-12-07,00052363,00001752,0001,P,515.00,EUR,
300,SQ,0015,2011-09-28,00054738,00004515,0001,C,3132.00,SGD,
300,AZ,0788,2010-12-07,00052408,00001318,0001,P,515.00,EUR,
300,AZ,0788,2010-12-07,00052270,00000008,0001,P,515.00,EUR,
300,AA,0026,2011-09-21,00061795,00004515,0001,C,274.00,USD,
300,AZ,0788,2010-12-07,00052396,00002105,0001,P,515.00,EUR,
300,AZ,0788,2010-12-07,00052450,00002310,0001,P,515.00,EUR,
300,UA,3516,2011-01-25,00106470,00004515,0001,C,824.00,USD,
300,AZ,0788,2010-12-07,00052420,00003646,0001,P,515.00,EUR,
300,AZ,0788,2010-12-07,00052503,00001029,0001,P,515.00,EUR,
300,SQ,0067,2011-02-14,00116946,00004515,0001,C,148.00,SGD,
300,AZ,0788,2010-12-07,00052566,00001559,0001,P,515.00,EUR,
300,AZ,0788,2010-12-07,00052243,00001178,0001,P,515.00,EUR,
300,SQ,0067,2011-04-25,00121100,00004515,0001,C,296.00,SGD,
300,AZ,0788,2010-12-07,00052276,00001230,0001,P,515.00,EUR,
300,DL,1984,2011-09-05,00106752,00004515,0001,C,190.00,USD,
300,AZ,0788,2010-12-07,00052593,00002980,0001,P,515.00,EUR,
300,AZ,0788,2010-12-07,00052384,00004148,0001,P,515.00,EUR,
300,AZ,0788,2010-12-07,00052402,00002354,0001,P,515.00,EUR,
300,SQ,0067,2010-09-27,00108463,00004515,0001,C,148.00,SGD,
300,AZ,0788,2010-12-07,00052357,00004104,0001,P,515.00,EUR,
300,SQ,0067,2010-10-25,00110085,00004515,0001,C,148.00,SGD,
300,AZ,0788,2010-12-07,00052551,00004124,0001,P,515.00,EUR,
300,AZ,0788,2010-12-07,00052477,00001507,0001,P,515.00,EUR,
300,UA,3517,2011-03-07,00148160,00004515,0001,C,274.00,USD,
300,AZ,0788,2010-12-07,00052560,00001499,0001,P,515.00,EUR,
300,UA,3517,2010-05-24,00130317,00004515,0001,C,274.00,USD,
300,AZ,0788,2010-12-07,00052471,00002374,0001,P,515.00,EUR,
300,AZ,0788,2010-12-07,00052312,00001719,0001,P,515.00,EUR,
300,SQ,0067,2011-09-19,00130624,00004515,0001,C,148.00,SGD,
300,AZ,0788,2010-12-07,00052438,00003642,0001,P,515.00,EUR,
300,AZ,0788,2010-12-07,00052309,00000668,0001,P,515.00,EUR,
300,SQ,0114,2010-11-01,00139856,00004515,0001,C,160.00,SGD,
300,AZ,0788,2010-12-07,00052318,00000387,0001,P,515.00,EUR,
300,AZ,0788,2010-12-07,00052572,00001077,0001,P,515.00,EUR,
300,SQ,0066,2011-03-07,00080185,00004515,0001,C,148.00,SGD,
300,AZ,0788,2010-12-07,00052339,00000210,0001,P,515.00,EUR,
300,AZ,0788,2010-12-07,00052426,00001085,0001,P,515.00,EUR,
300,SQ,0066,2010-12-13,00075101,00004515,0001,C,148.00,SGD,
300,AZ,0788,2010-12-07,00052369,00001519,0001,P,515.00,EUR,
300,AZ,0788,2010-12-07,00052288,00004541,0001,P,515.00,EUR,
300,SQ,0066,2011-07-25,00088879,00004515,0001,C,148.00,SGD,
300,AZ,0788,2010-11-02,00050081,00001430,0001,P,515.00,EUR,
300,AZ,0788,2010-11-02,00050234,00003598,0001,P,515.00,EUR,
300,UA,0007,2010-06-05,00001950,00004515,0001,C,190.00,USD,
300,AZ,0788,2010-11-02,00050327,00004413,0001,P,515.00,EUR,
300,AZ,0788,2010-11-02,00050276,00003791,0001,P,515.00,EUR,
300,AA,0017,2011-11-02,00034950,00004515,0001,C,190.00,USD,
300,AZ,0788,2010-11-02,00050393,00002615,0001,P,515.00,EUR,
300,AZ,0788,2010-11-02,00050150,00002322,0001,P,515.00,EUR,
300,SQ,0066,2011-11-07,00095670,00004515,0001,C,148.00,SGD,
300,AZ,0788,2010-11-02,00050297,00000064,0001,P,515.00,EUR,
300,UA,3516,2010-11-16,00102198,00004515,0001,C,274.00,USD,
300,AZ,0788,2010-11-02,00050096,00000025,0001,P,515.00,EUR,
300,AZ,0788,2010-11-02,00050195,00002193,0001,P,515.00,EUR,
300,DL,1984,2011-06-20,00101725,00004515,0001,C,190.00,USD,
300,AZ,0788,2010-11-02,00050159,00002053,0001,P,515.00,EUR,
300,SQ,0067,2010-06-14,00101640,00004515,0001,C,148.00,SGD,
300,AZ,0788,2010-11-02,00050339,00001756,0001,P,515.00,EUR,
300,AZ,0788,2010-11-02,00050114,00001756,0001,P,515.00,EUR,
300,SQ,0066,2012-02-20,00098118,00004515,0001,C,148.00,SGD,
300,AZ,0788,2010-11-02,00050267,00000744,0001,P,515.00,EUR,
300,DL,1984,2011-01-24,00092622,00004515,0001,C,190.00,USD,
300,AZ,0788,2010-11-02,00050132,00004120,0001,P,515.00,EUR,
300,AZ,0788,2010-11-02,00050309,00003727,0001,P,515.00,EUR,
300,SQ,0066,2012-01-02,00097110,00004515,0001,C,148.00,SGD,
300,AZ,0788,2010-11-02,00050252,00003036,0001,P,515.00,EUR,
300,SQ,0866,2010-10-21,00313086,00004515,0001,C,230.00,SGD,
300,AZ,0788,2010-11-02,00050144,00003197,0001,P,515.00,EUR,
300,AZ,0788,2010-11-02,00050381,00002647,0001,P,515.00,EUR,
300,SQ,0866,2010-10-28,00313526,00004515,0001,C,230.00,SGD,
300,AZ,0788,2010-11-02,00050258,00004497,0001,P,515.00,EUR,
300,SQ,0866,2011-06-30,00328901,00004515,0001,C,230.00,SGD,
300,AZ,0788,2010-11-02,00050303,00000965,0001,P,515.00,EUR,
300,AZ,0788,2010-11-02,00050111,00000559,0001,P,515.00,EUR,
300,SQ,0866,2011-11-10,00337064,00004515,0001,C,230.00,SGD,
300,AZ,0788,2010-11-02,00050399,00000591,0001,P,515.00,EUR,
300,AZ,0788,2010-11-02,00050177,00002595,0001,P,515.00,EUR,
300,SQ,0866,2011-10-06,00334774,00004515,0001,C,230.00,SGD,
300,AZ,0788,2010-11-02,00050219,00001511,0001,P,515.00,EUR,
300,AZ,0788,2010-11-02,00050156,00000531,0001,P,515.00,EUR,
300,SQ,0866,2011-02-10,00320122,00004515,0001,C,230.00,SGD,
300,AZ,0788,2010-11-02,00050387,00002237,0001,P,515.00,EUR,
300,AZ,0788,2010-11-02,00050306,00000265,0001,P,515.00,EUR,
300,SQ,0866,2011-05-19,00326173,00004515,0001,C,230.00,SGD,
300,AZ,0788,2010-11-02,00050420,00002326,0001,P,515.00,EUR,
300,SQ,0866,2011-03-31,00323003,00004515,0001,C,230.00,SGD,
300,AZ,0788,2010-11-02,00050321,00001607,0001,P,515.00,EUR,
300,AZ,0788,2010-11-02,00050396,00003116,0001,P,515.00,EUR,
300,SQ,0326,2011-08-12,00273780,00004515,0001,C,781.00,SGD,
300,AZ,0788,2010-08-03,00044659,00001583,0001,P,515.00,EUR,
300,SQ,0326,2011-12-30,00278825,00004515,0001,C,781.00,SGD,
300,AZ,0788,2010-08-03,00044653,00001141,0001,P,515.00,EUR,
300,AZ,0788,2010-08-03,00044749,00000206,0001,P,515.00,EUR,
300,SQ,0863,2011-08-17,00296846,00004515,0001,C,230.00,SGD,
300,AZ,0788,2010-08-03,00044569,00003502,0001,P,515.00,EUR,
300,SQ,0866,2010-06-10,00304921,00004515,0001,C,230.00,SGD,
300,AZ,0788,2010-08-03,00044593,00000447,0001,P,515.00,EUR,
300,AZ,0788,2010-08-03,00044626,00004044,0001,P,515.00,EUR,
300,SQ,0863,2011-03-09,00291236,00004515,0001,C,230.00,SGD,
300,AZ,0788,2010-08-03,00044441,00000495,0001,P,515.00,EUR,
300,SQ,0863,2011-03-16,00291479,00004515,0001,C,230.00,SGD,
300,AZ,0788,2010-08-03,00044746,00002811,0001,P,515.00,EUR,
300,AZ,0788,2010-08-03,00044608,00003064,0001,P,515.00,EUR,
300,SQ,0326,2011-03-04,00266796,00004515,0001,C,781.00,SGD,
300,AZ,0788,2010-08-03,00044668,00004525,0001,P,515.00,EUR,
300,AZ,0788,2010-08-03,00044557,00003132,0001,P,515.00,EUR,
300,AZ,0788,2010-08-03,00044435,00003321,0001,P,515.00,EUR,
300,SQ,0863,2011-01-26,00289624,00004515,0001,C,230.00,SGD,
300,AZ,0788,2010-08-03,00044761,00003899,0001,P,515.00,EUR,
300,SQ,0997,2011-08-12,00407655,00004515,0001,C,409.00,SGD,
300,AZ,0788,2010-08-03,00044725,00002550,0001,P,515.00,EUR,
300,AZ,0788,2010-08-03,00044779,00003514,0001,P,515.00,EUR,
300,SQ,0997,2011-04-08,00399973,00004515,0001,C,409.00,SGD,
300,AZ,0788,2010-08-03,00044620,00003807,0001,P,515.00,EUR,
300,SQ,0997,2011-07-01,00405046,00004515,0001,C,409.00,SGD,
300,AZ,0788,2010-08-03,00044707,00000752,0001,P,515.00,EUR,
300,SQ,0997,2011-05-20,00402499,00004515,0001,C,409.00,SGD,
300,AZ,0788,2010-08-03,00044710,00001623,0001,P,515.00,EUR,
300,AZ,0788,2010-08-03,00044674,00000089,0001,P,515.00,EUR,
300,SQ,0988,2010-10-21,00350901,00004515,0001,C,409.00,SGD,
300,AZ,0788,2010-08-03,00044719,00000724,0001,P,515.00,EUR,
300,SQ,0988,2010-05-27,00341726,00004515,0001,C,409.00,SGD,
300,AZ,0788,2010-08-03,00044497,00003686,0001,P,515.00,EUR,
300,AZ,0788,2010-08-03,00044512,00003518,0001,P,515.00,EUR,
300,SQ,0988,2011-12-08,00375774,00004515,0001,C,1228.00,SGD,
300,AZ,0788,2010-08-03,00044444,00001021,0001,P,515.00,EUR,
300,SQ,0988,2011-10-06,00372730,00004515,0001,C,409.00,SGD,
300,AZ,0788,2010-08-03,00044632,00004056,0001,P,515.00,EUR,
300,AZ,0788,2010-08-03,00044770,00002928,0001,P,515.00,EUR,
300,SQ,0988,2011-03-03,00358783,00004515,0001,C,819.00,SGD,
300,AZ,0788,2010-08-03,00044713,00004433,0001,P,515.00,EUR,
300,SQ,0988,2011-02-24,00358610,00004515,0001,C,409.00,SGD,
300,AZ,0788,2010-08-03,00044695,00001366,0001,P,515.00,EUR,
300,AZ,0788,2010-08-03,00044743,00002663,0001,P,515.00,EUR,
300,SQ,0988,2011-03-17,00359723,00004515,0001,C,409.00,SGD,
300,AZ,0788,2010-08-03,00044524,00000265,0001,P,515.00,EUR,
300,SQ,0988,2011-07-14,00367179,00004515,0001,C,409.00,SGD,
300,AZ,0788,2010-08-03,00044438,00004541,0001,P,515.00,EUR,
300,UA,3517,2011-08-15,00158033,00004515,0001,C,274.00,USD,
300,AZ,0788,2011-10-04,00071057,00003309,0001,P,515.00,EUR,
300,AZ,0788,2011-10-04,00071294,00002944,0001,P,515.00,EUR,
300,SQ,0117,2011-05-30,00162679,00004515,0001,C,160.00,SGD,
300,AZ,0788,2011-10-04,00071084,00002747,0001,P,515.00,EUR,
300,SQ,0114,2012-04-09,00148451,00004515,0001,C,160.00,SGD,
300,AZ,0788,2011-10-04,00071315,00002687,0001,P,515.00,EUR,
300,AZ,0788,2011-10-04,00071120,00003943,0001,P,515.00,EUR,
300,SQ,0117,2010-08-16,00152541,00004515,0001,C,160.00,SGD,
300,AZ,0788,2011-10-04,00071138,00000913,0001,P,515.00,EUR,
300,SQ,0158,2010-09-28,00176031,00004515,0001,C,222.00,SGD,
300,AZ,0788,2011-10-04,00070959,00002623,0001,P,515.00,EUR,
300,AZ,0788,2011-10-04,00070982,00003012,0001,P,515.00,EUR,
300,SQ,0158,2010-08-17,00174349,00004515,0001,C,445.00,SGD,
300,AZ,0788,2011-10-04,00071300,00000607,0001,P,515.00,EUR,
300,SQ,0158,2011-04-05,00182742,00004515,0001,C,222.00,SGD,
300,AZ,0788,2011-10-04,00071240,00000192,0001,P,515.00,EUR,
300,AZ,0788,2011-10-04,00071210,00004256,0001,P,515.00,EUR,
300,SQ,0158,2010-12-07,00178427,00004515,0001,C,222.00,SGD,
300,AZ,0788,2011-10-04,00071261,00000848,0001,P,515.00,EUR,
300,SQ,0158,2011-01-11,00179606,00004515,0001,C,445.00,SGD,
300,AZ,0788,2011-10-04,00071282,00002831,0001,P,515.00,EUR,
300,AZ,0788,2011-10-04,00071219,00002414,0001,P,515.00,EUR,
300,SQ,0117,2011-10-10,00167597,00004515,0001,C,160.00,SGD,
300,AZ,0788,2011-10-04,00071177,00001169,0001,P,515.00,EUR,
300,AZ,0788,2011-10-04,00071108,00003702,0001,P,515.00,EUR,
300,UA,3517,2011-11-28,00164896,00004515,0001,C,824.00,USD,
300,AZ,0788,2011-10-04,00071195,00003217,0001,P,515.00,EUR,
300,SQ,0117,2011-12-19,00169365,00004515,0001,C,160.00,SGD,
300,AZ,0788,2011-10-04,00071078,00004128,0001,P,515.00,EUR,
300,SQ,0158,2010-05-11,00170837,00004515,0001,C,445.00,SGD,
300,AZ,0788,2011-10-04,00071123,00003739,0001,P,515.00,EUR,
300,AZ,0788,2011-10-04,00071063,00000079,0001,P,515.00,EUR,
300,SQ,0067,2011-01-17,00115125,00004515,0001,C,148.00,SGD,
300,AZ,0788,2011-10-04,00070979,00003189,0001,P,515.00,EUR,
300,SQ,0114,2010-11-15,00140089,00004515,0001,C,160.00,SGD,
300,AZ,0788,2011-10-04,00070938,00002253,0001,P,515.00,EUR,
300,AZ,0788,2011-10-04,00071258,00004148,0001,P,515.00,EUR,
300,SQ,0325,2011-01-05,00230241,00004515,0001,C,1563.00,SGD,
300,AZ,0788,2011-10-04,00070947,00003662,0001,P,515.00,EUR,
300,SQ,0325,2010-12-22,00229574,00004515,0001,C,781.00,SGD,
300,AZ,0788,2011-10-04,00071144,00003446,0001,P,515.00,EUR,
300,AZ,0788,2011-10-04,00071096,00002021,0001,P,515.00,EUR,
300,SQ,0325,2010-11-24,00227958,00004515,0001,C,781.00,SGD,
300,AZ,0788,2011-10-04,00071162,00004345,0001,P,515.00,EUR,
300,AZ,0788,2011-10-04,00071198,00001948,0001,P,515.00,EUR,
300,SQ,0326,2010-05-28,00254260,00004515,0001,C,781.00,SGD,
300,AZ,0788,2011-10-04,00070985,00002787,0001,P,515.00,EUR,
300,AZ,0788,2011-10-04,00071054,00000003,0001,P,515.00,EUR,
300,AZ,0788,2011-03-01,00057830,00001430,0001,P,515.00,EUR,
300,SQ,0326,2010-05-21,00253996,00004515,0001,C,781.00,SGD,
300,AZ,0788,2011-03-01,00057584,00001928,0001,P,515.00,EUR,
300,SQ,0326,2010-07-23,00256814,00004515,0001,C,781.00,SGD,
300,AZ,0788,2011-03-01,00057815,00000423,0001,P,515.00,EUR,
300,AZ,0788,2011-03-01,00057479,00001563,0001,P,515.00,EUR,
300,AZ,0788,2011-03-01,00057773,00003510,0001,P,515.00,EUR,
300,SQ,0325,2011-08-10,00244059,00004515,0001,C,781.00,SGD,
300,AZ,0788,2011-03-01,00057539,00000836,0001,P,515.00,EUR,
300,AZ,0788,2011-03-01,00057695,00003855,0001,P,515.00,EUR,
300,SQ,0325,2011-08-31,00245128,00004515,0001,C,781.00,SGD,
300,AZ,0788,2011-03-01,00057746,00001017,0001,P,515.00,EUR,
300,AZ,0788,2011-03-01,00057791,00001145,0001,P,515.00,EUR,
300,SQ,0325,2011-08-03,00243532,00004515,0001,C,781.00,SGD,
300,AZ,0788,2011-03-01,00057776,00004525,0001,P,515.00,EUR,
300,AZ,0788,2011-03-01,00057653,00000688,0001,P,515.00,EUR,
300,SQ,0161,2010-09-07,00197118,00004515,0001,C,222.00,SGD,
300,AZ,0788,2011-03-01,00057740,00000443,0001,P,515.00,EUR,
300,AZ,0788,2011-03-01,00057632,00000443,0001,P,515.00,EUR,
300,SQ,0161,2010-10-12,00198478,00004515,0001,C,222.00,SGD,
300,AZ,0788,2011-03-01,00057686,00004212,0001,P,515.00,EUR,
300,AZ,0788,2011-03-01,00057491,00003787,0001,P,515.00,EUR,
300,SQ,0161,2010-11-09,00199437,00004515,0001,C,222.00,SGD,
300,AZ,0788,2011-03-01,00057503,00003181,0001,P,515.00,EUR,
300,AZ,0788,2011-03-01,00057836,00001619,0001,P,515.00,EUR,
300,SQ,0325,2010-08-11,00221329,00004515,0001,C,781.00,SGD,
300,AZ,0788,2011-03-01,00057656,00003686,0001,P,515.00,EUR,
300,AZ,0788,2011-03-01,00057722,00000145,0001,P,515.00,EUR,
300,SQ,0161,2011-03-22,00204076,00004515,0001,C,445.00,SGD,
300,AZ,0788,2011-03-01,00057635,00001944,0001,P,515.00,EUR,
300,AZ,0788,2011-03-01,00057521,00003213,0001,P,515.00,EUR,
300,JL,0407,2011-04-08,00015733,00004513,0001,C,530.00,JPY,
300,AZ,0788,2011-03-01,00057545,00002819,0001,P,515.00,EUR,
300,AZ,0788,2011-03-01,00057680,00000652,0001,P,515.00,EUR,
300,DL,0106,2011-01-17,00016602,00004513,0001,C,611.00,USD,
300,AZ,0788,2011-03-01,00057827,00002004,0001,P,515.00,EUR,
300,AZ,0788,2011-03-01,00057468,00003992,0001,P,515.00,EUR,
300,QF,0006,2010-05-19,00039299,00004513,0001,C,394.00,AUD,
300,AZ,0788,2011-03-01,00057626,00002595,0001,P,515.00,EUR,
300,AZ,0788,2011-03-01,00057749,00001848,0001,P,515.00,EUR,
300,AZ,0788,2011-03-01,00057650,00004112,0001,P,515.00,EUR,
300,SQ,0015,2010-12-29,00037826,00004513,0001,C,1160.00,SGD,
300,AZ,0788,2011-03-01,00057477,00004164,0001,P,515.00,EUR,
300,AZ,0788,2011-03-01,00057506,00000127,0001,P,515.00,EUR,
300,JL,0408,2011-01-29,00037365,00004513,0001,C,530.00,JPY,
300,AZ,0788,2011-05-17,00062438,00004020,0001,P,515.00,EUR,
300,AZ,0788,2011-05-17,00062405,00000539,0001,P,515.00,EUR,
300,AA,0017,2011-08-17,00030060,00004513,0001,C,211.00,USD,
300,AZ,0788,2011-05-17,00062468,00001414,0001,P,515.00,EUR,
300,AZ,0788,2011-05-17,00062435,00002731,0001,P,515.00,EUR,
300,UA,0007,2011-10-22,00024928,00004513,0001,C,211.00,USD,
300,AZ,0788,2011-05-17,00062441,00003582,0001,P,515.00,EUR,
300,AZ,0788,2011-05-17,00062488,00000159,0001,P,515.00,EUR,
300,JL,0408,2010-07-24,00030452,00004513,0001,C,530.00,JPY,
300,AZ,0788,2011-05-17,00062318,00000008,0001,P,515.00,EUR,
300,AZ,0788,2011-05-17,00062246,00002245,0001,P,515.00,EUR,
300,AA,0017,2011-03-23,00021036,00004513,0001,C,211.00,USD,
300,AZ,0788,2011-05-17,00062285,00003602,0001,P,515.00,EUR,
300,AZ,0788,2011-05-17,00062324,00000347,0001,P,515.00,EUR,
300,DL,0106,2011-03-28,00020972,00004513,0001,C,916.00,USD,
300,AZ,0788,2011-05-17,00062599,00001169,0001,P,515.00,EUR,
300,AZ,0788,2011-05-17,00062333,00004393,0001,P,515.00,EUR,
300,AZ,0788,2011-05-17,00062351,00000010,0001,P,515.00,EUR,
300,UA,0007,2010-07-17,00003730,00004513,0001,C,211.00,USD,
300,AZ,0788,2011-05-17,00062453,00001290,0001,P,515.00,EUR,
300,AZ,0788,2011-05-17,00062336,00003686,0001,P,515.00,EUR,
300,UA,0941,2011-11-03,00048224,00004513,0001,C,879.00,USD,
300,AZ,0788,2011-05-17,00062384,00002161,0001,P,515.00,EUR,
300,AZ,0788,2011-05-17,00062569,00002639,0001,P,515.00,EUR,
300,JL,0407,2010-07-09,00003466,00004513,0001,C,530.00,JPY,
300,AZ,0788,2011-05-17,00062560,00002839,0001,P,515.00,EUR,
300,AZ,0788,2011-05-17,00062279,00004529,0001,P,515.00,EUR,
300,QF,0006,2010-07-14,00041844,00004513,0001,C,394.00,AUD,
300,AZ,0788,2011-05-17,00062623,00001266,0001,P,515.00,EUR,
300,AZ,0788,2011-05-17,00062515,00001101,0001,P,515.00,EUR,
300,SQ,0015,2010-09-22,00031637,00004513,0001,C,3480.00,SGD,
300,AZ,0788,2011-05-17,00062497,00003803,0001,P,515.00,EUR,
300,AZ,0788,2011-05-17,00062309,00004537,0001,P,515.00,EUR,
300,AA,0017,2011-08-17,00030120,00004513,0001,C,211.00,USD,
300,AZ,0788,2011-05-17,00062608,00000132,0001,P,515.00,EUR,
300,AZ,0788,2011-05-17,00062255,00004196,0001,P,515.00,EUR,
300,JL,0408,2010-05-08,00027776,00004513,0001,C,530.00,JPY,
300,AZ,0788,2011-05-17,00062294,00002876,0001,P,515.00,EUR,
300,JL,0408,2010-05-22,00028228,00004513,0001,C,530.00,JPY,
300,AZ,0788,2011-05-17,00062581,00004441,0001,P,515.00,EUR,
300,AZ,0788,2011-05-17,00062456,00001117,0001,P,515.00,EUR,
300,DL,0106,2011-07-11,00027658,00004513,0001,C,305.00,USD,
300,AZ,0788,2011-05-17,00062348,00000712,0001,P,515.00,EUR,
300,AA,0026,2010-11-17,00048219,00004513,0001,C,305.00,USD,
300,AZ,0788,2011-03-15,00058686,00002944,0001,P,515.00,EUR,
300,JL,0408,2011-05-21,00041161,00004513,0001,C,530.00,JPY,
300,AZ,0788,2011-03-15,00058611,00001386,0001,P,515.00,EUR,
300,AZ,0788,2011-03-15,00058488,00004273,0001,P,515.00,EUR,
300,JL,0408,2011-01-29,00037167,00004513,0001,C,530.00,JPY,
300,AZ,0788,2011-03-15,00058369,00003426,0001,P,515.00,EUR,
300,AZ,0788,2011-03-15,00058554,00003297,0001,P,515.00,EUR,
300,DL,0106,2011-09-26,00032544,00004513,0001,C,305.00,USD,
300,AZ,0788,2011-03-15,00058485,00000957,0001,P,515.00,EUR,
300,QF,0005,2011-10-28,00034328,00004513,0001,C,788.00,AUD,
300,AZ,0788,2011-03-15,00058596,00002089,0001,P,515.00,EUR,
300,AZ,0788,2011-03-15,00058614,00000487,0001,P,515.00,EUR,
300,SQ,0015,2011-04-20,00044657,00004513,0001,C,2320.00,SGD,
300,AZ,0788,2011-03-15,00058593,00002302,0001,P,515.00,EUR,
300,DL,1699,2011-04-04,00059105,00004513,0001,C,211.00,USD,
300,AZ,0788,2011-03-15,00058435,00003899,0001,P,515.00,EUR,
300,AZ,0788,2011-03-15,00058417,00003899,0001,P,515.00,EUR,
300,SQ,0066,2010-05-31,00062972,00004513,0001,C,164.00,SGD,
300,AZ,0788,2011-03-15,00058587,00001964,0001,P,515.00,EUR,
300,JL,0407,2010-11-05,00008788,00004513,0001,C,530.00,JPY,
300,AZ,0788,2011-03-15,00058506,00003341,0001,P,515.00,EUR,
300,AZ,0788,2011-03-15,00058590,00000347,0001,P,515.00,EUR,
300,QF,0006,2011-11-23,00063605,00004513,0001,C,394.00,AUD,
300,AZ,0788,2011-03-15,00058602,00002795,0001,P,515.00,EUR,
300,JL,0407,2011-02-04,00012743,00004513,0001,C,530.00,JPY,
300,AZ,0788,2011-03-15,00058345,00000724,0001,P,515.00,EUR,
300,AZ,0788,2011-03-15,00058563,00004533,0001,P,515.00,EUR,
300,UA,3504,2011-09-16,00082503,00004513,0001,C,1319.00,USD,
300,AZ,0788,2011-03-15,00058372,00000145,0001,P,515.00,EUR,
300,DL,0106,2010-08-09,00006647,00004513,0001,C,305.00,USD,
300,AZ,0788,2011-03-15,00058692,00003658,0001,P,515.00,EUR,
300,QF,0006,2011-11-09,00062957,00004513,0001,C,394.00,AUD,
300,AZ,0788,2011-03-15,00058605,00004397,0001,P,515.00,EUR,
300,AZ,0788,2011-03-15,00058677,00000880,0001,P,515.00,EUR,
300,QF,0006,2011-09-14,00060715,00004513,0001,C,394.00,AUD,
300,AZ,0788,2011-03-15,00058689,00004248,0001,P,515.00,EUR,
300,QF,0005,2010-07-09,00005098,00004513,0001,C,394.00,AUD,
300,AZ,0788,2011-03-15,00058411,00004357,0001,P,515.00,EUR,
300,AZ,0788,2011-03-15,00058671,00000973,0001,P,515.00,EUR,
300,UA,0007,2011-07-30,00020623,00004513,0001,C,211.00,USD,
300,AZ,0788,2011-03-15,00058360,00000909,0001,P,515.00,EUR,
300,JL,0407,2011-10-21,00024194,00004513,0001,C,530.00,JPY,
300,AZ,0788,2011-03-15,00058518,00000014,0001,P,515.00,EUR,
300,QF,0005,2011-01-28,00017412,00004513,0001,C,1182.00,AUD,
300,AZ,0788,2011-03-15,00058662,00003060,0001,P,515.00,EUR,
300,AZ,0788,2011-03-15,00058453,00003421,0001,P,515.00,EUR,
300,JL,0407,2011-12-23,00026029,00004513,0001,C,530.00,JPY,
300,AZ,0788,2011-03-15,00058375,00000009,0001,P,515.00,EUR,
300,AA,0017,2011-01-19,00017162,00004513,0001,C,211.00,USD,
300,AZ,0788,2011-01-25,00055351,00000828,0001,P,515.00,EUR,
300,DL,1699,2011-07-04,00064593,00004513,0001,C,211.00,USD,
300,AZ,0788,2011-01-25,00055375,00004224,0001,P,515.00,EUR,
300,AZ,0788,2011-01-25,00055402,00002603,0001,P,515.00,EUR,
300,DL,1699,2011-07-18,00065419,00004513,0001,C,211.00,USD,
300,UA,3504,2011-02-18,00068961,00004513,0001,C,1319.00,USD,
300,AA,0064,2010-04-23,00066252,00004513,0001,C,211.00,USD,
300,UA,3504,2010-12-31,00066189,00004513,0001,C,439.00,USD,
300,DL,1984,2011-04-25,00098326,00004513,0001,C,211.00,USD,
300,DL,1984,2010-06-28,00079698,00004513,0001,C,211.00,USD,
300,AA,0064,2011-03-04,00077522,00004513,0001,C,211.00,USD,
300,UA,3504,2011-07-01,00077257,00004513,0001,C,1319.00,USD,
300,AA,0064,2011-08-26,00083609,00004513,0001,C,211.00,USD,
300,UA,3504,2011-09-23,00083031,00004513,0001,C,439.00,USD,
300,AA,0064,2010-07-23,00069331,00004513,0001,C,422.00,USD,
300,DL,1699,2012-02-13,00074814,00004513,0001,C,211.00,USD,
300,UA,3504,2011-06-03,00075632,00004513,0001,C,439.00,USD,
300,SQ,0066,2010-11-15,00073317,00004513,0001,C,164.00,SGD,
300,UA,3504,2011-04-29,00073605,00004513,0001,C,439.00,USD,
300,AA,0017,2011-02-16,00018869,00004513,0001,C,211.00,USD,
300,AZ,0788,2011-01-25,00055503,00002615,0001,P,515.00,EUR,
300,AZ,0788,2011-01-25,00055390,00003795,0001,P,515.00,EUR,
300,AZ,0788,2011-01-25,00055366,00000435,0001,P,515.00,EUR,
300,AZ,0788,2011-01-25,00055453,00002619,0001,P,515.00,EUR,
300,AZ,0788,2011-01-25,00055333,00001780,0001,P,515.00,EUR,
300,AZ,0788,2011-01-25,00055339,00002880,0001,P,515.00,EUR,
300,AZ,0788,2011-01-25,00055518,00004152,0001,P,515.00,EUR,
300,AZ,0788,2011-01-25,00055432,00000192,0001,P,515.00,EUR,
300,AZ,0788,2011-01-25,00055614,00003931,0001,P,515.00,EUR,
300,AZ,0788,2011-01-25,00055542,00001069,0001,P,515.00,EUR,
300,AZ,0788,2011-01-25,00055360,00001390,0001,P,515.00,EUR,
300,AZ,0788,2011-01-25,00055447,00000208,0001,P,515.00,EUR,
300,AZ,0788,2011-01-25,00055321,00003181,0001,P,515.00,EUR,
300,AZ,0788,2011-01-25,00055569,00000692,0001,P,515.00,EUR,
300,AZ,0788,2011-01-25,00055306,00002394,0001,P,515.00,EUR,
300,AZ,0788,2011-01-25,00055465,00002562,0001,P,515.00,EUR,
300,AZ,0788,2011-01-25,00055468,00003955,0001,P,515.00,EUR,
300,AZ,0788,2011-01-25,00055509,00004116,0001,P,515.00,EUR,
300,AZ,0788,2011-01-25,00055477,00004385,0001,P,515.00,EUR,
300,AZ,0788,2011-01-25,00055363,00003662,0001,P,515.00,EUR,
300,AZ,0788,2011-01-25,00055635,00000427,0001,P,515.00,EUR,
300,AZ,0788,2011-01-25,00055285,00002438,0001,P,515.00,EUR,
300,AZ,0788,2011-01-25,00055581,00001061,0001,P,515.00,EUR,
300,AZ,0788,2011-01-25,00055387,00000455,0001,P,515.00,EUR,
300,LH,0401,2010-10-29,00051661,00002600,0001,C,316.00,EUR,
300,LH,0401,2010-10-29,00051349,00000861,0001,C,316.00,EUR,
300,LH,0401,2011-05-20,00064346,00003724,0001,C,316.00,EUR,
300,AZ,0788,2011-01-25,00055324,00000800,0001,P,515.00,EUR,
300,LH,0401,2011-05-20,00064379,00002676,0001,C,316.00,EUR,
300,AZ,0788,2011-01-25,00055297,00002201,0001,P,515.00,EUR,
300,LH,0401,2011-05-20,00064319,00002387,0001,C,316.00,EUR,
300,AZ,0788,2011-01-04,00054111,00003088,0001,P,515.00,EUR,
300,LH,0401,2011-05-20,00064377,00002387,0001,C,316.00,EUR,
300,AZ,0788,2011-01-04,00054072,00001551,0001,P,515.00,EUR,
300,LH,0401,2011-05-20,00064283,00001363,0001,C,316.00,EUR,
300,LH,0401,2011-05-20,00064016,00000612,0001,C,316.00,EUR,
300,LH,0401,2011-05-20,00064038,00004615,0001,C,316.00,EUR,
300,LH,0401,2011-05-20,00064070,00000576,0001,C,316.00,EUR,
300,AZ,0788,2011-01-04,00054024,00001563,0001,P,515.00,EUR,
300,LH,0401,2011-05-20,00064359,00002487,0001,C,316.00,EUR,
300,AZ,0788,2011-01-04,00054048,00002815,0001,P,515.00,EUR,
300,LH,0401,2011-05-20,00064136,00004354,0001,C,316.00,EUR,
300,AZ,0788,2011-01-04,00053985,00001495,0001,P,515.00,EUR,
300,LH,0401,2011-05-20,00064161,00000625,0001,C,316.00,EUR,
300,AZ,0788,2011-01-04,00054300,00003297,0001,P,515.00,EUR,
300,LH,0401,2011-05-20,00064058,00002030,0001,C,316.00,EUR,
300,AZ,0788,2011-01-04,00054177,00004305,0001,P,515.00,EUR,
300,LH,0401,2011-05-20,00064067,00001435,0001,C,316.00,EUR,
300,AZ,0788,2011-01-04,00054216,00000680,0001,P,515.00,EUR,
300,LH,0401,2011-05-20,00064349,00001885,0001,C,316.00,EUR,
300,AZ,0788,2011-01-04,00053997,00000499,0001,P,515.00,EUR,
300,LH,0401,2011-05-20,00064287,00003964,0001,C,316.00,EUR,
300,AZ,0788,2011-01-04,00054282,00003634,0001,P,515.00,EUR,
300,LH,0401,2011-05-20,00064092,00002343,0001,C,316.00,EUR,
300,AZ,0788,2011-01-04,00054063,00001330,0001,P,515.00,EUR,
300,LH,0401,2011-05-20,00064154,00003427,0001,C,316.00,EUR,
300,AZ,0788,2011-01-04,00054297,00003237,0001,P,515.00,EUR,
300,LH,0401,2011-05-20,00064013,00000930,0001,C,316.00,EUR,
300,AZ,0788,2011-01-04,00054138,00001370,0001,P,515.00,EUR,
300,LH,0401,2011-05-20,00064361,00002708,0001,C,316.00,EUR,
300,AZ,0788,2011-01-04,00054018,00002755,0001,P,515.00,EUR,
300,LH,0401,2011-05-20,00064356,00001664,0001,C,316.00,EUR,
300,AZ,0788,2011-01-04,00054000,00002755,0001,P,515.00,EUR,
300,LH,0401,2011-05-20,00064187,00004514,0001,C,316.00,EUR,
300,AZ,0788,2011-01-04,00054099,00000079,0001,P,515.00,EUR,
300,LH,0401,2011-05-20,00064029,00002563,0001,C,316.00,EUR,
300,AZ,0788,2011-01-04,00054054,00002330,0001,P,515.00,EUR,
300,LH,0401,2011-05-20,00064380,00003422,0001,C,316.00,EUR,
300,AZ,0788,2011-01-04,00054339,00003682,0001,P,515.00,EUR,
300,LH,0401,2011-05-20,00064041,00002250,0001,C,316.00,EUR,
300,AZ,0788,2011-01-04,00054201,00004554,0001,P,515.00,EUR,
300,LH,0401,2011-05-20,00064290,00001323,0001,C,316.00,EUR,
300,AZ,0788,2011-01-04,00054333,00002021,0001,P,515.00,EUR,
300,LH,0401,2011-05-20,00064227,00004378,0001,C,316.00,EUR,
300,AZ,0788,2011-01-04,00054315,00003193,0001,P,515.00,EUR,
300,LH,0401,2011-05-20,00064301,00000500,0001,C,316.00,EUR,
300,AZ,0788,2011-01-04,00054354,00003907,0001,P,515.00,EUR,
300,LH,0401,2011-05-20,00064025,00003475,0001,C,316.00,EUR,
300,AZ,0788,2011-01-04,00054273,00004501,0001,P,515.00,EUR,
300,LH,0401,2011-05-20,00064374,00003286,0001,C,316.00,EUR,
300,AZ,0788,2011-01-04,00054249,00000243,0001,P,515.00,EUR,
300,LH,0401,2011-05-20,00064278,00003744,0001,C,316.00,EUR,
300,AZ,0788,2011-01-04,00054021,00002470,0001,P,515.00,EUR,
300,AZ,0788,2011-01-04,00054069,00003988,0001,P,515.00,EUR,
300,LH,0401,2011-05-20,00064277,00003744,0001,C,316.00,EUR,
300,AZ,0788,2011-01-04,00054204,00000161,0001,P,515.00,EUR,
300,LH,0401,2011-05-20,00064314,00002973,0001,C,316.00,EUR,
300,AZ,0788,2011-01-04,00054174,00000395,0001,P,515.00,EUR,
300,LH,0401,2011-05-20,00064334,00001054,0001,C,316.00,EUR,
300,AZ,0788,2011-01-04,00054168,00000035,0001,P,515.00,EUR,
300,LH,0401,2011-05-20,00064317,00002881,0001,C,316.00,EUR,
300,AZ,0788,2011-08-30,00069123,00001968,0001,P,515.00,EUR,
300,LH,0401,2011-05-20,00064137,00000978,0001,C,316.00,EUR,
300,AZ,0788,2011-08-30,00069048,00001844,0001,P,515.00,EUR,
300,LH,0401,2011-05-20,00064320,00000661,0001,C,316.00,EUR,
300,AZ,0788,2011-08-30,00069096,00001025,0001,P,515.00,EUR,
300,LH,0401,2011-05-20,00064097,00003543,0001,C,316.00,EUR,
300,AZ,0788,2011-08-30,00068851,00003044,0001,P,515.00,EUR,
300,LH,0401,2011-05-20,00064049,00003619,0001,C,316.00,EUR,
300,AZ,0788,2011-08-30,00068842,00002635,0001,P,515.00,EUR,
300,LH,0401,2011-05-20,00064190,00002840,0001,C,316.00,EUR,
300,AZ,0788,2011-08-30,00068869,00003799,0001,P,515.00,EUR,
300,LH,0401,2011-05-20,00064079,00002820,0001,C,316.00,EUR,
300,AZ,0788,2011-08-30,00069006,00001735,0001,P,515.00,EUR,
300,LH,0401,2011-05-20,00064107,00001600,0001,C,316.00,EUR,
300,AZ,0788,2011-08-30,00068767,00003064,0001,P,515.00,EUR,
300,LH,0401,2011-05-20,00064265,00001359,0001,C,316.00,EUR,
300,AZ,0788,2011-08-30,00069114,00003205,0001,P,515.00,EUR,
300,LH,0401,2011-05-20,00064203,00000898,0001,C,316.00,EUR,
300,AZ,0788,2011-08-30,00069036,00000351,0001,P,515.00,EUR,
300,LH,0401,2011-05-20,00064059,00003061,0001,C,316.00,EUR,
300,AZ,0788,2011-08-30,00068941,00001748,0001,P,515.00,EUR,
300,LH,0401,2011-05-20,00064194,00000444,0001,C,316.00,EUR,
300,AZ,0788,2011-08-30,00068845,00000848,0001,P,515.00,EUR,
300,LH,0401,2011-05-20,00064175,00000309,0001,C,316.00,EUR,
300,AZ,0788,2011-08-30,00068812,00000056,0001,P,515.00,EUR,
300,LH,0401,2011-05-20,00064383,00003451,0001,C,316.00,EUR,
300,AZ,0788,2011-08-30,00068836,00001390,0001,P,515.00,EUR,
300,LH,0401,2011-05-20,00064307,00004045,0001,C,316.00,EUR,
300,AZ,0788,2011-08-30,00069108,00003341,0001,P,515.00,EUR,
300,LH,0401,2011-05-20,00064209,00002206,0001,C,316.00,EUR,
300,AZ,0788,2011-08-30,00068815,00001113,0001,P,515.00,EUR,
300,LH,0401,2011-05-20,00064254,00001496,0001,C,316.00,EUR,
300,AZ,0788,2011-08-30,00069003,00003084,0001,P,515.00,EUR,
300,LH,0401,2011-05-20,00064245,00001829,0001,C,316.00,EUR,
300,AZ,0788,2011-08-30,00068824,00001290,0001,P,515.00,EUR,
300,LH,0401,2011-05-20,00064184,00004137,0001,C,316.00,EUR,
300,AZ,0788,2011-08-30,00068803,00000071,0001,P,515.00,EUR,
300,LH,0401,2011-05-20,00064353,00001299,0001,C,316.00,EUR,
300,AZ,0788,2011-08-30,00069033,00003189,0001,P,515.00,EUR,
300,LH,0401,2011-05-20,00064332,00002640,0001,C,316.00,EUR,
300,AZ,0788,2011-08-30,00069087,00002996,0001,P,515.00,EUR,
300,LH,0401,2011-05-20,00064034,00001993,0001,C,316.00,EUR,
300,AZ,0788,2011-08-30,00069081,00001904,0001,P,515.00,EUR,
300,LH,0401,2011-05-20,00064196,00003675,0001,C,316.00,EUR,
300,AZ,0788,2011-08-30,00068953,00000088,0001,P,515.00,EUR,
300,LH,0401,2011-05-20,00064256,00003816,0001,C,316.00,EUR,
300,AZ,0788,2011-08-30,00068971,00002085,0001,P,515.00,EUR,
300,LH,0401,2011-05-20,00064131,00004105,0001,C,316.00,EUR,
300,AZ,0788,2011-08-30,00068881,00000519,0001,P,515.00,EUR,
300,LH,0401,2011-05-20,00064110,00001620,0001,C,316.00,EUR,
300,AZ,0788,2011-08-30,00069078,00001519,0001,P,515.00,EUR,
300,LH,0401,2011-05-20,00064160,00002327,0001,C,316.00,EUR,
300,AZ,0788,2011-08-30,00068968,00001868,0001,P,515.00,EUR,
300,LH,0401,2011-05-20,00064233,00004458,0001,C,316.00,EUR,
300,AZ,0788,2011-08-30,00068875,00000127,0001,P,515.00,EUR,
300,LH,0401,2011-05-20,00064257,00004233,0001,C,316.00,EUR,
300,AZ,0788,2011-07-05,00065542,00004020,0001,P,515.00,EUR,
300,AZ,0788,2011-07-05,00065524,00004337,0001,P,515.00,EUR,
300,LH,0401,2011-05-20,00064215,00004053,0001,C,316.00,EUR,
300,AZ,0788,2011-07-05,00065366,00002281,0001,P,515.00,EUR,
300,LH,0401,2011-05-20,00064133,00004338,0001,C,316.00,EUR,
300,AZ,0788,2011-07-05,00065453,00002197,0001,P,515.00,EUR,
300,LH,0401,2011-05-20,00064152,00001704,0001,C,316.00,EUR,
300,AZ,0788,2011-07-05,00065363,00003534,0001,P,515.00,EUR,
300,LH,0401,2011-05-20,00064050,00003495,0001,C,316.00,EUR,
300,LH,0401,2011-05-20,00064157,00003041,0001,C,316.00,EUR,
300,AZ,0788,2011-07-05,00065354,00000495,0001,P,515.00,EUR,
300,LH,0401,2011-05-20,00064055,00001058,0001,C,316.00,EUR,
300,AZ,0788,2011-07-05,00065662,00001145,0001,P,515.00,EUR,
300,LH,0401,2011-05-20,00064199,00003989,0001,C,316.00,EUR,
300,AZ,0788,2011-07-05,00065533,00001812,0001,P,515.00,EUR,
300,LH,0401,2010-12-17,00054425,00000950,0001,C,316.00,EUR,
300,AZ,0788,2011-07-05,00065584,00003751,0001,P,515.00,EUR,
300,LH,0401,2010-12-17,00054490,00003282,0001,C,316.00,EUR,
300,AZ,0788,2011-07-05,00065566,00002217,0001,P,515.00,EUR,
300,AZ,0788,2011-07-05,00065575,00002454,0001,P,515.00,EUR,
300,LH,0401,2010-12-17,00054669,00003976,0001,C,316.00,EUR,
300,AZ,0788,2011-07-05,00065462,00002831,0001,P,515.00,EUR,
300,LH,0401,2010-12-17,00054451,00002387,0001,C,316.00,EUR,
300,AZ,0788,2011-07-05,00065345,00003341,0001,P,515.00,EUR,
300,LH,0401,2010-12-17,00054709,00000612,0001,C,316.00,EUR,
300,AZ,0788,2011-07-05,00065644,00003245,0001,P,515.00,EUR,
300,LH,0401,2010-12-17,00054531,00001997,0001,C,316.00,EUR,
300,AZ,0788,2011-07-05,00065375,00004570,0001,P,515.00,EUR,
300,LH,0401,2010-12-17,00054450,00003575,0001,C,316.00,EUR,
300,AZ,0788,2011-07-05,00065387,00003743,0001,P,515.00,EUR,
300,LH,0401,2010-12-17,00054618,00000576,0001,C,316.00,EUR,
300,AZ,0788,2011-07-05,00065494,00001591,0001,P,515.00,EUR,
300,LH,0401,2010-12-17,00054550,00001873,0001,C,316.00,EUR,
300,AZ,0788,2011-07-05,00065441,00002574,0001,P,515.00,EUR,
300,LH,0401,2010-12-17,00054714,00000745,0001,C,316.00,EUR,
300,AZ,0788,2011-07-05,00065306,00001306,0001,P,515.00,EUR,
300,LH,0401,2010-12-17,00054526,00000994,0001,C,316.00,EUR,
300,AZ,0788,2011-07-05,00065393,00001053,0001,P,515.00,EUR,
300,LH,0401,2010-12-17,00054459,00003238,0001,C,316.00,EUR,
300,AZ,0788,2011-07-05,00065432,00000704,0001,P,515.00,EUR,
300,LH,0401,2010-12-17,00054379,00000729,0001,C,316.00,EUR,
300,AZ,0788,2011-07-05,00065572,00003104,0001,P,515.00,EUR,
300,LH,0401,2010-12-17,00054582,00001749,0001,C,316.00,EUR,
300,AZ,0788,2011-07-05,00065321,00000543,0001,P,515.00,EUR,
300,LH,0401,2010-12-17,00054574,00004434,0001,C,316.00,EUR,
300,AZ,0788,2011-07-05,00065411,00001258,0001,P,515.00,EUR,
300,LH,0401,2010-12-17,00054721,00001066,0001,C,316.00,EUR,
300,AZ,0788,2011-07-05,00065357,00002715,0001,P,515.00,EUR,
300,LH,0401,2010-12-17,00054547,00003471,0001,C,316.00,EUR,
300,AZ,0788,2011-07-05,00065569,00003337,0001,P,515.00,EUR,
300,AZ,0788,2011-07-05,00065512,00000985,0001,P,515.00,EUR,
300,LH,0401,2010-12-17,00054739,00000966,0001,C,316.00,EUR,
300,AZ,0788,2011-07-05,00065381,00003506,0001,P,515.00,EUR,
300,LH,0401,2010-12-17,00054718,00000817,0001,C,316.00,EUR,
300,AZ,0788,2011-10-25,00072521,00000656,0001,P,515.00,EUR,
300,LH,0401,2010-12-17,00054523,00002716,0001,C,316.00,EUR,
300,AZ,0788,2011-10-25,00072479,00003088,0001,P,515.00,EUR,
300,LH,0401,2010-12-17,00054493,00000621,0001,C,316.00,EUR,
300,AZ,0788,2011-10-25,00072333,00003554,0001,P,515.00,EUR,
300,LH,0401,2010-12-17,00054561,00002836,0001,C,316.00,EUR,
300,LH,0401,2010-12-17,00054583,00003230,0001,C,316.00,EUR,
300,AZ,0788,2011-10-25,00072285,00003466,0001,P,515.00,EUR,
300,LH,0401,2010-12-17,00054477,00000440,0001,C,316.00,EUR,
300,AZ,0788,2011-10-25,00072488,00003943,0001,P,515.00,EUR,
300,AZ,0788,2011-10-25,00072300,00001318,0001,P,515.00,EUR,
300,LH,0401,2010-12-17,00054711,00002178,0001,C,316.00,EUR,
300,AZ,0788,2011-10-25,00072423,00004513,0001,P,515.00,EUR,
300,LH,0401,2010-12-17,00054607,00000508,0001,C,316.00,EUR,
300,AZ,0788,2011-10-25,00072614,00002591,0001,P,515.00,EUR,
300,LH,0401,2010-12-17,00054543,00001576,0001,C,316.00,EUR,
300,AZ,0788,2011-10-25,00072509,00002912,0001,P,515.00,EUR,
300,LH,0401,2010-12-17,00054395,00002359,0001,C,316.00,EUR,
300,AZ,0788,2011-10-25,00072297,00001045,0001,P,515.00,EUR,
300,LH,0401,2010-12-17,00054478,00001423,0001,C,316.00,EUR,
300,AZ,0788,2011-10-25,00072306,00003783,0001,P,515.00,EUR,
300,LH,0401,2010-12-17,00054447,00003491,0001,C,316.00,EUR,
300,AZ,0788,2011-10-25,00072599,00003767,0001,P,515.00,EUR,
300,LH,0401,2010-12-17,00054684,00000552,0001,C,316.00,EUR,
300,AZ,0788,2011-10-25,00072602,00003767,0001,P,515.00,EUR,
300,LH,0401,2010-12-17,00054475,00003318,0001,C,316.00,EUR,
300,AZ,0788,2011-10-25,00072315,00002310,0001,P,515.00,EUR,
300,LH,0401,2010-12-17,00054434,00003655,0001,C,316.00,EUR,
300,AZ,0788,2011-10-25,00072357,00001390,0001,P,515.00,EUR,
300,LH,0401,2010-12-17,00054733,00000954,0001,C,316.00,EUR,
300,AZ,0788,2011-10-25,00072566,00002225,0001,P,515.00,EUR,
300,LH,0401,2010-12-17,00054528,00000954,0001,C,316.00,EUR,
300,AZ,0788,2011-10-25,00072255,00003245,0001,P,515.00,EUR,
300,LH,0401,2010-12-17,00054392,00001865,0001,C,316.00,EUR,
300,AZ,0788,2011-10-25,00072267,00003779,0001,P,515.00,EUR,
300,LH,0401,2010-12-17,00054489,00002130,0001,C,316.00,EUR,
300,AZ,0788,2011-10-25,00072560,00000020,0001,P,515.00,EUR,
300,LH,0401,2010-12-17,00054702,00003579,0001,C,316.00,EUR,
300,AZ,0788,2011-10-25,00072330,00002004,0001,P,515.00,EUR,
300,AZ,0788,2011-10-25,00072339,00004104,0001,P,515.00,EUR,
300,LH,0401,2010-12-17,00054502,00003025,0001,C,316.00,EUR,
300,AZ,0788,2011-10-25,00072459,00002021,0001,P,515.00,EUR,
300,LH,0401,2010-12-17,00054601,00000420,0001,C,316.00,EUR,
300,AZ,0788,2011-10-25,00072512,00001507,0001,P,515.00,EUR,
300,LH,0401,2010-12-17,00054600,00001094,0001,C,316.00,EUR,
300,AZ,0788,2011-10-25,00072348,00001832,0001,P,515.00,EUR,
300,LH,0401,2010-12-17,00054507,00000974,0001,C,316.00,EUR,
300,AZ,0788,2011-10-25,00072506,00003642,0001,P,515.00,EUR,
300,LH,0401,2010-12-17,00054735,00001307,0001,C,316.00,EUR,
300,AZ,0788,2011-10-25,00072551,00004068,0001,P,515.00,EUR,
300,LH,0401,2010-12-17,00054418,00004627,0001,C,316.00,EUR,
300,AZ,0788,2011-10-25,00072533,00000243,0001,P,515.00,EUR,
300,LH,0401,2010-12-17,00054703,00000059,0001,C,316.00,EUR,
300,AZ,0788,2011-10-25,00072303,00003068,0001,P,515.00,EUR,
300,LH,0401,2010-12-17,00054588,00001969,0001,C,316.00,EUR,
300,AZ,0788,2010-08-31,00046309,00001932,0001,P,515.00,EUR,
300,LH,0401,2010-12-17,00054486,00001741,0001,C,316.00,EUR,
300,LH,0401,2010-12-17,00054499,00004065,0001,C,316.00,EUR,
300,AZ,0788,2010-08-31,00046411,00003598,0001,P,515.00,EUR,
300,LH,0401,2010-12-17,00054419,00000309,0001,C,316.00,EUR,
300,AZ,0788,2010-08-31,00046497,00002522,0001,P,515.00,EUR,
300,LH,0401,2010-12-17,00054679,00000600,0001,C,316.00,EUR,
300,AZ,0788,2010-08-31,00046420,00003554,0001,P,515.00,EUR,
300,LH,0401,2010-12-17,00054592,00003298,0001,C,316.00,EUR,
300,AZ,0788,2010-08-31,00046375,00000684,0001,P,515.00,EUR,
300,LH,0401,2010-12-17,00054463,00001464,0001,C,316.00,EUR,
300,AZ,0788,2010-08-31,00046435,00003707,0001,P,515.00,EUR,
300,LH,0401,2010-12-17,00054553,00002166,0001,C,316.00,EUR,
300,AZ,0788,2010-08-31,00046288,00003482,0001,P,515.00,EUR,
300,LH,0401,2010-12-17,00054564,00001496,0001,C,316.00,EUR,
300,AZ,0788,2010-08-31,00046390,00003100,0001,P,515.00,EUR,
300,LH,0401,2010-12-17,00054510,00001781,0001,C,316.00,EUR,
300,AZ,0788,2010-08-31,00046297,00003221,0001,P,515.00,EUR,
300,LH,0401,2010-12-17,00054670,00004374,0001,C,316.00,EUR,
300,AZ,0788,2010-08-31,00046423,00001735,0001,P,515.00,EUR,
300,AZ,0788,2010-08-31,00046267,00001792,0001,P,515.00,EUR,
300,LH,0401,2010-12-17,00054549,00002567,0001,C,316.00,EUR,
300,AZ,0788,2010-08-31,00046387,00003574,0001,P,515.00,EUR,
300,LH,0401,2010-12-17,00054738,00004137,0001,C,316.00,EUR,
300,AZ,0788,2010-08-31,00046503,00002498,0001,P,515.00,EUR,
300,LH,0401,2010-12-17,00054517,00001676,0001,C,316.00,EUR,
300,AZ,0788,2010-08-31,00046333,00004582,0001,P,515.00,EUR,
300,AZ,0788,2010-08-31,00046252,00002643,0001,P,515.00,EUR,
300,LH,0401,2010-12-17,00054697,00003547,0001,C,316.00,EUR,
300,AZ,0788,2010-08-31,00046360,00002109,0001,P,515.00,EUR,
300,LH,0401,2010-12-17,00054377,00001375,0001,C,316.00,EUR,
300,AZ,0788,2010-08-31,00046243,00003321,0001,P,515.00,EUR,
300,LH,0401,2010-12-17,00054643,00004446,0001,C,316.00,EUR,
300,AZ,0788,2010-08-31,00046408,00001450,0001,P,515.00,EUR,
300,LH,0401,2010-12-17,00054676,00004125,0001,C,316.00,EUR,
300,LH,0401,2010-12-17,00054675,00004125,0001,C,316.00,EUR,
300,LH,0401,2010-12-17,00054712,00001512,0001,C,316.00,EUR,
300,AZ,0788,2010-08-31,00046312,00003128,0001,P,515.00,EUR,
300,LH,0401,2010-12-17,00054666,00001010,0001,C,316.00,EUR,
300,LH,0401,2010-12-17,00054413,00000970,0001,C,316.00,EUR,
300,AZ,0788,2010-08-31,00046366,00003462,0001,P,515.00,EUR,
300,LH,0401,2010-12-17,00054672,00003531,0001,C,316.00,EUR,
300,AZ,0788,2010-08-31,00046327,00003446,0001,P,515.00,EUR,
300,LH,0401,2010-12-17,00054383,00002740,0001,C,316.00,EUR,
300,AZ,0788,2010-08-31,00046506,00000559,0001,P,515.00,EUR,
300,LH,0401,2010-07-30,00045793,00004069,0001,C,316.00,EUR,
300,AZ,0788,2010-08-31,00046294,00002743,0001,P,515.00,EUR,
300,LH,0401,2010-07-30,00045693,00003178,0001,C,316.00,EUR,
300,AZ,0788,2010-08-31,00046255,00004433,0001,P,515.00,EUR,
300,LH,0401,2010-07-30,00045965,00003952,0001,C,316.00,EUR,
300,AZ,0788,2010-08-31,00046509,00002502,0001,P,515.00,EUR,
300,LH,0401,2010-07-30,00045807,00003146,0001,C,316.00,EUR,
300,AZ,0788,2010-08-31,00046231,00000387,0001,P,515.00,EUR,
300,LH,0401,2010-07-30,00045861,00001363,0001,C,316.00,EUR,
300,AZ,0788,2010-08-31,00046393,00001378,0001,P,515.00,EUR,
300,LH,0401,2010-07-30,00045924,00004342,0001,C,316.00,EUR,
300,AZ,0788,2010-08-31,00046488,00003052,0001,P,515.00,EUR,
300,LH,0401,2010-07-30,00045742,00004205,0001,C,316.00,EUR,
300,AZ,0788,2010-08-24,00045869,00000379,0001,P,515.00,EUR,
300,LH,0401,2010-07-30,00045876,00001945,0001,C,316.00,EUR,
300,AZ,0788,2010-08-24,00045776,00000379,0001,P,515.00,EUR,
300,LH,0401,2010-07-30,00046001,00002270,0001,C,316.00,EUR,
300,AZ,0788,2010-08-24,00045965,00003538,0001,P,515.00,EUR,
300,LH,0401,2010-07-30,00045867,00003772,0001,C,316.00,EUR,
300,AZ,0788,2010-08-24,00045929,00001683,0001,P,515.00,EUR,
300,LH,0401,2010-07-30,00045795,00003045,0001,C,316.00,EUR,
300,AZ,0788,2010-08-24,00045737,00002747,0001,P,515.00,EUR,
300,LH,0401,2010-07-30,00045733,00002475,0001,C,316.00,EUR,
300,AZ,0788,2010-08-24,00045911,00001816,0001,P,515.00,EUR,
300,LH,0401,2010-07-30,00045732,00002475,0001,C,316.00,EUR,
300,AZ,0788,2010-08-24,00046054,00001872,0001,P,515.00,EUR,
300,LH,0401,2010-07-30,00045915,00003274,0001,C,316.00,EUR,
300,AZ,0788,2010-08-24,00045716,00000018,0001,P,515.00,EUR,
300,LH,0401,2010-07-30,00045954,00003515,0001,C,316.00,EUR,
300,AZ,0788,2010-08-24,00046006,00002362,0001,P,515.00,EUR,
300,LH,0401,2010-07-30,00045877,00002660,0001,C,316.00,EUR,
300,AZ,0788,2010-08-24,00045728,00001202,0001,P,515.00,EUR,
300,LH,0401,2010-07-30,00045837,00001086,0001,C,316.00,EUR,
300,AZ,0788,2010-08-24,00045905,00002635,0001,P,515.00,EUR,
300,LH,0401,2010-07-30,00045835,00003009,0001,C,316.00,EUR,
300,AZ,0788,2010-08-24,00045710,00002811,0001,P,515.00,EUR,
300,LH,0401,2010-07-30,00045700,00002716,0001,C,316.00,EUR,
300,AZ,0788,2010-08-24,00046033,00000961,0001,P,515.00,EUR,
300,LH,0401,2010-07-30,00045942,00003820,0001,C,316.00,EUR,
300,AZ,0788,2010-08-24,00045764,00002334,0001,P,515.00,EUR,
300,LH,0401,2010-07-30,00045726,00001688,0001,C,316.00,EUR,
300,LH,0401,2010-07-30,00045781,00004534,0001,C,316.00,EUR,
300,LH,0401,2010-07-30,00045853,00001431,0001,C,316.00,EUR,
300,AZ,0788,2010-08-24,00045782,00003931,0001,P,515.00,EUR,
300,LH,0401,2010-07-30,00045766,00001745,0001,C,316.00,EUR,
300,AZ,0788,2010-08-24,00045935,00002831,0001,P,515.00,EUR,
300,LH,0401,2010-07-30,00045995,00003431,0001,C,316.00,EUR,
300,LH,0401,2010-07-30,00046019,00001801,0001,C,316.00,EUR,
300,AZ,0788,2010-08-24,00046009,00002306,0001,P,515.00,EUR,
300,LH,0401,2010-07-30,00045688,00001801,0001,C,316.00,EUR,
300,UA,3504,2010-07-02,00054594,00004513,0001,C,1319.00,USD,
300,LH,0401,2010-07-30,00045829,00001255,0001,C,316.00,EUR,
300,AZ,0788,2010-08-24,00045797,00004040,0001,P,515.00,EUR,
300,LH,0401,2010-07-30,00045859,00002242,0001,C,316.00,EUR,
300,AZ,0788,2010-08-24,00045731,00003702,0001,P,515.00,EUR,
300,DL,1699,2011-01-17,00054032,00004513,0001,C,211.00,USD,
300,LH,0401,2010-07-30,00045805,00002579,0001,C,316.00,EUR,
300,AZ,0788,2010-08-24,00046066,00001254,0001,P,515.00,EUR,
300,LH,0401,2010-07-30,00045709,00003306,0001,C,316.00,EUR,
300,SQ,0015,2011-12-07,00058523,00004513,0001,C,2320.00,SGD,
300,AZ,0788,2010-08-24,00045890,00002265,0001,P,515.00,EUR,
300,LH,0401,2010-07-30,00045825,00003306,0001,C,316.00,EUR,
300,AZ,0788,2010-08-24,00045743,00000736,0001,P,515.00,EUR,
300,LH,0401,2010-07-30,00045667,00003049,0001,C,316.00,EUR,
300,QF,0006,2010-11-03,00046792,00004513,0001,C,394.00,AUD,
300,AZ,0788,2010-08-24,00045971,00003269,0001,P,515.00,EUR,
300,LH,0401,2010-07-30,00045856,00002885,0001,C,316.00,EUR,
300,AZ,0788,2010-08-24,00046036,00004618,0001,P,515.00,EUR,
300,UA,0941,2011-09-28,00046875,00004513,0001,C,439.00,USD,
300,LH,0401,2010-07-30,00046020,00002881,0001,C,316.00,EUR,
300,AZ,0788,2010-08-24,00045842,00001876,0001,P,515.00,EUR,
300,QF,0006,2010-10-13,00045777,00004513,0001,C,394.00,AUD,
300,LH,0401,2010-07-30,00045852,00001845,0001,C,316.00,EUR,
300,AZ,0788,2010-08-24,00046069,00001085,0001,P,515.00,EUR,
300,DL,1699,2010-11-22,00050788,00004513,0001,C,211.00,USD,
300,LH,0401,2010-07-30,00045813,00001841,0001,C,316.00,EUR,
300,AZ,0788,2010-08-24,00045812,00001884,0001,P,515.00,EUR,
300,QF,0006,2010-06-09,00040277,00004513,0001,C,394.00,AUD,
300,AZ,0788,2010-08-24,00046018,00000127,0001,P,515.00,EUR,
300,LH,0401,2010-07-30,00045778,00003736,0001,C,316.00,EUR,
300,AZ,0788,2010-10-12,00048851,00000656,0001,P,515.00,EUR,
300,LH,0401,2010-07-30,00045931,00003924,0001,C,316.00,EUR,
300,DL,1984,2011-08-29,00105928,00004513,0001,C,422.00,USD,
300,AZ,0788,2010-10-12,00048953,00002587,0001,P,515.00,EUR,
300,LH,0401,2010-07-30,00045841,00003519,0001,C,316.00,EUR,
300,SQ,0067,2010-06-07,00101494,00004513,0001,C,164.00,SGD,
300,AZ,0788,2010-10-12,00048857,00003173,0001,P,515.00,EUR,
300,LH,0401,2010-07-30,00046017,00003663,0001,C,316.00,EUR,
300,AZ,0788,2010-10-12,00048968,00004293,0001,P,515.00,EUR,
300,LH,0401,2010-07-30,00045676,00003619,0001,C,316.00,EUR,
300,SQ,0015,2011-07-06,00049655,00004513,0001,C,1160.00,SGD,
300,AZ,0788,2010-10-12,00049129,00000539,0001,P,515.00,EUR,
300,LH,0401,2010-07-30,00045789,00001528,0001,C,316.00,EUR,
300,LH,0401,2010-07-30,00045984,00001632,0001,C,316.00,EUR,
300,AZ,0788,2010-10-12,00048905,00000648,0001,P,515.00,EUR,
300,SQ,0067,2010-08-23,00105952,00004513,0001,C,164.00,SGD,
300,LH,0401,2010-07-30,00045687,00004402,0001,C,316.00,EUR,
300,AZ,0788,2010-10-12,00048962,00002775,0001,P,515.00,EUR,
300,LH,0401,2010-07-30,00046032,00001367,0001,C,316.00,EUR,
300,AZ,0788,2010-10-12,00048896,00003650,0001,P,515.00,EUR,
300,UA,3516,2011-09-28,00122937,00004513,0001,C,305.00,USD,
300,LH,0401,2010-07-30,00046010,00001716,0001,C,316.00,EUR,
300,AZ,0788,2010-10-12,00049063,00003482,0001,P,515.00,EUR,
300,AZ,0788,2010-10-12,00048899,00001238,0001,P,515.00,EUR,
300,LH,0401,2010-07-30,00045724,00000026,0001,C,316.00,EUR,
300,AZ,0788,2010-10-12,00048926,00004550,0001,P,515.00,EUR,
300,AZ,0788,2010-10-12,00048833,00004349,0001,P,515.00,EUR,
300,LH,0401,2010-07-30,00045760,00000165,0001,C,316.00,EUR,
300,UA,3516,2011-01-25,00106677,00004513,0001,C,305.00,USD,
300,AZ,0788,2010-10-12,00049045,00002880,0001,P,515.00,EUR,
300,AZ,0788,2010-10-12,00048959,00003723,0001,P,515.00,EUR,
300,LH,0401,2010-07-30,00045865,00004085,0001,C,316.00,EUR,
300,DL,1984,2011-08-29,00106089,00004513,0001,C,211.00,USD,
300,AZ,0788,2010-10-12,00049012,00000363,0001,P,515.00,EUR,
300,LH,0401,2010-07-30,00045747,00001026,0001,C,316.00,EUR,
300,AZ,0788,2010-10-12,00048779,00003959,0001,P,515.00,EUR,
300,UA,3516,2011-05-10,00113115,00004513,0001,C,305.00,USD,
300,AZ,0788,2010-10-12,00048887,00001105,0001,P,515.00,EUR,
300,LH,0401,2010-07-30,00045999,00002909,0001,C,316.00,EUR,
300,UA,3517,2011-06-13,00154275,00004513,0001,C,305.00,USD,
300,AZ,0788,2010-10-12,00048956,00002948,0001,P,515.00,EUR,
300,AZ,0788,2010-10-12,00049126,00001571,0001,P,515.00,EUR,
300,LH,0401,2010-07-30,00045753,00003483,0001,C,316.00,EUR,
300,SQ,0114,2011-09-12,00146287,00004513,0001,C,357.00,SGD,
300,AZ,0788,2010-10-12,00048791,00001089,0001,P,515.00,EUR,
300,LH,0401,2010-07-30,00045682,00003671,0001,C,316.00,EUR,
300,AZ,0788,2010-10-12,00048985,00004429,0001,P,515.00,EUR,
300,SQ,0117,2010-06-07,00150172,00004513,0001,C,178.00,SGD,
300,AZ,0788,2010-10-12,00048944,00003955,0001,P,515.00,EUR,
300,LH,0401,2010-07-30,00045738,00001371,0001,C,316.00,EUR,
300,SQ,0117,2011-04-25,00161546,00004513,0001,C,178.00,SGD,
300,AZ,0788,2010-10-12,00048842,00001547,0001,P,515.00,EUR,
300,LH,0401,2010-07-30,00045739,00002347,0001,C,316.00,EUR,
300,AZ,0788,2010-10-12,00049141,00004104,0001,P,515.00,EUR,
300,SQ,0117,2011-08-01,00165124,00004513,0001,C,178.00,SGD,
300,AZ,0788,2010-10-12,00048950,00000527,0001,P,515.00,EUR,
300,LH,0401,2010-07-30,00045858,00001540,0001,C,316.00,EUR,
300,AZ,0788,2010-10-12,00048863,00002470,0001,P,515.00,EUR,
300,UA,3517,2010-08-02,00134603,00004513,0001,C,305.00,USD,
300,LH,0401,2010-07-30,00045817,00004169,0001,C,316.00,EUR,
300,AZ,0788,2010-10-12,00048929,00003261,0001,P,515.00,EUR,
300,UA,3517,2010-12-20,00143302,00004513,0001,C,305.00,USD,
300,AZ,0788,2010-10-12,00049054,00003887,0001,P,515.00,EUR,
300,LH,0401,2010-07-30,00045736,00002411,0001,C,316.00,EUR,
300,AZ,0788,2010-05-04,00038806,00001900,0001,P,515.00,EUR,
300,SQ,0066,2011-03-21,00081104,00004513,0001,C,164.00,SGD,
300,AZ,0788,2010-05-04,00038797,00002924,0001,P,515.00,EUR,
300,LH,0401,2010-07-30,00045910,00000348,0001,C,316.00,EUR,
300,SQ,0066,2010-12-13,00075173,00004513,0001,C,164.00,SGD,
300,AZ,0788,2010-05-04,00038878,00004341,0001,P,515.00,EUR,
300,LH,0401,2010-07-30,00045730,00003728,0001,C,316.00,EUR,
300,AZ,0788,2010-05-04,00038932,00002434,0001,P,515.00,EUR,
300,UA,3516,2010-04-27,00089662,00004513,0001,C,305.00,USD,
300,AZ,0788,2010-05-04,00039105,00002109,0001,P,515.00,EUR,
300,LH,0401,2010-07-30,00045971,00003077,0001,C,316.00,EUR,
300,AA,0064,2011-11-25,00086866,00004513,0001,C,211.00,USD,
300,AZ,0788,2010-05-04,00038794,00001450,0001,P,515.00,EUR,
300,LH,0401,2010-07-30,00045661,00002808,0001,C,316.00,EUR,
300,AZ,0788,2010-05-04,00039009,00002546,0001,P,515.00,EUR,
300,AA,0064,2010-08-20,00070366,00004513,0001,C,211.00,USD,
300,AZ,0788,2010-05-04,00038845,00004256,0001,P,515.00,EUR,
300,LH,0401,2010-07-30,00045810,00004390,0001,C,316.00,EUR,
300,DL,1699,2011-08-08,00066640,00004513,0001,C,634.00,USD,
300,AZ,0788,2010-05-04,00039102,00001069,0001,P,515.00,EUR,
300,LH,0401,2010-07-30,00045850,00001223,0001,C,316.00,EUR,
300,DL,1984,2011-03-21,00096150,00004513,0001,C,211.00,USD,
300,LH,0401,2010-07-30,00045798,00000400,0001,C,316.00,EUR,
300,SQ,0067,2010-06-28,00102679,00004513,0001,C,164.00,SGD,
300,LH,0401,2010-07-30,00045691,00000496,0001,C,316.00,EUR,
300,SQ,0066,2011-10-17,00094157,00004513,0001,C,164.00,SGD,
300,LH,0401,2010-07-30,00045826,00000568,0001,C,316.00,EUR,
300,UA,3516,2010-10-05,00099687,00004513,0001,C,305.00,USD,
300,LH,0401,2010-07-30,00045957,00004382,0001,C,316.00,EUR,
300,SQ,0866,2010-07-01,00306043,00004513,0001,C,256.00,SGD,
300,LH,0401,2011-09-09,00071567,00000677,0001,C,316.00,EUR,
300,LH,0401,2011-09-09,00071582,00004615,0001,C,316.00,EUR,
300,SQ,0326,2010-12-17,00263133,00004513,0001,C,2606.00,SGD,
300,LH,0401,2011-09-09,00071427,00001476,0001,C,316.00,EUR,
300,SQ,0866,2010-10-21,00313070,00004513,0001,C,256.00,SGD,
300,LH,0401,2011-09-09,00071559,00004486,0001,C,316.00,EUR,
300,SQ,0866,2011-09-01,00332639,00004513,0001,C,256.00,SGD,
300,LH,0401,2011-09-09,00071639,00004486,0001,C,316.00,EUR,
300,SQ,0866,2011-10-27,00336253,00004513,0001,C,256.00,SGD,
300,LH,0401,2011-09-09,00071705,00002106,0001,C,316.00,EUR,
300,SQ,0866,2011-09-29,00334221,00004513,0001,C,769.00,SGD,
300,LH,0401,2011-09-09,00071486,00004089,0001,C,316.00,EUR,
300,SQ,0863,2010-07-28,00283218,00004513,0001,C,256.00,SGD,
300,LH,0401,2011-09-09,00071546,00003667,0001,C,316.00,EUR,
300,SQ,0863,2010-07-28,00283226,00004513,0001,C,256.00,SGD,
300,LH,0401,2011-09-09,00071708,00002471,0001,C,316.00,EUR,
300,SQ,0863,2010-06-23,00281874,00004513,0001,C,769.00,SGD,
300,LH,0401,2011-09-09,00071583,00002608,0001,C,316.00,EUR,
300,SQ,0863,2010-11-10,00287011,00004513,0001,C,256.00,SGD,
300,LH,0401,2011-09-09,00071726,00001821,0001,C,316.00,EUR,
300,SQ,0863,2010-09-22,00285295,00004513,0001,C,256.00,SGD,
300,LH,0401,2011-09-09,00071780,00003964,0001,C,316.00,EUR,
300,SQ,0326,2011-09-16,00275437,00004513,0001,C,868.00,SGD,
300,LH,0401,2011-09-09,00071516,00001207,0001,C,316.00,EUR,
300,SQ,0997,2011-01-14,00394906,00004513,0001,C,455.00,SGD,
300,LH,0401,2011-09-09,00071712,00000039,0001,C,316.00,EUR,
300,SQ,0997,2010-08-13,00385086,00004513,0001,C,455.00,SGD,
300,LH,0401,2011-09-09,00071730,00002929,0001,C,316.00,EUR,
300,SQ,0997,2010-08-13,00385040,00004513,0001,C,455.00,SGD,
300,LH,0401,2011-09-09,00071564,00002062,0001,C,316.00,EUR,
300,SQ,0997,2011-10-14,00411535,00004513,0001,C,455.00,SGD,
300,LH,0401,2011-09-09,00071453,00004571,0001,C,316.00,EUR,
300,LH,0401,2011-09-09,00071706,00004302,0001,C,316.00,EUR,
300,SQ,0997,2011-04-29,00401055,00004513,0001,C,910.00,SGD,
300,LH,0401,2011-09-09,00071772,00002925,0001,C,316.00,EUR,
300,SQ,0997,2011-02-18,00396832,00004513,0001,C,455.00,SGD,
300,LH,0401,2011-09-09,00071577,00001568,0001,C,316.00,EUR,
300,SQ,0997,2011-03-18,00398619,00004513,0001,C,455.00,SGD,
300,LH,0401,2011-09-09,00071786,00000131,0001,C,316.00,EUR,
300,SQ,0997,2011-05-27,00403017,00004513,0001,C,455.00,SGD,
300,LH,0401,2011-09-09,00071762,00003920,0001,C,316.00,EUR,
300,SQ,0988,2011-01-27,00356894,00004513,0001,C,455.00,SGD,
300,LH,0401,2011-09-09,00071628,00000657,0001,C,316.00,EUR,
300,SQ,0988,2010-06-17,00342799,00004513,0001,C,455.00,SGD,
300,LH,0401,2011-09-09,00071783,00002748,0001,C,316.00,EUR,
300,SQ,0988,2010-05-06,00340076,00004513,0001,C,910.00,SGD,
300,LH,0401,2011-09-09,00071619,00002431,0001,C,316.00,EUR,
300,SQ,0988,2010-07-01,00343817,00004513,0001,C,455.00,SGD,
300,LH,0401,2011-09-09,00071715,00001576,0001,C,316.00,EUR,
300,LH,0401,2011-09-09,00071652,00004141,0001,C,316.00,EUR,
300,SQ,0988,2010-07-01,00343688,00004513,0001,C,455.00,SGD,
300,LH,0401,2011-09-09,00071775,00000633,0001,C,316.00,EUR,
300,SQ,0988,2011-08-04,00368422,00004513,0001,C,1365.00,SGD,
300,LH,0401,2011-09-09,00071523,00000633,0001,C,316.00,EUR,
300,SQ,0988,2011-12-29,00376476,00004513,0001,C,455.00,SGD,
300,LH,0401,2011-09-09,00071751,00000552,0001,C,316.00,EUR,
300,SQ,0988,2011-11-03,00374052,00004513,0001,C,910.00,SGD,
300,LH,0401,2011-09-09,00071607,00001961,0001,C,316.00,EUR,
300,SQ,0988,2011-06-02,00364847,00004513,0001,C,455.00,SGD,
300,LH,0401,2011-09-09,00071760,00002022,0001,C,316.00,EUR,
300,UA,3517,2011-07-25,00156542,00004513,0001,C,305.00,USD,
300,LH,0401,2011-09-09,00071610,00001102,0001,C,316.00,EUR,
300,LH,0401,2011-09-09,00071597,00001054,0001,C,316.00,EUR,
300,LH,0401,2011-09-09,00071591,00001130,0001,C,316.00,EUR,
300,UA,3517,2011-10-10,00162156,00004513,0001,C,916.00,USD,
300,LH,0401,2011-09-09,00071682,00002881,0001,C,316.00,EUR,
300,UA,3517,2011-09-28,00161632,00004513,0001,C,305.00,USD,
300,LH,0401,2011-09-09,00071702,00002861,0001,C,316.00,EUR,
300,SQ,0114,2011-11-07,00147562,00004513,0001,C,178.00,SGD,
300,LH,0401,2011-09-09,00071543,00002218,0001,C,316.00,EUR,
300,UA,3517,2011-04-25,00151045,00004513,0001,C,305.00,USD,
300,LH,0401,2011-09-09,00071769,00002234,0001,C,316.00,EUR,
300,SQ,0158,2010-11-16,00177832,00004513,0001,C,247.00,SGD,
300,LH,0401,2011-09-09,00071735,00002234,0001,C,316.00,EUR,
300,SQ,0117,2011-10-03,00167308,00004513,0001,C,178.00,SGD,
300,LH,0401,2011-09-09,00071724,00003366,0001,C,316.00,EUR,
300,SQ,0117,2011-09-19,00166639,00004513,0001,C,357.00,SGD,
300,LH,0401,2011-09-09,00071771,00003876,0001,C,316.00,EUR,
300,SQ,0158,2010-06-08,00171972,00004513,0001,C,247.00,SGD,
300,LH,0401,2011-09-09,00071765,00003507,0001,C,316.00,EUR,
300,SQ,0158,2010-06-08,00172007,00004513,0001,C,247.00,SGD,
300,LH,0401,2011-09-09,00071475,00003507,0001,C,316.00,EUR,
300,SQ,0067,2011-03-07,00118250,00004513,0001,C,164.00,SGD,
300,LH,0401,2011-09-09,00071451,00003033,0001,C,316.00,EUR,
300,SQ,0067,2011-06-20,00124963,00004513,0001,C,164.00,SGD,
300,LH,0401,2011-09-09,00071736,00002684,0001,C,316.00,EUR,
300,SQ,0067,2011-04-25,00121481,00004513,0001,C,164.00,SGD,
300,LH,0401,2011-09-09,00071697,00004430,0001,C,316.00,EUR,
300,UA,3516,2011-05-03,00112887,00004513,0001,C,305.00,USD,
300,LH,0401,2011-09-09,00071508,00001283,0001,C,316.00,EUR,
300,UA,3516,2012-03-13,00128057,00004513,0001,C,305.00,USD,
300,LH,0401,2011-09-09,00071787,00004398,0001,C,316.00,EUR,
300,SQ,0067,2011-08-01,00127517,00004513,0001,C,164.00,SGD,
300,LH,0401,2011-09-09,00071642,00001877,0001,C,316.00,EUR,
300,SQ,0067,2011-12-05,00134454,00004513,0001,C,164.00,SGD,
300,LH,0401,2011-09-09,00071460,00001973,0001,C,316.00,EUR,
300,SQ,0325,2011-03-16,00234814,00004513,0001,C,868.00,SGD,
300,LH,0401,2011-09-09,00071756,00002848,0001,C,316.00,EUR,
300,SQ,0325,2011-01-26,00231585,00004513,0001,C,868.00,SGD,
300,LH,0401,2011-09-09,00071643,00000894,0001,C,316.00,EUR,
300,SQ,0325,2011-06-22,00240891,00004513,0001,C,868.00,SGD,
300,LH,0401,2011-09-09,00071547,00004057,0001,C,316.00,EUR,
300,SQ,0325,2010-12-29,00230215,00004513,0001,C,868.00,SGD,
300,LH,0401,2011-09-09,00071519,00001158,0001,C,316.00,EUR,
300,SQ,0325,2010-12-15,00229113,00004513,0001,C,868.00,SGD,
300,LH,0401,2011-09-09,00071802,00001134,0001,C,316.00,EUR,
300,SQ,0326,2010-06-25,00255597,00004513,0001,C,868.00,SGD,
300,LH,0401,2011-09-09,00071498,00003900,0001,C,316.00,EUR,
300,SQ,0326,2010-06-11,00254898,00004513,0001,C,868.00,SGD,
300,LH,0401,2011-09-09,00071795,00003154,0001,C,316.00,EUR,
300,SQ,0326,2010-06-18,00255100,00004513,0001,C,868.00,SGD,
300,LH,0401,2011-09-09,00071744,00002515,0001,C,316.00,EUR,
300,SQ,0161,2010-12-21,00200927,00004513,0001,C,247.00,SGD,
300,LH,0401,2011-09-09,00071493,00001813,0001,C,316.00,EUR,
300,SQ,0158,2012-01-03,00191514,00004513,0001,C,247.00,SGD,
300,LH,0401,2011-09-09,00071732,00001604,0001,C,316.00,EUR,
300,SQ,0325,2010-05-05,00215413,00004513,0001,C,868.00,SGD,
300,LH,0401,2011-09-09,00071535,00002443,0001,C,316.00,EUR,
300,SQ,0161,2011-03-29,00204392,00004513,0001,C,247.00,SGD,
300,LH,0401,2011-09-09,00071483,00003716,0001,C,316.00,EUR,
300,QF,0005,2010-12-24,00015499,00000023,0001,C,335.00,AUD,
300,LH,0401,2011-09-09,00071651,00004370,0001,C,316.00,EUR,
300,QF,0005,2010-12-10,00014460,00000023,0001,C,335.00,AUD,
300,UA,0941,2011-01-06,00037105,00000023,0001,C,373.00,USD,
300,LH,0401,2011-09-09,00071688,00002371,0001,C,316.00,EUR,
300,JL,0408,2010-11-06,00034290,00000023,0001,C,451.00,JPY,
300,LH,0401,2011-09-09,00071754,00001620,0001,C,316.00,EUR,
300,QF,0005,2010-10-15,00010999,00000023,0001,C,335.00,AUD,
300,LH,0401,2011-09-09,00071465,00001548,0001,C,316.00,EUR,
300,JL,0408,2011-04-02,00039440,00000023,0001,C,451.00,JPY,
300,LH,0401,2011-09-09,00071477,00002788,0001,C,316.00,EUR,
300,QF,0005,2012-03-02,00037467,00000023,0001,C,335.00,AUD,
300,LH,0401,2011-09-09,00071691,00000171,0001,C,316.00,EUR,
300,UA,0007,2011-01-22,00012248,00000023,0001,C,179.00,USD,
300,LH,0401,2011-10-07,00073669,00003178,0001,C,316.00,EUR,
300,JL,0408,2011-02-26,00038287,00000023,0001,C,451.00,JPY,
300,LH,0401,2011-10-07,00073736,00001737,0001,C,316.00,EUR,
300,JL,0407,2011-02-04,00012781,00000023,0001,C,451.00,JPY,
300,LH,0401,2011-10-07,00073790,00003266,0001,C,316.00,EUR,
300,QF,0005,2011-06-03,00025410,00000023,0001,C,335.00,AUD,
300,LH,0401,2011-10-07,00073894,00001018,0001,C,316.00,EUR,
300,DL,0106,2011-04-18,00022602,00000023,0001,C,259.00,USD,
300,LH,0401,2011-10-07,00073847,00003459,0001,C,316.00,EUR,
300,QF,0005,2010-07-02,00004784,00000023,0001,C,335.00,AUD,
300,LH,0401,2011-10-07,00073778,00003190,0001,C,316.00,EUR,
300,QF,0006,2010-09-22,00044978,00000023,0001,C,335.00,AUD,
300,LH,0401,2011-10-07,00073975,00004354,0001,C,316.00,EUR,
300,QF,0005,2010-05-14,00001614,00000023,0001,C,335.00,AUD,
300,LH,0401,2011-10-07,00073950,00001749,0001,C,316.00,EUR,
300,UA,0941,2011-11-03,00048371,00000023,0001,C,373.00,USD,
300,LH,0401,2011-10-07,00073789,00003567,0001,C,316.00,EUR,
300,QF,0005,2010-05-21,00001964,00000023,0001,C,335.00,AUD,
300,LH,0401,2011-10-07,00073711,00001211,0001,C,316.00,EUR,
300,UA,0941,2011-09-22,00046494,00000023,0001,C,373.00,USD,
300,LH,0401,2011-10-07,00073774,00002929,0001,C,316.00,EUR,
300,AA,0017,2010-09-08,00008939,00000023,0001,C,179.00,USD,
300,LH,0401,2011-10-07,00073859,00000817,0001,C,316.00,EUR,
300,DL,1699,2010-07-12,00042215,00000023,0001,C,539.00,USD,
300,LH,0401,2011-10-07,00073679,00002716,0001,C,316.00,EUR,
300,QF,0005,2010-08-20,00007608,00000023,0001,C,335.00,AUD,
300,LH,0401,2011-10-07,00073717,00001014,0001,C,316.00,EUR,
300,DL,1699,2010-09-13,00046343,00000023,0001,C,179.00,USD,
300,LH,0401,2011-10-07,00073928,00002925,0001,C,316.00,EUR,
300,DL,1699,2010-11-22,00050602,00000023,0001,C,179.00,USD,
300,LH,0401,2011-10-07,00073655,00000376,0001,C,316.00,EUR,
300,QF,0005,2011-07-01,00027071,00000023,0001,C,335.00,AUD,
300,LH,0401,2011-10-07,00073769,00001664,0001,C,316.00,EUR,
300,DL,1699,2010-08-02,00043547,00000023,0001,C,179.00,USD,
300,LH,0401,2011-10-07,00073706,00000131,0001,C,316.00,EUR,
300,QF,0005,2011-11-11,00035197,00000023,0001,C,670.00,AUD,
300,LH,0401,2011-10-07,00073727,00004033,0001,C,316.00,EUR,
300,LH,0401,2011-10-07,00073959,00004498,0001,C,316.00,EUR,
300,SQ,0015,2010-12-08,00036652,00000023,0001,C,986.00,SGD,
300,LH,0401,2011-10-07,00073906,00001801,0001,C,316.00,EUR,
300,QF,0005,2011-12-02,00036095,00000023,0001,C,670.00,AUD,
300,LH,0401,2011-10-07,00073840,00003374,0001,C,316.00,EUR,
300,DL,1699,2010-08-30,00045319,00000023,0001,C,179.00,USD,
300,LH,0401,2011-10-07,00073813,00002242,0001,C,316.00,EUR,
300,UA,0941,2011-02-17,00038639,00000023,0001,C,373.00,USD,
300,LH,0401,2011-10-07,00073748,00001736,0001,C,316.00,EUR,
300,DL,1699,2010-12-20,00052380,00000023,0001,C,179.00,USD,
300,LH,0401,2011-10-07,00073763,00003475,0001,C,316.00,EUR,
300,DL,1699,2010-08-16,00044685,00000023,0001,C,179.00,USD,
300,LH,0401,2011-10-07,00073721,00003993,0001,C,316.00,EUR,
300,UA,0007,2010-10-23,00008216,00000023,0001,C,179.00,USD,
300,LH,0401,2011-10-07,00073801,00004025,0001,C,316.00,EUR,
300,JL,0407,2011-03-04,00014104,00000023,0001,C,451.00,JPY,
300,LH,0401,2011-10-07,00073618,00003354,0001,C,316.00,EUR,
300,SQ,0015,2011-11-09,00057651,00000023,0001,C,986.00,SGD,
300,LH,0401,2011-10-07,00073889,00004583,0001,C,316.00,EUR,
300,JL,0407,2010-05-28,00001574,00000023,0001,C,902.00,JPY,
300,LH,0401,2011-10-07,00073723,00000241,0001,C,316.00,EUR,
300,SQ,0015,2011-10-19,00056215,00000023,0001,C,986.00,SGD,
300,LH,0401,2011-10-07,00073968,00000954,0001,C,316.00,EUR,
300,QF,0005,2011-03-11,00020364,00000023,0001,C,335.00,AUD,
300,LH,0401,2011-10-07,00073654,00001825,0001,C,316.00,EUR,
300,DL,0106,2011-04-25,00022813,00000023,0001,C,259.00,USD,
300,LH,0401,2011-10-07,00073652,00001825,0001,C,316.00,EUR,
300,JL,0407,2011-10-14,00024053,00000023,0001,C,451.00,JPY,
300,DL,0106,2011-06-13,00025843,00000023,0001,C,259.00,USD,
300,LH,0401,2011-10-07,00073660,00002780,0001,C,316.00,EUR,
300,AA,0026,2011-10-12,00062638,00000023,0001,C,259.00,USD,
300,LH,0401,2011-10-07,00073756,00004506,0001,C,316.00,EUR,
300,UA,3504,2011-07-29,00079024,00000023,0001,C,373.00,USD,
300,LH,0401,2011-10-07,00073883,00003125,0001,C,316.00,EUR,
300,LH,0401,2011-10-07,00073981,00004270,0001,C,316.00,EUR,
300,DL,1984,2010-09-20,00084791,00000023,0001,C,179.00,USD,
300,LH,0401,2011-10-07,00073895,00003543,0001,C,316.00,EUR,
300,UA,3504,2011-09-28,00083702,00000023,0001,C,373.00,USD,
300,UA,3516,2010-08-31,00097326,00000023,0001,C,259.00,USD,
300,LH,0401,2011-10-07,00073757,00001279,0001,C,316.00,EUR,
300,AA,0017,2011-07-13,00028241,00000023,0001,C,179.00,USD,
300,LH,0401,2011-10-07,00073666,00001199,0001,C,316.00,EUR,
300,LH,0401,2011-10-07,00073693,00001367,0001,C,316.00,EUR,
300,QF,0005,2011-07-08,00027747,00000023,0001,C,335.00,AUD,
300,LH,0401,2011-10-07,00073912,00000031,0001,C,316.00,EUR,
300,AA,0017,2011-03-23,00021052,00000023,0001,C,179.00,USD,
300,LH,0401,2011-10-07,00073953,00001989,0001,C,316.00,EUR,
300,DL,1984,2011-07-11,00102955,00000023,0001,C,179.00,USD,
300,LH,0401,2011-10-07,00073832,00003776,0001,C,316.00,EUR,
300,AA,0017,2011-11-09,00035414,00000023,0001,C,179.00,USD,
300,LH,0401,2011-10-07,00073913,00003864,0001,C,316.00,EUR,
300,AA,0017,2010-08-04,00006750,00000023,0001,C,179.00,USD,
300,LH,0401,2011-10-07,00073640,00003370,0001,C,316.00,EUR,
300,AA,0017,2010-08-04,00006768,00000023,0001,C,179.00,USD,
300,LH,0401,2011-10-07,00073762,00003382,0001,C,316.00,EUR,
300,LH,0401,2011-10-07,00073682,00003410,0001,C,316.00,EUR,
300,AA,0017,2010-09-15,00009387,00000023,0001,C,179.00,USD,
300,LH,0401,2011-10-07,00073892,00000556,0001,C,316.00,EUR,
300,UA,0007,2010-06-12,00002345,00000023,0001,C,179.00,USD,
300,LH,0401,2011-10-07,00073915,00003451,0001,C,316.00,EUR,
300,JL,0407,2011-04-01,00015426,00000023,0001,C,451.00,JPY,
300,LH,0401,2011-10-07,00073956,00004049,0001,C,316.00,EUR,
300,DL,1984,2011-09-19,00107419,00000023,0001,C,179.00,USD,
300,LH,0401,2011-10-07,00073771,00002190,0001,C,316.00,EUR,
300,LH,0401,2011-10-07,00073631,00001415,0001,C,316.00,EUR,
300,UA,3516,2011-02-15,00107820,00000023,0001,C,259.00,USD,
300,LH,0401,2011-10-07,00073687,00002443,0001,C,316.00,EUR,
300,AA,0026,2011-09-07,00061180,00000023,0001,C,259.00,USD,
300,LH,0401,2011-10-07,00073613,00001720,0001,C,316.00,EUR,
300,DL,1699,2011-04-04,00059002,00000023,0001,C,179.00,USD,
300,LH,0401,2011-10-07,00073962,00001552,0001,C,316.00,EUR,
300,UA,0941,2011-10-13,00047549,00000023,0001,C,373.00,USD,
300,LH,0401,2011-10-07,00073796,00004282,0001,C,316.00,EUR,
300,LH,0401,2011-10-07,00073852,00002712,0001,C,316.00,EUR,
300,AA,0026,2010-11-24,00048384,00000023,0001,C,259.00,USD,
300,LH,0401,2011-10-07,00073634,00003639,0001,C,316.00,EUR,
300,LH,0401,2011-10-07,00073825,00001351,0001,C,316.00,EUR,
300,AA,0026,2010-05-12,00039744,00000023,0001,C,259.00,USD,
300,LH,0401,2011-10-07,00073619,00003001,0001,C,316.00,EUR,
300,LH,0401,2011-10-07,00073900,00003001,0001,C,316.00,EUR,
300,UA,3504,2012-03-30,00088895,00000023,0001,C,373.00,USD,
300,LH,0401,2011-10-07,00073963,00001162,0001,C,316.00,EUR,
300,LH,0401,2011-10-07,00073855,00003166,0001,C,316.00,EUR,
300,SQ,0067,2011-04-25,00121308,00000023,0001,C,139.00,SGD,
300,LH,0401,2011-10-07,00073715,00001419,0001,C,316.00,EUR,
300,SQ,0067,2011-05-30,00123281,00000023,0001,C,279.00,SGD,
300,LH,0401,2011-10-07,00073907,00001953,0001,C,316.00,EUR,
300,DL,1984,2011-10-03,00108352,00000023,0001,C,179.00,USD,
300,LH,0401,2011-10-07,00073615,00001977,0001,C,316.00,EUR,
300,SQ,0067,2010-08-16,00105579,00000023,0001,C,139.00,SGD,
300,LH,0401,2011-10-07,00073977,00000592,0001,C,316.00,EUR,
300,UA,3516,2011-05-03,00112675,00000023,0001,C,259.00,USD,
300,LH,0401,2011-10-07,00073838,00003888,0001,C,316.00,EUR,
300,SQ,0117,2010-11-08,00155431,00000023,0001,C,455.00,SGD,
300,UA,3517,2011-02-14,00146769,00000023,0001,C,259.00,USD,
300,LH,0401,2011-01-14,00056447,00003952,0001,C,316.00,EUR,
300,UA,3517,2011-04-11,00150043,00000023,0001,C,259.00,USD,
300,LH,0401,2011-01-14,00056326,00004422,0001,C,316.00,EUR,
300,SQ,0117,2011-05-09,00161988,00000023,0001,C,151.00,SGD,
300,SQ,0117,2011-05-09,00162061,00000023,0001,C,151.00,SGD,
300,LH,0401,2011-01-14,00056335,00002604,0001,C,316.00,EUR,
300,UA,3517,2010-08-16,00135606,00000023,0001,C,259.00,USD,
300,SQ,0114,2010-08-16,00138202,00000023,0001,C,151.00,SGD,
300,LH,0401,2011-01-14,00056340,00003724,0001,C,316.00,EUR,
300,AA,0064,2011-07-22,00082495,00000023,0001,C,179.00,USD,
300,DL,1984,2011-01-17,00092104,00000023,0001,C,539.00,USD,
300,LH,0401,2011-01-14,00056298,00003724,0001,C,316.00,EUR,
300,UA,3504,2010-08-27,00058471,00000023,0001,C,373.00,USD,
300,LH,0401,2011-01-14,00056398,00002844,0001,C,316.00,EUR,
300,UA,3504,2010-06-11,00053306,00000023,0001,C,373.00,USD,
300,LH,0401,2011-01-14,00056459,00001018,0001,C,316.00,EUR,
300,AA,0064,2010-10-15,00072405,00000023,0001,C,179.00,USD,
300,LH,0401,2011-01-14,00056466,00001997,0001,C,316.00,EUR,
300,UA,3504,2010-10-01,00060360,00000023,0001,C,373.00,USD,
300,LH,0401,2011-01-14,00056477,00004486,0001,C,316.00,EUR,
300,AA,0026,2011-09-28,00061971,00000023,0001,C,259.00,USD,
300,LH,0401,2011-01-14,00056179,00004354,0001,C,316.00,EUR,
300,UA,3516,2010-10-19,00100600,00000023,0001,C,259.00,USD,
300,LH,0401,2011-01-14,00056332,00004274,0001,C,316.00,EUR,
300,SQ,0066,2012-01-02,00097010,00000023,0001,C,139.00,SGD,
300,LH,0401,2011-01-14,00056361,00003402,0001,C,316.00,EUR,
300,UA,3516,2010-08-31,00097572,00000023,0001,C,259.00,USD,
300,SQ,0866,2010-12-16,00316349,00000023,0001,C,654.00,SGD,
300,LH,0401,2011-01-14,00056244,00003214,0001,C,316.00,EUR,
300,SQ,0866,2010-09-09,00310400,00000023,0001,C,218.00,SGD,
300,LH,0401,2011-01-14,00056344,00000705,0001,C,316.00,EUR,
300,SQ,0866,2010-08-19,00309181,00000023,0001,C,218.00,SGD,
300,LH,0401,2011-01-14,00056313,00003567,0001,C,316.00,EUR,
300,SQ,0866,2010-09-02,00309918,00000023,0001,C,218.00,SGD,
300,LH,0401,2011-01-14,00056472,00002062,0001,C,316.00,EUR,
300,SQ,0866,2011-07-07,00329307,00000023,0001,C,218.00,SGD,
300,LH,0401,2011-01-14,00056173,00003515,0001,C,316.00,EUR,
300,SQ,0866,2011-10-27,00335925,00000023,0001,C,436.00,SGD,
300,SQ,0866,2011-10-06,00334748,00000023,0001,C,218.00,SGD,
300,LH,0401,2011-01-14,00056483,00003427,0001,C,316.00,EUR,
300,LH,0401,2011-01-14,00056227,00002672,0001,C,316.00,EUR,
300,SQ,0866,2011-02-03,00319745,00000023,0001,C,218.00,SGD,
300,LH,0401,2011-01-14,00056444,00002628,0001,C,316.00,EUR,
300,SQ,0866,2011-03-31,00323179,00000023,0001,C,218.00,SGD,
300,SQ,0866,2011-03-10,00321937,00000023,0001,C,218.00,SGD,
300,LH,0401,2011-01-14,00056433,00001303,0001,C,316.00,EUR,
300,SQ,0863,2010-11-24,00287513,00000023,0001,C,218.00,SGD,
300,LH,0401,2011-01-14,00056397,00002005,0001,C,316.00,EUR,
300,SQ,0863,2010-10-13,00285907,00000023,0001,C,218.00,SGD,
300,LH,0401,2011-01-14,00056352,00000085,0001,C,316.00,EUR,
300,AZ,0788,2010-05-04,00038968,00001161,0001,P,515.00,EUR,
300,SQ,0863,2010-09-22,00285265,00000023,0001,C,218.00,SGD,
300,LH,0401,2011-01-14,00056281,00004033,0001,C,316.00,EUR,
300,AZ,0788,2010-05-04,00039090,00002225,0001,P,515.00,EUR,
300,SQ,0326,2011-12-30,00278802,00000023,0001,C,738.00,SGD,
300,AZ,0788,2010-05-04,00039021,00001952,0001,P,515.00,EUR,
300,LH,0401,2011-01-14,00056428,00000588,0001,C,316.00,EUR,
300,SQ,0863,2011-11-30,00300523,00000023,0001,C,218.00,SGD,
300,AZ,0788,2010-05-04,00038803,00000724,0001,P,515.00,EUR,
300,SQ,0863,2011-08-17,00296943,00000023,0001,C,218.00,SGD,
300,AZ,0788,2010-05-04,00038884,00003674,0001,P,515.00,EUR,
300,LH,0401,2011-01-14,00056320,00003218,0001,C,316.00,EUR,
300,AZ,0788,2010-05-04,00039045,00001222,0001,P,515.00,EUR,
300,SQ,0863,2012-04-25,00301427,00000023,0001,C,436.00,SGD,
300,LH,0401,2011-01-14,00056247,00002571,0001,C,316.00,EUR,
300,AZ,0788,2010-05-04,00038827,00000969,0001,P,515.00,EUR,
300,SQ,0997,2010-10-15,00389197,00000023,0001,C,386.00,SGD,
300,AZ,0788,2010-05-04,00038851,00003289,0001,P,515.00,EUR,
300,LH,0401,2011-01-14,00056160,00003354,0001,C,316.00,EUR,
300,AZ,0788,2010-05-04,00039030,00004554,0001,P,515.00,EUR,
300,SQ,0997,2011-02-04,00396106,00000023,0001,C,386.00,SGD,
300,AZ,0788,2010-05-04,00039108,00002707,0001,P,515.00,EUR,
300,LH,0401,2011-01-14,00056170,00000552,0001,C,316.00,EUR,
300,SQ,0997,2011-02-04,00396107,00000023,0001,C,386.00,SGD,
300,AZ,0788,2010-05-04,00038899,00002735,0001,P,515.00,EUR,
300,LH,0401,2011-01-14,00056268,00000552,0001,C,316.00,EUR,
300,AZ,0788,2010-05-04,00038755,00002843,0001,P,515.00,EUR,
300,SQ,0997,2010-04-23,00378053,00000023,0001,C,773.00,SGD,
300,AZ,0788,2010-05-04,00038770,00001595,0001,P,515.00,EUR,
300,LH,0401,2011-01-14,00056486,00001929,0001,C,316.00,EUR,
300,SQ,0997,2011-12-23,00414461,00000023,0001,C,386.00,SGD,
300,AZ,0788,2010-05-04,00038926,00001354,0001,P,515.00,EUR,
300,AZ,0788,2010-05-04,00039018,00002209,0001,P,515.00,EUR,
300,SQ,0997,2012-03-09,00415532,00000023,0001,C,386.00,SGD,
300,LH,0401,2011-01-14,00056304,00003691,0001,C,316.00,EUR,
300,AZ,0788,2010-05-04,00038842,00000003,0001,P,515.00,EUR,
300,AZ,0788,2010-05-04,00038991,00004220,0001,P,515.00,EUR,
300,SQ,0997,2011-10-14,00411553,00000023,0001,C,386.00,SGD,
300,LH,0401,2011-01-14,00056200,00001102,0001,C,316.00,EUR,
300,AZ,0788,2010-05-04,00039015,00001061,0001,P,515.00,EUR,
300,SQ,0997,2011-02-18,00396871,00000023,0001,C,386.00,SGD,
300,AZ,0788,2010-05-04,00038875,00001776,0001,P,515.00,EUR,
300,LH,0401,2011-01-14,00056205,00004041,0001,C,316.00,EUR,
300,AZ,0788,2010-11-30,00052072,00004473,0001,P,515.00,EUR,
300,SQ,0988,2010-11-18,00352398,00000023,0001,C,386.00,SGD,
300,LH,0401,2011-01-14,00056407,00003129,0001,C,316.00,EUR,
300,AZ,0788,2010-11-30,00051890,00001442,0001,P,515.00,EUR,
300,SQ,0988,2011-01-06,00355317,00000023,0001,C,773.00,SGD,
300,AZ,0788,2010-11-30,00051938,00001442,0001,P,515.00,EUR,
300,LH,0401,2011-01-14,00056185,00002234,0001,C,316.00,EUR,
300,SQ,0988,2011-02-03,00357349,00000023,0001,C,386.00,SGD,
300,AZ,0788,2010-11-30,00052114,00004176,0001,P,515.00,EUR,
300,SQ,0988,2010-12-30,00354931,00000023,0001,C,386.00,SGD,
300,AZ,0788,2010-11-30,00051896,00003911,0001,P,515.00,EUR,
300,LH,0401,2011-01-14,00056148,00003198,0001,C,316.00,EUR,
300,SQ,0988,2010-09-02,00347485,00000023,0001,C,773.00,SGD,
300,AZ,0788,2010-11-30,00052069,00003498,0001,P,515.00,EUR,
300,AZ,0788,2010-11-30,00052087,00001792,0001,P,515.00,EUR,
300,SQ,0988,2011-08-25,00370067,00000023,0001,C,386.00,SGD,
300,LH,0401,2011-01-14,00056317,00003760,0001,C,316.00,EUR,
300,AZ,0788,2010-11-30,00052132,00003486,0001,P,515.00,EUR,
300,SQ,0988,2012-01-05,00376826,00000023,0001,C,386.00,SGD,
300,LH,0401,2011-01-14,00056124,00003503,0001,C,316.00,EUR,
300,AZ,0788,2010-11-30,00052123,00002619,0001,P,515.00,EUR,
300,AZ,0788,2010-11-30,00051893,00001992,0001,P,515.00,EUR,
300,LH,0401,2011-01-14,00056329,00003611,0001,C,316.00,EUR,
300,AZ,0788,2010-11-30,00051899,00002643,0001,P,515.00,EUR,
300,AZ,0788,2010-11-30,00051857,00001888,0001,P,515.00,EUR,
300,LH,0401,2011-01-14,00056493,00002588,0001,C,316.00,EUR,
300,AZ,0788,2010-11-30,00051929,00000033,0001,P,515.00,EUR,
300,LH,0401,2011-01-14,00056338,00002764,0001,C,316.00,EUR,
300,AZ,0788,2010-11-30,00051917,00000038,0001,P,515.00,EUR,
300,AZ,0788,2010-11-30,00051941,00004180,0001,P,515.00,EUR,
300,LH,0401,2011-01-14,00056208,00001528,0001,C,316.00,EUR,
300,AZ,0788,2010-11-30,00052180,00003811,0001,P,515.00,EUR,
300,AZ,0788,2010-11-30,00052009,00000010,0001,P,515.00,EUR,
300,SQ,0988,2011-06-16,00365637,00000023,0001,C,386.00,SGD,
300,LH,0401,2011-01-14,00056251,00001528,0001,C,316.00,EUR,
300,AZ,0788,2010-11-30,00051827,00000359,0001,P,515.00,EUR,
300,SQ,0988,2011-07-07,00366685,00000023,0001,C,1160.00,SGD,
300,LH,0401,2011-01-14,00056241,00004502,0001,C,316.00,EUR,
300,AZ,0788,2010-11-30,00051881,00003197,0001,P,515.00,EUR,
300,SQ,0988,2011-06-02,00364811,00000023,0001,C,386.00,SGD,
300,LH,0401,2011-01-14,00056463,00001708,0001,C,316.00,EUR,
300,AZ,0788,2010-11-30,00052027,00003289,0001,P,515.00,EUR,
300,LH,0401,2011-01-14,00056278,00000368,0001,C,316.00,EUR,
300,UA,3517,2011-10-03,00161932,00000023,0001,C,259.00,USD,
300,AZ,0788,2010-11-30,00052105,00003124,0001,P,515.00,EUR,
300,AZ,0788,2010-11-30,00051974,00004345,0001,P,515.00,EUR,
300,UA,3517,2011-10-31,00163623,00000023,0001,C,259.00,USD,
300,LH,0401,2011-01-14,00056277,00000368,0001,C,316.00,EUR,
300,AZ,0788,2010-11-30,00052015,00000467,0001,P,515.00,EUR,
300,SQ,0158,2011-02-15,00181056,00000023,0001,C,210.00,SGD,
300,AZ,0788,2010-11-30,00051866,00004505,0001,P,515.00,EUR,
300,LH,0401,2011-01-14,00056451,00001632,0001,C,316.00,EUR,
300,AZ,0788,2010-11-30,00052030,00000265,0001,P,515.00,EUR,
300,SQ,0158,2011-04-05,00182619,00000023,0001,C,420.00,SGD,
300,LH,0401,2011-01-14,00056495,00001259,0001,C,316.00,EUR,
300,AZ,0788,2010-11-30,00051878,00000343,0001,P,515.00,EUR,
300,LH,0401,2011-01-14,00056214,00001403,0001,C,316.00,EUR,
300,AZ,0788,2010-11-30,00051932,00002049,0001,P,515.00,EUR,
300,SQ,0117,2011-10-31,00168344,00000023,0001,C,151.00,SGD,
300,LH,0401,2011-01-14,00056456,00001359,0001,C,316.00,EUR,
300,AZ,0788,2010-11-30,00051959,00004630,0001,P,515.00,EUR,
300,LH,0401,2011-01-14,00056155,00001777,0001,C,316.00,EUR,
300,UA,3517,2011-11-14,00164638,00000023,0001,C,259.00,USD,
300,AZ,0788,2010-09-14,00047120,00003522,0001,P,515.00,EUR,
300,LH,0401,2011-01-14,00056265,00000031,0001,C,316.00,EUR,
300,AZ,0788,2010-09-14,00047357,00004610,0001,P,515.00,EUR,
300,SQ,0158,2010-06-08,00171921,00000023,0001,C,210.00,SGD,
300,LH,0401,2011-01-14,00056308,00000031,0001,C,316.00,EUR,
300,AZ,0788,2010-09-14,00047279,00001398,0001,P,515.00,EUR,
300,AZ,0788,2010-09-14,00047369,00001121,0001,P,515.00,EUR,
300,LH,0401,2011-01-14,00056480,00000143,0001,C,316.00,EUR,
300,SQ,0158,2010-04-20,00170260,00000023,0001,C,210.00,SGD,
300,AZ,0788,2010-09-14,00047141,00002189,0001,P,515.00,EUR,
300,LH,0401,2011-01-14,00056415,00003752,0001,C,316.00,EUR,
300,SQ,0066,2011-09-26,00092774,00000023,0001,C,139.00,SGD,
300,AZ,0788,2010-09-14,00047030,00001503,0001,P,515.00,EUR,
300,AZ,0788,2010-09-14,00047087,00003530,0001,P,515.00,EUR,
300,LH,0401,2011-01-14,00056280,00002977,0001,C,316.00,EUR,
300,SQ,0067,2011-01-10,00114726,00000023,0001,C,139.00,SGD,
300,AZ,0788,2010-09-14,00047342,00003486,0001,P,515.00,EUR,
300,LH,0401,2011-01-14,00056284,00004137,0001,C,316.00,EUR,
300,SQ,0067,2011-08-22,00128810,00000023,0001,C,139.00,SGD,
300,AZ,0788,2010-09-14,00047189,00001780,0001,P,515.00,EUR,
300,AZ,0788,2010-09-14,00047393,00004301,0001,P,515.00,EUR,
300,SQ,0325,2011-03-02,00234068,00000023,0001,C,738.00,SGD,
300,LH,0401,2011-01-14,00056169,00002459,0001,C,316.00,EUR,
300,AZ,0788,2010-09-14,00047084,00004088,0001,P,515.00,EUR,
300,SQ,0325,2011-04-13,00236352,00000023,0001,C,2215.00,SGD,
300,AZ,0788,2010-09-14,00047018,00004417,0001,P,515.00,EUR,
300,LH,0401,2011-01-14,00056441,00002415,0001,C,316.00,EUR,
300,AZ,0788,2010-09-14,00047300,00002089,0001,P,515.00,EUR,
300,SQ,0325,2011-06-15,00240437,00000023,0001,C,738.00,SGD,
300,AZ,0788,2010-09-14,00047324,00002053,0001,P,515.00,EUR,
300,LH,0401,2011-01-14,00056130,00003716,0001,C,316.00,EUR,
300,SQ,0325,2010-10-13,00225349,00000023,0001,C,738.00,SGD,
300,AZ,0788,2010-09-14,00047090,00003293,0001,P,515.00,EUR,
300,LH,0401,2011-01-14,00056239,00001351,0001,C,316.00,EUR,
300,SQ,0325,2010-12-08,00228756,00000023,0001,C,738.00,SGD,
300,AZ,0788,2010-09-14,00047363,00002550,0001,P,515.00,EUR,
300,AZ,0788,2010-09-14,00047330,00002538,0001,P,515.00,EUR,
300,LH,0401,2011-01-14,00056371,00003330,0001,C,316.00,EUR,
300,SQ,0325,2012-01-18,00251496,00000023,0001,C,738.00,SGD,
300,AZ,0788,2010-09-14,00047321,00003743,0001,P,515.00,EUR,
300,LH,0401,2011-01-14,00056314,00004037,0001,C,316.00,EUR,
300,AZ,0788,2010-09-14,00047231,00001033,0001,P,515.00,EUR,
300,SQ,0326,2010-05-07,00253266,00000023,0001,C,738.00,SGD,
300,AZ,0788,2010-09-14,00047207,00000036,0001,P,515.00,EUR,
300,LH,0401,2011-01-14,00056412,00001548,0001,C,316.00,EUR,
300,AZ,0788,2010-09-14,00047066,00002743,0001,P,515.00,EUR,
300,SQ,0326,2010-08-06,00257497,00000023,0001,C,738.00,SGD,
300,AZ,0788,2010-09-14,00047387,00002016,0001,P,515.00,EUR,
300,LH,0401,2011-01-14,00056158,00001062,0001,C,316.00,EUR,
300,SQ,0325,2011-10-26,00248606,00000023,0001,C,738.00,SGD,
300,AZ,0788,2010-09-14,00047126,00003233,0001,P,515.00,EUR,
300,LH,0401,2011-01-14,00056373,00003302,0001,C,316.00,EUR,
300,AZ,0788,2010-09-14,00047216,00000860,0001,P,515.00,EUR,
300,SQ,0325,2011-10-19,00248317,00000023,0001,C,738.00,SGD,
300,AZ,0788,2010-09-14,00047021,00001631,0001,P,515.00,EUR,
300,LH,0401,2010-06-18,00043269,00001443,0001,C,316.00,EUR,
300,SQ,0325,2011-10-12,00247687,00000023,0001,C,738.00,SGD,
300,AZ,0788,2010-09-14,00047309,00002133,0001,P,515.00,EUR,
300,LH,0401,2010-06-18,00043292,00002620,0001,C,316.00,EUR,
300,SQ,0158,2012-03-20,00191901,00000023,0001,C,210.00,SGD,
300,AZ,0788,2010-09-14,00047051,00000640,0001,P,515.00,EUR,
300,LH,0401,2010-06-18,00043121,00003178,0001,C,316.00,EUR,
300,SQ,0158,2011-10-11,00189544,00000023,0001,C,210.00,SGD,
300,AZ,0788,2010-07-20,00043563,00003975,0001,P,515.00,EUR,
300,LH,0401,2010-06-18,00043355,00003282,0001,C,316.00,EUR,
300,AZ,0788,2010-07-20,00043608,00003538,0001,P,515.00,EUR,
300,SQ,0325,2010-05-12,00215696,00000023,0001,C,738.00,SGD,
300,AZ,0788,2010-07-20,00043845,00001430,0001,P,515.00,EUR,
300,LH,0401,2010-06-18,00043325,00003724,0001,C,316.00,EUR,
300,AZ,0788,2010-07-20,00043593,00002900,0001,P,515.00,EUR,
300,SQ,0325,2010-06-23,00218364,00000023,0001,C,738.00,SGD,
300,AZ,0788,2010-07-20,00043818,00002117,0001,P,515.00,EUR,
300,LH,0401,2010-06-18,00043322,00003146,0001,C,316.00,EUR,
300,SQ,0161,2011-02-22,00203287,00000023,0001,C,210.00,SGD,
300,AZ,0788,2010-07-20,00043716,00000160,0001,P,515.00,EUR,
300,LH,0401,2010-06-18,00043286,00001018,0001,C,316.00,EUR,
300,AZ,0788,2010-07-20,00043554,00001302,0001,P,515.00,EUR,
300,DL,0106,2010-12-27,00015563,00001916,0001,C,305.00,USD,
300,LH,0401,2010-06-18,00043092,00003800,0001,C,316.00,EUR,
300,AZ,0788,2010-07-20,00043701,00003923,0001,P,515.00,EUR,
300,AZ,0788,2010-07-20,00043857,00003795,0001,P,515.00,EUR,
300,SQ,0002,2011-07-21,00016227,00001916,0001,C,2320.00,SGD,
300,LH,0401,2010-06-18,00043332,00004205,0001,C,316.00,EUR,
300,AZ,0788,2010-07-20,00043782,00001748,0001,P,515.00,EUR,
300,JL,0407,2011-03-18,00014805,00001916,0001,C,530.00,JPY,
300,LH,0401,2010-06-18,00043154,00003045,0001,C,316.00,EUR,
300,AZ,0788,2010-07-20,00043632,00004305,0001,P,515.00,EUR,
300,LH,0401,2010-06-18,00043337,00004294,0001,C,316.00,EUR,
300,SQ,0002,2011-09-15,00018275,00001916,0001,C,1160.00,SGD,
300,AZ,0788,2010-07-20,00043752,00002185,0001,P,515.00,EUR,
300,AZ,0788,2010-07-20,00043590,00004212,0001,P,515.00,EUR,
300,LH,0401,2010-06-18,00043425,00000729,0001,C,316.00,EUR,
300,UA,0007,2011-01-08,00011452,00001916,0001,C,211.00,USD,
300,AZ,0788,2010-07-20,00043710,00002402,0001,P,515.00,EUR,
300,QF,0005,2010-10-15,00011018,00001916,0001,C,394.00,AUD,
300,LH,0401,2010-06-18,00043278,00003214,0001,C,316.00,EUR,
300,AZ,0788,2010-07-20,00043761,00000616,0001,P,515.00,EUR,
300,AZ,0788,2010-07-20,00043794,00001230,0001,P,515.00,EUR,
300,LH,0401,2010-06-18,00043238,00002728,0001,C,316.00,EUR,
300,DL,1699,2010-06-14,00040497,00001916,0001,C,211.00,USD,
300,AZ,0788,2010-07-20,00043800,00003686,0001,P,515.00,EUR,
300,LH,0401,2010-06-18,00043424,00002363,0001,C,316.00,EUR,
300,AZ,0788,2010-07-20,00043863,00001314,0001,P,515.00,EUR,
300,UA,0007,2011-09-17,00022835,00001916,0001,C,422.00,USD,
300,AZ,0788,2010-07-20,00043680,00004333,0001,P,515.00,EUR,
300,LH,0401,2010-06-18,00043256,00003567,0001,C,316.00,EUR,
300,JL,0408,2010-09-04,00031987,00001916,0001,C,530.00,JPY,
300,AZ,0788,2010-07-20,00043689,00002265,0001,P,515.00,EUR,
300,LH,0401,2010-06-18,00043251,00001211,0001,C,316.00,EUR,
300,AZ,0788,2010-07-20,00043584,00002410,0001,P,515.00,EUR,
300,SQ,0015,2011-04-13,00044311,00001916,0001,C,1160.00,SGD,
300,AZ,0788,2010-07-20,00043725,00002916,0001,P,515.00,EUR,
300,LH,0401,2010-06-18,00043184,00002018,0001,C,316.00,EUR,
300,DL,1699,2010-09-06,00045751,00001916,0001,C,211.00,USD,
300,AZ,0788,2010-07-20,00043815,00003939,0001,P,515.00,EUR,
300,LH,0401,2010-06-18,00043260,00002343,0001,C,316.00,EUR,
300,AZ,0788,2010-07-20,00043626,00002872,0001,P,515.00,EUR,
300,UA,0007,2010-09-18,00006766,00001916,0001,C,211.00,USD,
300,AZ,0788,2010-07-20,00043719,00003690,0001,P,515.00,EUR,
300,LH,0401,2010-06-18,00043194,00003912,0001,C,316.00,EUR,
300,QF,0005,2010-08-06,00006961,00001916,0001,C,394.00,AUD,
300,AZ,0788,2010-07-20,00043866,00000808,0001,P,515.00,EUR,
300,AZ,0788,2010-07-20,00043545,00000179,0001,P,515.00,EUR,
300,LH,0401,2010-06-18,00043217,00001343,0001,C,316.00,EUR,
300,SQ,0002,2010-09-30,00005943,00001916,0001,C,1160.00,SGD,
300,AZ,0788,2010-07-13,00043150,00000901,0001,P,515.00,EUR,
300,LH,0401,2010-06-18,00043266,00001319,0001,C,316.00,EUR,
300,UA,0007,2010-05-08,00000901,00001916,0001,C,211.00,USD,
300,AZ,0788,2010-07-13,00043300,00003638,0001,P,515.00,EUR,
300,AZ,0788,2010-07-13,00043123,00002924,0001,P,515.00,EUR,
300,LH,0401,2010-06-18,00043245,00002708,0001,C,316.00,EUR,
300,DL,0106,2010-05-03,00000496,00001916,0001,C,305.00,USD,
300,AZ,0788,2010-07-13,00043273,00004566,0001,P,515.00,EUR,
300,AZ,0788,2010-07-13,00043117,00001659,0001,P,515.00,EUR,
300,LH,0401,2010-06-18,00043382,00002708,0001,C,316.00,EUR,
300,AZ,0788,2010-07-13,00043285,00001912,0001,P,515.00,EUR,
300,QF,0006,2010-12-01,00047991,00001916,0001,C,394.00,AUD,
300,LH,0401,2010-06-18,00043277,00001291,0001,C,316.00,EUR,
300,AZ,0788,2010-07-13,00043372,00002450,0001,P,515.00,EUR,
300,QF,0006,2010-12-01,00047990,00001916,0001,C,394.00,AUD,
300,AZ,0788,2010-07-13,00043336,00001748,0001,P,515.00,EUR,
300,LH,0401,2010-06-18,00043316,00001941,0001,C,316.00,EUR,
300,AZ,0788,2010-07-13,00043363,00001639,0001,P,515.00,EUR,
300,QF,0005,2010-06-04,00002883,00001916,0001,C,394.00,AUD,
300,LH,0401,2010-06-18,00043122,00003278,0001,C,316.00,EUR,
300,AZ,0788,2010-07-13,00043096,00001326,0001,P,515.00,EUR,
300,AZ,0788,2010-07-13,00043225,00000868,0001,P,515.00,EUR,
300,AA,0026,2010-10-13,00046439,00001916,0001,C,305.00,USD,
300,LH,0401,2010-06-18,00043395,00002563,0001,C,316.00,EUR,
300,AZ,0788,2010-07-13,00043330,00000700,0001,P,515.00,EUR,
300,LH,0401,2010-06-18,00043422,00004133,0001,C,316.00,EUR,
300,DL,1699,2010-09-06,00045877,00001916,0001,C,211.00,USD,
300,AZ,0788,2010-07-13,00043204,00003610,0001,P,515.00,EUR,
300,AZ,0788,2010-07-13,00043306,00002795,0001,P,515.00,EUR,
300,LH,0401,2010-06-18,00043160,00003350,0001,C,316.00,EUR,
300,JL,0408,2011-05-14,00041030,00001916,0001,C,530.00,JPY,
300,AZ,0788,2010-07-13,00043393,00002759,0001,P,515.00,EUR,
300,LH,0401,2010-06-18,00043302,00002022,0001,C,316.00,EUR,
300,SQ,0002,2011-01-06,00009275,00001916,0001,C,1160.00,SGD,
300,AZ,0788,2010-07-13,00043261,00001330,0001,P,515.00,EUR,
300,AZ,0788,2010-07-13,00043324,00004232,0001,P,515.00,EUR,
300,LH,0401,2010-06-18,00043068,00002804,0001,C,316.00,EUR,
300,SQ,0015,2010-09-08,00030903,00001916,0001,C,1160.00,SGD,
300,AZ,0788,2010-07-13,00043378,00003096,0001,P,515.00,EUR,
300,LH,0401,2010-06-18,00043254,00000837,0001,C,316.00,EUR,
300,AZ,0788,2010-07-13,00043411,00004529,0001,P,515.00,EUR,
300,SQ,0015,2011-05-11,00046184,00001916,0001,C,1160.00,SGD,
300,AZ,0788,2010-07-13,00043276,00002968,0001,P,515.00,EUR,
300,LH,0401,2010-06-18,00043067,00000841,0001,C,316.00,EUR,
300,JL,0408,2010-11-13,00034601,00001916,0001,C,530.00,JPY,
300,AZ,0788,2010-07-13,00043366,00001053,0001,P,515.00,EUR,
300,LH,0401,2010-06-18,00043065,00003447,0001,C,316.00,EUR,
300,AZ,0788,2010-07-13,00043465,00001916,0001,P,515.00,EUR,
300,DL,1699,2010-12-06,00051335,00001916,0001,C,422.00,USD,
300,AZ,0788,2010-07-13,00043450,00003951,0001,P,515.00,EUR,
300,LH,0401,2010-06-18,00043290,00003551,0001,C,316.00,EUR,
300,AZ,0788,2010-07-13,00043219,00000527,0001,P,515.00,EUR,
300,SQ,0015,2011-03-23,00043074,00001916,0001,C,1160.00,SGD,
300,LH,0401,2010-06-18,00043197,00002588,0001,C,316.00,EUR,
300,AZ,0788,2010-07-13,00043207,00003040,0001,P,515.00,EUR,
300,JL,0408,2010-09-11,00032135,00001916,0001,C,1061.00,JPY,
300,AZ,0788,2010-07-13,00043432,00004590,0001,P,515.00,EUR,
300,LH,0401,2010-06-18,00043365,00002447,0001,C,316.00,EUR,
300,AZ,0788,2010-07-13,00043381,00004164,0001,P,515.00,EUR,
300,UA,3504,2010-09-03,00058910,00001916,0001,C,439.00,USD,
300,LH,0401,2010-06-18,00043265,00000617,0001,C,316.00,EUR,
300,AZ,0788,2011-05-31,00063435,00003771,0001,P,515.00,EUR,
300,QF,0005,2010-09-24,00009660,00001916,0001,C,394.00,AUD,
300,AZ,0788,2011-05-31,00063500,00001551,0001,P,515.00,EUR,
300,LH,0401,2010-06-18,00043061,00001572,0001,C,316.00,EUR,
300,AZ,0788,2011-05-31,00063303,00002807,0001,P,515.00,EUR,
300,AA,0017,2010-10-13,00010891,00001916,0001,C,422.00,USD,
300,AZ,0788,2011-05-31,00063186,00002249,0001,P,515.00,EUR,
300,LH,0401,2010-06-18,00043349,00000372,0001,C,316.00,EUR,
300,DL,0106,2010-09-20,00009556,00001916,0001,C,305.00,USD,
300,AZ,0788,2011-05-31,00063447,00002859,0001,P,515.00,EUR,
300,LH,0401,2010-06-18,00043320,00001199,0001,C,316.00,EUR,
300,AZ,0788,2011-05-31,00063216,00002506,0001,P,515.00,EUR,
300,UA,0007,2011-02-26,00013644,00001916,0001,C,211.00,USD,
300,AZ,0788,2011-05-31,00063372,00000547,0001,P,515.00,EUR,
300,LH,0401,2010-06-18,00043329,00001094,0001,C,316.00,EUR,
300,QF,0006,2011-12-14,00063982,00001916,0001,C,394.00,AUD,
300,AZ,0788,2011-05-31,00063381,00004349,0001,P,515.00,EUR,
300,LH,0401,2010-06-18,00043167,00000059,0001,C,316.00,EUR,
300,AZ,0788,2011-05-31,00063174,00000363,0001,P,515.00,EUR,
300,UA,0007,2011-01-15,00011752,00001916,0001,C,211.00,USD,
300,AZ,0788,2011-05-31,00063339,00000191,0001,P,515.00,EUR,
300,LH,0401,2010-06-18,00043106,00004061,0001,C,316.00,EUR,
300,UA,0007,2010-06-05,00002127,00001916,0001,C,211.00,USD,
300,AZ,0788,2011-05-31,00063327,00002675,0001,P,515.00,EUR,
300,LH,0401,2010-06-18,00043370,00003864,0001,C,316.00,EUR,
300,AZ,0788,2011-05-31,00063438,00000038,0001,P,515.00,EUR,
300,UA,0007,2010-10-02,00007121,00001916,0001,C,634.00,USD,
300,AZ,0788,2011-05-31,00063306,00001029,0001,P,515.00,EUR,
300,LH,0401,2010-06-18,00043385,00004438,0001,C,316.00,EUR,
300,AZ,0788,2011-05-31,00063171,00004570,0001,P,515.00,EUR,
300,JL,0407,2010-08-06,00004685,00001916,0001,C,530.00,JPY,
300,LH,0401,2010-06-18,00043070,00002993,0001,C,316.00,EUR,
300,AZ,0788,2011-05-31,00063482,00002045,0001,P,515.00,EUR,
300,JL,0407,2010-07-30,00004550,00001916,0001,C,530.00,JPY,
300,AZ,0788,2011-05-31,00063360,00000010,0001,P,515.00,EUR,
300,LH,0401,2010-06-18,00043311,00001464,0001,C,316.00,EUR,
300,DL,0106,2011-03-21,00020906,00001916,0001,C,305.00,USD,
300,AZ,0788,2011-05-31,00063411,00003719,0001,P,515.00,EUR,
300,LH,0401,2010-06-18,00043062,00001676,0001,C,316.00,EUR,
300,AZ,0788,2011-05-31,00063219,00003674,0001,P,515.00,EUR,
300,SQ,0015,2010-05-05,00023077,00001916,0001,C,1160.00,SGD,
300,AZ,0788,2011-05-31,00063405,00002077,0001,P,515.00,EUR,
300,LH,0401,2010-06-18,00043271,00002158,0001,C,316.00,EUR,
300,AZ,0788,2011-05-31,00063477,00000905,0001,P,515.00,EUR,
300,QF,0005,2011-01-07,00016424,00001916,0001,C,394.00,AUD,
300,LH,0401,2010-06-18,00043371,00001869,0001,C,316.00,EUR,
300,AZ,0788,2011-05-31,00063414,00001796,0001,P,515.00,EUR,
300,UA,0007,2011-05-14,00017172,00001916,0001,C,211.00,USD,
300,AZ,0788,2011-05-31,00063465,00001278,0001,P,515.00,EUR,
300,LH,0401,2010-06-18,00043383,00002202,0001,C,316.00,EUR,
300,AZ,0788,2011-05-31,00063240,00001153,0001,P,515.00,EUR,
300,DL,1699,2011-09-05,00068343,00001916,0001,C,422.00,USD,
300,LH,0401,2010-06-18,00043170,00003001,0001,C,316.00,EUR,
300,AZ,0788,2011-05-31,00063249,00001880,0001,P,515.00,EUR,
300,UA,3504,2011-07-22,00078602,00001916,0001,C,439.00,USD,
300,AZ,0788,2011-05-31,00063228,00004160,0001,P,515.00,EUR,
300,LH,0401,2010-06-18,00043353,00001379,0001,C,316.00,EUR,
300,AZ,0788,2011-05-31,00063258,00002827,0001,P,515.00,EUR,
300,AA,0064,2011-03-25,00078103,00001916,0001,C,422.00,USD,
300,LH,0401,2010-06-18,00043113,00002865,0001,C,316.00,EUR,
300,AZ,0788,2011-05-31,00063147,00004112,0001,P,515.00,EUR,
300,LH,0401,2010-06-18,00043248,00002808,0001,C,316.00,EUR,
300,AZ,0788,2010-06-15,00041450,00000901,0001,P,515.00,EUR,
300,AA,0064,2011-07-01,00081647,00001916,0001,C,211.00,USD,
300,AZ,0788,2010-06-15,00041471,00001342,0001,P,515.00,EUR,
300,LH,0401,2010-06-18,00043427,00001126,0001,C,316.00,EUR,
300,SQ,0066,2011-04-04,00081901,00001916,0001,C,164.00,SGD,
300,AZ,0788,2010-06-15,00041363,00004449,0001,P,515.00,EUR,
300,LH,0401,2010-06-18,00043059,00004390,0001,C,316.00,EUR,
300,AZ,0788,2010-06-15,00041611,00002815,0001,P,515.00,EUR,
300,SQ,0066,2010-10-11,00071010,00001916,0001,C,164.00,SGD,
300,AZ,0788,2010-06-15,00041494,00003562,0001,P,515.00,EUR,
300,LH,0401,2010-06-18,00043230,00001050,0001,C,316.00,EUR,
300,AA,0064,2010-10-08,00072166,00001916,0001,C,211.00,USD,
300,AZ,0788,2010-06-15,00041381,00004204,0001,P,515.00,EUR,
300,DL,1699,2011-09-19,00069439,00001916,0001,C,211.00,USD,
300,LH,0401,2010-06-18,00043173,00002499,0001,C,316.00,EUR,
300,AZ,0788,2010-06-15,00041393,00002671,0001,P,515.00,EUR,
300,SQ,0066,2010-12-06,00074481,00001916,0001,C,164.00,SGD,
300,LH,0401,2010-06-18,00043208,00001447,0001,C,316.00,EUR,
300,AZ,0788,2010-06-15,00041647,00002671,0001,P,515.00,EUR,
300,UA,3504,2011-06-03,00075522,00001916,0001,C,1319.00,USD,
300,AZ,0788,2010-06-15,00041474,00002936,0001,P,515.00,EUR,
300,LH,0401,2010-06-18,00043155,00002315,0001,C,316.00,EUR,
300,DL,1984,2010-10-04,00085662,00001916,0001,C,211.00,USD,
300,AZ,0788,2010-06-15,00041602,00001523,0001,P,515.00,EUR,
300,UA,0007,2011-11-05,00025564,00001916,0001,C,211.00,USD,
300,LH,0401,2010-06-18,00043169,00004607,0001,C,316.00,EUR,
300,AZ,0788,2010-06-15,00041417,00001812,0001,P,515.00,EUR,
300,LH,0401,2010-06-18,00043097,00004366,0001,C,316.00,EUR,
300,AZ,0788,2010-06-15,00041497,00002105,0001,P,515.00,EUR,
300,AZ,0788,2010-06-15,00041719,00001824,0001,P,515.00,EUR,
300,LH,0401,2010-06-18,00043388,00002174,0001,C,316.00,EUR,
300,AZ,0788,2010-06-15,00041488,00002245,0001,P,515.00,EUR,
300,LH,0401,2010-06-18,00043178,00000221,0001,C,316.00,EUR,
300,AZ,0788,2010-06-15,00041536,00000033,0001,P,515.00,EUR,
300,LH,0401,2010-06-18,00043163,00002648,0001,C,316.00,EUR,
300,AZ,0788,2010-06-15,00041545,00000628,0001,P,515.00,EUR,
300,LH,0401,2011-01-28,00057050,00000713,0001,C,316.00,EUR,
300,AZ,0788,2010-06-15,00041662,00002430,0001,P,515.00,EUR,
300,SQ,0015,2010-12-15,00037037,00001916,0001,C,1160.00,SGD,
300,LH,0401,2011-01-28,00057362,00004069,0001,C,316.00,EUR,
300,AZ,0788,2010-06-15,00041605,00001800,0001,P,515.00,EUR,
300,LH,0401,2011-01-28,00057086,00003952,0001,C,316.00,EUR,
300,UA,0941,2010-12-30,00036818,00001916,0001,C,439.00,USD,
300,AZ,0788,2010-06-15,00041734,00003662,0001,P,515.00,EUR,
300,LH,0401,2011-01-28,00057049,00002230,0001,C,316.00,EUR,
300,JL,0408,2010-06-26,00029396,00001916,0001,C,1592.00,JPY,
300,AZ,0788,2010-06-15,00041509,00002659,0001,P,515.00,EUR,
300,LH,0401,2011-01-28,00057211,00003053,0001,C,316.00,EUR,
300,UA,0007,2010-10-30,00008510,00001916,0001,C,211.00,USD,
300,AZ,0788,2010-06-15,00041405,00003951,0001,P,515.00,EUR,
300,LH,0401,2011-01-28,00057169,00000853,0001,C,316.00,EUR,
300,DL,1984,2011-07-25,00103949,00001916,0001,C,211.00,USD,
300,AZ,0788,2010-06-15,00041641,00004016,0001,P,515.00,EUR,
300,LH,0401,2011-01-28,00057269,00002844,0001,C,316.00,EUR,
300,AA,0017,2010-06-30,00004606,00001916,0001,C,211.00,USD,
300,AZ,0788,2010-06-15,00041390,00002876,0001,P,515.00,EUR,
300,LH,0401,2011-01-28,00057110,00002800,0001,C,316.00,EUR,
300,SQ,0066,2011-08-15,00090500,00001916,0001,C,164.00,SGD,
300,AZ,0788,2010-06-15,00041432,00002940,0001,P,515.00,EUR,
300,LH,0401,2011-01-28,00057034,00001215,0001,C,316.00,EUR,
300,SQ,0002,2011-09-01,00017753,00001916,0001,C,1160.00,SGD,
300,AZ,0788,2010-06-15,00041524,00003345,0001,P,515.00,EUR,
300,LH,0401,2011-01-28,00057167,00000424,0001,C,316.00,EUR,
300,SQ,0015,2012-03-21,00060292,00001916,0001,C,1160.00,SGD,
300,AZ,0788,2010-06-15,00041533,00001294,0001,P,515.00,EUR,
300,LH,0401,2011-01-28,00057254,00003772,0001,C,316.00,EUR,
300,LH,0401,2011-01-28,00057253,00003772,0001,C,316.00,EUR,
300,AZ,0788,2011-09-06,00069216,00001643,0001,P,515.00,EUR,
300,SQ,0015,2011-06-29,00049167,00001916,0001,C,1160.00,SGD,
300,LH,0401,2011-01-28,00057098,00003667,0001,C,316.00,EUR,
300,AZ,0788,2011-09-06,00069471,00004264,0001,P,515.00,EUR,
300,LH,0401,2011-01-28,00057241,00004294,0001,C,316.00,EUR,
300,SQ,0066,2011-07-25,00088868,00001916,0001,C,164.00,SGD,
300,LH,0401,2011-01-28,00057250,00000673,0001,C,316.00,EUR,
300,AZ,0788,2011-09-06,00069521,00001442,0001,P,515.00,EUR,
300,SQ,0015,2011-04-27,00045106,00001916,0001,C,2320.00,SGD,
300,LH,0401,2011-01-28,00057020,00000673,0001,C,316.00,EUR,
300,SQ,0015,2011-01-19,00039037,00001916,0001,C,3480.00,SGD,
300,LH,0401,2011-01-28,00057295,00002086,0001,C,316.00,EUR,
300,AZ,0788,2011-09-06,00069426,00000004,0001,P,515.00,EUR,
300,LH,0401,2011-01-28,00057148,00002471,0001,C,316.00,EUR,
300,UA,3516,2010-12-28,00104698,00001916,0001,C,611.00,USD,
300,AZ,0788,2011-09-06,00069387,00001567,0001,P,515.00,EUR,
300,LH,0401,2011-01-28,00057085,00001468,0001,C,316.00,EUR,
300,DL,1984,2012-01-30,00112673,00001916,0001,C,211.00,USD,
300,LH,0401,2011-01-28,00057313,00001435,0001,C,316.00,EUR,
300,AZ,0788,2011-09-06,00069369,00003430,0001,P,515.00,EUR,
300,LH,0401,2011-01-28,00057322,00004538,0001,C,316.00,EUR,
300,DL,1984,2011-11-07,00110593,00001916,0001,C,211.00,USD,
300,LH,0401,2011-01-28,00057166,00003615,0001,C,316.00,EUR,
300,AZ,0788,2011-09-06,00069249,00000997,0001,P,515.00,EUR,
300,SQ,0117,2010-08-30,00153064,00001916,0001,C,178.00,SGD,
300,LH,0401,2011-01-28,00057002,00003912,0001,C,316.00,EUR,
300,AZ,0788,2011-09-06,00069408,00002506,0001,P,515.00,EUR,
300,LH,0401,2011-01-28,00057047,00001937,0001,C,316.00,EUR,
300,SQ,0117,2011-05-23,00162368,00001916,0001,C,357.00,SGD,
300,LH,0401,2011-01-28,00057103,00002901,0001,C,316.00,EUR,
300,AZ,0788,2011-09-06,00069240,00003426,0001,P,515.00,EUR,
300,DL,1984,2010-07-19,00081068,00001916,0001,C,211.00,USD,
300,LH,0401,2011-01-28,00057026,00004474,0001,C,316.00,EUR,
300,LH,0401,2011-01-28,00057364,00002034,0001,C,316.00,EUR,
300,DL,1984,2010-07-12,00080631,00001916,0001,C,211.00,USD,
300,AZ,0788,2011-09-06,00069429,00002619,0001,P,515.00,EUR,
300,LH,0401,2011-01-28,00057205,00002355,0001,C,316.00,EUR,
300,LH,0401,2011-01-28,00057163,00000621,0001,C,316.00,EUR,
300,SQ,0066,2011-01-24,00077544,00001916,0001,C,164.00,SGD,
300,AZ,0788,2011-09-06,00069348,00002434,0001,P,515.00,EUR,
300,DL,1984,2010-10-04,00085541,00001916,0001,C,422.00,USD,
300,AZ,0788,2011-09-06,00069345,00002041,0001,P,515.00,EUR,
300,AA,0026,2010-09-29,00045941,00001916,0001,C,305.00,USD,
300,AZ,0788,2011-09-06,00069438,00003634,0001,P,515.00,EUR,
300,UA,0941,2010-07-29,00031465,00001916,0001,C,439.00,USD,
300,AZ,0788,2011-09-06,00069450,00002675,0001,P,515.00,EUR,
300,AA,0017,2011-07-13,00027956,00001916,0001,C,211.00,USD,
300,AZ,0788,2011-09-06,00069330,00000535,0001,P,515.00,EUR,
300,AA,0064,2010-10-08,00072330,00001916,0001,C,211.00,USD,
300,AZ,0788,2011-09-06,00069321,00003614,0001,P,515.00,EUR,
300,UA,3504,2010-12-10,00064986,00001916,0001,C,439.00,USD,
300,AZ,0788,2011-09-06,00069339,00003614,0001,P,515.00,EUR,
300,UA,3516,2010-06-22,00093021,00001916,0001,C,305.00,USD,
300,AZ,0788,2011-09-06,00069393,00003153,0001,P,515.00,EUR,
300,DL,1984,2011-03-21,00096194,00001916,0001,C,211.00,USD,
300,AZ,0788,2011-09-06,00069560,00001210,0001,P,515.00,EUR,
300,SQ,0066,2011-10-10,00093679,00001916,0001,C,164.00,SGD,
300,AZ,0788,2011-09-06,00069324,00002358,0001,P,515.00,EUR,
300,DL,1984,2011-07-11,00103298,00001916,0001,C,211.00,USD,
300,AZ,0788,2011-09-06,00069294,00003903,0001,P,515.00,EUR,
300,SQ,0326,2010-12-31,00263817,00001916,0001,C,868.00,SGD,
300,AZ,0788,2011-09-06,00069402,00000391,0001,P,515.00,EUR,
300,SQ,0866,2010-08-19,00308937,00001916,0001,C,769.00,SGD,
300,AZ,0788,2011-09-06,00069548,00000017,0001,P,515.00,EUR,
300,SQ,0326,2010-11-26,00262389,00001916,0001,C,868.00,SGD,
300,AZ,0788,2011-09-06,00069264,00001607,0001,P,515.00,EUR,
300,SQ,0866,2011-07-28,00330678,00001916,0001,C,256.00,SGD,
300,AZ,0788,2011-09-06,00069228,00001868,0001,P,515.00,EUR,
300,SQ,0866,2011-09-01,00332508,00001916,0001,C,256.00,SGD,
300,AZ,0788,2011-09-06,00069312,00000127,0001,P,515.00,EUR,
300,SQ,0866,2011-11-10,00337092,00001916,0001,C,256.00,SGD,
300,AZ,0788,2010-09-21,00047701,00000901,0001,P,515.00,EUR,
300,SQ,0866,2011-10-20,00335493,00001916,0001,C,512.00,SGD,
300,AZ,0788,2010-09-21,00047614,00001683,0001,P,515.00,EUR,
300,SQ,0863,2010-07-28,00283236,00001916,0001,C,256.00,SGD,
300,SQ,0326,2011-05-13,00269664,00001916,0001,C,868.00,SGD,
300,SQ,0863,2010-09-29,00285487,00001916,0001,C,256.00,SGD,
300,SQ,0326,2011-04-22,00269007,00001916,0001,C,868.00,SGD,
300,SQ,0863,2010-05-26,00280853,00001916,0001,C,512.00,SGD,
300,SQ,0326,2011-11-11,00277909,00001916,0001,C,868.00,SGD,
300,SQ,0866,2010-06-17,00305173,00001916,0001,C,256.00,SGD,
300,SQ,0863,2011-03-16,00291302,00001916,0001,C,256.00,SGD,
300,SQ,0863,2011-01-19,00289436,00001916,0001,C,256.00,SGD,
300,SQ,0997,2010-10-01,00388104,00001916,0001,C,455.00,SGD,
300,AZ,0788,2010-09-21,00047468,00002611,0001,P,515.00,EUR,
300,SQ,0997,2011-01-14,00394867,00001916,0001,C,455.00,SGD,
300,SQ,0997,2011-01-14,00394679,00001916,0001,C,455.00,SGD,
300,AZ,0788,2010-09-21,00047653,00002731,0001,P,515.00,EUR,
300,SQ,0997,2010-12-10,00392448,00001916,0001,C,455.00,SGD,
300,AZ,0788,2010-09-21,00047674,00004566,0001,P,515.00,EUR,
300,SQ,0997,2010-08-20,00385723,00001916,0001,C,455.00,SGD,
300,AZ,0788,2010-09-21,00047659,00001615,0001,P,515.00,EUR,
300,SQ,0997,2011-07-22,00406280,00001916,0001,C,910.00,SGD,
300,AZ,0788,2010-09-21,00047560,00003486,0001,P,515.00,EUR,
300,SQ,0997,2011-07-22,00406609,00001916,0001,C,455.00,SGD,
300,AZ,0788,2010-09-21,00047824,00001780,0001,P,515.00,EUR,
300,SQ,0997,2011-11-18,00414059,00001916,0001,C,455.00,SGD,
300,AZ,0788,2010-09-21,00047695,00001406,0001,P,515.00,EUR,
300,SQ,0988,2010-12-09,00353780,00001916,0001,C,455.00,SGD,
300,AZ,0788,2010-09-21,00047788,00001639,0001,P,515.00,EUR,
300,SQ,0988,2010-12-23,00354805,00001916,0001,C,455.00,SGD,
300,AZ,0788,2010-09-21,00047602,00001527,0001,P,515.00,EUR,
300,SQ,0988,2010-06-17,00342853,00001916,0001,C,455.00,SGD,
300,SQ,0988,2011-09-01,00370185,00001916,0001,C,455.00,SGD,
300,SQ,0117,2010-10-11,00154610,00001916,0001,C,178.00,SGD,
300,UA,3517,2011-09-12,00160009,00001916,0001,C,305.00,USD,
300,SQ,0117,2010-09-06,00153298,00001916,0001,C,178.00,SGD,
300,AZ,0788,2010-09-21,00047794,00003341,0001,P,515.00,EUR,
300,SQ,0158,2010-11-23,00177850,00001916,0001,C,494.00,SGD,
300,SQ,0158,2010-08-24,00174666,00001916,0001,C,247.00,SGD,
300,SQ,0158,2011-04-05,00182736,00001916,0001,C,247.00,SGD,
300,SQ,0158,2011-03-29,00182449,00001916,0001,C,247.00,SGD,
300,SQ,0158,2010-05-25,00171546,00001916,0001,C,247.00,SGD,
300,AZ,0788,2010-09-21,00047563,00002414,0001,P,515.00,EUR,
300,SQ,0158,2010-07-06,00173046,00001916,0001,C,247.00,SGD,
300,SQ,0117,2012-01-23,00169580,00001916,0001,C,178.00,SGD,
300,UA,3516,2011-07-26,00117914,00001916,0001,C,305.00,USD,
300,AZ,0788,2010-09-21,00047611,00000011,0001,P,515.00,EUR,
300,UA,3516,2010-09-28,00099004,00001916,0001,C,611.00,USD,
300,SQ,0114,2010-09-27,00139146,00001916,0001,C,178.00,SGD,
300,AZ,0788,2010-09-21,00047815,00001434,0001,P,515.00,EUR,
300,UA,3517,2010-04-26,00128560,00001916,0001,C,305.00,USD,
300,UA,3517,2010-07-12,00133456,00001916,0001,C,305.00,USD,
300,AZ,0788,2010-09-21,00047764,00001744,0001,P,515.00,EUR,
300,SQ,0067,2011-10-03,00131475,00001916,0001,C,164.00,SGD,
300,AZ,0788,2010-09-21,00047728,00003442,0001,P,515.00,EUR,
300,SQ,0325,2011-02-02,00232311,00001916,0001,C,868.00,SGD,
300,AZ,0788,2010-09-21,00047758,00002558,0001,P,515.00,EUR,
300,SQ,0325,2010-12-01,00228086,00001916,0001,C,2606.00,SGD,
300,SQ,0326,2010-06-11,00254970,00001916,0001,C,868.00,SGD,
300,SQ,0326,2010-04-30,00252985,00001916,0001,C,868.00,SGD,
300,SQ,0325,2012-03-14,00252209,00001916,0001,C,868.00,SGD,
300,SQ,0325,2011-08-10,00243763,00001916,0001,C,868.00,SGD,
300,SQ,0325,2011-08-03,00243358,00001916,0001,C,868.00,SGD,
300,SQ,0325,2011-08-03,00243359,00001916,0001,C,868.00,SGD,
300,SQ,0325,2011-10-05,00247567,00001916,0001,C,868.00,SGD,
300,SQ,0161,2011-02-01,00202490,00001916,0001,C,247.00,SGD,
300,SQ,0161,2010-12-28,00201295,00001916,0001,C,247.00,SGD,
300,SQ,0158,2011-09-27,00188874,00001916,0001,C,494.00,SGD,
300,SQ,0325,2010-06-09,00217503,00001916,0001,C,868.00,SGD,
300,SQ,0161,2011-04-05,00204576,00001916,0001,C,742.00,SGD,
300,AZ,0788,2010-09-21,00047474,00001033,0001,P,515.00,EUR,
300,SQ,0161,2011-09-06,00210101,00001916,0001,C,247.00,SGD,
300,SQ,0161,2011-07-05,00207939,00001916,0001,C,247.00,SGD,
300,SQ,0161,2011-08-02,00208996,00001916,0001,C,247.00,SGD,
300,QF,0005,2010-12-31,00015979,00001904,0001,C,394.00,AUD,
300,AZ,0788,2010-09-21,00047620,00000201,0001,P,515.00,EUR,
300,UA,0007,2011-03-12,00014362,00001904,0001,C,211.00,USD,
300,DL,0106,2010-12-13,00014787,00001904,0001,C,305.00,USD,
300,JL,0407,2011-05-20,00017344,00001904,0001,C,530.00,JPY,
300,UA,0941,2010-10-21,00034284,00001904,0001,C,439.00,USD,
300,QF,0005,2011-11-11,00035527,00001904,0001,C,394.00,AUD,
300,AA,0017,2011-01-19,00016999,00001904,0001,C,211.00,USD,
300,JL,0408,2011-04-09,00039754,00001904,0001,C,530.00,JPY,
300,UA,0941,2011-04-07,00040305,00001904,0001,C,439.00,USD,
300,SQ,0015,2011-02-02,00039964,00001904,0001,C,1160.00,SGD,
300,SQ,0002,2011-04-28,00013467,00001904,0001,C,1160.00,SGD,
300,QF,0005,2012-02-24,00037341,00001904,0001,C,394.00,AUD,
300,QF,0005,2011-05-20,00024536,00001904,0001,C,394.00,AUD,
300,SQ,0015,2010-06-02,00024943,00001904,0001,C,1160.00,SGD,
300,AA,0017,2011-05-25,00025033,00001904,0001,C,211.00,USD,
300,UA,0007,2011-07-09,00019596,00001904,0001,C,211.00,USD,
300,DL,0106,2011-02-21,00018877,00001904,0001,C,305.00,USD,
300,UA,0941,2010-09-30,00033509,00001904,0001,C,439.00,USD,
300,QF,0006,2010-11-03,00046614,00001904,0001,C,394.00,AUD,
300,QF,0005,2010-08-20,00007614,00001904,0001,C,394.00,AUD,
300,DL,0106,2010-09-06,00008410,00001904,0001,C,305.00,USD,
300,DL,0106,2010-09-06,00008593,00001904,0001,C,305.00,USD,
300,SQ,0015,2011-09-07,00053497,00001904,0001,C,1160.00,SGD,
300,QF,0005,2011-08-19,00030032,00001904,0001,C,1182.00,AUD,
300,DL,1699,2010-10-11,00048104,00001904,0001,C,211.00,USD,
300,QF,0006,2010-11-24,00047621,00001904,0001,C,394.00,AUD,
300,DL,1699,2010-12-06,00051712,00001904,0001,C,211.00,USD,
300,SQ,0015,2010-12-08,00036682,00001904,0001,C,1160.00,SGD,
300,QF,0005,2012-01-27,00037095,00001904,0001,C,394.00,AUD,
300,UA,0941,2010-09-02,00032716,00001904,0001,C,439.00,USD,
300,DL,1699,2010-12-20,00052296,00001904,0001,C,211.00,USD,
300,AZ,0788,2010-09-21,00047704,00001940,0001,P,515.00,EUR,
300,AA,0026,2010-07-07,00042138,00001904,0001,C,305.00,USD,
300,AA,0017,2012-03-07,00038204,00001904,0001,C,211.00,USD,
300,AA,0017,2010-09-29,00010424,00001904,0001,C,211.00,USD,
300,AZ,0788,2010-09-21,00047569,00000884,0001,P,515.00,EUR,
300,JL,0407,2010-12-17,00010644,00001904,0001,C,530.00,JPY,
300,AZ,0788,2010-09-21,00047527,00002663,0001,P,515.00,EUR,
300,AA,0017,2010-10-06,00010825,00001904,0001,C,211.00,USD,
300,AZ,0788,2010-09-21,00047575,00002502,0001,P,515.00,EUR,
300,AA,0017,2010-11-24,00013746,00001904,0001,C,211.00,USD,
300,AZ,0788,2010-09-21,00047617,00003285,0001,P,515.00,EUR,
300,SQ,0015,2011-11-30,00058419,00001904,0001,C,1160.00,SGD,
300,JL,0407,2011-01-14,00012002,00001904,0001,C,530.00,JPY,
300,AZ,0788,2010-09-21,00047812,00001980,0001,P,515.00,EUR,
300,UA,3504,2010-10-15,00061193,00001904,0001,C,439.00,USD,
300,AZ,0788,2010-09-28,00048255,00003173,0001,P,515.00,EUR,
300,DL,1699,2011-05-02,00060844,00001904,0001,C,211.00,USD,
300,DL,0106,2010-06-14,00003201,00001904,0001,C,305.00,USD,
300,AZ,0788,2010-09-28,00047974,00002747,0001,P,515.00,EUR,
300,QF,0006,2011-10-12,00061963,00001904,0001,C,394.00,AUD,
300,AZ,0788,2010-09-28,00048045,00004176,0001,P,515.00,EUR,
300,QF,0005,2010-08-06,00006663,00001904,0001,C,394.00,AUD,
300,SQ,0002,2010-10-21,00006625,00001904,0001,C,1160.00,SGD,
300,AA,0017,2010-08-04,00006921,00001904,0001,C,211.00,USD,
300,SQ,0002,2010-11-04,00007155,00001904,0001,C,1160.00,SGD,
300,DL,0106,2010-07-05,00004682,00001904,0001,C,305.00,USD,
300,AZ,0788,2010-09-28,00048033,00002261,0001,P,515.00,EUR,
300,JL,0407,2011-10-28,00024707,00001904,0001,C,530.00,JPY,
300,QF,0006,2012-03-21,00064970,00001904,0001,C,394.00,AUD,
300,UA,0007,2011-08-06,00020761,00001904,0001,C,211.00,USD,
300,AA,0017,2011-06-01,00025358,00001904,0001,C,211.00,USD,
300,AZ,0788,2010-09-28,00048165,00003349,0001,P,515.00,EUR,
300,AA,0017,2011-01-05,00016382,00001904,0001,C,211.00,USD,
300,DL,0106,2011-01-24,00017146,00001904,0001,C,305.00,USD,
300,AZ,0788,2010-09-28,00048216,00003819,0001,P,515.00,EUR,
300,DL,0106,2011-01-10,00016183,00001904,0001,C,916.00,USD,
300,AZ,0788,2010-09-28,00048219,00001740,0001,P,515.00,EUR,
300,QF,0005,2011-01-28,00017618,00001904,0001,C,394.00,AUD,
300,SQ,0066,2010-07-19,00065844,00001904,0001,C,164.00,SGD,
300,AZ,0788,2010-09-28,00047914,00001748,0001,P,515.00,EUR,
300,QF,0006,2011-11-23,00063532,00001904,0001,C,788.00,AUD,
300,AZ,0788,2010-09-28,00048159,00000092,0001,P,515.00,EUR,
300,AA,0026,2011-12-07,00064717,00001904,0001,C,305.00,USD,
300,AZ,0788,2010-09-28,00048240,00001161,0001,P,515.00,EUR,
300,AA,0026,2011-12-07,00064612,00001904,0001,C,305.00,USD,
300,AZ,0788,2010-09-28,00047982,00002454,0001,P,515.00,EUR,
300,SQ,0066,2010-08-30,00068555,00001904,0001,C,164.00,SGD,
300,AA,0064,2011-11-18,00086671,00001904,0001,C,211.00,USD,
300,AZ,0788,2010-09-28,00047962,00002675,0001,P,515.00,EUR,
300,QF,0006,2011-11-09,00063122,00001904,0001,C,394.00,AUD,
300,AZ,0788,2010-09-28,00047947,00003811,0001,P,515.00,EUR,
300,DL,1984,2011-03-07,00095488,00001904,0001,C,211.00,USD,
300,AZ,0788,2010-09-28,00048036,00001169,0001,P,515.00,EUR,
300,DL,1984,2010-05-17,00077024,00001904,0001,C,211.00,USD,
300,AZ,0788,2010-09-28,00048048,00004393,0001,P,515.00,EUR,
300,SQ,0066,2011-01-24,00077487,00001904,0001,C,164.00,SGD,
300,AZ,0788,2010-09-28,00048204,00000339,0001,P,515.00,EUR,
300,DL,1984,2010-08-30,00083736,00001904,0001,C,211.00,USD,
300,DL,1984,2010-09-13,00084278,00001904,0001,C,634.00,USD,
300,AZ,0788,2010-09-28,00048258,00001571,0001,P,515.00,EUR,
300,AA,0064,2011-06-17,00081196,00001904,0001,C,211.00,USD,
300,AZ,0788,2010-09-28,00047944,00001467,0001,P,515.00,EUR,
300,UA,3504,2011-08-28,00081279,00001904,0001,C,439.00,USD,
300,AZ,0788,2010-09-28,00048108,00001784,0001,P,515.00,EUR,
300,UA,3504,2011-03-25,00071206,00001904,0001,C,439.00,USD,
300,AZ,0788,2010-09-28,00048027,00004425,0001,P,515.00,EUR,
300,DL,1699,2011-10-31,00071897,00001904,0001,C,211.00,USD,
300,AZ,0788,2010-09-28,00048267,00003939,0001,P,515.00,EUR,
300,SQ,0067,2010-11-08,00110832,00001904,0001,C,164.00,SGD,
300,AZ,0788,2010-09-28,00048168,00000132,0001,P,515.00,EUR,
300,AA,0064,2010-09-24,00071746,00001904,0001,C,211.00,USD,
300,AZ,0788,2010-09-28,00048051,00000860,0001,P,515.00,EUR,
300,DL,1984,2010-10-18,00086448,00001904,0001,C,211.00,USD,
300,AZ,0788,2010-09-28,00047926,00002940,0001,P,515.00,EUR,
300,UA,3504,2011-04-22,00073166,00001904,0001,C,439.00,USD,
300,DL,1699,2011-11-14,00072909,00001904,0001,C,211.00,USD,
300,AZ,0788,2010-09-28,00048207,00002237,0001,P,515.00,EUR,
300,UA,0941,2010-07-15,00030893,00001904,0001,C,439.00,USD,
300,SQ,0015,2010-10-06,00032762,00001904,0001,C,1160.00,SGD,
300,AZ,0788,2010-09-28,00048039,00001117,0001,P,515.00,EUR,
300,SQ,0002,2010-09-23,00005567,00001904,0001,C,1160.00,SGD,
300,AZ,0788,2011-08-16,00068222,00001262,0001,P,515.00,EUR,
300,AA,0017,2010-08-25,00008046,00001904,0001,C,211.00,USD,
300,SQ,0002,2010-04-22,00000052,00001904,0001,C,1160.00,SGD,
300,AZ,0788,2011-08-16,00068147,00003638,0001,P,515.00,EUR,
300,JL,0407,2010-12-10,00010300,00001904,0001,C,530.00,JPY,
300,AA,0026,2011-04-13,00054564,00001904,0001,C,305.00,USD,
300,AZ,0788,2011-08-16,00068156,00001551,0001,P,515.00,EUR,
300,DL,1699,2011-02-14,00055734,00001904,0001,C,634.00,USD,
300,SQ,0015,2011-08-17,00052158,00001904,0001,C,1160.00,SGD,
300,SQ,0015,2012-02-22,00060013,00001904,0001,C,1160.00,SGD,
300,QF,0006,2011-09-14,00060628,00001904,0001,C,394.00,AUD,
300,SQ,0015,2011-11-02,00057101,00001904,0001,C,1160.00,SGD,
300,UA,3516,2010-11-09,00101751,00001904,0001,C,305.00,USD,
300,AA,0026,2010-11-24,00048357,00001904,0001,C,305.00,USD,
300,UA,0941,2011-09-22,00046615,00001904,0001,C,439.00,USD,
300,JL,0408,2011-04-09,00039863,00001904,0001,C,530.00,JPY,
300,SQ,0015,2011-07-13,00050295,00001904,0001,C,1160.00,SGD,
300,UA,3516,2011-10-11,00123570,00001904,0001,C,305.00,USD,
300,SQ,0067,2011-03-28,00119549,00001904,0001,C,164.00,SGD,
300,DL,1984,2011-09-19,00107340,00001904,0001,C,211.00,USD,
300,SQ,0067,2010-09-13,00107526,00001904,0001,C,164.00,SGD,
300,SQ,0067,2010-11-15,00111364,00001904,0001,C,164.00,SGD,
300,SQ,0117,2010-07-19,00151642,00001904,0001,C,178.00,SGD,
300,UA,3517,2011-10-17,00162835,00001904,0001,C,305.00,USD,
300,SQ,0117,2011-05-02,00161727,00001904,0001,C,178.00,SGD,
300,SQ,0117,2011-01-10,00157832,00001904,0001,C,178.00,SGD,
300,UA,3517,2010-11-29,00141982,00001904,0001,C,305.00,USD,
300,DL,1984,2010-06-28,00079703,00001904,0001,C,211.00,USD,
300,AA,0017,2011-03-30,00021495,00001904,0001,C,211.00,USD,
300,AA,0064,2010-05-14,00066884,00001904,0001,C,211.00,USD,
300,DL,1984,2011-06-13,00101203,00001904,0001,C,422.00,USD,
300,UA,3516,2010-08-10,00096279,00001904,0001,C,305.00,USD,
300,SQ,0066,2011-10-24,00094507,00001904,0001,C,493.00,SGD,
300,SQ,0067,2010-05-10,00099499,00001904,0001,C,164.00,SGD,
300,SQ,0866,2010-09-30,00311684,00001904,0001,C,256.00,SGD,
300,SQ,0866,2011-06-23,00328061,00001904,0001,C,512.00,SGD,
300,SQ,0866,2011-01-06,00317982,00001904,0001,C,256.00,SGD,
300,SQ,0326,2010-11-05,00261377,00001904,0001,C,868.00,SGD,
300,SQ,0326,2011-05-06,00269589,00001904,0001,C,868.00,SGD,
300,SQ,0326,2011-06-03,00270556,00001904,0001,C,1737.00,SGD,
300,SQ,0326,2011-09-30,00275859,00001904,0001,C,868.00,SGD,
300,SQ,0863,2011-11-09,00299993,00001904,0001,C,256.00,SGD,
300,LH,0401,2011-01-28,00057274,00000681,0001,C,316.00,EUR,
300,SQ,0863,2011-05-11,00293364,00001904,0001,C,256.00,SGD,
300,LH,0401,2011-01-28,00057361,00001504,0001,C,316.00,EUR,
300,SQ,0997,2010-11-12,00390751,00001904,0001,C,455.00,SGD,
300,LH,0401,2011-01-28,00057173,00000536,0001,C,316.00,EUR,
300,SQ,0997,2010-04-30,00378771,00001904,0001,C,455.00,SGD,
300,LH,0401,2011-01-28,00057133,00002435,0001,C,316.00,EUR,
300,LH,0401,2011-01-28,00057286,00004133,0001,C,316.00,EUR,
300,SQ,0997,2010-06-18,00381928,00001904,0001,C,455.00,SGD,
300,LH,0401,2011-01-28,00057145,00001323,0001,C,316.00,EUR,
300,SQ,0997,2011-08-19,00408193,00001904,0001,C,455.00,SGD,
300,LH,0401,2011-01-28,00057232,00000633,0001,C,316.00,EUR,
300,LH,0401,2011-01-28,00057353,00001817,0001,C,316.00,EUR,
300,SQ,0997,2011-04-01,00399570,00001904,0001,C,455.00,SGD,
300,LH,0401,2011-01-28,00057136,00002792,0001,C,316.00,EUR,
300,LH,0401,2011-01-28,00057247,00003503,0001,C,316.00,EUR,
300,LH,0401,2011-01-28,00057097,00001708,0001,C,316.00,EUR,
300,LH,0401,2011-01-28,00057194,00000564,0001,C,316.00,EUR,
300,AZ,0788,2011-08-16,00068246,00000917,0001,P,515.00,EUR,
300,LH,0401,2011-01-28,00057010,00001367,0001,C,316.00,EUR,
300,LH,0401,2011-01-28,00056998,00001761,0001,C,316.00,EUR,
300,LH,0401,2011-01-28,00057233,00000076,0001,C,316.00,EUR,
300,AZ,0788,2011-08-16,00068102,00001531,0001,P,515.00,EUR,
300,LH,0401,2011-01-28,00057017,00000076,0001,C,316.00,EUR,
300,LH,0401,2011-01-28,00057248,00002933,0001,C,316.00,EUR,
300,AZ,0788,2011-08-16,00067923,00002807,0001,P,515.00,EUR,
300,LH,0401,2011-01-28,00057226,00002491,0001,C,316.00,EUR,
300,LH,0401,2011-01-28,00057244,00002567,0001,C,316.00,EUR,
300,AZ,0788,2011-08-16,00068042,00003650,0001,P,515.00,EUR,
300,LH,0401,2011-01-28,00057301,00001592,0001,C,316.00,EUR,
300,LH,0401,2011-01-28,00057157,00001933,0001,C,316.00,EUR,
300,AZ,0788,2011-08-16,00068213,00004208,0001,P,515.00,EUR,
300,LH,0401,2011-01-28,00057190,00002712,0001,C,316.00,EUR,
300,LH,0401,2011-01-28,00057203,00002640,0001,C,316.00,EUR,
300,AZ,0788,2011-08-16,00067994,00002695,0001,P,515.00,EUR,
300,LH,0401,2011-01-28,00057004,00003728,0001,C,316.00,EUR,
300,LH,0401,2011-01-28,00057370,00003816,0001,C,316.00,EUR,
300,AZ,0788,2011-08-16,00068045,00000163,0001,P,515.00,EUR,
300,LH,0401,2011-01-28,00057104,00001098,0001,C,316.00,EUR,
300,LH,0401,2011-01-28,00057022,00003314,0001,C,316.00,EUR,
300,AZ,0788,2011-08-16,00067968,00003959,0001,P,515.00,EUR,
300,LH,0401,2011-01-28,00057278,00001447,0001,C,316.00,EUR,
300,LH,0401,2011-01-28,00057149,00002335,0001,C,316.00,EUR,
300,AZ,0788,2011-08-16,00067959,00001029,0001,P,515.00,EUR,
300,LH,0401,2011-01-28,00057134,00002479,0001,C,316.00,EUR,
300,AZ,0788,2011-08-16,00067988,00000832,0001,P,515.00,EUR,
300,LH,0401,2011-01-28,00057320,00002451,0001,C,316.00,EUR,
300,LH,0401,2011-01-28,00057184,00004233,0001,C,316.00,EUR,
300,AZ,0788,2011-08-16,00068099,00003811,0001,P,515.00,EUR,
300,LH,0401,2011-01-28,00057071,00004290,0001,C,316.00,EUR,
300,LH,0401,2011-01-28,00057065,00001536,0001,C,316.00,EUR,
300,AZ,0788,2011-08-16,00068165,00004622,0001,P,515.00,EUR,
300,LH,0401,2011-01-28,00057230,00001046,0001,C,316.00,EUR,
300,LH,0401,2011-01-28,00057284,00003659,0001,C,316.00,EUR,
300,AZ,0788,2011-08-16,00068018,00002474,0001,P,515.00,EUR,
300,LH,0401,2011-01-28,00057314,00003439,0001,C,316.00,EUR,
300,LH,0401,2011-01-28,00057139,00002078,0001,C,316.00,EUR,
300,AZ,0788,2011-08-16,00067977,00000359,0001,P,515.00,EUR,
300,LH,0401,2011-01-28,00057196,00004181,0001,C,316.00,EUR,
300,LH,0401,2010-05-07,00040550,00003178,0001,C,316.00,EUR,
300,AZ,0788,2011-08-16,00068153,00003092,0001,P,515.00,EUR,
300,LH,0401,2010-05-07,00040559,00003282,0001,C,316.00,EUR,
300,LH,0401,2010-05-07,00040568,00001146,0001,C,316.00,EUR,
300,AZ,0788,2011-08-16,00067956,00001402,0001,P,515.00,EUR,
300,LH,0401,2010-05-07,00040643,00002676,0001,C,316.00,EUR,
300,LH,0401,2010-05-07,00040624,00004342,0001,C,316.00,EUR,
300,AZ,0788,2011-08-16,00068240,00000075,0001,P,515.00,EUR,
300,LH,0401,2010-05-07,00040453,00004526,0001,C,316.00,EUR,
300,LH,0401,2010-05-07,00040564,00003190,0001,C,316.00,EUR,
300,AZ,0788,2011-08-16,00067947,00000144,0001,P,515.00,EUR,
300,LH,0401,2010-05-07,00040598,00000849,0001,C,316.00,EUR,
300,LH,0401,2010-05-07,00040474,00000625,0001,C,316.00,EUR,
300,LH,0401,2010-05-07,00040663,00003238,0001,C,316.00,EUR,
300,AZ,0788,2011-08-16,00068012,00001507,0001,P,515.00,EUR,
300,LH,0401,2010-05-07,00040616,00003667,0001,C,316.00,EUR,
300,LH,0401,2010-05-07,00040631,00004538,0001,C,316.00,EUR,
300,AZ,0788,2011-08-16,00068090,00004365,0001,P,515.00,EUR,
300,LH,0401,2010-05-07,00040628,00004442,0001,C,316.00,EUR,
300,AZ,0788,2011-08-16,00068057,00003454,0001,P,515.00,EUR,
300,LH,0401,2010-05-07,00040732,00001343,0001,C,316.00,EUR,
300,LH,0401,2010-05-07,00040696,00001937,0001,C,316.00,EUR,
300,AZ,0788,2011-08-16,00068114,00002438,0001,P,515.00,EUR,
300,LH,0401,2010-05-07,00040558,00000966,0001,C,316.00,EUR,
300,LH,0401,2010-05-07,00040505,00000817,0001,C,316.00,EUR,
300,AZ,0788,2011-08-16,00068273,00002157,0001,P,515.00,EUR,
300,LH,0401,2010-05-07,00040795,00000388,0001,C,316.00,EUR,
300,LH,0401,2010-05-07,00040508,00000085,0001,C,316.00,EUR,
300,AZ,0788,2011-11-15,00073551,00003024,0001,P,515.00,EUR,
300,LH,0401,2010-05-07,00040553,00003270,0001,C,316.00,EUR,
300,LH,0401,2010-05-07,00040570,00001247,0001,C,316.00,EUR,
300,AZ,0788,2011-11-15,00073851,00001149,0001,P,515.00,EUR,
300,LH,0401,2010-05-07,00040649,00001584,0001,C,316.00,EUR,
300,AZ,0788,2011-11-15,00073650,00002699,0001,P,515.00,EUR,
300,LH,0401,2010-05-07,00040526,00002632,0001,C,316.00,EUR,
300,AZ,0788,2011-11-15,00073848,00004088,0001,P,515.00,EUR,
300,LH,0401,2010-05-07,00040651,00001753,0001,C,316.00,EUR,
300,AZ,0788,2011-11-15,00073791,00002089,0001,P,515.00,EUR,
300,LH,0401,2010-05-07,00040657,00000468,0001,C,316.00,EUR,
300,AZ,0788,2011-11-15,00073623,00003751,0001,P,515.00,EUR,
300,LH,0401,2010-05-07,00040450,00003350,0001,C,316.00,EUR,
300,AZ,0788,2011-11-15,00073827,00001675,0001,P,515.00,EUR,
300,LH,0401,2010-05-07,00040802,00004631,0001,C,316.00,EUR,
300,AZ,0788,2011-11-15,00073737,00000680,0001,P,515.00,EUR,
300,LH,0401,2010-05-07,00040745,00001054,0001,C,316.00,EUR,
300,AZ,0788,2011-11-15,00073797,00002948,0001,P,515.00,EUR,
300,LH,0401,2010-05-07,00040484,00004041,0001,C,316.00,EUR,
300,AZ,0788,2011-11-15,00073596,00000535,0001,P,515.00,EUR,
300,AZ,0788,2011-11-15,00073557,00001623,0001,P,515.00,EUR,
300,LH,0401,2010-05-07,00040594,00002796,0001,C,316.00,EUR,
300,AZ,0788,2011-11-15,00073641,00001623,0001,P,515.00,EUR,
300,AZ,0788,2011-11-15,00073872,00003674,0001,P,515.00,EUR,
300,LH,0401,2010-05-07,00040463,00003398,0001,C,316.00,EUR,
300,AZ,0788,2011-11-15,00073776,00003092,0001,P,515.00,EUR,
300,AZ,0788,2011-11-15,00073770,00004397,0001,P,515.00,EUR,
300,LH,0401,2010-05-07,00040789,00003198,0001,C,316.00,EUR,
300,AZ,0788,2011-11-15,00073620,00004529,0001,P,515.00,EUR,
300,LH,0401,2010-05-07,00040532,00002688,0001,C,316.00,EUR,
300,AZ,0788,2011-11-15,00073869,00001278,0001,P,515.00,EUR,
300,AZ,0788,2011-11-15,00073884,00002057,0001,P,515.00,EUR,
300,LH,0401,2010-05-07,00040756,00000372,0001,C,316.00,EUR,
300,AZ,0788,2011-11-15,00073560,00003907,0001,P,515.00,EUR,
300,LH,0401,2010-05-07,00040477,00000368,0001,C,316.00,EUR,
300,AZ,0788,2011-11-15,00073593,00002872,0001,P,515.00,EUR,
300,AZ,0788,2011-11-15,00073923,00000603,0001,P,515.00,EUR,
300,LH,0401,2010-05-07,00040688,00001275,0001,C,316.00,EUR,
300,AZ,0788,2011-11-15,00073806,00004016,0001,P,515.00,EUR,
300,LH,0401,2010-05-07,00040501,00001307,0001,C,316.00,EUR,
300,AZ,0788,2011-11-15,00073878,00001948,0001,P,515.00,EUR,
300,AZ,0788,2011-11-15,00073566,00001378,0001,P,515.00,EUR,
300,LH,0401,2010-05-07,00040510,00001833,0001,C,316.00,EUR,
300,AZ,0788,2011-11-15,00073782,00004409,0001,P,515.00,EUR,
300,LH,0401,2010-05-07,00040517,00004466,0001,C,316.00,EUR,
300,AZ,0788,2011-11-15,00073842,00002037,0001,P,515.00,EUR,
300,LH,0401,2010-05-07,00040471,00002921,0001,C,316.00,EUR,
300,AZ,0788,2011-07-26,00066935,00003273,0001,P,515.00,EUR,
300,AZ,0788,2011-07-26,00066611,00002281,0001,P,515.00,EUR,
300,LH,0401,2010-05-07,00040561,00001026,0001,C,316.00,EUR,
300,AZ,0788,2011-07-26,00066794,00003000,0001,P,515.00,EUR,
300,LH,0401,2010-05-07,00040607,00000340,0001,C,316.00,EUR,
300,AZ,0788,2011-07-26,00066845,00002426,0001,P,515.00,EUR,
300,AZ,0788,2011-07-26,00066911,00000764,0001,P,515.00,EUR,
300,LH,0401,2010-05-07,00040604,00003539,0001,C,316.00,EUR,
300,AZ,0788,2011-07-26,00066638,00001182,0001,P,515.00,EUR,
300,AZ,0788,2011-07-26,00066848,00000937,0001,P,515.00,EUR,
300,LH,0401,2010-05-07,00040742,00000444,0001,C,316.00,EUR,
300,AZ,0788,2011-07-26,00066887,00001226,0001,P,515.00,EUR,
300,LH,0401,2010-05-07,00040709,00003298,0001,C,316.00,EUR,
300,AZ,0788,2011-07-26,00066860,00003084,0001,P,515.00,EUR,
300,AZ,0788,2011-07-26,00066872,00003546,0001,P,515.00,EUR,
300,LH,0401,2010-05-07,00040457,00001785,0001,C,316.00,EUR,
300,AZ,0788,2011-07-26,00066788,00003181,0001,P,515.00,EUR,
300,LH,0401,2010-05-07,00040472,00002375,0001,C,316.00,EUR,
300,AZ,0788,2011-07-26,00066710,00003237,0001,P,515.00,EUR,
300,AZ,0788,2011-07-26,00066677,00001370,0001,P,515.00,EUR,
300,LH,0401,2010-05-07,00040525,00001644,0001,C,316.00,EUR,
300,AZ,0788,2011-07-26,00066956,00002430,0001,P,515.00,EUR,
300,LH,0401,2010-05-07,00040622,00001231,0001,C,316.00,EUR,
300,AZ,0788,2011-07-26,00066863,00002213,0001,P,515.00,EUR,
300,AZ,0788,2011-07-26,00066908,00001021,0001,P,515.00,EUR,
300,LH,0401,2010-05-07,00040678,00001917,0001,C,316.00,EUR,
300,AZ,0788,2011-07-26,00066797,00001266,0001,P,515.00,EUR,
300,AZ,0788,2011-07-26,00066755,00001422,0001,P,515.00,EUR,
300,LH,0401,2010-05-07,00040535,00003499,0001,C,316.00,EUR,
300,AZ,0788,2011-07-26,00066920,00001101,0001,P,515.00,EUR,
300,AZ,0788,2011-07-26,00066821,00004064,0001,P,515.00,EUR,
300,LH,0401,2010-05-07,00040660,00002142,0001,C,316.00,EUR,
300,AZ,0788,2011-07-26,00066743,00001804,0001,P,515.00,EUR,
300,AZ,0788,2011-07-26,00066926,00004405,0001,P,515.00,EUR,
300,LH,0401,2010-05-07,00040768,00000906,0001,C,316.00,EUR,
300,AZ,0788,2011-07-26,00066833,00001354,0001,P,515.00,EUR,
300,LH,0401,2010-05-07,00040481,00003101,0001,C,316.00,EUR,
300,AZ,0788,2011-07-26,00066881,00000985,0001,P,515.00,EUR,
300,AZ,0788,2011-07-26,00066953,00004409,0001,P,515.00,EUR,
300,LH,0401,2010-05-07,00040769,00000877,0001,C,316.00,EUR,
300,AZ,0788,2011-07-26,00066626,00001884,0001,P,515.00,EUR,
300,AZ,0788,2011-03-08,00057959,00002924,0001,P,515.00,EUR,
300,LH,0401,2010-05-07,00040673,00001162,0001,C,316.00,EUR,
300,AZ,0788,2011-03-08,00057908,00004228,0001,P,515.00,EUR,
300,LH,0401,2010-05-07,00040574,00004173,0001,C,316.00,EUR,
300,AZ,0788,2011-03-08,00058012,00002261,0001,P,515.00,EUR,
300,AZ,0788,2011-03-08,00058102,00001816,0001,P,515.00,EUR,
300,LH,0401,2010-05-07,00040699,00001447,0001,C,316.00,EUR,
300,AZ,0788,2011-03-08,00058171,00000648,0001,P,515.00,EUR,
300,AZ,0788,2011-03-08,00058039,00002153,0001,P,515.00,EUR,
300,LH,0401,2010-05-07,00040534,00002315,0001,C,316.00,EUR,
300,AZ,0788,2011-03-08,00058159,00000997,0001,P,515.00,EUR,
300,LH,0401,2010-05-07,00040694,00004406,0001,C,316.00,EUR,
300,AZ,0788,2011-03-08,00057968,00000174,0001,P,515.00,EUR,
300,LH,0401,2010-05-07,00040727,00004446,0001,C,316.00,EUR,
300,AZ,0788,2011-03-08,00058246,00002334,0001,P,515.00,EUR,
300,AZ,0788,2011-03-08,00058066,00000012,0001,P,515.00,EUR,
300,LH,0401,2010-05-07,00040520,00004454,0001,C,316.00,EUR,
300,AZ,0788,2011-03-08,00058153,00002607,0001,P,515.00,EUR,
300,LH,0401,2010-05-07,00040751,00001704,0001,C,316.00,EUR,
300,AZ,0788,2011-03-08,00057953,00003767,0001,P,515.00,EUR,
300,AZ,0788,2011-03-08,00058264,00003341,0001,P,515.00,EUR,
300,LH,0401,2010-05-07,00040610,00001789,0001,C,316.00,EUR,
300,AZ,0788,2011-03-08,00058183,00003373,0001,P,515.00,EUR,
300,LH,0401,2010-05-07,00040766,00001925,0001,C,316.00,EUR,
300,AZ,0788,2011-03-08,00058045,00002562,0001,P,515.00,EUR,
300,AZ,0788,2011-03-08,00058216,00004425,0001,P,515.00,EUR,
300,LH,0401,2010-05-07,00040730,00003852,0001,C,316.00,EUR,
300,AZ,0788,2011-03-08,00058060,00002253,0001,P,515.00,EUR,
300,AZ,0788,2011-03-08,00058168,00002916,0001,P,515.00,EUR,
300,LH,0401,2010-05-07,00040499,00001267,0001,C,316.00,EUR,
300,AZ,0788,2011-03-08,00058138,00002057,0001,P,515.00,EUR,
300,LH,0401,2010-05-07,00040640,00000833,0001,C,316.00,EUR,
300,AZ,0788,2011-03-08,00057971,00002065,0001,P,515.00,EUR,
300,AZ,0788,2011-03-08,00058243,00003947,0001,P,515.00,EUR,
300,LH,0401,2011-08-19,00069945,00003065,0001,C,316.00,EUR,
300,AZ,0788,2011-03-08,00057938,00000531,0001,P,515.00,EUR,
300,LH,0401,2011-08-19,00069762,00002387,0001,C,316.00,EUR,
300,AZ,0788,2011-03-08,00058204,00002711,0001,P,515.00,EUR,
300,AZ,0788,2011-03-08,00058186,00000840,0001,P,515.00,EUR,
300,LH,0401,2011-08-19,00069742,00002387,0001,C,316.00,EUR,
300,AZ,0788,2011-03-08,00058108,00004325,0001,P,515.00,EUR,
300,LH,0401,2011-08-19,00069862,00003800,0001,C,316.00,EUR,
300,AZ,0788,2010-06-29,00042474,00003522,0001,P,515.00,EUR,
300,AZ,0788,2010-06-29,00042243,00003598,0001,P,515.00,EUR,
300,LH,0401,2011-08-19,00069676,00002278,0001,C,316.00,EUR,
300,AZ,0788,2010-06-29,00042545,00002747,0001,P,515.00,EUR,
300,LH,0401,2011-08-19,00069865,00003459,0001,C,316.00,EUR,
300,AZ,0788,2010-06-29,00042539,00001350,0001,P,515.00,EUR,
300,LH,0401,2011-08-19,00069879,00004526,0001,C,316.00,EUR,
300,AZ,0788,2010-06-29,00042240,00001009,0001,P,515.00,EUR,
300,AZ,0788,2010-06-29,00042426,00003413,0001,P,515.00,EUR,
300,LH,0401,2011-08-19,00069741,00002270,0001,C,316.00,EUR,
300,AZ,0788,2010-06-29,00042291,00002542,0001,P,515.00,EUR,
300,AZ,0788,2010-06-29,00042342,00000019,0001,P,515.00,EUR,
300,LH,0401,2011-08-19,00070031,00001239,0001,C,316.00,EUR,
300,AZ,0788,2010-06-29,00042393,00003855,0001,P,515.00,EUR,
300,AZ,0788,2010-06-29,00042408,00000981,0001,P,515.00,EUR,
300,LH,0401,2011-08-19,00069802,00003186,0001,C,316.00,EUR,
300,AZ,0788,2010-06-29,00042321,00004525,0001,P,515.00,EUR,
300,LH,0401,2011-08-19,00069918,00001749,0001,C,316.00,EUR,
300,AZ,0788,2010-06-29,00042396,00001756,0001,P,515.00,EUR,
300,LH,0401,2011-08-19,00069962,00002363,0001,C,316.00,EUR,
300,AZ,0788,2010-06-29,00042351,00002233,0001,P,515.00,EUR,
300,AZ,0788,2010-06-29,00042563,00000744,0001,P,515.00,EUR,
300,LH,0401,2011-08-19,00069831,00004555,0001,C,316.00,EUR,
300,AZ,0788,2010-06-29,00042348,00001358,0001,P,515.00,EUR,
300,LH,0401,2011-08-19,00069871,00003262,0001,C,316.00,EUR,
300,AZ,0788,2010-06-29,00042527,00001539,0001,P,515.00,EUR,
300,AZ,0788,2010-06-29,00042509,00001772,0001,P,515.00,EUR,
300,LH,0401,2011-08-19,00069965,00000520,0001,C,316.00,EUR,
300,AZ,0788,2010-06-29,00042249,00003385,0001,P,515.00,EUR,
300,AZ,0788,2010-06-29,00042372,00001800,0001,P,515.00,EUR,
300,LH,0401,2011-08-19,00069948,00000536,0001,C,316.00,EUR,
300,AZ,0788,2010-06-29,00042584,00004614,0001,P,515.00,EUR,
300,AZ,0788,2010-06-29,00042477,00001936,0001,P,515.00,EUR,
300,LH,0401,2011-08-19,00069793,00002178,0001,C,316.00,EUR,
300,AZ,0788,2010-06-29,00042515,00002703,0001,P,515.00,EUR,
300,LH,0401,2011-08-19,00069784,00000508,0001,C,316.00,EUR,
300,AZ,0788,2010-06-29,00042578,00003470,0001,P,515.00,EUR,
300,AZ,0788,2010-06-29,00042246,00001679,0001,P,515.00,EUR,
300,LH,0401,2011-08-19,00070050,00001247,0001,C,316.00,EUR,
300,AZ,0788,2010-06-29,00042503,00000127,0001,P,515.00,EUR,
300,LH,0401,2011-08-19,00070014,00001753,0001,C,316.00,EUR,
300,AZ,0788,2010-11-09,00050725,00000901,0001,P,515.00,EUR,
300,AZ,0788,2010-11-09,00050557,00001872,0001,P,515.00,EUR,
300,LH,0401,2011-08-19,00069801,00004141,0001,C,316.00,EUR,
300,AZ,0788,2010-11-09,00050752,00001414,0001,P,515.00,EUR,
300,LH,0401,2011-08-19,00070047,00003491,0001,C,316.00,EUR,
300,AZ,0788,2010-11-09,00050800,00000447,0001,P,515.00,EUR,
300,AZ,0788,2010-11-09,00050635,00004421,0001,P,515.00,EUR,
300,LH,0401,2011-08-19,00069974,00003306,0001,C,316.00,EUR,
300,AZ,0788,2010-11-09,00050566,00004152,0001,P,515.00,EUR,
300,AZ,0788,2010-11-09,00050599,00002334,0001,P,515.00,EUR,
300,LH,0401,2011-08-19,00069941,00001961,0001,C,316.00,EUR,
300,AZ,0788,2010-11-09,00050659,00003630,0001,P,515.00,EUR,
300,LH,0401,2011-08-19,00069906,00002957,0001,C,316.00,EUR,
300,AZ,0788,2010-11-09,00050536,00000363,0001,P,515.00,EUR,
300,AZ,0788,2010-11-09,00050617,00000744,0001,P,515.00,EUR,
300,LH,0401,2011-08-19,00069889,00001179,0001,C,316.00,EUR,
300,AZ,0788,2010-11-09,00050605,00000033,0001,P,515.00,EUR,
300,LH,0401,2011-08-19,00069838,00001110,0001,C,316.00,EUR,
300,AZ,0788,2010-11-09,00050806,00004212,0001,P,515.00,EUR,
300,AZ,0788,2010-11-09,00050860,00000375,0001,P,515.00,EUR,
300,LH,0401,2011-08-19,00069843,00002001,0001,C,316.00,EUR,
300,AZ,0788,2010-11-09,00050737,00004313,0001,P,515.00,EUR,
300,LH,0401,2011-08-19,00069912,00002114,0001,C,316.00,EUR,
300,AZ,0788,2010-11-09,00050788,00004533,0001,P,515.00,EUR,
300,AZ,0788,2010-11-09,00050641,00002338,0001,P,515.00,EUR,
300,LH,0401,2011-08-19,00070053,00004001,0001,C,316.00,EUR,
300,AZ,0788,2010-11-09,00050848,00002012,0001,P,515.00,EUR,
300,LH,0401,2011-08-19,00069922,00004001,0001,C,316.00,EUR,
300,AZ,0788,2010-11-09,00050821,00000652,0001,P,515.00,EUR,
300,AZ,0788,2010-11-09,00050539,00003992,0001,P,515.00,EUR,
300,LH,0401,2011-08-19,00069811,00003511,0001,C,316.00,EUR,
300,AZ,0788,2010-11-09,00050704,00002378,0001,P,515.00,EUR,
300,AZ,0788,2010-11-09,00050830,00000515,0001,P,515.00,EUR,
300,LH,0401,2011-08-19,00069909,00003619,0001,C,316.00,EUR,
300,AZ,0788,2010-11-09,00050656,00004606,0001,P,515.00,EUR,
300,LH,0401,2011-08-19,00069977,00002744,0001,C,316.00,EUR,
300,AZ,0788,2010-11-09,00050560,00000519,0001,P,515.00,EUR,
300,AZ,0788,2010-11-09,00050530,00004269,0001,P,515.00,EUR,
300,LH,0401,2011-08-19,00069868,00000584,0001,C,316.00,EUR,
300,AZ,0788,2010-11-09,00050545,00004112,0001,P,515.00,EUR,
300,LH,0401,2011-08-19,00069975,00000733,0001,C,316.00,EUR,
300,AZ,0788,2010-11-23,00051426,00001342,0001,P,515.00,EUR,
300,AZ,0788,2010-11-23,00051731,00002924,0001,P,515.00,EUR,
300,LH,0401,2011-08-19,00069739,00001680,0001,C,316.00,EUR,
300,AZ,0788,2010-11-23,00051671,00002779,0001,P,515.00,EUR,
300,LH,0401,2011-08-19,00069885,00000372,0001,C,316.00,EUR,
300,AZ,0788,2010-11-23,00051497,00000197,0001,P,515.00,EUR,
300,LH,0401,2011-08-19,00069834,00000368,0001,C,316.00,EUR,
300,AZ,0788,2010-11-23,00051447,00003273,0001,P,515.00,EUR,
300,LH,0401,2011-08-19,00070041,00000857,0001,C,316.00,EUR,
300,AZ,0788,2010-11-23,00051599,00002249,0001,P,515.00,EUR,
300,LH,0401,2011-08-19,00070026,00001307,0001,C,316.00,EUR,
300,AZ,0788,2010-11-23,00051704,00002868,0001,P,515.00,EUR,
300,LH,0401,2011-08-19,00069714,00000926,0001,C,316.00,EUR,
300,AZ,0788,2010-11-23,00051632,00002591,0001,P,515.00,EUR,
300,LH,0401,2011-08-19,00069780,00001741,0001,C,316.00,EUR,
300,AZ,0788,2010-11-23,00051563,00000933,0001,P,515.00,EUR,
300,LH,0401,2011-08-19,00069825,00001716,0001,C,316.00,EUR,
300,AZ,0788,2010-11-23,00051734,00000008,0001,P,515.00,EUR,
300,LH,0401,2011-08-19,00069769,00004061,0001,C,316.00,EUR,
300,AZ,0788,2010-11-23,00051405,00002233,0001,P,515.00,EUR,
300,AZ,0788,2010-11-23,00051548,00004048,0001,P,515.00,EUR,
300,LH,0401,2011-08-19,00069969,00003154,0001,C,316.00,EUR,
300,AZ,0788,2010-11-23,00051593,00002538,0001,P,515.00,EUR,
300,LH,0401,2011-08-19,00069877,00004149,0001,C,316.00,EUR,
300,AZ,0788,2010-11-23,00051656,00001651,0001,P,515.00,EUR,
300,LH,0401,2011-08-19,00069691,00002584,0001,C,316.00,EUR,
300,AZ,0788,2010-11-23,00051707,00003092,0001,P,515.00,EUR,
300,LH,0401,2011-08-19,00069759,00001644,0001,C,316.00,EUR,
300,AZ,0788,2010-11-23,00051653,00001988,0001,P,515.00,EUR,
300,LH,0401,2011-08-19,00069681,00002756,0001,C,316.00,EUR,
300,AZ,0788,2010-11-23,00051462,00001707,0001,P,515.00,EUR,
300,LH,0401,2011-08-19,00069995,00001251,0001,C,316.00,EUR,
300,AZ,0788,2010-11-23,00051623,00002703,0001,P,515.00,EUR,
300,LH,0401,2011-08-19,00069880,00002307,0001,C,316.00,EUR,
300,AZ,0788,2010-11-23,00051710,00003337,0001,P,515.00,EUR,
300,LH,0401,2011-08-19,00069789,00003896,0001,C,316.00,EUR,
300,AZ,0788,2010-11-23,00051617,00003470,0001,P,515.00,EUR,
300,AZ,0788,2010-11-23,00051542,00002241,0001,P,515.00,EUR,
300,LH,0401,2011-08-19,00069847,00000352,0001,C,316.00,EUR,
300,AZ,0788,2010-11-23,00051494,00002570,0001,P,515.00,EUR,
300,LH,0401,2011-08-19,00069876,00003603,0001,C,316.00,EUR,
300,AZ,0788,2010-11-23,00051441,00003421,0001,P,515.00,EUR,
300,AZ,0788,2010-11-23,00051611,00002049,0001,P,515.00,EUR,
300,LH,0401,2011-08-19,00069675,00002551,0001,C,316.00,EUR,
300,AZ,0788,2011-08-09,00067482,00000160,0001,P,515.00,EUR,
300,AZ,0788,2011-08-09,00067710,00004277,0001,P,515.00,EUR,
300,LH,0401,2011-08-19,00069720,00002784,0001,C,316.00,EUR,
300,AZ,0788,2011-08-09,00067602,00001238,0001,P,515.00,EUR,
300,LH,0401,2011-08-19,00069699,00002897,0001,C,316.00,EUR,
300,AZ,0788,2011-08-09,00067539,00002406,0001,P,515.00,EUR,
300,AZ,0788,2011-08-09,00067471,00003064,0001,P,515.00,EUR,
300,LH,0401,2011-08-19,00069813,00002407,0001,C,316.00,EUR,
300,AZ,0788,2011-08-09,00067797,00002089,0001,P,515.00,EUR,
300,AZ,0788,2011-08-09,00067557,00002053,0001,P,515.00,EUR,
300,LH,0401,2011-08-19,00069996,00003330,0001,C,316.00,EUR,
300,AZ,0788,2011-08-09,00067692,00004040,0001,P,515.00,EUR,
300,LH,0401,2011-08-19,00069891,00002323,0001,C,316.00,EUR,
300,AZ,0788,2011-08-09,00067815,00001310,0001,P,515.00,EUR,
300,LH,0401,2011-08-19,00069892,00004386,0001,C,316.00,EUR,
300,AZ,0788,2011-08-09,00067821,00003325,0001,P,515.00,EUR,
300,AZ,0788,2011-08-09,00067704,00003674,0001,P,515.00,EUR,
300,LH,0401,2011-08-19,00070022,00002013,0001,C,316.00,EUR,
300,AZ,0788,2011-08-09,00067761,00000359,0001,P,515.00,EUR,
300,AZ,0788,2011-08-09,00067728,00004188,0001,P,515.00,EUR,
300,LH,0401,2011-08-19,00069786,00002013,0001,C,316.00,EUR,
300,AZ,0788,2011-08-09,00067509,00004032,0001,P,515.00,EUR,
300,LH,0401,2011-08-19,00069953,00003254,0001,C,316.00,EUR,
300,AZ,0788,2011-08-09,00067716,00001511,0001,P,515.00,EUR,
300,AZ,0788,2011-08-09,00067788,00000603,0001,P,515.00,EUR,
300,LH,0401,2011-08-19,00070001,00000404,0001,C,316.00,EUR,
300,AZ,0788,2011-08-09,00067512,00000515,0001,P,515.00,EUR,
300,LH,0401,2011-08-19,00069960,00002860,0001,C,316.00,EUR,
300,AZ,0788,2011-08-09,00067593,00001719,0001,P,515.00,EUR,
300,LH,0401,2010-09-17,00049053,00003065,0001,C,316.00,EUR,
300,AZ,0788,2011-08-09,00067719,00002145,0001,P,515.00,EUR,
300,AZ,0788,2011-08-09,00067590,00001001,0001,P,515.00,EUR,
300,LH,0401,2010-09-17,00048989,00000950,0001,C,316.00,EUR,
300,AZ,0788,2011-08-09,00067620,00001013,0001,P,515.00,EUR,
300,LH,0401,2010-09-17,00048903,00001737,0001,C,316.00,EUR,
300,AZ,0788,2011-08-09,00067827,00001956,0001,P,515.00,EUR,
300,AZ,0788,2011-08-09,00067599,00000909,0001,P,515.00,EUR,
300,LH,0401,2010-09-17,00049059,00000544,0001,C,316.00,EUR,
300,AZ,0788,2011-08-09,00067560,00002241,0001,P,515.00,EUR,
300,LH,0401,2010-09-17,00048951,00000544,0001,C,316.00,EUR,
300,AZ,0788,2011-08-02,00067039,00003638,0001,P,515.00,EUR,
300,LH,0401,2010-09-17,00048741,00002278,0001,C,316.00,EUR,
300,AZ,0788,2011-08-02,00067219,00002687,0001,P,515.00,EUR,
300,AZ,0788,2011-08-02,00067204,00001149,0001,P,515.00,EUR,
300,LH,0401,2010-09-17,00048974,00003021,0001,C,316.00,EUR,
300,AZ,0788,2011-08-02,00067135,00002835,0001,P,515.00,EUR,
300,LH,0401,2010-09-17,00048700,00004619,0001,C,316.00,EUR,
300,AZ,0788,2011-08-02,00067357,00003438,0001,P,515.00,EUR,
300,LH,0401,2010-09-17,00049002,00001873,0001,C,316.00,EUR,
300,AZ,0788,2011-08-02,00067342,00003711,0001,P,515.00,EUR,
300,AZ,0788,2011-08-02,00067072,00003297,0001,P,515.00,EUR,
300,LH,0401,2010-09-17,00048938,00001873,0001,C,316.00,EUR,
300,AZ,0788,2011-08-02,00067237,00001298,0001,P,515.00,EUR,
300,LH,0401,2010-09-17,00049067,00003772,0001,C,316.00,EUR,
300,AZ,0788,2011-08-02,00067258,00004525,0001,P,515.00,EUR,
300,LH,0401,2010-09-17,00048757,00003948,0001,C,316.00,EUR,
300,AZ,0788,2011-08-02,00067273,00000587,0001,P,515.00,EUR,
300,LH,0401,2010-09-17,00049010,00002467,0001,C,316.00,EUR,
300,AZ,0788,2011-08-02,00067240,00002293,0001,P,515.00,EUR,
300,LH,0401,2010-09-17,00048723,00002363,0001,C,316.00,EUR,
300,AZ,0788,2011-08-02,00067192,00003373,0001,P,515.00,EUR,
300,LH,0401,2010-09-17,00048977,00003964,0001,C,316.00,EUR,
300,LH,0401,2010-09-17,00048975,00003583,0001,C,316.00,EUR,
300,AZ,0788,2011-08-02,00067033,00002647,0001,P,515.00,EUR,
300,LH,0401,2010-09-17,00048778,00002298,0001,C,316.00,EUR,
300,AZ,0788,2011-08-02,00067144,00003578,0001,P,515.00,EUR,
300,LH,0401,2010-09-17,00048879,00002929,0001,C,316.00,EUR,
300,AZ,0788,2011-08-02,00067078,00001547,0001,P,515.00,EUR,
300,LH,0401,2010-09-17,00048796,00004555,0001,C,316.00,EUR,
300,AZ,0788,2011-08-02,00067060,00003446,0001,P,515.00,EUR,
300,LH,0401,2010-09-17,00048969,00000930,0001,C,316.00,EUR,
300,AZ,0788,2011-08-02,00067117,00002494,0001,P,515.00,EUR,
300,LH,0401,2010-09-17,00048900,00002672,0001,C,316.00,EUR,
300,AZ,0788,2011-08-02,00067267,00001832,0001,P,515.00,EUR,
300,LH,0401,2010-09-17,00049013,00002949,0001,C,316.00,EUR,
300,AZ,0788,2011-08-02,00067057,00001077,0001,P,515.00,EUR,
300,LH,0401,2010-09-17,00048711,00001668,0001,C,316.00,EUR,
300,AZ,0788,2011-08-02,00067171,00004160,0001,P,515.00,EUR,
300,LH,0401,2010-09-17,00048787,00001688,0001,C,316.00,EUR,
300,AZ,0788,2011-08-02,00067348,00002165,0001,P,515.00,EUR,
300,LH,0401,2010-09-17,00048732,00002527,0001,C,316.00,EUR,
300,AZ,0788,2011-08-02,00067081,00003345,0001,P,515.00,EUR,
300,LH,0401,2010-09-17,00048919,00004414,0001,C,316.00,EUR,
300,AZ,0788,2011-08-02,00067114,00000712,0001,P,515.00,EUR,
300,LH,0401,2010-09-17,00048751,00000520,0001,C,316.00,EUR,
300,AZ,0788,2010-04-20,00037994,00002944,0001,P,515.00,EUR,
300,LH,0401,2010-09-17,00049032,00002463,0001,C,316.00,EUR,
300,LH,0401,2010-09-17,00048709,00002632,0001,C,316.00,EUR,
300,AZ,0788,2010-04-20,00038117,00001386,0001,P,515.00,EUR,
300,LH,0401,2010-09-17,00048889,00002664,0001,C,316.00,EUR,
300,AZ,0788,2010-04-20,00038105,00000232,0001,P,515.00,EUR,
300,LH,0401,2010-09-17,00048998,00002519,0001,C,316.00,EUR,
300,AZ,0788,2010-04-20,00037908,00004224,0001,P,515.00,EUR,
300,LH,0401,2010-09-17,00048733,00002579,0001,C,316.00,EUR,
300,AZ,0788,2010-04-20,00037968,00000852,0001,P,515.00,EUR,
300,LH,0401,2010-09-17,00049047,00002571,0001,C,316.00,EUR,
300,AZ,0788,2010-04-20,00038243,00004012,0001,P,515.00,EUR,
300,LH,0401,2010-09-17,00049022,00003414,0001,C,316.00,EUR,
300,AZ,0788,2010-04-20,00038069,00002197,0001,P,515.00,EUR,
300,LH,0401,2010-09-17,00048859,00003354,0001,C,316.00,EUR,
300,AZ,0788,2010-04-20,00037979,00001723,0001,P,515.00,EUR,
300,LH,0401,2010-09-17,00048775,00000016,0001,C,316.00,EUR,
300,AZ,0788,2010-04-20,00037971,00001382,0001,P,515.00,EUR,
300,LH,0401,2010-09-17,00049005,00001929,0001,C,316.00,EUR,
300,AZ,0788,2010-04-20,00038156,00003201,0001,P,515.00,EUR,
300,LH,0401,2010-09-17,00048759,00002154,0001,C,316.00,EUR,
300,AZ,0788,2010-04-20,00037962,00003293,0001,P,515.00,EUR,
300,LH,0401,2010-09-17,00048703,00001865,0001,C,316.00,EUR,
300,AZ,0788,2010-04-20,00037938,00002245,0001,P,515.00,EUR,
300,LH,0401,2010-09-17,00048795,00000685,0001,C,316.00,EUR,
300,AZ,0788,2010-04-20,00037914,00001587,0001,P,515.00,EUR,
300,LH,0401,2010-09-17,00048880,00001841,0001,C,316.00,EUR,
300,AZ,0788,2010-04-20,00038237,00001021,0001,P,515.00,EUR,
300,LH,0401,2010-09-17,00049023,00002001,0001,C,316.00,EUR,
300,AZ,0788,2010-04-20,00038093,00002253,0001,P,515.00,EUR,
300,LH,0401,2010-09-17,00048748,00002042,0001,C,316.00,EUR,
300,AZ,0788,2010-04-20,00038039,00002964,0001,P,515.00,EUR,
300,LH,0401,2010-09-17,00048999,00003704,0001,C,316.00,EUR,
300,AZ,0788,2010-04-20,00038189,00000006,0001,P,515.00,EUR,
300,AZ,0788,2010-04-20,00038135,00000772,0001,P,515.00,EUR,
300,LH,0401,2010-09-17,00048965,00002744,0001,C,316.00,EUR,
300,AZ,0788,2010-04-20,00037920,00003891,0001,P,515.00,EUR,
300,LH,0401,2010-09-17,00048888,00001142,0001,C,316.00,EUR,
300,AZ,0788,2010-04-20,00038051,00004309,0001,P,515.00,EUR,
300,AZ,0788,2010-04-20,00038165,00000419,0001,P,515.00,EUR,
300,LH,0401,2010-09-17,00048858,00001106,0001,C,316.00,EUR,
300,AZ,0788,2010-04-20,00037974,00001980,0001,P,515.00,EUR,
300,AZ,0788,2010-04-20,00038018,00003401,0001,P,515.00,EUR,
300,LH,0401,2010-09-17,00048712,00000926,0001,C,316.00,EUR,
300,AZ,0788,2010-10-05,00048590,00003771,0001,P,515.00,EUR,
300,LH,0401,2010-09-17,00048826,00000194,0001,C,316.00,EUR,
300,AZ,0788,2010-10-05,00048330,00001872,0001,P,515.00,EUR,
300,AZ,0788,2010-10-05,00048704,00003839,0001,P,515.00,EUR,
300,LH,0401,2010-09-17,00048913,00000332,0001,C,316.00,EUR,
300,AZ,0788,2010-10-05,00048524,00001202,0001,P,515.00,EUR,
300,LH,0401,2010-09-17,00048814,00003382,0001,C,316.00,EUR,
300,AZ,0788,2010-10-05,00048366,00001503,0001,P,515.00,EUR,
300,AZ,0788,2010-10-05,00048423,00002851,0001,P,515.00,EUR,
300,LH,0401,2010-09-17,00048829,00003539,0001,C,316.00,EUR,
300,LH,0401,2010-09-17,00048844,00000472,0001,C,316.00,EUR,
300,LH,0401,2010-09-17,00048736,00003133,0001,C,316.00,EUR,
300,LH,0401,2010-09-17,00048931,00001672,0001,C,316.00,EUR,
300,LH,0401,2010-09-17,00048841,00003639,0001,C,316.00,EUR,
300,LH,0401,2010-09-17,00048936,00001793,0001,C,316.00,EUR,
300,LH,0401,2010-09-17,00048927,00002138,0001,C,316.00,EUR,
300,LH,0401,2010-09-17,00048745,00002668,0001,C,316.00,EUR,
300,LH,0401,2010-09-17,00049035,00001082,0001,C,316.00,EUR,
300,LH,0401,2010-09-17,00048850,00001150,0001,C,316.00,EUR,
300,LH,0401,2010-09-17,00048983,00002174,0001,C,316.00,EUR,
300,LH,0401,2010-09-17,00048706,00000326,0001,C,316.00,EUR,
300,LH,0401,2010-09-17,00049052,00000240,0001,C,316.00,EUR,
300,LH,0401,2010-09-17,00048963,00000793,0001,C,316.00,EUR,
300,LH,0401,2010-09-17,00048944,00001965,0001,C,316.00,EUR,
300,LH,0401,2010-09-17,00049040,00004266,0001,C,316.00,EUR,
300,LH,0401,2011-05-27,00064474,00000713,0001,C,316.00,EUR,
300,LH,0401,2011-05-27,00064565,00000950,0001,C,316.00,EUR,
300,LH,0401,2011-05-27,00064564,00000950,0001,C,316.00,EUR,
300,LH,0401,2011-05-27,00064460,00004422,0001,C,316.00,EUR,
300,LH,0401,2011-05-27,00064727,00001476,0001,C,316.00,EUR,
300,LH,0401,2011-05-27,00064484,00000745,0001,C,316.00,EUR,
300,LH,0401,2011-05-27,00064691,00001239,0001,C,316.00,EUR,
300,LH,0401,2011-05-27,00064588,00001355,0001,C,316.00,EUR,
300,LH,0401,2011-05-27,00064652,00001435,0001,C,316.00,EUR,
300,LH,0401,2011-05-27,00064505,00002608,0001,C,316.00,EUR,
300,LH,0401,2011-05-27,00064630,00000705,0001,C,316.00,EUR,
300,LH,0401,2011-05-27,00064813,00000705,0001,C,316.00,EUR,
300,LH,0401,2011-05-27,00064544,00004538,0001,C,316.00,EUR,
300,LH,0401,2011-05-27,00064729,00001219,0001,C,316.00,EUR,
300,LH,0401,2011-05-27,00064639,00002062,0001,C,316.00,EUR,
300,LH,0401,2011-05-27,00064757,00002660,0001,C,316.00,EUR,
300,LH,0401,2011-05-27,00064663,00001937,0001,C,316.00,EUR,
300,LH,0401,2011-05-27,00064577,00002873,0001,C,316.00,EUR,
300,LH,0401,2011-05-27,00064535,00004077,0001,C,316.00,EUR,
300,LH,0401,2011-05-27,00064451,00003956,0001,C,316.00,EUR,
300,LH,0401,2011-05-27,00064766,00001668,0001,C,316.00,EUR,
300,LH,0401,2011-05-27,00064792,00003278,0001,C,316.00,EUR,
300,LH,0401,2011-05-27,00064610,00004534,0001,C,316.00,EUR,
300,LH,0401,2011-05-27,00064753,00000588,0001,C,316.00,EUR,
300,LH,0401,2011-05-27,00064534,00000657,0001,C,316.00,EUR,
300,LH,0401,2011-05-27,00064694,00004346,0001,C,316.00,EUR,
300,LH,0401,2011-05-27,00064807,00004185,0001,C,316.00,EUR,
300,LH,0401,2011-05-27,00064754,00004133,0001,C,316.00,EUR,
300,LH,0401,2011-05-27,00064735,00002664,0001,C,316.00,EUR,
300,LH,0401,2011-05-27,00064633,00002579,0001,C,316.00,EUR,
300,LH,0401,2011-05-27,00064613,00001897,0001,C,316.00,EUR,
300,LH,0401,2011-05-27,00064684,00004631,0001,C,316.00,EUR,
300,LH,0401,2011-05-27,00064703,00000241,0001,C,316.00,EUR,
300,LH,0401,2011-05-27,00064741,00002816,0001,C,316.00,EUR,
300,SQ,0988,2010-10-14,00350422,00001904,0001,C,455.00,SGD,
300,LH,0401,2011-05-27,00064595,00001825,0001,C,316.00,EUR,
300,LH,0401,2011-05-27,00064819,00002150,0001,C,316.00,EUR,
300,SQ,0988,2010-10-14,00350238,00001904,0001,C,455.00,SGD,
300,LH,0401,2011-05-27,00064808,00003105,0001,C,316.00,EUR,
300,LH,0401,2011-05-27,00064600,00002218,0001,C,316.00,EUR,
300,SQ,0988,2010-12-02,00353496,00001904,0001,C,455.00,SGD,
300,LH,0401,2011-05-27,00064541,00003162,0001,C,316.00,EUR,
300,SQ,0988,2010-06-17,00342747,00001904,0001,C,455.00,SGD,
300,LH,0401,2011-05-27,00064601,00003242,0001,C,316.00,EUR,
300,LH,0401,2011-05-27,00064450,00001275,0001,C,316.00,EUR,
300,SQ,0866,2012-01-05,00338308,00001904,0001,C,256.00,SGD,
300,LH,0401,2011-05-27,00064606,00001283,0001,C,316.00,EUR,
300,SQ,0988,2010-08-12,00346218,00001904,0001,C,455.00,SGD,
300,LH,0401,2011-05-27,00064490,00000869,0001,C,316.00,EUR,
300,SQ,0988,2011-06-30,00366582,00001904,0001,C,455.00,SGD,
300,LH,0401,2011-05-27,00064519,00001359,0001,C,316.00,EUR,
300,SQ,0117,2011-04-11,00160984,00001904,0001,C,178.00,SGD,
300,LH,0401,2011-05-27,00064739,00001833,0001,C,316.00,EUR,
300,SQ,0117,2011-10-10,00167500,00001904,0001,C,178.00,SGD,
300,LH,0401,2011-05-27,00064816,00004085,0001,C,316.00,EUR,
300,SQ,0067,2011-02-21,00117292,00001904,0001,C,164.00,SGD,
300,LH,0401,2011-05-27,00064571,00003342,0001,C,316.00,EUR,
300,SQ,0067,2011-11-07,00133265,00001904,0001,C,329.00,SGD,
300,LH,0401,2011-05-27,00064510,00003683,0001,C,316.00,EUR,
300,SQ,0325,2011-03-16,00234900,00001904,0001,C,868.00,SGD,
300,LH,0401,2011-05-27,00064709,00000209,0001,C,316.00,EUR,
300,SQ,0325,2010-12-29,00229802,00001904,0001,C,1737.00,SGD,
300,LH,0401,2011-05-27,00064712,00002198,0001,C,316.00,EUR,
300,LH,0401,2011-05-27,00064682,00001676,0001,C,316.00,EUR,
300,SQ,0326,2010-08-20,00257964,00001904,0001,C,868.00,SGD,
300,LH,0401,2011-05-27,00064763,00002214,0001,C,316.00,EUR,
300,SQ,0161,2010-09-21,00197588,00001904,0001,C,247.00,SGD,
300,LH,0401,2011-05-27,00064657,00001724,0001,C,316.00,EUR,
300,SQ,0161,2010-06-01,00193706,00001904,0001,C,247.00,SGD,
300,LH,0401,2011-05-27,00064805,00000428,0001,C,316.00,EUR,
300,SQ,0161,2010-05-25,00193320,00001904,0001,C,247.00,SGD,
300,LH,0401,2011-05-27,00064462,00001183,0001,C,316.00,EUR,
300,SQ,0158,2011-12-20,00191353,00001904,0001,C,247.00,SGD,
300,LH,0401,2011-05-27,00064673,00000982,0001,C,316.00,EUR,
300,SQ,0325,2010-08-11,00221340,00001904,0001,C,868.00,SGD,
300,SQ,0325,2010-06-23,00218422,00001904,0001,C,868.00,SGD,
300,LH,0401,2011-05-27,00064525,00001480,0001,C,316.00,EUR,
300,LH,0401,2011-05-27,00064529,00003944,0001,C,316.00,EUR,
300,SQ,0325,2010-06-30,00218517,00001904,0001,C,1737.00,SGD,
300,LH,0401,2011-05-27,00064700,00001508,0001,C,316.00,EUR,
300,SQ,0161,2011-03-29,00204358,00001904,0001,C,247.00,SGD,
300,LH,0401,2011-05-27,00064585,00001010,0001,C,316.00,EUR,
300,SQ,0161,2011-08-23,00209640,00001904,0001,C,247.00,SGD,
300,LH,0401,2011-05-27,00064520,00001805,0001,C,316.00,EUR,
300,LH,0401,2011-05-27,00064781,00003406,0001,C,316.00,EUR,
300,QF,0005,2010-12-24,00015464,00000085,0001,C,374.00,AUD,
300,LH,0401,2011-05-27,00064798,00000240,0001,C,316.00,EUR,
300,QF,0005,2011-12-02,00036218,00000085,0001,C,374.00,AUD,
300,LH,0401,2011-05-27,00064453,00003527,0001,C,316.00,EUR,
300,UA,0007,2011-04-23,00016036,00000085,0001,C,401.00,USD,
300,LH,0401,2011-05-27,00064480,00002913,0001,C,316.00,EUR,
300,JL,0407,2011-03-11,00014449,00000085,0001,C,504.00,JPY,
300,LH,0401,2011-05-27,00064526,00000608,0001,C,316.00,EUR,
300,JL,0407,2011-04-29,00016572,00000085,0001,C,504.00,JPY,
300,LH,0401,2011-05-27,00064582,00003439,0001,C,316.00,EUR,
300,UA,0941,2010-11-04,00034889,00000085,0001,C,417.00,USD,
300,LH,0401,2011-02-11,00057921,00000950,0001,C,316.00,EUR,
300,DL,0106,2011-10-31,00034769,00000085,0001,C,290.00,USD,
300,LH,0401,2011-02-11,00058146,00002230,0001,C,316.00,EUR,
300,SQ,0015,2011-02-09,00040287,00000085,0001,C,2204.00,SGD,
300,LH,0401,2011-02-11,00058127,00004326,0001,C,316.00,EUR,
300,AA,0026,2010-06-02,00040578,00000085,0001,C,290.00,USD,
300,LH,0401,2011-02-11,00058139,00003282,0001,C,316.00,EUR,
300,SQ,0015,2011-01-12,00038963,00000085,0001,C,1102.00,SGD,
300,LH,0401,2011-02-11,00058199,00000544,0001,C,316.00,EUR,
300,DL,0106,2011-05-02,00023449,00000085,0001,C,290.00,USD,
300,LH,0401,2011-02-11,00058061,00003800,0001,C,316.00,EUR,
300,DL,0106,2011-06-27,00026757,00000085,0001,C,290.00,USD,
300,LH,0401,2011-02-11,00057980,00004615,0001,C,316.00,EUR,
300,LH,0401,2011-02-11,00058044,00002290,0001,C,316.00,EUR,
300,SQ,0015,2010-07-28,00028443,00000085,0001,C,1102.00,SGD,
300,LH,0401,2011-02-11,00057974,00002290,0001,C,316.00,EUR,
300,DL,0106,2011-05-30,00024982,00000085,0001,C,290.00,USD,
300,LH,0401,2011-02-11,00058125,00004350,0001,C,316.00,EUR,
300,SQ,0015,2010-07-21,00027990,00000085,0001,C,1102.00,SGD,
300,LH,0401,2011-02-11,00058019,00002937,0001,C,316.00,EUR,
300,QF,0005,2011-06-10,00025790,00000085,0001,C,374.00,AUD,
300,LH,0401,2011-02-11,00057874,00003948,0001,C,316.00,EUR,
300,UA,0007,2011-06-11,00018473,00000085,0001,C,200.00,USD,
300,LH,0401,2011-02-11,00057962,00003274,0001,C,316.00,EUR,
300,UA,0007,2011-07-02,00019320,00000085,0001,C,200.00,USD,
300,LH,0401,2011-02-11,00058152,00003214,0001,C,316.00,EUR,
300,UA,0007,2011-07-02,00019227,00000085,0001,C,200.00,USD,
300,LH,0401,2011-02-11,00057897,00002941,0001,C,316.00,EUR,
300,UA,0941,2010-07-08,00030706,00000085,0001,C,417.00,USD,
300,LH,0401,2011-02-11,00058130,00003583,0001,C,316.00,EUR,
300,AA,0017,2010-07-07,00004984,00000085,0001,C,200.00,USD,
300,LH,0401,2011-02-11,00057910,00003583,0001,C,316.00,EUR,
300,LH,0401,2011-02-11,00057889,00002680,0001,C,316.00,EUR,
300,QF,0006,2010-09-15,00044377,00000085,0001,C,749.00,AUD,
300,LH,0401,2011-02-11,00057898,00003623,0001,C,316.00,EUR,
300,UA,0007,2010-08-14,00005224,00000085,0001,C,200.00,USD,
300,LH,0401,2011-02-11,00057924,00003515,0001,C,316.00,EUR,
300,DL,1699,2010-08-02,00043509,00000085,0001,C,401.00,USD,
300,LH,0401,2011-02-11,00057876,00000966,0001,C,316.00,EUR,
300,UA,0941,2011-10-13,00047461,00000085,0001,C,835.00,USD,
300,LH,0401,2011-02-11,00058040,00001616,0001,C,316.00,EUR,
300,DL,1699,2010-06-28,00041443,00000085,0001,C,200.00,USD,
300,LH,0401,2011-02-11,00057984,00000078,0001,C,316.00,EUR,
300,JL,0407,2010-10-08,00007515,00000085,0001,C,504.00,JPY,
300,LH,0401,2011-02-11,00057978,00002836,0001,C,316.00,EUR,
300,SQ,0015,2010-09-08,00031136,00000085,0001,C,1102.00,SGD,
300,LH,0401,2011-02-11,00057944,00004314,0001,C,316.00,EUR,
300,QF,0006,2011-01-26,00050365,00000085,0001,C,374.00,AUD,
300,LH,0401,2011-02-11,00058181,00001753,0001,C,316.00,EUR,
300,AA,0026,2011-03-16,00053331,00000085,0001,C,290.00,USD,
300,LH,0401,2011-02-11,00058176,00003980,0001,C,316.00,EUR,
300,LH,0401,2011-02-11,00057885,00003487,0001,C,316.00,EUR,
300,LH,0401,2011-02-11,00057873,00003487,0001,C,316.00,EUR,
300,LH,0401,2011-02-11,00058047,00003250,0001,C,316.00,EUR,
300,LH,0401,2011-02-11,00058031,00000552,0001,C,316.00,EUR,
300,LH,0401,2011-02-11,00057882,00003326,0001,C,316.00,EUR,
300,LH,0401,2011-02-11,00058205,00003310,0001,C,316.00,EUR,
300,LH,0401,2011-02-11,00058107,00000016,0001,C,316.00,EUR,
300,LH,0401,2011-02-11,00057870,00002170,0001,C,316.00,EUR,
300,LH,0401,2011-02-11,00058226,00002423,0001,C,316.00,EUR,
300,LH,0401,2011-02-11,00057953,00004097,0001,C,316.00,EUR,
300,LH,0401,2011-02-11,00058242,00000617,0001,C,316.00,EUR,
300,LH,0401,2011-02-11,00058193,00001612,0001,C,316.00,EUR,
300,LH,0401,2011-02-11,00058230,00001259,0001,C,316.00,EUR,
300,LH,0401,2011-02-11,00058203,00001022,0001,C,316.00,EUR,
300,LH,0401,2011-02-11,00057960,00000934,0001,C,316.00,EUR,
300,LH,0401,2011-02-11,00058188,00001359,0001,C,316.00,EUR,
300,LH,0401,2011-02-11,00058119,00001359,0001,C,316.00,EUR,
300,LH,0401,2011-02-11,00058169,00000026,0001,C,316.00,EUR,
300,LH,0401,2011-02-11,00058140,00001761,0001,C,316.00,EUR,
300,LH,0401,2011-02-11,00058215,00001134,0001,C,316.00,EUR,
300,AZ,0788,2010-10-05,00048494,00000547,0001,P,515.00,EUR,
300,LH,0401,2011-02-11,00058173,00003089,0001,C,316.00,EUR,
300,LH,0401,2011-02-11,00057956,00004438,0001,C,316.00,EUR,
300,AZ,0788,2010-10-05,00048417,00002591,0001,P,515.00,EUR,
300,LH,0401,2011-02-11,00058032,00003587,0001,C,316.00,EUR,
300,AZ,0788,2010-10-05,00048572,00002426,0001,P,515.00,EUR,
300,LH,0401,2011-02-11,00058059,00001399,0001,C,316.00,EUR,
300,AZ,0788,2010-10-05,00048659,00001671,0001,P,515.00,EUR,
300,LH,0401,2011-02-11,00058038,00001411,0001,C,316.00,EUR,
300,AZ,0788,2010-10-05,00048506,00004361,0001,P,515.00,EUR,
300,LH,0401,2011-02-11,00057909,00002580,0001,C,316.00,EUR,
300,AZ,0788,2010-10-05,00048429,00000089,0001,P,515.00,EUR,
300,LH,0401,2011-02-11,00058055,00001672,0001,C,316.00,EUR,
300,AZ,0788,2010-10-05,00048608,00000091,0001,P,515.00,EUR,
300,LH,0401,2011-02-11,00058086,00002246,0001,C,316.00,EUR,
300,AZ,0788,2010-10-05,00048351,00000969,0001,P,515.00,EUR,
300,LH,0401,2011-02-11,00058041,00002082,0001,C,316.00,EUR,
300,AZ,0788,2010-10-05,00048521,00001133,0001,P,515.00,EUR,
300,LH,0401,2011-02-11,00057907,00004265,0001,C,316.00,EUR,
300,AZ,0788,2010-10-05,00048551,00001940,0001,P,515.00,EUR,
300,LH,0401,2011-02-11,00058020,00001981,0001,C,316.00,EUR,
300,AZ,0788,2010-10-05,00048683,00003193,0001,P,515.00,EUR,
300,LH,0401,2011-02-11,00058079,00003812,0001,C,316.00,EUR,
300,LH,0401,2011-02-11,00058115,00001913,0001,C,316.00,EUR,
300,AZ,0788,2010-10-05,00048482,00004084,0001,P,515.00,EUR,
300,LH,0401,2011-02-11,00057916,00003792,0001,C,316.00,EUR,
300,AZ,0788,2010-10-05,00048629,00003241,0001,P,515.00,EUR,
300,LH,0401,2011-02-11,00058049,00002985,0001,C,316.00,EUR,
300,AZ,0788,2010-10-05,00048453,00003124,0001,P,515.00,EUR,
300,LH,0401,2011-02-11,00058121,00004105,0001,C,316.00,EUR,
300,JL,0408,2011-05-28,00041571,00000085,0001,C,504.00,JPY,
300,AZ,0788,2010-10-05,00048485,00002723,0001,P,515.00,EUR,
300,LH,0401,2011-02-11,00058233,00000773,0001,C,316.00,EUR,
300,AZ,0788,2010-10-05,00048396,00003060,0001,P,515.00,EUR,
300,LH,0401,2011-02-11,00058074,00003932,0001,C,316.00,EUR,
300,DL,0106,2011-07-18,00028228,00000085,0001,C,290.00,USD,
300,SQ,0015,2011-02-09,00040514,00000085,0001,C,1102.00,SGD,
300,LH,0401,2011-02-11,00057966,00002555,0001,C,316.00,EUR,
300,AZ,0788,2011-09-20,00070396,00000929,0001,P,515.00,EUR,
300,DL,0106,2011-08-08,00029243,00000085,0001,C,870.00,USD,
300,LH,0401,2011-02-11,00058212,00000024,0001,C,316.00,EUR,
300,AZ,0788,2011-09-20,00070126,00001121,0001,P,515.00,EUR,
300,AA,0026,2011-01-19,00050834,00000085,0001,C,290.00,USD,
300,LH,0401,2011-11-18,00076314,00003065,0001,C,316.00,EUR,
300,AA,0026,2010-08-04,00043337,00000085,0001,C,290.00,USD,
300,AZ,0788,2011-09-20,00070297,00001218,0001,P,515.00,EUR,
300,LH,0401,2011-11-18,00076304,00004069,0001,C,316.00,EUR,
300,DL,1699,2010-07-26,00043122,00000085,0001,C,200.00,USD,
300,QF,0005,2011-12-09,00036316,00000085,0001,C,374.00,AUD,
300,AZ,0788,2011-09-20,00070432,00000760,0001,P,515.00,EUR,
300,LH,0401,2011-11-18,00076582,00002620,0001,C,316.00,EUR,
300,SQ,0015,2011-08-17,00052344,00000085,0001,C,1102.00,SGD,
300,AZ,0788,2011-09-20,00070168,00000047,0001,P,515.00,EUR,
300,LH,0401,2011-11-18,00076376,00002230,0001,C,316.00,EUR,
300,UA,3504,2010-11-19,00063377,00000085,0001,C,417.00,USD,
300,LH,0401,2011-11-18,00076541,00000492,0001,C,316.00,EUR,
300,AA,0017,2010-09-22,00009816,00000085,0001,C,200.00,USD,
300,AZ,0788,2011-09-20,00070354,00000644,0001,P,515.00,EUR,
300,SQ,0002,2010-12-16,00008595,00000085,0001,C,1102.00,SGD,
300,LH,0401,2011-11-18,00076403,00002487,0001,C,316.00,EUR,
300,AZ,0788,2011-09-20,00070333,00000555,0001,P,515.00,EUR,
300,AA,0017,2010-11-03,00012430,00000085,0001,C,200.00,USD,
300,LH,0401,2011-11-18,00076371,00000849,0001,C,316.00,EUR,
300,QF,0006,2011-10-19,00062175,00000085,0001,C,374.00,AUD,
300,AZ,0788,2011-09-20,00070204,00000007,0001,P,515.00,EUR,
300,LH,0401,2011-11-18,00076383,00000416,0001,C,316.00,EUR,
300,AA,0017,2010-06-02,00002644,00000085,0001,C,602.00,USD,
300,AZ,0788,2011-09-20,00070111,00003807,0001,P,515.00,EUR,
300,UA,3504,2010-10-15,00061440,00000085,0001,C,417.00,USD,
300,LH,0401,2011-11-18,00076513,00000761,0001,C,316.00,EUR,
300,DL,1699,2011-04-25,00060105,00000085,0001,C,200.00,USD,
300,LH,0401,2011-11-18,00076269,00004294,0001,C,316.00,EUR,
300,AZ,0788,2011-09-20,00070303,00001454,0001,P,515.00,EUR,
300,SQ,0002,2010-10-07,00006175,00000085,0001,C,1102.00,SGD,
300,LH,0401,2011-11-18,00076379,00001355,0001,C,316.00,EUR,
300,QF,0005,2011-03-11,00020358,00000085,0001,C,374.00,AUD,
300,AZ,0788,2011-09-20,00070132,00000832,0001,P,515.00,EUR,
300,LH,0401,2011-11-18,00076422,00000705,0001,C,316.00,EUR,
300,SQ,0015,2011-10-26,00056427,00000085,0001,C,2204.00,SGD,
300,LH,0401,2011-11-18,00076501,00003515,0001,C,316.00,EUR,
300,AZ,0788,2011-09-20,00070414,00000339,0001,P,515.00,EUR,
300,UA,0007,2011-08-13,00021117,00000085,0001,C,200.00,USD,
300,LH,0401,2011-11-18,00076546,00002660,0001,C,316.00,EUR,
300,AA,0017,2011-06-15,00026237,00000085,0001,C,200.00,USD,
300,LH,0401,2011-11-18,00076517,00000930,0001,C,316.00,EUR,
300,AZ,0788,2011-09-20,00070216,00003546,0001,P,515.00,EUR,
300,SQ,0066,2011-06-27,00087383,00000085,0001,C,156.00,SGD,
300,LH,0401,2011-11-18,00076471,00002949,0001,C,316.00,EUR,
300,DL,1699,2011-06-20,00063788,00000085,0001,C,200.00,USD,
300,AZ,0788,2011-09-20,00070147,00000965,0001,P,515.00,EUR,
300,LH,0401,2011-11-18,00076274,00001271,0001,C,316.00,EUR,
300,AA,0064,2010-05-07,00066713,00000085,0001,C,200.00,USD,
300,LH,0401,2011-11-18,00076507,00003270,0001,C,316.00,EUR,
300,AZ,0788,2011-09-20,00070390,00000599,0001,P,515.00,EUR,
300,UA,3504,2011-06-17,00076745,00000085,0001,C,417.00,USD,
300,LH,0401,2011-11-18,00076534,00003262,0001,C,316.00,EUR,
300,UA,3504,2011-09-16,00082599,00000085,0001,C,417.00,USD,
300,LH,0401,2011-11-18,00076448,00004498,0001,C,316.00,EUR,
300,AZ,0788,2011-09-20,00070108,00000599,0001,P,515.00,EUR,
300,DL,1984,2010-08-16,00082868,00000085,0001,C,200.00,USD,
300,LH,0401,2011-11-18,00076427,00002563,0001,C,316.00,EUR,
300,UA,3516,2010-08-31,00097257,00000085,0001,C,580.00,USD,
300,LH,0401,2011-11-18,00076425,00001504,0001,C,316.00,EUR,
300,AZ,0788,2011-09-20,00070198,00003827,0001,P,515.00,EUR,
300,SQ,0066,2011-06-06,00085865,00000085,0001,C,156.00,SGD,
300,LH,0401,2011-11-18,00076347,00001255,0001,C,316.00,EUR,
300,UA,3504,2011-03-04,00069988,00000085,0001,C,417.00,USD,
300,AZ,0788,2011-09-20,00070312,00004405,0001,P,515.00,EUR,
300,LH,0401,2011-11-18,00076358,00001753,0001,C,316.00,EUR,
300,SQ,0066,2010-10-04,00070446,00000085,0001,C,312.00,SGD,
300,LH,0401,2011-11-18,00076293,00004009,0001,C,316.00,EUR,
300,AZ,0788,2011-09-20,00070123,00002787,0001,P,515.00,EUR,
300,AA,0064,2010-10-29,00073057,00000085,0001,C,200.00,USD,
300,LH,0401,2011-11-18,00076431,00003980,0001,C,316.00,EUR,
300,SQ,0066,2010-11-08,00073019,00000085,0001,C,156.00,SGD,
300,LH,0401,2011-11-18,00076391,00003326,0001,C,316.00,EUR,
300,AZ,0788,2011-09-20,00070279,00001097,0001,P,515.00,EUR,
300,AA,0064,2010-11-26,00073876,00000085,0001,C,200.00,USD,
300,LH,0401,2011-11-18,00076576,00003691,0001,C,316.00,EUR,
300,AZ,0788,2011-06-21,00064665,00002687,0001,P,515.00,EUR,
300,SQ,0015,2010-06-30,00026537,00000085,0001,C,1102.00,SGD,
300,LH,0401,2011-11-18,00076505,00001837,0001,C,316.00,EUR,
300,SQ,0066,2011-08-01,00089230,00000085,0001,C,312.00,SGD,
300,LH,0401,2011-11-18,00076239,00000661,0001,C,316.00,EUR,
300,UA,0007,2011-07-30,00020429,00000085,0001,C,200.00,USD,
300,AZ,0788,2011-06-21,00064500,00001149,0001,P,515.00,EUR,
300,LH,0401,2011-11-18,00076495,00002118,0001,C,316.00,EUR,
300,LH,0401,2011-11-18,00076242,00002001,0001,C,316.00,EUR,
300,AA,0017,2010-09-15,00009262,00000085,0001,C,200.00,USD,
300,AZ,0788,2011-06-21,00064704,00001968,0001,P,515.00,EUR,
300,LH,0401,2011-11-18,00076591,00003985,0001,C,316.00,EUR,
300,AA,0017,2010-05-19,00001920,00000085,0001,C,200.00,USD,
300,LH,0401,2011-11-18,00076504,00003447,0001,C,316.00,EUR,
300,AZ,0788,2011-06-21,00064731,00002815,0001,P,515.00,EUR,
300,UA,0007,2010-07-10,00003537,00000085,0001,C,200.00,USD,
300,LH,0401,2011-11-18,00076286,00003836,0001,C,316.00,EUR,
300,UA,0007,2011-05-14,00017034,00000085,0001,C,200.00,USD,
300,LH,0401,2011-11-18,00076490,00003836,0001,C,316.00,EUR,
300,AZ,0788,2011-06-21,00064617,00003438,0001,P,515.00,EUR,
300,SQ,0015,2011-09-07,00053505,00000085,0001,C,1102.00,SGD,
300,LH,0401,2011-11-18,00076586,00003788,0001,C,316.00,EUR,
300,UA,3516,2010-10-12,00099994,00000085,0001,C,290.00,USD,
300,AZ,0788,2011-06-21,00064797,00003755,0001,P,515.00,EUR,
300,LH,0401,2011-11-18,00076305,00003093,0001,C,316.00,EUR,
300,UA,0941,2011-10-06,00047396,00000085,0001,C,417.00,USD,
300,LH,0401,2011-11-18,00076481,00004101,0001,C,316.00,EUR,
300,AZ,0788,2011-06-21,00064728,00000624,0001,P,515.00,EUR,
300,AA,0026,2010-10-27,00047217,00000085,0001,C,290.00,USD,
300,LH,0401,2011-11-18,00076230,00000617,0001,C,316.00,EUR,
300,UA,0941,2011-08-25,00045312,00000085,0001,C,417.00,USD,
300,LH,0401,2011-11-18,00076439,00001259,0001,C,316.00,EUR,
300,AZ,0788,2011-06-21,00064536,00002434,0001,P,515.00,EUR,
300,AA,0026,2010-08-25,00044306,00000085,0001,C,290.00,USD,
300,LH,0401,2011-11-18,00076570,00004394,0001,C,316.00,EUR,
300,AZ,0788,2011-06-21,00064710,00003321,0001,P,515.00,EUR,
300,UA,0941,2011-03-17,00039555,00000085,0001,C,417.00,USD,
300,LH,0401,2011-11-18,00076316,00001279,0001,C,316.00,EUR,
300,DL,1699,2010-11-08,00049761,00000085,0001,C,200.00,USD,
300,LH,0401,2011-11-18,00076450,00001106,0001,C,316.00,EUR,
300,AZ,0788,2011-06-21,00064432,00002257,0001,P,515.00,EUR,
300,SQ,0067,2010-08-23,00106304,00000085,0001,C,156.00,SGD,
300,LH,0401,2011-11-18,00076579,00004595,0001,C,316.00,EUR,
300,DL,1984,2012-03-12,00113138,00000085,0001,C,602.00,USD,
300,LH,0401,2011-11-18,00076553,00000165,0001,C,316.00,EUR,
300,AZ,0788,2011-06-21,00064725,00000056,0001,P,515.00,EUR,
300,LH,0401,2011-11-18,00076250,00003081,0001,C,316.00,EUR,
300,SQ,0067,2010-12-27,00114142,00000085,0001,C,156.00,SGD,
300,UA,3516,2011-07-05,00116651,00000085,0001,C,290.00,USD,
300,LH,0401,2011-11-18,00076511,00003085,0001,C,316.00,EUR,
300,AZ,0788,2011-06-21,00064707,00001029,0001,P,515.00,EUR,
300,LH,0401,2011-11-18,00076463,00002993,0001,C,316.00,EUR,
300,SQ,0067,2010-11-29,00112167,00000085,0001,C,156.00,SGD,
300,LH,0401,2011-11-18,00076409,00000464,0001,C,316.00,EUR,
300,SQ,0114,2011-11-28,00147811,00000085,0001,C,169.00,SGD,
300,AZ,0788,2011-06-21,00064590,00002655,0001,P,515.00,EUR,
300,LH,0401,2011-11-18,00076355,00003150,0001,C,316.00,EUR,
300,UA,3517,2011-09-19,00160600,00000085,0001,C,290.00,USD,
300,AZ,0788,2011-06-21,00064438,00004248,0001,P,515.00,EUR,
300,LH,0401,2011-11-18,00076353,00000693,0001,C,316.00,EUR,
300,UA,3516,2011-11-15,00125820,00000085,0001,C,290.00,USD,
300,AZ,0788,2011-06-21,00064551,00000523,0001,P,515.00,EUR,
300,LH,0401,2011-11-18,00076445,00000665,0001,C,316.00,EUR,
300,SQ,0067,2011-08-15,00128067,00000085,0001,C,312.00,SGD,
300,LH,0401,2011-11-18,00076562,00002491,0001,C,316.00,EUR,
300,AZ,0788,2011-06-21,00064650,00002703,0001,P,515.00,EUR,
300,UA,3517,2010-09-13,00137082,00000085,0001,C,290.00,USD,
300,LH,0401,2011-11-18,00076335,00001592,0001,C,316.00,EUR,
300,AZ,0788,2011-06-21,00064542,00000244,0001,P,515.00,EUR,
300,LH,0401,2011-11-18,00076522,00001243,0001,C,316.00,EUR,
300,SQ,0067,2012-02-27,00135404,00000085,0001,C,156.00,SGD,
300,LH,0401,2011-11-18,00076523,00001913,0001,C,316.00,EUR,
300,SQ,0114,2010-11-15,00140037,00000085,0001,C,509.00,SGD,
300,AZ,0788,2011-06-21,00064770,00004052,0001,P,515.00,EUR,
300,LH,0401,2011-11-18,00076549,00000865,0001,C,316.00,EUR,
300,DL,1984,2010-07-12,00080667,00000085,0001,C,200.00,USD,
300,LH,0401,2011-11-18,00076588,00004370,0001,C,316.00,EUR,
300,DL,1984,2010-12-20,00090580,00000085,0001,C,200.00,USD,
300,AZ,0788,2011-06-21,00064566,00001820,0001,P,515.00,EUR,
300,LH,0401,2011-11-18,00076349,00001090,0001,C,316.00,EUR,
300,UA,3516,2010-05-11,00090540,00000085,0001,C,290.00,USD,
300,AZ,0788,2011-12-06,00074396,00002097,0001,P,515.00,EUR,
300,LH,0401,2011-11-18,00076555,00004390,0001,C,316.00,EUR,
300,UA,3504,2011-03-18,00070857,00000085,0001,C,417.00,USD,
300,LH,0401,2011-11-18,00076307,00002889,0001,C,316.00,EUR,
300,AA,0064,2010-08-20,00070417,00000085,0001,C,200.00,USD,
300,LH,0401,2011-11-18,00076238,00002327,0001,C,316.00,EUR,
300,AZ,0788,2011-12-06,00074474,00003309,0001,P,515.00,EUR,
300,DL,1699,2011-09-05,00068622,00000085,0001,C,200.00,USD,
300,LH,0401,2011-11-18,00076298,00000721,0001,C,316.00,EUR,
300,AA,0026,2011-08-31,00060884,00000085,0001,C,290.00,USD,
300,AZ,0788,2011-12-06,00074387,00001583,0001,P,515.00,EUR,
300,SQ,0066,2010-08-16,00067768,00000085,0001,C,156.00,SGD,
300,LH,0401,2011-11-18,00076480,00003904,0001,C,316.00,EUR,
300,DL,1984,2011-05-23,00100030,00000085,0001,C,200.00,USD,
300,AZ,0788,2011-12-06,00074240,00001900,0001,P,515.00,EUR,
300,LH,0401,2011-11-18,00076325,00000432,0001,C,316.00,EUR,
300,DL,1984,2011-06-13,00101599,00000085,0001,C,200.00,USD,
300,UA,3516,2010-06-15,00092519,00000085,0001,C,580.00,USD,
300,LH,0401,2011-11-18,00076272,00000392,0001,C,316.00,EUR,
300,AZ,0788,2011-12-06,00074306,00000004,0001,P,515.00,EUR,
300,SQ,0866,2010-11-11,00314434,00000085,0001,C,243.00,SGD,
300,LH,0401,2011-01-07,00056017,00004069,0001,C,316.00,EUR,
300,AZ,0788,2011-12-06,00074333,00001398,0001,P,515.00,EUR,
300,SQ,0866,2010-12-09,00316176,00000085,0001,C,243.00,SGD,
300,SQ,0866,2010-06-24,00305579,00000085,0001,C,243.00,SGD,
300,AZ,0788,2011-12-06,00074482,00003582,0001,P,515.00,EUR,
300,LH,0401,2011-01-07,00055738,00000950,0001,C,316.00,EUR,
300,SQ,0866,2011-10-27,00336208,00000085,0001,C,243.00,SGD,
300,SQ,0866,2011-02-03,00319729,00000085,0001,C,243.00,SGD,
300,LH,0401,2011-01-07,00055732,00001263,0001,C,316.00,EUR,
300,AZ,0788,2011-12-06,00074363,00003012,0001,P,515.00,EUR,
300,SQ,0326,2011-10-14,00276691,00000085,0001,C,825.00,SGD,
300,LH,0401,2011-01-07,00055971,00003800,0001,C,316.00,EUR,
300,AZ,0788,2011-12-06,00074423,00000351,0001,P,515.00,EUR,
300,SQ,0326,2011-07-08,00272176,00000085,0001,C,825.00,SGD,
300,SQ,0326,2011-06-24,00271669,00000085,0001,C,825.00,SGD,
300,LH,0401,2011-01-07,00055852,00004526,0001,C,316.00,EUR,
300,AZ,0788,2011-12-06,00074435,00003899,0001,P,515.00,EUR,
300,SQ,0866,2010-05-13,00303095,00000085,0001,C,243.00,SGD,
300,LH,0401,2011-01-07,00056053,00001893,0001,C,316.00,EUR,
300,SQ,0866,2010-06-10,00304861,00000085,0001,C,243.00,SGD,
300,AZ,0788,2011-12-06,00074246,00000644,0001,P,515.00,EUR,
300,SQ,0997,2011-01-14,00394894,00000085,0001,C,432.00,SGD,
300,LH,0401,2011-01-07,00056056,00002419,0001,C,316.00,EUR,
300,AZ,0788,2011-12-06,00074354,00001190,0001,P,515.00,EUR,
300,SQ,0997,2011-01-21,00395326,00000085,0001,C,432.00,SGD,
300,LH,0401,2011-01-07,00056008,00002487,0001,C,316.00,EUR,
300,SQ,0997,2010-05-14,00379657,00000085,0001,C,432.00,SGD,
300,AZ,0788,2011-12-06,00074414,00000339,0001,P,515.00,EUR,
300,SQ,0997,2010-06-18,00381819,00000085,0001,C,432.00,SGD,
300,LH,0401,2011-01-07,00055816,00004354,0001,C,316.00,EUR,
300,SQ,0997,2010-06-18,00381586,00000085,0001,C,432.00,SGD,
300,AZ,0788,2011-12-06,00074243,00003140,0001,P,515.00,EUR,
300,SQ,0997,2011-10-14,00411783,00000085,0001,C,432.00,SGD,
300,LH,0401,2011-01-07,00055858,00003948,0001,C,316.00,EUR,
300,AZ,0788,2011-12-06,00074369,00000884,0001,P,515.00,EUR,
300,SQ,0997,2011-11-11,00413248,00000085,0001,C,1296.00,SGD,
300,LH,0401,2011-01-07,00055924,00002467,0001,C,316.00,EUR,
300,SQ,0997,2011-03-25,00399014,00000085,0001,C,432.00,SGD,
300,AZ,0788,2011-12-06,00074375,00000973,0001,P,515.00,EUR,
300,SQ,0988,2010-04-22,00339500,00000085,0001,C,432.00,SGD,
300,LH,0401,2011-01-07,00055913,00001239,0001,C,316.00,EUR,
300,SQ,0988,2010-07-08,00343996,00000085,0001,C,864.00,SGD,
300,AZ,0788,2011-12-06,00074261,00003048,0001,P,515.00,EUR,
300,LH,0401,2011-01-07,00055915,00001861,0001,C,316.00,EUR,
300,SQ,0988,2011-04-28,00362475,00000085,0001,C,432.00,SGD,
300,AZ,0788,2011-11-22,00074003,00003173,0001,P,515.00,EUR,
300,LH,0401,2011-01-07,00055807,00003362,0001,C,316.00,EUR,
300,SQ,0988,2011-06-02,00364688,00000085,0001,C,432.00,SGD,
300,LH,0401,2011-01-07,00055834,00004538,0001,C,316.00,EUR,
300,AZ,0788,2011-11-22,00074063,00001165,0001,P,515.00,EUR,
300,LH,0401,2011-01-07,00055721,00004538,0001,C,316.00,EUR,
300,SQ,0158,2010-11-30,00178136,00000085,0001,C,235.00,SGD,
300,AZ,0788,2011-11-22,00074066,00002855,0001,P,515.00,EUR,
300,LH,0401,2011-01-07,00055772,00002941,0001,C,316.00,EUR,
300,SQ,0158,2011-04-05,00182786,00000085,0001,C,235.00,SGD,
300,AZ,0788,2011-11-22,00074027,00003574,0001,P,515.00,EUR,
300,LH,0401,2011-01-07,00055828,00000296,0001,C,316.00,EUR,
300,SQ,0158,2010-12-21,00179061,00000085,0001,C,235.00,SGD,
300,AZ,0788,2011-11-22,00074123,00000728,0001,P,515.00,EUR,
300,LH,0401,2011-01-07,00055856,00001066,0001,C,316.00,EUR,
300,SQ,0158,2010-06-22,00172547,00000085,0001,C,235.00,SGD,
300,AZ,0788,2011-11-22,00073974,00001450,0001,P,515.00,EUR,
300,SQ,0117,2012-02-27,00169852,00000085,0001,C,169.00,SGD,
300,LH,0401,2011-01-07,00055693,00002660,0001,C,316.00,EUR,
300,SQ,0067,2011-02-21,00117229,00000085,0001,C,312.00,SGD,
300,AZ,0788,2011-11-22,00073953,00000937,0001,P,515.00,EUR,
300,LH,0401,2011-01-07,00055835,00002700,0001,C,316.00,EUR,
300,AZ,0788,2011-11-22,00074105,00001667,0001,P,515.00,EUR,
300,LH,0401,2011-01-07,00056029,00004302,0001,C,316.00,EUR,
300,LH,0401,2011-01-07,00055873,00004474,0001,C,316.00,EUR,
300,AZ,0788,2011-11-22,00073985,00003385,0001,P,515.00,EUR,
300,LH,0401,2011-01-07,00055829,00000376,0001,C,316.00,EUR,
300,AZ,0788,2011-11-22,00074015,00002819,0001,P,515.00,EUR,
300,LH,0401,2011-01-07,00056002,00000131,0001,C,316.00,EUR,
300,AZ,0788,2011-11-22,00074090,00004433,0001,P,515.00,EUR,
300,LH,0401,2011-01-07,00055778,00004346,0001,C,316.00,EUR,
300,AZ,0788,2011-11-22,00074042,00000144,0001,P,515.00,EUR,
300,SQ,0067,2011-06-27,00125223,00000085,0001,C,156.00,SGD,
300,LH,0401,2011-01-07,00055787,00003422,0001,C,316.00,EUR,
300,AZ,0788,2011-11-22,00074024,00003040,0001,P,515.00,EUR,
300,SQ,0067,2010-05-10,00099717,00000085,0001,C,156.00,SGD,
300,LH,0401,2011-01-07,00055892,00002736,0001,C,316.00,EUR,
300,AZ,0788,2011-11-22,00073988,00002992,0001,P,515.00,EUR,
300,UA,3516,2011-02-08,00107351,00000085,0001,C,290.00,USD,
300,UA,3516,2011-07-05,00116809,00000085,0001,C,290.00,USD,
300,LH,0401,2011-01-07,00055877,00002359,0001,C,316.00,EUR,
300,AZ,0788,2012-02-28,00075683,00003309,0001,P,515.00,EUR,
300,UA,3517,2010-12-13,00143027,00000085,0001,C,290.00,USD,
300,LH,0401,2011-01-07,00055927,00001897,0001,C,316.00,EUR,
300,SQ,0067,2011-08-22,00128499,00000085,0001,C,469.00,SGD,
300,AZ,0788,2012-02-28,00075575,00002747,0001,P,515.00,EUR,
300,SQ,0066,2011-07-18,00088729,00000085,0001,C,156.00,SGD,
300,LH,0401,2011-01-07,00055886,00003286,0001,C,316.00,EUR,
300,SQ,0067,2011-07-18,00126637,00000085,0001,C,156.00,SGD,
300,AZ,0788,2012-02-28,00075587,00002498,0001,P,515.00,EUR,
300,LH,0401,2011-01-07,00055735,00003250,0001,C,316.00,EUR,
300,SQ,0325,2011-02-16,00232898,00000085,0001,C,825.00,SGD,
300,AZ,0788,2012-02-28,00075641,00002414,0001,P,515.00,EUR,
300,SQ,0325,2011-04-20,00237130,00000085,0001,C,825.00,SGD,
300,LH,0401,2011-01-07,00056014,00003350,0001,C,316.00,EUR,
300,SQ,0325,2011-04-13,00236627,00000085,0001,C,825.00,SGD,
300,AZ,0788,2012-02-28,00075590,00003245,0001,P,515.00,EUR,
300,LH,0401,2011-01-07,00055883,00003796,0001,C,316.00,EUR,
300,SQ,0326,2010-10-01,00259817,00000085,0001,C,825.00,SGD,
300,AZ,0788,2012-02-28,00075572,00001936,0001,P,515.00,EUR,
300,SQ,0325,2011-07-06,00241769,00000085,0001,C,825.00,SGD,
300,LH,0401,2011-01-07,00055841,00002816,0001,C,316.00,EUR,
300,SQ,0161,2010-10-19,00198760,00000085,0001,C,235.00,SGD,
300,AZ,0788,2012-02-28,00075611,00003662,0001,P,515.00,EUR,
300,LH,0401,2011-01-07,00055989,00002973,0001,C,316.00,EUR,
300,SQ,0161,2010-09-28,00197867,00000085,0001,C,235.00,SGD,
300,SQ,0325,2010-07-07,00219374,00000085,0001,C,825.00,SGD,
300,AZ,0788,2012-02-28,00075620,00001246,0001,P,515.00,EUR,
300,LH,0401,2011-01-07,00056041,00001845,0001,C,316.00,EUR,
300,SQ,0161,2011-08-02,00208936,00000085,0001,C,235.00,SGD,
300,AA,0017,2010-12-08,00014496,00002920,0001,C,211.00,USD,
300,AZ,0788,2012-02-28,00075557,00003265,0001,P,515.00,EUR,
300,LH,0401,2011-01-07,00055760,00003712,0001,C,316.00,EUR,
300,QF,0005,2011-12-30,00036793,00002920,0001,C,394.00,AUD,
300,LH,0401,2011-01-07,00055783,00003892,0001,C,316.00,EUR,
300,AZ,0788,2012-02-28,00075569,00004357,0001,P,515.00,EUR,
300,UA,0007,2011-06-11,00018290,00002920,0001,C,211.00,USD,
300,LH,0401,2011-01-07,00055960,00003523,0001,C,316.00,EUR,
300,QF,0005,2011-02-04,00017939,00002920,0001,C,394.00,AUD,
300,AZ,0788,2012-02-28,00075560,00003891,0001,P,515.00,EUR,
300,DL,0106,2011-10-31,00034853,00002920,0001,C,305.00,USD,
300,LH,0401,2011-01-07,00055736,00003595,0001,C,316.00,EUR,
300,SQ,0002,2011-08-04,00016850,00002920,0001,C,1160.00,SGD,
300,AZ,0788,2012-02-28,00075650,00000088,0001,P,515.00,EUR,
300,LH,0401,2011-01-07,00055859,00004530,0001,C,316.00,EUR,
300,DL,0106,2011-01-17,00016970,00002920,0001,C,305.00,USD,
300,AZ,0788,2012-02-28,00075668,00003261,0001,P,515.00,EUR,
300,JL,0408,2011-04-02,00039515,00002920,0001,C,530.00,JPY,
300,LH,0401,2011-01-07,00055864,00000765,0001,C,316.00,EUR,
300,QF,0006,2010-05-12,00038958,00002920,0001,C,394.00,AUD,
300,AZ,0788,2012-02-28,00075662,00000788,0001,P,515.00,EUR,
300,LH,0401,2011-01-07,00055759,00001708,0001,C,316.00,EUR,
300,JL,0408,2011-03-12,00038883,00002920,0001,C,530.00,JPY,
300,SQ,0015,2010-05-26,00024281,00002920,0001,C,1160.00,SGD,
300,AZ,0788,2011-12-20,00074782,00003911,0001,P,515.00,EUR,
300,LH,0401,2011-01-07,00056031,00001656,0001,C,316.00,EUR,
300,UA,0007,2011-10-15,00024509,00002920,0001,C,211.00,USD,
300,AZ,0788,2011-12-20,00074803,00000993,0001,P,515.00,EUR,
300,LH,0401,2011-01-07,00056025,00004418,0001,C,316.00,EUR,
300,JL,0408,2010-07-10,00029999,00002920,0001,C,530.00,JPY,
300,DL,0106,2011-07-11,00027512,00002920,0001,C,305.00,USD,
300,LH,0401,2011-01-07,00055954,00000805,0001,C,316.00,EUR,
300,AZ,0788,2011-12-20,00074737,00002803,0001,P,515.00,EUR,
300,JL,0408,2010-05-29,00028497,00002920,0001,C,530.00,JPY,
300,SQ,0015,2010-10-27,00033778,00002920,0001,C,2320.00,SGD,
300,LH,0401,2011-01-07,00055939,00004462,0001,C,316.00,EUR,
300,AZ,0788,2011-12-20,00074824,00000981,0001,P,515.00,EUR,
300,DL,0106,2011-09-19,00031925,00002920,0001,C,305.00,USD,
300,LH,0401,2011-01-07,00055826,00000027,0001,C,316.00,EUR,
300,DL,1699,2010-08-09,00044326,00002920,0001,C,211.00,USD,
300,AZ,0788,2011-12-20,00074749,00000192,0001,P,515.00,EUR,
300,LH,0401,2011-01-07,00055933,00001158,0001,C,316.00,EUR,
300,UA,0007,2010-07-17,00003820,00002920,0001,C,211.00,USD,
300,AZ,0788,2011-12-20,00074773,00003201,0001,P,515.00,EUR,
300,LH,0401,2011-01-07,00055756,00002909,0001,C,316.00,EUR,
300,QF,0006,2010-11-17,00047263,00002920,0001,C,394.00,AUD,
300,LH,0401,2011-01-07,00055763,00003784,0001,C,316.00,EUR,
300,QF,0005,2010-05-14,00001590,00002920,0001,C,394.00,AUD,
300,AZ,0788,2011-12-20,00074734,00002546,0001,P,515.00,EUR,
300,LH,0401,2011-01-07,00055822,00000910,0001,C,316.00,EUR,
300,JL,0408,2011-12-24,00048263,00002920,0001,C,530.00,JPY,
300,LH,0401,2011-01-07,00055945,00000572,0001,C,316.00,EUR,
300,JL,0408,2011-12-10,00048114,00002920,0001,C,530.00,JPY,
300,AZ,0788,2011-12-20,00074755,00003153,0001,P,515.00,EUR,
300,LH,0401,2011-01-07,00056055,00002515,0001,C,316.00,EUR,
300,QF,0006,2010-07-28,00042466,00002920,0001,C,394.00,AUD,
300,AZ,0788,2011-12-20,00074806,00001093,0001,P,515.00,EUR,
300,LH,0401,2011-01-07,00055729,00002190,0001,C,316.00,EUR,
300,QF,0005,2010-09-10,00008742,00002920,0001,C,1182.00,AUD,
300,AA,0017,2011-08-17,00030337,00002920,0001,C,211.00,USD,
300,AZ,0788,2011-12-20,00074758,00000005,0001,P,515.00,EUR,
300,LH,0401,2011-01-07,00055843,00001371,0001,C,316.00,EUR,
300,AA,0026,2011-03-23,00053569,00002920,0001,C,305.00,USD,
300,AZ,0788,2011-12-20,00074827,00003915,0001,P,515.00,EUR,
300,LH,0401,2011-01-07,00056026,00001592,0001,C,316.00,EUR,
300,SQ,0015,2011-05-11,00046322,00002920,0001,C,1160.00,SGD,
300,SQ,0015,2010-12-22,00037589,00002920,0001,C,1160.00,SGD,
300,AZ,0788,2011-12-20,00074752,00000515,0001,P,515.00,EUR,
300,LH,0401,2011-01-07,00055931,00000352,0001,C,316.00,EUR,
300,DL,0106,2011-10-24,00034107,00002920,0001,C,305.00,USD,
300,AZ,0788,2011-12-20,00074788,00002876,0001,P,515.00,EUR,
300,LH,0401,2011-01-07,00055847,00003679,0001,C,316.00,EUR,
300,SQ,0015,2011-01-05,00038166,00002920,0001,C,3480.00,SGD,
300,AZ,0788,2011-12-20,00074821,00003068,0001,P,515.00,EUR,
300,LH,0401,2011-01-07,00055789,00002070,0001,C,316.00,EUR,
300,QF,0005,2010-12-10,00014649,00002920,0001,C,394.00,AUD,
300,AZ,0788,2012-02-07,00075144,00001165,0001,P,515.00,EUR,
300,LH,0401,2011-01-07,00055748,00004073,0001,C,316.00,EUR,
300,SQ,0002,2010-07-08,00002933,00002920,0001,C,1160.00,SGD,
300,AZ,0788,2012-02-07,00075147,00003397,0001,P,515.00,EUR,
300,DL,1699,2011-04-18,00059781,00002920,0001,C,211.00,USD,
300,LH,0401,2011-01-07,00055983,00004105,0001,C,316.00,EUR,
300,AZ,0788,2012-02-07,00075153,00004088,0001,P,515.00,EUR,
300,AA,0026,2011-10-12,00062584,00002920,0001,C,305.00,USD,
300,AZ,0788,2012-02-07,00075123,00003016,0001,P,515.00,EUR,
300,LH,0401,2011-01-07,00055999,00001544,0001,C,316.00,EUR,
300,AZ,0788,2012-02-07,00075162,00001479,0001,P,515.00,EUR,
300,SQ,0015,2011-10-19,00056139,00002920,0001,C,1160.00,SGD,
300,AZ,0788,2012-02-07,00075177,00003301,0001,P,515.00,EUR,
300,LH,0401,2011-01-07,00055715,00003944,0001,C,316.00,EUR,
300,UA,3504,2010-12-10,00064778,00002920,0001,C,439.00,USD,
300,AZ,0788,2012-02-07,00075195,00002667,0001,P,515.00,EUR,
300,AZ,0788,2012-02-07,00075192,00002378,0001,P,515.00,EUR,
300,LH,0401,2011-01-07,00055891,00000496,0001,C,316.00,EUR,
300,SQ,0015,2010-06-02,00024643,00002920,0001,C,3480.00,SGD,
300,AZ,0788,2012-02-07,00075180,00003241,0001,P,515.00,EUR,
300,LH,0401,2010-12-10,00054137,00000544,0001,C,316.00,EUR,
300,AZ,0788,2012-02-07,00075171,00002583,0001,P,515.00,EUR,
300,QF,0006,2011-06-15,00056490,00002920,0001,C,394.00,AUD,
300,AZ,0788,2012-02-07,00075213,00004345,0001,P,515.00,EUR,
300,LH,0401,2010-12-10,00054011,00001997,0001,C,316.00,EUR,
300,DL,0106,2011-01-03,00015697,00002920,0001,C,611.00,USD,
300,AZ,0788,2012-02-07,00075174,00000640,0001,P,515.00,EUR,
300,LH,0401,2010-12-10,00054245,00001945,0001,C,316.00,EUR,
300,AZ,0788,2012-02-07,00075189,00001294,0001,P,515.00,EUR,
300,DL,1699,2011-03-14,00057451,00002920,0001,C,422.00,USD,
300,AZ,0788,2012-02-21,00075506,00002900,0001,P,515.00,EUR,
300,LH,0401,2010-12-10,00053989,00001797,0001,C,316.00,EUR,
300,QF,0006,2011-06-22,00056826,00002920,0001,C,394.00,AUD,
300,AZ,0788,2012-02-21,00075479,00004204,0001,P,515.00,EUR,
300,AZ,0788,2012-02-21,00075494,00002988,0001,P,515.00,EUR,
300,QF,0005,2011-02-11,00018412,00002920,0001,C,394.00,AUD,
300,AZ,0788,2012-02-21,00075465,00004421,0001,P,515.00,EUR,
300,DL,0106,2011-02-14,00018625,00002920,0001,C,305.00,USD,
300,AZ,0788,2012-02-21,00075429,00004172,0001,P,515.00,EUR,
300,AZ,0788,2012-02-21,00075441,00000708,0001,P,515.00,EUR,
300,DL,1699,2011-07-25,00065739,00002920,0001,C,422.00,USD,
300,AZ,0788,2012-02-21,00075432,00000038,0001,P,515.00,EUR,
300,UA,3504,2010-12-31,00066294,00002920,0001,C,439.00,USD,
300,AZ,0788,2012-02-21,00075509,00001984,0001,P,515.00,EUR,
300,AZ,0788,2012-02-21,00075459,00004252,0001,P,515.00,EUR,
300,SQ,0066,2010-07-19,00065724,00002920,0001,C,164.00,SGD,
300,AZ,0788,2012-02-21,00075408,00003409,0001,P,515.00,EUR,
300,AA,0026,2012-03-21,00065909,00002920,0001,C,916.00,USD,
300,AZ,0788,2012-02-21,00075518,00002715,0001,P,515.00,EUR,
300,AZ,0788,2011-12-13,00074608,00004285,0001,P,515.00,EUR,
300,UA,3504,2011-01-28,00067684,00002920,0001,C,439.00,USD,
300,AZ,0788,2011-12-13,00074683,00002257,0001,P,515.00,EUR,
300,AZ,0788,2011-12-13,00074551,00000407,0001,P,515.00,EUR,
300,AA,0064,2010-06-04,00067677,00002920,0001,C,211.00,USD,
300,AZ,0788,2011-12-13,00074596,00002000,0001,P,515.00,EUR,
300,UA,3504,2010-12-10,00064779,00002920,0001,C,439.00,USD,
300,AZ,0788,2011-12-13,00074671,00003149,0001,P,515.00,EUR,
300,AZ,0788,2011-12-13,00074611,00000415,0001,P,515.00,EUR,
300,SQ,0066,2010-06-07,00063115,00002920,0001,C,164.00,SGD,
300,AZ,0788,2011-12-13,00074512,00001153,0001,P,515.00,EUR,
300,UA,3504,2011-01-07,00066725,00002920,0001,C,439.00,USD,
300,AZ,0788,2011-12-13,00074665,00004092,0001,P,515.00,EUR,
300,AZ,0788,2011-12-13,00074572,00000017,0001,P,515.00,EUR,
300,DL,1984,2010-09-13,00084377,00002920,0001,C,211.00,USD,
300,AZ,0788,2011-12-13,00074623,00002201,0001,P,515.00,EUR,
300,UA,3516,2010-07-20,00094730,00002920,0001,C,305.00,USD,
300,AZ,0788,2012-02-14,00075288,00003975,0001,P,515.00,EUR,
300,AZ,0788,2012-02-14,00075342,00002896,0001,P,515.00,EUR,
300,DL,1984,2012-01-30,00112706,00002920,0001,C,211.00,USD,
300,AZ,0788,2012-02-14,00075267,00004100,0001,P,515.00,EUR,
300,AZ,0788,2012-02-14,00075255,00003000,0001,P,515.00,EUR,
300,AA,0064,2011-11-04,00086039,00002920,0001,C,422.00,USD,
300,AZ,0788,2012-02-14,00075330,00000957,0001,P,515.00,EUR,
300,SQ,0066,2010-11-01,00072500,00002920,0001,C,164.00,SGD,
300,AZ,0788,2012-02-14,00075321,00002310,0001,P,515.00,EUR,
300,AZ,0788,2012-02-14,00075354,00003743,0001,P,515.00,EUR,
300,DL,1699,2011-10-10,00070724,00002920,0001,C,211.00,USD,
300,AZ,0788,2012-02-14,00075282,00001936,0001,P,515.00,EUR,
300,UA,3516,2011-04-12,00111278,00002920,0001,C,305.00,USD,
300,DL,1984,2011-03-28,00096784,00002920,0001,C,211.00,USD,
300,AZ,0788,2012-02-14,00075276,00001904,0001,P,515.00,EUR,
300,UA,3504,2011-10-28,00085539,00002920,0001,C,879.00,USD,
300,UA,3516,2010-11-23,00102736,00002920,0001,C,305.00,USD,
300,AA,0017,2011-11-02,00034780,00002920,0001,C,422.00,USD,
300,UA,0941,2010-09-23,00033384,00002920,0001,C,439.00,USD,
300,AZ,0788,2012-02-14,00075336,00000941,0001,P,515.00,EUR,
300,AA,0017,2011-02-23,00019372,00002920,0001,C,211.00,USD,
300,AZ,0788,2012-01-24,00075054,00003650,0001,P,515.00,EUR,
300,AA,0017,2010-12-01,00014300,00002920,0001,C,211.00,USD,
300,AZ,0788,2012-01-24,00075027,00002972,0001,P,515.00,EUR,
300,AA,0026,2011-02-09,00051749,00002920,0001,C,305.00,USD,
300,AZ,0788,2012-01-24,00075006,00000007,0001,P,515.00,EUR,
300,QF,0006,2011-10-05,00061622,00002920,0001,C,394.00,AUD,
300,SQ,0015,2011-08-03,00051565,00002920,0001,C,1160.00,SGD,
300,SQ,0067,2011-04-18,00121034,00002920,0001,C,164.00,SGD,
300,SQ,0067,2011-02-28,00118003,00002920,0001,C,164.00,SGD,
300,AZ,0788,2012-01-24,00075039,00002482,0001,P,515.00,EUR,
300,AZ,0788,2012-01-24,00075018,00003028,0001,P,515.00,EUR,
300,UA,3516,2011-01-11,00105614,00002920,0001,C,305.00,USD,
300,AZ,0788,2012-01-24,00075048,00003409,0001,P,515.00,EUR,
300,UA,3517,2011-04-25,00151028,00002920,0001,C,305.00,USD,
300,AZ,0788,2012-01-24,00075075,00002595,0001,P,515.00,EUR,
300,AZ,0788,2012-01-24,00075060,00002566,0001,P,515.00,EUR,
300,UA,3517,2011-05-02,00151582,00002920,0001,C,305.00,USD,
300,AZ,0788,2012-01-24,00075057,00003875,0001,P,515.00,EUR,
300,UA,3517,2011-06-06,00153790,00002920,0001,C,305.00,USD,
300,AZ,0788,2011-11-29,00074195,00002522,0001,P,515.00,EUR,
300,UA,3517,2011-02-14,00146546,00002920,0001,C,611.00,USD,
300,AZ,0788,2011-11-29,00074171,00002687,0001,P,515.00,EUR,
300,UA,3517,2010-06-07,00131218,00002920,0001,C,305.00,USD,
300,AZ,0788,2011-11-29,00074180,00003678,0001,P,515.00,EUR,
300,SQ,0067,2011-08-29,00129040,00002920,0001,C,164.00,SGD,
300,AZ,0788,2011-11-29,00074189,00001045,0001,P,515.00,EUR,
300,SQ,0114,2010-07-05,00137395,00002920,0001,C,178.00,SGD,
300,UA,3517,2010-10-18,00139242,00002920,0001,C,305.00,USD,
300,AZ,0788,2011-11-29,00074138,00001169,0001,P,515.00,EUR,
300,UA,3517,2010-09-20,00137862,00002920,0001,C,305.00,USD,
300,AZ,0788,2011-11-29,00074186,00001178,0001,P,515.00,EUR,
300,AZ,0788,2011-11-29,00074156,00003971,0001,P,515.00,EUR,
300,DL,1984,2010-08-16,00082610,00002920,0001,C,211.00,USD,
300,AZ,0788,2011-11-29,00074150,00002631,0001,P,515.00,EUR,
300,SQ,0066,2010-12-06,00074744,00002920,0001,C,164.00,SGD,
300,AZ,0788,2011-11-29,00074198,00001061,0001,P,515.00,EUR,
300,SQ,0066,2011-08-22,00090603,00002920,0001,C,164.00,SGD,
300,AZ,0788,2012-04-24,00075959,00000423,0001,P,515.00,EUR,
300,AZ,0788,2012-04-24,00075956,00002061,0001,P,515.00,EUR,
300,DL,1984,2010-12-20,00090623,00002920,0001,C,211.00,USD,
300,AZ,0788,2012-04-24,00075994,00003739,0001,P,515.00,EUR,
300,DL,1699,2011-10-31,00072044,00002920,0001,C,211.00,USD,
300,UA,3504,2010-10-01,00060408,00002920,0001,C,439.00,USD,
300,AZ,0788,2012-04-24,00075988,00004333,0001,P,515.00,EUR,
300,AZ,0788,2012-04-24,00075974,00000620,0001,P,515.00,EUR,
300,AA,0064,2010-05-07,00066768,00002920,0001,C,211.00,USD,
300,AZ,0788,2012-04-17,00075911,00003293,0001,P,515.00,EUR,
300,DL,1984,2011-03-14,00095679,00002920,0001,C,211.00,USD,
300,AZ,0788,2012-04-17,00075917,00002884,0001,P,515.00,EUR,
300,SQ,0067,2010-06-07,00101187,00002920,0001,C,164.00,SGD,
300,AZ,0788,2012-04-17,00075908,00004622,0001,P,515.00,EUR,
300,AZ,0788,2012-04-17,00075926,00003261,0001,P,515.00,EUR,
300,DL,1984,2011-06-20,00101939,00002920,0001,C,211.00,USD,
300,AZ,0788,2012-04-17,00075920,00001868,0001,P,515.00,EUR,
300,UA,3516,2010-09-07,00098082,00002920,0001,C,305.00,USD,
300,AZ,0788,2012-04-03,00075848,00001531,0001,P,515.00,EUR,
300,AZ,0788,2012-04-03,00075881,00002418,0001,P,515.00,EUR,
300,SQ,0866,2010-12-02,00315630,00002920,0001,C,256.00,SGD,
300,AZ,0788,2012-04-03,00075857,00002382,0001,P,515.00,EUR,
300,SQ,0326,2010-12-17,00263164,00002920,0001,C,868.00,SGD,
300,AZ,0788,2012-04-03,00075845,00003124,0001,P,515.00,EUR,
300,AZ,0788,2012-04-03,00075809,00004092,0001,P,515.00,EUR,
300,SQ,0866,2010-10-21,00313226,00002920,0001,C,256.00,SGD,
300,AZ,0788,2012-03-20,00075719,00003522,0001,P,515.00,EUR,
300,AZ,0788,2012-03-20,00075737,00004297,0001,P,515.00,EUR,
300,AZ,0788,2012-03-20,00075731,00004080,0001,P,515.00,EUR,
300,SQ,0866,2011-08-25,00332130,00002920,0001,C,256.00,SGD,
300,AZ,0788,2012-03-20,00075734,00000523,0001,P,515.00,EUR,
300,AZ,0788,2012-03-20,00075740,00004164,0001,P,515.00,EUR,
300,SQ,0866,2011-01-27,00319245,00002920,0001,C,256.00,SGD,
300,AZ,0788,2011-12-27,00074881,00003385,0001,P,515.00,EUR,
300,SQ,0866,2011-01-27,00319100,00002920,0001,C,256.00,SGD,
300,AZ,0788,2011-12-27,00074872,00004333,0001,P,515.00,EUR,
300,AZ,0788,2011-12-27,00074878,00003434,0001,P,515.00,EUR,
300,SQ,0863,2010-12-15,00288187,00002920,0001,C,256.00,SGD,
300,AZ,0788,2012-03-27,00075785,00004184,0001,P,515.00,EUR,
300,SQ,0863,2010-10-13,00285892,00002920,0001,C,256.00,SGD,
300,AZ,0788,2012-03-27,00075773,00002008,0001,P,515.00,EUR,
300,AZ,0788,2012-01-17,00074974,00002506,0001,P,515.00,EUR,
300,SQ,0863,2010-04-21,00279639,00002920,0001,C,256.00,SGD,
300,AZ,0788,2012-01-17,00074977,00001756,0001,P,515.00,EUR,
300,SQ,0863,2011-08-31,00297497,00002920,0001,C,256.00,SGD,
300,AZ,0788,2012-03-06,00075692,00000033,0001,P,515.00,EUR,
300,SQ,0863,2011-09-28,00298389,00002920,0001,C,256.00,SGD,
300,AZ,0788,2012-04-10,00075890,00002940,0001,P,515.00,EUR,
300,AZ,0788,2012-01-10,00074905,00001852,0001,P,515.00,EUR,
300,SQ,0866,2010-05-13,00303056,00002920,0001,C,256.00,SGD,
300,AZ,0789,2011-05-18,00100408,00002865,0001,P,489.00,EUR,
300,SQ,0863,2011-08-10,00296618,00002920,0001,C,256.00,SGD,
300,AZ,0789,2011-05-18,00100503,00004025,0001,P,489.00,EUR,
300,AZ,0789,2011-05-18,00100485,00004619,0001,P,489.00,EUR,
300,SQ,0863,2011-07-20,00295810,00002920,0001,C,769.00,SGD,
300,AZ,0789,2011-05-18,00100719,00000140,0001,P,489.00,EUR,
300,SQ,0997,2011-01-14,00394622,00002920,0001,C,455.00,SGD,
300,AZ,0789,2011-05-18,00100629,00003499,0001,P,489.00,EUR,
300,AZ,0789,2011-05-18,00100710,00004575,0001,P,489.00,EUR,
300,SQ,0997,2011-01-21,00395193,00002920,0001,C,455.00,SGD,
300,AZ,0789,2011-05-18,00100506,00003194,0001,P,489.00,EUR,
300,SQ,0997,2010-06-11,00381229,00002920,0001,C,455.00,SGD,
300,AZ,0789,2011-05-18,00100426,00003326,0001,P,489.00,EUR,
300,SQ,0988,2012-02-16,00377505,00002920,0001,C,910.00,SGD,
300,AZ,0789,2011-05-18,00100441,00002022,0001,P,489.00,EUR,
300,SQ,0997,2010-07-02,00382747,00002920,0001,C,455.00,SGD,
300,AZ,0789,2011-05-18,00100665,00003840,0001,P,489.00,EUR,
300,SQ,0997,2010-07-23,00383972,00002920,0001,C,455.00,SGD,
300,AZ,0789,2011-05-18,00100764,00002126,0001,P,489.00,EUR,
300,SQ,0997,2011-08-26,00408511,00002920,0001,C,455.00,SGD,
300,AZ,0789,2011-05-18,00100533,00003976,0001,P,489.00,EUR,
300,SQ,0997,2011-12-16,00414316,00002920,0001,C,455.00,SGD,
300,AZ,0789,2011-05-18,00100432,00003904,0001,P,489.00,EUR,
300,AZ,0789,2011-05-18,00100563,00003503,0001,P,489.00,EUR,
300,AZ,0789,2011-05-18,00100617,00003218,0001,P,489.00,EUR,
300,AZ,0789,2011-05-18,00100650,00004165,0001,P,489.00,EUR,
300,AZ,0789,2011-05-18,00100566,00002009,0001,P,489.00,EUR,
300,AZ,0789,2011-05-18,00100605,00002455,0001,P,489.00,EUR,
300,AZ,0789,2011-05-18,00100548,00002455,0001,P,489.00,EUR,
300,AZ,0789,2011-05-18,00100641,00001905,0001,P,489.00,EUR,
300,SQ,0988,2010-10-07,00349867,00002920,0001,C,455.00,SGD,
300,AZ,0789,2011-05-18,00100728,00001749,0001,P,489.00,EUR,
300,SQ,0988,2010-12-16,00354226,00002920,0001,C,455.00,SGD,
300,AZ,0789,2011-05-18,00100761,00001652,0001,P,489.00,EUR,
300,SQ,0988,2011-10-06,00372519,00002920,0001,C,455.00,SGD,
300,AZ,0789,2011-05-18,00100551,00002074,0001,P,489.00,EUR,
300,SQ,0988,2011-11-03,00374212,00002920,0001,C,455.00,SGD,
300,AZ,0789,2011-05-18,00100453,00001913,0001,P,489.00,EUR,
300,AZ,0789,2011-05-18,00100632,00004595,0001,P,489.00,EUR,
300,SQ,0988,2011-10-27,00374050,00002920,0001,C,455.00,SGD,
300,AZ,0789,2011-05-18,00100671,00004546,0001,P,489.00,EUR,
300,SQ,0988,2011-03-10,00359615,00002920,0001,C,455.00,SGD,
300,AZ,0789,2011-05-18,00100731,00002166,0001,P,489.00,EUR,
300,AZ,0789,2011-05-18,00100423,00000584,0001,P,489.00,EUR,
300,SQ,0988,2011-07-07,00366649,00002920,0001,C,910.00,SGD,
300,AZ,0789,2011-05-18,00100749,00003852,0001,P,489.00,EUR,
300,UA,3517,2011-10-31,00163611,00002920,0001,C,305.00,USD,
300,AZ,0789,2011-05-18,00100491,00000958,0001,P,489.00,EUR,
300,AZ,0789,2011-05-18,00100450,00001098,0001,P,489.00,EUR,
300,UA,3517,2011-02-21,00147387,00002920,0001,C,305.00,USD,
300,AZ,0789,2011-05-18,00100656,00003226,0001,P,489.00,EUR,
300,AZ,0789,2011-05-18,00100524,00000757,0001,P,489.00,EUR,
300,SQ,0114,2011-10-31,00147349,00002920,0001,C,178.00,SGD,
300,AZ,0789,2011-05-18,00100381,00001472,0001,P,489.00,EUR,
300,UA,3517,2011-02-07,00146450,00002920,0001,C,305.00,USD,
300,AZ,0789,2011-05-18,00100557,00002551,0001,P,489.00,EUR,
300,AZ,0789,2011-05-18,00100387,00002395,0001,P,489.00,EUR,
300,UA,3517,2011-02-14,00146545,00002920,0001,C,611.00,USD,
300,AZ,0789,2011-05-18,00100494,00002395,0001,P,489.00,EUR,
300,SQ,0117,2010-08-09,00152283,00002920,0001,C,178.00,SGD,
300,AZ,0789,2011-05-18,00100596,00000837,0001,P,489.00,EUR,
300,AZ,0789,2011-05-18,00100620,00000380,0001,P,489.00,EUR,
300,UA,3517,2011-03-28,00149234,00002920,0001,C,305.00,USD,
300,AZ,0789,2011-05-18,00100635,00001199,0001,P,489.00,EUR,
300,AZ,0789,2011-05-18,00100689,00001636,0001,P,489.00,EUR,
300,SQ,0158,2010-09-28,00175850,00002920,0001,C,494.00,SGD,
300,AZ,0789,2011-05-18,00100393,00002503,0001,P,489.00,EUR,
300,SQ,0117,2011-07-18,00164517,00002920,0001,C,178.00,SGD,
300,AZ,0789,2011-05-18,00100539,00003174,0001,P,489.00,EUR,
300,AZ,0789,2011-01-12,00092848,00003238,0001,P,489.00,EUR,
300,SQ,0067,2011-03-28,00119421,00002920,0001,C,164.00,SGD,
300,AZ,0789,2011-01-12,00092746,00003346,0001,P,489.00,EUR,
300,UA,3516,2010-06-22,00092953,00002920,0001,C,916.00,USD,
300,AZ,0789,2011-01-12,00092662,00000139,0001,P,489.00,EUR,
300,AZ,0789,2011-01-12,00092794,00000978,0001,P,489.00,EUR,
300,UA,3517,2010-09-27,00138009,00002920,0001,C,305.00,USD,
300,AZ,0789,2011-01-12,00092824,00004298,0001,P,489.00,EUR,
300,AZ,0789,2011-01-12,00092569,00004474,0001,P,489.00,EUR,
300,AZ,0789,2011-01-12,00092887,00003121,0001,P,489.00,EUR,
300,SQ,0114,2010-08-09,00138020,00002920,0001,C,536.00,SGD,
300,AZ,0789,2011-01-12,00092638,00003671,0001,P,489.00,EUR,
300,SQ,0067,2012-02-13,00135241,00002920,0001,C,164.00,SGD,
300,AZ,0789,2011-01-12,00092857,00001708,0001,P,489.00,EUR,
300,AZ,0789,2011-01-12,00092596,00001560,0001,P,489.00,EUR,
300,UA,3517,2010-07-26,00134276,00002920,0001,C,305.00,USD,
300,AZ,0789,2011-01-12,00092797,00002656,0001,P,489.00,EUR,
300,SQ,0325,2011-03-02,00234044,00002920,0001,C,868.00,SGD,
300,AZ,0789,2011-01-12,00092590,00001941,0001,P,489.00,EUR,
300,AZ,0789,2011-01-12,00092680,00003647,0001,P,489.00,EUR,
300,SQ,0325,2011-04-27,00237169,00002920,0001,C,1737.00,SGD,
300,AZ,0789,2011-01-12,00092809,00004446,0001,P,489.00,EUR,
300,AZ,0789,2011-01-12,00092770,00002339,0001,P,489.00,EUR,
300,SQ,0325,2010-12-22,00229415,00002920,0001,C,868.00,SGD,
300,AZ,0789,2011-01-12,00092881,00000476,0001,P,489.00,EUR,
300,AZ,0789,2011-01-12,00092842,00003856,0001,P,489.00,EUR,
300,SQ,0326,2010-05-14,00253588,00002920,0001,C,868.00,SGD,
300,AZ,0789,2011-01-12,00092737,00003904,0001,P,489.00,EUR,
300,SQ,0325,2011-11-02,00248928,00002920,0001,C,2606.00,SGD,
300,AZ,0789,2011-01-12,00092845,00003880,0001,P,489.00,EUR,
300,AZ,0789,2011-01-12,00092587,00002174,0001,P,489.00,EUR,
300,SQ,0161,2010-06-22,00194274,00002920,0001,C,494.00,SGD,
300,AZ,0789,2011-01-12,00092635,00003350,0001,P,489.00,EUR,
300,SQ,0161,2010-10-26,00198810,00002920,0001,C,494.00,SGD,
300,AZ,0789,2011-01-12,00092710,00002335,0001,P,489.00,EUR,
300,AZ,0789,2011-01-12,00092815,00001456,0001,P,489.00,EUR,
300,SQ,0161,2010-09-28,00197957,00002920,0001,C,247.00,SGD,
300,AZ,0789,2011-01-12,00092581,00003254,0001,P,489.00,EUR,
300,SQ,0158,2011-08-30,00188031,00002920,0001,C,247.00,SGD,
300,AZ,0789,2011-01-12,00092839,00002082,0001,P,489.00,EUR,
300,AZ,0789,2011-01-12,00092932,00001347,0001,P,489.00,EUR,
300,SQ,0325,2010-07-14,00219577,00002920,0001,C,868.00,SGD,
300,AZ,0789,2011-01-12,00092800,00003607,0001,P,489.00,EUR,
300,AZ,0789,2011-01-12,00092869,00001098,0001,P,489.00,EUR,
300,SQ,0161,2011-10-18,00211681,00002920,0001,C,247.00,SGD,
300,AZ,0789,2011-01-12,00092683,00004514,0001,P,489.00,EUR,
300,QF,0005,2011-01-14,00016835,00003205,0001,C,394.00,AUD,
300,AZ,0789,2011-01-12,00092764,00003728,0001,P,489.00,EUR,
300,AZ,0789,2011-01-12,00092926,00001849,0001,P,489.00,EUR,
300,DL,0106,2011-11-07,00034997,00003205,0001,C,305.00,USD,
300,AZ,0789,2011-01-12,00092599,00002732,0001,P,489.00,EUR,
300,AZ,0789,2011-01-12,00092629,00001158,0001,P,489.00,EUR,
300,DL,0106,2010-11-08,00012305,00003205,0001,C,305.00,USD,
300,AZ,0789,2011-01-12,00092644,00003210,0001,P,489.00,EUR,
300,UA,0007,2011-10-22,00024820,00003205,0001,C,211.00,USD,
300,AZ,0789,2011-01-12,00092665,00004145,0001,P,489.00,EUR,
300,AZ,0789,2011-01-12,00092758,00002274,0001,P,489.00,EUR,
300,JL,0408,2010-07-10,00029874,00003205,0001,C,1061.00,JPY,
300,AZ,0789,2011-01-12,00092818,00003354,0001,P,489.00,EUR,
300,DL,0106,2011-09-26,00032488,00003205,0001,C,305.00,USD,
300,AZ,0789,2011-01-12,00092821,00003330,0001,P,489.00,EUR,
300,AZ,0789,2011-01-12,00092620,00004498,0001,P,489.00,EUR,
300,UA,0941,2010-09-30,00033581,00003205,0001,C,439.00,USD,
300,AZ,0789,2011-01-12,00092803,00001552,0001,P,489.00,EUR,
300,DL,0106,2011-09-05,00031000,00003205,0001,C,916.00,USD,
300,AZ,0789,2011-01-12,00092602,00001885,0001,P,489.00,EUR,
300,UA,0941,2010-07-15,00030973,00003205,0001,C,439.00,USD,
300,AZ,0789,2011-01-12,00092773,00002218,0001,P,489.00,EUR,
300,AZ,0789,2011-02-02,00093887,00000448,0001,P,489.00,EUR,
300,SQ,0002,2012-03-15,00021901,00003205,0001,C,1160.00,SGD,
300,AZ,0789,2011-02-02,00094174,00003463,0001,P,489.00,EUR,
300,SQ,0002,2011-11-24,00020766,00003205,0001,C,1160.00,SGD,
300,AZ,0789,2011-02-02,00093982,00003928,0001,P,489.00,EUR,
300,AZ,0789,2011-02-02,00093974,00001387,0001,P,489.00,EUR,
300,JL,0407,2011-08-19,00021392,00003205,0001,C,530.00,JPY,
300,AZ,0789,2011-02-02,00093956,00000396,0001,P,489.00,EUR,
300,DL,0106,2010-07-05,00004605,00003205,0001,C,305.00,USD,
300,AZ,0789,2011-02-02,00094201,00003246,0001,P,489.00,EUR,
300,AZ,0789,2011-02-02,00094027,00002865,0001,P,489.00,EUR,
300,UA,0007,2010-08-21,00005341,00003205,0001,C,211.00,USD,
300,AZ,0789,2011-02-02,00094180,00001528,0001,P,489.00,EUR,
300,JL,0407,2010-07-16,00003808,00003205,0001,C,530.00,JPY,
300,AZ,0789,2011-02-02,00094081,00004454,0001,P,489.00,EUR,
300,AZ,0789,2011-02-02,00094225,00000693,0001,P,489.00,EUR,
300,SQ,0002,2010-10-28,00006778,00003205,0001,C,1160.00,SGD,
300,AZ,0789,2011-02-02,00094051,00000761,0001,P,489.00,EUR,
300,DL,0106,2010-08-02,00006425,00003205,0001,C,305.00,USD,
300,AZ,0789,2011-02-02,00094192,00001692,0001,P,489.00,EUR,
300,AZ,0789,2011-02-02,00094090,00002792,0001,P,489.00,EUR,
300,DL,1699,2010-07-19,00042832,00003205,0001,C,211.00,USD,
300,AZ,0789,2011-02-02,00093920,00003720,0001,P,489.00,EUR,
300,SQ,0002,2010-05-13,00000957,00003205,0001,C,1160.00,SGD,
300,AZ,0789,2011-02-02,00093997,00003358,0001,P,489.00,EUR,
300,AZ,0789,2011-02-02,00093896,00000773,0001,P,489.00,EUR,
300,UA,0941,2011-10-13,00047602,00003205,0001,C,439.00,USD,
300,AZ,0789,2011-02-02,00094207,00003924,0001,P,489.00,EUR,
300,AA,0017,2010-05-12,00001475,00003205,0001,C,211.00,USD,
300,AZ,0789,2011-02-02,00094003,00000685,0001,P,489.00,EUR,
300,AZ,0789,2011-02-02,00094228,00001030,0001,P,489.00,EUR,
300,DL,0106,2010-04-26,00000371,00003205,0001,C,305.00,USD,
300,AZ,0789,2011-02-02,00093994,00001809,0001,P,489.00,EUR,
300,QF,0005,2010-08-20,00007566,00003205,0001,C,394.00,AUD,
300,AZ,0789,2011-02-02,00094171,00000633,0001,P,489.00,EUR,
300,QF,0006,2011-02-09,00050892,00003205,0001,C,788.00,AUD,
300,AZ,0789,2011-02-02,00094021,00002439,0001,P,489.00,EUR,
300,AZ,0789,2011-02-02,00094048,00001351,0001,P,489.00,EUR,
300,SQ,0015,2011-08-31,00053221,00003205,0001,C,1160.00,SGD,
300,AZ,0789,2011-02-02,00093902,00004129,0001,P,489.00,EUR,
300,JL,0408,2011-05-28,00041538,00003205,0001,C,530.00,JPY,
300,AZ,0789,2011-02-02,00094015,00002852,0001,P,489.00,EUR,
300,JL,0408,2011-10-22,00046623,00003205,0001,C,1061.00,JPY,
300,AZ,0789,2011-02-02,00093893,00001821,0001,P,489.00,EUR,
300,DL,0106,2011-07-18,00028068,00003205,0001,C,305.00,USD,
300,AZ,0789,2011-02-02,00093947,00000432,0001,P,489.00,EUR,
300,AA,0017,2011-08-03,00029139,00003205,0001,C,422.00,USD,
300,AZ,0789,2011-02-02,00094129,00002913,0001,P,489.00,EUR,
300,AA,0026,2010-06-16,00041210,00003205,0001,C,305.00,USD,
300,AZ,0789,2011-02-02,00093923,00003864,0001,P,489.00,EUR,
300,DL,1699,2010-10-04,00047667,00003205,0001,C,211.00,USD,
300,AZ,0789,2011-02-02,00094039,00004635,0001,P,489.00,EUR,
300,QF,0006,2010-11-24,00047538,00003205,0001,C,394.00,AUD,
300,AZ,0789,2011-02-02,00094024,00002997,0001,P,489.00,EUR,
300,DL,0106,2012-03-05,00037029,00003205,0001,C,305.00,USD,
300,AZ,0789,2011-02-02,00094243,00000189,0001,P,489.00,EUR,
300,QF,0005,2012-03-23,00037694,00003205,0001,C,394.00,AUD,
300,AZ,0789,2011-02-02,00094234,00001797,0001,P,489.00,EUR,
300,DL,0106,2010-10-04,00010349,00003205,0001,C,305.00,USD,
300,AZ,0789,2011-02-02,00094069,00003980,0001,P,489.00,EUR,
300,SQ,0002,2010-12-02,00008089,00003205,0001,C,1160.00,SGD,
300,AZ,0789,2011-02-02,00094219,00002507,0001,P,489.00,EUR,
300,UA,3504,2010-11-12,00063218,00003205,0001,C,439.00,USD,
300,AZ,0789,2011-02-02,00093890,00001745,0001,P,489.00,EUR,
300,AZ,0789,2011-02-02,00094159,00004249,0001,P,489.00,EUR,
300,QF,0006,2011-07-27,00058403,00003205,0001,C,394.00,AUD,
300,QF,0005,2010-10-29,00011879,00003205,0001,C,394.00,AUD,
300,AZ,0789,2011-02-02,00093884,00001476,0001,P,489.00,EUR,
300,SQ,0066,2010-05-24,00062206,00003205,0001,C,329.00,SGD,
300,AZ,0789,2011-02-02,00093899,00003615,0001,P,489.00,EUR,
300,AZ,0789,2011-02-02,00094093,00002254,0001,P,489.00,EUR,
300,UA,0007,2010-06-19,00002731,00003205,0001,C,211.00,USD,
300,AZ,0789,2011-02-02,00094177,00003354,0001,P,489.00,EUR,
300,SQ,0066,2010-04-26,00060490,00003205,0001,C,164.00,SGD,
300,AZ,0789,2011-02-02,00094168,00000889,0001,P,489.00,EUR,
300,UA,3504,2010-12-10,00064724,00003205,0001,C,439.00,USD,
300,AZ,0789,2010-12-15,00091024,00000326,0001,P,489.00,EUR,
300,AA,0017,2011-04-27,00023183,00003205,0001,C,211.00,USD,
300,AZ,0789,2010-12-15,00090845,00000564,0001,P,489.00,EUR,
300,DL,0106,2011-05-16,00024116,00003205,0001,C,305.00,USD,
300,AZ,0789,2010-12-15,00091168,00001187,0001,P,489.00,EUR,
300,JL,0407,2011-10-21,00024168,00003205,0001,C,530.00,JPY,
300,AZ,0789,2010-12-15,00090962,00004474,0001,P,489.00,EUR,
300,QF,0005,2011-01-21,00017047,00003205,0001,C,394.00,AUD,
300,AZ,0789,2010-12-15,00091072,00000488,0001,P,489.00,EUR,
300,DL,1984,2010-11-01,00087491,00003205,0001,C,211.00,USD,
300,AA,0064,2011-11-18,00086545,00003205,0001,C,422.00,USD,
300,AZ,0789,2010-12-15,00091057,00002539,0001,P,489.00,EUR,
300,UA,3504,2010-10-29,00062255,00003205,0001,C,439.00,USD,
300,AZ,0789,2010-12-15,00091018,00004229,0001,P,489.00,EUR,
300,UA,3504,2011-01-28,00067943,00003205,0001,C,439.00,USD,
300,AZ,0789,2010-12-15,00090985,00001327,0001,P,489.00,EUR,
300,DL,1699,2011-08-01,00066499,00003205,0001,C,211.00,USD,
300,AZ,0789,2010-12-15,00091105,00003194,0001,P,489.00,EUR,
300,SQ,0067,2010-04-26,00098916,00003205,0001,C,164.00,SGD,
300,AZ,0789,2010-12-15,00091210,00004478,0001,P,489.00,EUR,
300,AA,0064,2010-05-07,00066675,00003205,0001,C,211.00,USD,
300,AZ,0789,2010-12-15,00091003,00002210,0001,P,489.00,EUR,
300,AZ,0789,2010-12-15,00091114,00002299,0001,P,489.00,EUR,
300,AA,0064,2011-04-29,00079569,00003205,0001,C,211.00,USD,
300,AZ,0789,2010-12-15,00090994,00001078,0001,P,489.00,EUR,
300,DL,1984,2010-05-17,00077051,00003205,0001,C,211.00,USD,
300,AZ,0789,2010-12-15,00090935,00002724,0001,P,489.00,EUR,
300,DL,1984,2011-03-07,00095371,00003205,0001,C,211.00,USD,
300,AZ,0789,2010-12-15,00090959,00001933,0001,P,489.00,EUR,
300,UA,3504,2011-09-09,00082344,00003205,0001,C,439.00,USD,
300,AZ,0789,2010-12-15,00090968,00004037,0001,P,489.00,EUR,
300,AA,0064,2011-08-05,00083046,00003205,0001,C,211.00,USD,
300,SQ,0066,2011-10-17,00094419,00003205,0001,C,164.00,SGD,
300,AZ,0789,2010-12-15,00090899,00002443,0001,P,489.00,EUR,
300,DL,1984,2010-09-06,00084066,00003205,0001,C,211.00,USD,
300,AZ,0789,2010-12-15,00090860,00001640,0001,P,489.00,EUR,
300,DL,1699,2011-10-17,00071123,00003205,0001,C,211.00,USD,
300,AZ,0789,2010-12-15,00091036,00000633,0001,P,489.00,EUR,
300,UA,3516,2011-04-05,00110985,00003205,0001,C,305.00,USD,
300,AZ,0789,2010-12-15,00091177,00002740,0001,P,489.00,EUR,
300,SQ,0066,2011-01-03,00076127,00003205,0001,C,329.00,SGD,
300,AZ,0789,2010-12-15,00091000,00001407,0001,P,489.00,EUR,
300,DL,1699,2011-11-07,00072638,00003205,0001,C,211.00,USD,
300,AZ,0789,2010-12-15,00091192,00002660,0001,P,489.00,EUR,
300,UA,3504,2011-04-29,00073692,00003205,0001,C,439.00,USD,
300,AZ,0789,2010-12-15,00090926,00001500,0001,P,489.00,EUR,
300,DL,1984,2011-07-04,00102796,00003205,0001,C,211.00,USD,
300,AZ,0789,2010-12-15,00091015,00000460,0001,P,489.00,EUR,
300,UA,0941,2010-12-02,00035824,00003205,0001,C,439.00,USD,
300,AZ,0789,2010-12-15,00091204,00004406,0001,P,489.00,EUR,
300,AA,0017,2012-01-04,00037306,00003205,0001,C,211.00,USD,
300,AZ,0789,2010-12-15,00090971,00003864,0001,P,489.00,EUR,
300,JL,0408,2010-06-19,00029303,00003205,0001,C,530.00,JPY,
300,AZ,0789,2010-12-15,00090920,00002832,0001,P,489.00,EUR,
300,AA,0017,2011-08-17,00030354,00003205,0001,C,211.00,USD,
300,AZ,0789,2010-12-15,00090929,00002652,0001,P,489.00,EUR,
300,UA,0941,2010-09-09,00032899,00003205,0001,C,439.00,USD,
300,AZ,0789,2010-12-15,00091150,00003579,0001,P,489.00,EUR,
300,AA,0017,2010-06-02,00002878,00003205,0001,C,211.00,USD,
300,AZ,0789,2010-12-15,00090914,00001797,0001,P,489.00,EUR,
300,SQ,0066,2011-08-08,00089718,00003205,0001,C,164.00,SGD,
300,AZ,0789,2010-12-15,00090884,00003443,0001,P,489.00,EUR,
300,AZ,0789,2010-12-15,00090923,00001973,0001,P,489.00,EUR,
300,SQ,0015,2011-10-05,00055152,00003205,0001,C,2320.00,SGD,
300,AZ,0789,2010-12-15,00090833,00004559,0001,P,489.00,EUR,
300,SQ,0015,2011-10-26,00056532,00003205,0001,C,1160.00,SGD,
300,AZ,0789,2010-12-15,00091066,00003170,0001,P,489.00,EUR,
300,AZ,0789,2010-12-15,00091021,00001207,0001,P,489.00,EUR,
300,UA,3516,2010-06-01,00091742,00003205,0001,C,305.00,USD,
300,AZ,0789,2010-12-15,00090887,00000745,0001,P,489.00,EUR,
300,AZ,0789,2010-12-15,00091099,00003306,0001,P,489.00,EUR,
300,DL,1699,2011-03-07,00057182,00003205,0001,C,211.00,USD,
300,AZ,0789,2010-12-15,00091198,00003370,0001,P,489.00,EUR,
300,AZ,0789,2010-12-15,00091084,00004510,0001,P,489.00,EUR,
300,UA,0941,2011-07-07,00043579,00003205,0001,C,439.00,USD,
300,AZ,0789,2010-12-15,00090932,00003109,0001,P,489.00,EUR,
300,AA,0026,2010-12-22,00049638,00003205,0001,C,305.00,USD,
300,AZ,0789,2010-12-15,00090941,00002262,0001,P,489.00,EUR,
300,AZ,0789,2011-03-30,00097557,00002628,0001,P,489.00,EUR,
300,UA,3516,2011-09-28,00122772,00003205,0001,C,305.00,USD,
300,AZ,0789,2011-03-30,00097411,00000564,0001,P,489.00,EUR,
300,SQ,0067,2011-02-21,00117401,00003205,0001,C,164.00,SGD,
300,AZ,0789,2011-03-30,00097551,00003077,0001,P,489.00,EUR,
300,AZ,0789,2011-03-30,00097506,00003800,0001,P,489.00,EUR,
300,UA,3516,2011-01-11,00105710,00003205,0001,C,305.00,USD,
300,AZ,0789,2011-03-30,00097686,00004591,0001,P,489.00,EUR,
300,UA,3516,2011-06-14,00115239,00003205,0001,C,305.00,USD,
300,AZ,0789,2011-03-30,00097348,00001813,0001,P,489.00,EUR,
300,AZ,0789,2011-03-30,00097372,00002419,0001,P,489.00,EUR,
300,SQ,0117,2010-10-04,00154398,00003205,0001,C,178.00,SGD,
300,AZ,0789,2011-03-30,00097602,00002909,0001,P,489.00,EUR,
300,AZ,0789,2011-03-30,00097641,00002656,0001,P,489.00,EUR,
300,SQ,0117,2010-12-13,00156844,00003205,0001,C,178.00,SGD,
300,AZ,0789,2011-03-30,00097548,00000392,0001,P,489.00,EUR,
300,SQ,0117,2011-03-21,00160383,00003205,0001,C,178.00,SGD,
300,AZ,0789,2011-03-30,00097381,00002018,0001,P,489.00,EUR,
300,AZ,0789,2011-03-30,00097662,00003647,0001,P,489.00,EUR,
300,SQ,0117,2011-04-04,00160841,00003205,0001,C,178.00,SGD,
300,AZ,0789,2011-03-30,00097695,00001074,0001,P,489.00,EUR,
300,AZ,0789,2011-03-30,00097572,00001668,0001,P,489.00,EUR,
300,UA,3517,2010-12-13,00142775,00003205,0001,C,305.00,USD,
300,AZ,0789,2011-03-30,00097692,00001757,0001,P,489.00,EUR,
300,UA,3517,2010-12-06,00142561,00003205,0001,C,305.00,USD,
300,AZ,0789,2011-03-30,00097429,00004266,0001,P,489.00,EUR,
300,AZ,0789,2011-03-30,00097414,00004374,0001,P,489.00,EUR,
300,UA,3517,2010-09-06,00136895,00003205,0001,C,305.00,USD,
300,AZ,0789,2011-03-30,00097485,00003487,0001,P,489.00,EUR,
300,SQ,0114,2010-10-11,00139392,00003205,0001,C,178.00,SGD,
300,AZ,0789,2011-03-30,00097635,00001150,0001,P,489.00,EUR,
300,AZ,0789,2011-03-30,00097354,00004113,0001,P,489.00,EUR,
300,SQ,0066,2011-05-16,00084511,00003205,0001,C,164.00,SGD,
300,AZ,0789,2011-03-30,00097447,00001243,0001,P,489.00,EUR,
300,AZ,0789,2011-03-30,00097405,00004241,0001,P,489.00,EUR,
300,DL,1984,2010-09-06,00084056,00003205,0001,C,211.00,USD,
300,AZ,0789,2011-03-30,00097512,00003916,0001,P,489.00,EUR,
300,SQ,0066,2010-12-27,00075694,00003205,0001,C,329.00,SGD,
300,AZ,0789,2011-03-30,00097713,00004129,0001,P,489.00,EUR,
300,UA,3504,2011-07-01,00077390,00003205,0001,C,439.00,USD,
300,AZ,0789,2011-03-30,00097584,00001034,0001,P,489.00,EUR,
300,AZ,0789,2011-03-30,00097396,00003832,0001,P,489.00,EUR,
300,UA,3504,2012-01-13,00088025,00003205,0001,C,439.00,USD,
300,AZ,0789,2011-03-30,00097650,00003760,0001,P,489.00,EUR,
300,DL,1699,2011-11-07,00072592,00003205,0001,C,211.00,USD,
300,AZ,0789,2011-03-30,00097632,00002234,0001,P,489.00,EUR,
300,AZ,0789,2011-03-30,00097518,00000432,0001,P,489.00,EUR,
300,AA,0026,2011-10-05,00062339,00003205,0001,C,305.00,USD,
300,AZ,0789,2011-03-30,00097471,00002303,0001,P,489.00,EUR,
300,AZ,0789,2011-03-30,00097420,00000849,0001,P,489.00,EUR,
300,DL,1699,2011-07-25,00066113,00003205,0001,C,211.00,USD,
300,AZ,0789,2011-03-30,00097554,00001921,0001,P,489.00,EUR,
300,AZ,0789,2011-03-30,00097482,00000757,0001,P,489.00,EUR,
300,DL,1984,2011-06-06,00100915,00003205,0001,C,211.00,USD,
300,AZ,0789,2011-03-30,00097393,00002347,0001,P,489.00,EUR,
300,DL,1984,2011-07-18,00103541,00003205,0001,C,211.00,USD,
300,AZ,0789,2011-03-30,00097423,00001797,0001,P,489.00,EUR,
300,AZ,0789,2011-03-30,00097527,00004278,0001,P,489.00,EUR,
300,DL,1984,2011-01-24,00092644,00003205,0001,C,211.00,USD,
300,AZ,0789,2011-03-30,00097545,00000649,0001,P,489.00,EUR,
300,DL,1984,2011-04-18,00097996,00003205,0001,C,211.00,USD,
300,AZ,0789,2011-03-30,00097339,00002363,0001,P,489.00,EUR,
300,SQ,0866,2010-12-09,00315958,00003205,0001,C,256.00,SGD,
300,AZ,0789,2011-03-30,00097638,00004081,0001,P,489.00,EUR,
300,AZ,0789,2011-03-30,00097719,00001845,0001,P,489.00,EUR,
300,SQ,0866,2010-08-26,00309406,00003205,0001,C,256.00,SGD,
300,AZ,0789,2011-03-30,00097659,00004615,0001,P,489.00,EUR,
300,AZ,0789,2011-07-13,00104069,00001937,0001,P,489.00,EUR,
300,SQ,0866,2010-07-22,00307568,00003205,0001,C,256.00,SGD,
300,AZ,0789,2011-07-13,00103953,00001608,0001,P,489.00,EUR,
300,SQ,0866,2010-11-04,00313729,00003205,0001,C,769.00,SGD,
300,AZ,0789,2011-07-13,00104060,00003543,0001,P,489.00,EUR,
300,AZ,0789,2011-07-13,00104135,00003643,0001,P,489.00,EUR,
300,SQ,0866,2011-08-25,00332175,00003205,0001,C,256.00,SGD,
300,AZ,0789,2011-07-13,00103857,00001211,0001,P,489.00,EUR,
300,SQ,0866,2011-09-01,00332451,00003205,0001,C,512.00,SGD,
300,AZ,0789,2011-07-13,00103914,00003414,0001,P,489.00,EUR,
300,AZ,0789,2011-07-13,00104102,00001255,0001,P,489.00,EUR,
300,SQ,0866,2011-08-11,00331416,00003205,0001,C,256.00,SGD,
300,AZ,0789,2011-07-13,00104153,00003663,0001,P,489.00,EUR,
300,AZ,0789,2011-07-13,00104180,00004547,0001,P,489.00,EUR,
300,SQ,0866,2011-07-21,00329871,00003205,0001,C,256.00,SGD,
300,AZ,0789,2011-07-13,00103905,00003997,0001,P,489.00,EUR,
300,SQ,0866,2011-09-22,00333901,00003205,0001,C,256.00,SGD,
300,AZ,0789,2011-07-13,00104081,00001162,0001,P,489.00,EUR,
300,AZ,0789,2011-07-13,00104114,00001175,0001,P,489.00,EUR,
300,SQ,0866,2011-02-24,00320763,00003205,0001,C,256.00,SGD,
300,AZ,0789,2011-07-13,00104165,00001672,0001,P,489.00,EUR,
300,SQ,0866,2011-04-14,00324127,00003205,0001,C,256.00,SGD,
300,AZ,0789,2011-07-13,00104192,00002511,0001,P,489.00,EUR,
300,AZ,0789,2011-07-13,00103929,00002985,0001,P,489.00,EUR,
300,SQ,0863,2010-06-02,00281346,00003205,0001,C,256.00,SGD,
300,AZ,0789,2011-07-13,00104072,00003133,0001,P,489.00,EUR,
300,SQ,0866,2010-05-13,00303043,00003205,0001,C,256.00,SGD,
300,AZ,0789,2011-07-13,00103950,00002848,0001,P,489.00,EUR,
300,AZ,0789,2011-07-13,00103974,00001640,0001,P,489.00,EUR,
300,SQ,0326,2011-03-11,00266991,00003205,0001,C,868.00,SGD,
300,AZ,0789,2011-07-13,00104042,00003398,0001,P,489.00,EUR,
300,AZ,0789,2011-07-13,00104024,00001299,0001,P,489.00,EUR,
300,SQ,0997,2011-01-14,00394916,00003205,0001,C,455.00,SGD,
300,AZ,0789,2011-07-13,00104222,00001094,0001,P,489.00,EUR,
300,SQ,0997,2010-12-03,00392343,00003205,0001,C,455.00,SGD,
300,AZ,0789,2011-07-13,00103893,00001006,0001,P,489.00,EUR,
300,SQ,0997,2010-08-06,00384813,00003205,0001,C,455.00,SGD,
300,AZ,0789,2011-07-13,00103988,00000950,0001,P,489.00,EUR,
300,SQ,0997,2010-09-03,00386595,00003205,0001,C,455.00,SGD,
300,AZ,0789,2011-07-13,00104201,00002098,0001,P,489.00,EUR,
300,SQ,0997,2011-09-16,00409748,00003205,0001,C,910.00,SGD,
300,AZ,0789,2011-07-13,00103965,00000432,0001,P,489.00,EUR,
300,SQ,0997,2011-05-13,00402037,00003205,0001,C,455.00,SGD,
300,AZ,0789,2011-07-13,00103875,00004542,0001,P,489.00,EUR,
300,SQ,0997,2011-06-03,00403428,00003205,0001,C,455.00,SGD,
300,AZ,0789,2011-07-13,00104204,00002347,0001,P,489.00,EUR,
300,AZ,0789,2011-07-13,00104030,00001797,0001,P,489.00,EUR,
300,AZ,0789,2011-07-13,00103997,00004217,0001,P,489.00,EUR,
300,AZ,0789,2011-07-13,00104240,00001158,0001,P,489.00,EUR,
300,AZ,0789,2011-07-13,00104207,00001993,0001,P,489.00,EUR,
300,AZ,0789,2011-07-13,00103994,00001480,0001,P,489.00,EUR,
300,AZ,0789,2011-07-13,00104018,00000376,0001,P,489.00,EUR,
300,AZ,0789,2011-07-13,00104150,00001395,0001,P,489.00,EUR,
300,SQ,0988,2011-01-13,00356122,00003205,0001,C,455.00,SGD,
300,AZ,0789,2011-07-13,00104015,00000998,0001,P,489.00,EUR,
300,AZ,0789,2011-07-13,00103920,00001548,0001,P,489.00,EUR,
300,SQ,0988,2010-05-13,00340678,00003205,0001,C,455.00,SGD,
300,AZ,0789,2011-07-13,00104228,00001684,0001,P,489.00,EUR,
300,SQ,0988,2010-09-09,00347915,00003205,0001,C,910.00,SGD,
300,AZ,0789,2011-07-13,00103926,00003354,0001,P,489.00,EUR,
300,SQ,0988,2011-10-06,00372410,00003205,0001,C,455.00,SGD,
300,AZ,0789,2011-07-13,00104219,00000873,0001,P,489.00,EUR,
300,UA,3517,2011-02-07,00146483,00003205,0001,C,305.00,USD,
300,AZ,0789,2011-07-13,00104177,00004482,0001,P,489.00,EUR,
300,AZ,0789,2010-08-18,00083500,00003346,0001,P,489.00,EUR,
300,SQ,0158,2010-11-09,00177532,00003205,0001,C,247.00,SGD,
300,AZ,0789,2010-08-18,00083668,00004470,0001,P,489.00,EUR,
300,SQ,0158,2011-02-22,00181304,00003205,0001,C,247.00,SGD,
300,AZ,0789,2010-08-18,00083515,00001211,0001,P,489.00,EUR,
300,LH,0401,2010-12-10,00054280,00003832,0001,C,316.00,EUR,
300,AZ,0789,2010-08-18,00083779,00002142,0001,P,489.00,EUR,
300,UA,3517,2011-11-14,00164366,00003205,0001,C,305.00,USD,
300,AZ,0789,2010-08-18,00083536,00000645,0001,P,489.00,EUR,
300,LH,0401,2010-12-10,00054013,00000761,0001,C,316.00,EUR,
300,AZ,0789,2010-08-18,00083650,00003997,0001,P,489.00,EUR,
300,LH,0401,2010-12-10,00054010,00003740,0001,C,316.00,EUR,
300,SQ,0066,2011-10-24,00094717,00003205,0001,C,164.00,SGD,
300,AZ,0789,2010-08-18,00083809,00004274,0001,P,489.00,EUR,
300,LH,0401,2010-12-10,00054230,00004274,0001,C,316.00,EUR,
300,AZ,0789,2010-08-18,00083677,00002768,0001,P,489.00,EUR,
300,SQ,0325,2011-03-30,00235811,00003205,0001,C,868.00,SGD,
300,LH,0401,2010-12-10,00054151,00002017,0001,C,316.00,EUR,
300,AZ,0789,2010-08-18,00083453,00004021,0001,P,489.00,EUR,
300,SQ,0325,2011-03-30,00235591,00003205,0001,C,868.00,SGD,
300,AZ,0789,2010-08-18,00083503,00000372,0001,P,489.00,EUR,
300,LH,0401,2010-12-10,00054206,00000673,0001,C,316.00,EUR,
300,SQ,0325,2011-04-20,00237058,00003205,0001,C,868.00,SGD,
300,AZ,0789,2010-08-18,00083797,00002230,0001,P,489.00,EUR,
300,LH,0401,2010-12-10,00054157,00003948,0001,C,316.00,EUR,
300,AZ,0789,2010-08-18,00083465,00004177,0001,P,489.00,EUR,
300,SQ,0325,2011-04-13,00236601,00003205,0001,C,868.00,SGD,
300,LH,0401,2010-12-10,00054101,00003274,0001,C,316.00,EUR,
300,AZ,0789,2010-08-18,00083491,00003350,0001,P,489.00,EUR,
300,SQ,0325,2010-09-01,00222673,00003205,0001,C,868.00,SGD,
300,AZ,0789,2010-08-18,00083566,00001981,0001,P,489.00,EUR,
300,LH,0401,2010-12-10,00054167,00002575,0001,C,316.00,EUR,
300,AZ,0789,2010-08-18,00083701,00003559,0001,P,489.00,EUR,
300,SQ,0325,2010-08-25,00222008,00003205,0001,C,1737.00,SGD,
300,AZ,0789,2010-08-18,00083791,00001648,0001,P,489.00,EUR,
300,LH,0401,2010-12-10,00053953,00001749,0001,C,316.00,EUR,
300,SQ,0326,2010-09-17,00259181,00003205,0001,C,868.00,SGD,
300,AZ,0789,2010-08-18,00083755,00001331,0001,P,489.00,EUR,
300,AZ,0789,2010-08-18,00083737,00004261,0001,P,489.00,EUR,
300,LH,0401,2010-12-10,00054239,00003029,0001,C,316.00,EUR,
300,SQ,0325,2011-11-02,00249275,00003205,0001,C,868.00,SGD,
300,AZ,0789,2010-08-18,00083608,00003595,0001,P,489.00,EUR,
300,LH,0401,2010-12-10,00053951,00001937,0001,C,316.00,EUR,
300,SQ,0161,2010-08-31,00196900,00003205,0001,C,247.00,SGD,
300,AZ,0789,2010-08-18,00083599,00000131,0001,P,489.00,EUR,
300,AZ,0789,2010-08-18,00083614,00000472,0001,P,489.00,EUR,
300,LH,0401,2010-12-10,00053947,00002700,0001,C,316.00,EUR,
300,SQ,0161,2010-10-26,00198894,00003205,0001,C,247.00,SGD,
300,AZ,0789,2010-08-18,00083479,00003314,0001,P,489.00,EUR,
300,AZ,0789,2010-08-18,00083602,00002431,0001,P,489.00,EUR,
300,SQ,0158,2011-11-15,00190706,00003205,0001,C,247.00,SGD,
300,AZ,0789,2010-08-18,00083773,00003748,0001,P,489.00,EUR,
300,AZ,0789,2010-08-18,00083596,00000689,0001,P,489.00,EUR,
300,SQ,0161,2012-03-06,00213960,00003205,0001,C,494.00,SGD,
300,AZ,0789,2010-08-18,00083680,00003105,0001,P,489.00,EUR,
300,SQ,0161,2011-04-05,00204622,00003205,0001,C,247.00,SGD,
300,AZ,0789,2010-08-18,00083704,00001435,0001,P,489.00,EUR,
300,LH,0401,2010-12-10,00054023,00004077,0001,C,316.00,EUR,
300,AZ,0789,2010-08-18,00083560,00001777,0001,P,489.00,EUR,
300,SQ,0161,2011-07-05,00208041,00003205,0001,C,247.00,SGD,
300,LH,0401,2010-12-10,00054121,00002925,0001,C,316.00,EUR,
300,AZ,0789,2010-08-18,00083632,00003222,0001,P,489.00,EUR,
300,DL,0106,2011-01-10,00016290,00002016,0001,C,305.00,USD,
300,AZ,0789,2010-08-18,00083605,00000617,0001,P,489.00,EUR,
300,LH,0401,2010-12-10,00054263,00002351,0001,C,316.00,EUR,
300,AZ,0789,2010-08-18,00083689,00001199,0001,P,489.00,EUR,
300,DL,0106,2011-12-05,00035946,00002016,0001,C,305.00,USD,
300,LH,0401,2010-12-10,00054289,00003270,0001,C,316.00,EUR,
300,AZ,0789,2010-08-18,00083468,00000416,0001,P,489.00,EUR,
300,AZ,0789,2010-08-18,00083462,00003531,0001,P,489.00,EUR,
300,UA,0007,2011-03-19,00014608,00002016,0001,C,211.00,USD,
300,LH,0401,2010-12-10,00054181,00002178,0001,C,316.00,EUR,
300,AZ,0789,2010-08-18,00083438,00003242,0001,P,489.00,EUR,
300,JL,0407,2011-01-07,00011478,00002016,0001,C,530.00,JPY,
300,AZ,0789,2010-08-18,00083647,00003370,0001,P,489.00,EUR,
300,AZ,0789,2010-08-18,00083788,00000171,0001,P,489.00,EUR,
300,QF,0005,2011-05-27,00025078,00002016,0001,C,394.00,AUD,
300,AZ,0789,2010-08-18,00083752,00004282,0001,P,489.00,EUR,
300,AZ,0789,2010-08-18,00083725,00004213,0001,P,489.00,EUR,
300,JL,0408,2010-09-25,00032832,00002016,0001,C,530.00,JPY,
300,AZ,0789,2010-08-18,00083692,00003964,0001,P,489.00,EUR,
300,AZ,0789,2010-05-12,00077599,00000326,0001,P,489.00,EUR,
300,JL,0407,2011-09-09,00022389,00002016,0001,C,530.00,JPY,
300,AZ,0789,2010-05-12,00077725,00003667,0001,P,489.00,EUR,
300,SQ,0015,2011-03-30,00043407,00002016,0001,C,1160.00,SGD,
300,AZ,0789,2010-05-12,00077674,00002760,0001,P,489.00,EUR,
300,AZ,0789,2010-05-12,00077474,00000396,0001,P,489.00,EUR,
300,JL,0408,2012-01-21,00048478,00002016,0001,C,1061.00,JPY,
300,AZ,0789,2010-05-12,00077530,00003997,0001,P,489.00,EUR,
300,AZ,0789,2010-05-12,00077384,00002423,0001,P,489.00,EUR,
300,JL,0408,2012-01-07,00048437,00002016,0001,C,530.00,JPY,
300,AZ,0789,2010-05-12,00077587,00004266,0001,P,489.00,EUR,
300,AZ,0789,2010-05-12,00077650,00002451,0001,P,489.00,EUR,
300,JL,0407,2010-04-23,00000114,00002016,0001,C,530.00,JPY,
300,AZ,0789,2010-05-12,00077536,00002945,0001,P,489.00,EUR,
300,UA,0007,2010-05-08,00000793,00002016,0001,C,211.00,USD,
300,AZ,0789,2010-05-12,00077698,00003976,0001,P,489.00,EUR,
300,AZ,0789,2010-05-12,00077450,00004105,0001,P,489.00,EUR,
300,LH,0401,2010-12-10,00054100,00002720,0001,C,316.00,EUR,
300,JL,0407,2010-06-04,00001970,00002016,0001,C,530.00,JPY,
300,AZ,0789,2010-05-12,00077372,00002443,0001,P,489.00,EUR,
300,QF,0006,2010-06-23,00040808,00002016,0001,C,394.00,AUD,
300,AZ,0789,2010-05-12,00077686,00003639,0001,P,489.00,EUR,
300,LH,0401,2010-12-10,00054193,00001295,0001,C,316.00,EUR,
300,AZ,0789,2010-05-12,00077641,00001142,0001,P,489.00,EUR,
300,QF,0006,2010-07-14,00041613,00002016,0001,C,788.00,AUD,
300,LH,0401,2010-12-10,00054098,00002571,0001,C,316.00,EUR,
300,AZ,0789,2010-05-12,00077590,00002371,0001,P,489.00,EUR,
300,QF,0005,2011-08-26,00030693,00002016,0001,C,394.00,AUD,
300,AZ,0789,2010-05-12,00077716,00004261,0001,P,489.00,EUR,
300,LH,0401,2010-12-10,00054089,00000468,0001,C,316.00,EUR,
300,SQ,0015,2010-07-21,00027702,00002016,0001,C,1160.00,SGD,
300,AZ,0789,2010-05-12,00077441,00003431,0001,P,489.00,EUR,
300,LH,0401,2010-12-10,00053986,00003993,0001,C,316.00,EUR,
300,AZ,0789,2010-05-12,00077366,00001283,0001,P,489.00,EUR,
300,AA,0017,2011-07-13,00028210,00002016,0001,C,211.00,USD,
300,LH,0401,2010-12-10,00054107,00003997,0001,C,316.00,EUR,
300,JL,0408,2011-05-21,00041219,00002016,0001,C,530.00,JPY,
300,LH,0401,2010-12-10,00054008,00004241,0001,C,316.00,EUR,
300,AA,0017,2011-07-20,00028647,00002016,0001,C,211.00,USD,
300,LH,0401,2010-12-10,00054079,00003306,0001,C,316.00,EUR,
300,QF,0006,2010-07-28,00042403,00002016,0001,C,394.00,AUD,
300,LH,0401,2010-12-10,00054152,00003796,0001,C,316.00,EUR,
300,SQ,0015,2011-04-06,00043873,00002016,0001,C,1160.00,SGD,
300,LH,0401,2010-12-10,00053978,00001179,0001,C,316.00,EUR,
300,DL,0106,2012-03-12,00037092,00002016,0001,C,305.00,USD,
300,LH,0401,2010-12-10,00053959,00001179,0001,C,316.00,EUR,
300,SQ,0015,2010-10-13,00033121,00002016,0001,C,1160.00,SGD,
300,LH,0401,2010-12-10,00054155,00003836,0001,C,316.00,EUR,
300,SQ,0015,2011-04-13,00044304,00002016,0001,C,1160.00,SGD,
300,LH,0401,2010-12-10,00053956,00003093,0001,C,316.00,EUR,
300,JL,0407,2010-12-24,00011014,00002016,0001,C,530.00,JPY,
300,LH,0401,2010-12-10,00054286,00002684,0001,C,316.00,EUR,
300,JL,0407,2010-10-22,00008074,00002016,0001,C,530.00,JPY,
300,LH,0401,2010-12-10,00054304,00002764,0001,C,316.00,EUR,
300,LH,0401,2010-12-10,00054175,00000757,0001,C,316.00,EUR,
300,SQ,0002,2010-12-30,00009146,00002016,0001,C,1160.00,SGD,
300,LH,0401,2010-12-10,00054031,00000408,0001,C,316.00,EUR,
300,QF,0006,2011-12-07,00063865,00002016,0001,C,394.00,AUD,
300,LH,0401,2010-12-10,00054271,00000384,0001,C,316.00,EUR,
300,JL,0407,2011-01-14,00012005,00002016,0001,C,530.00,JPY,
300,LH,0401,2010-12-10,00054109,00000845,0001,C,316.00,EUR,
300,AA,0017,2010-11-17,00013288,00002016,0001,C,211.00,USD,
300,LH,0401,2010-12-10,00054067,00000934,0001,C,316.00,EUR,
300,DL,0106,2010-06-21,00003670,00002016,0001,C,305.00,USD,
300,LH,0401,2010-12-10,00054086,00000902,0001,C,316.00,EUR,
300,SQ,0002,2010-10-28,00006858,00002016,0001,C,1160.00,SGD,
300,SQ,0002,2010-08-12,00004175,00002016,0001,C,1160.00,SGD,
300,LH,0401,2010-12-10,00054265,00004438,0001,C,316.00,EUR,
300,AA,0017,2010-06-23,00004157,00002016,0001,C,211.00,USD,
300,LH,0401,2010-12-10,00054164,00003900,0001,C,316.00,EUR,
300,JL,0407,2011-09-30,00023210,00002016,0001,C,530.00,JPY,
300,LH,0401,2010-12-10,00054106,00002905,0001,C,316.00,EUR,
300,JL,0407,2011-10-14,00024092,00002016,0001,C,530.00,JPY,
300,LH,0401,2010-12-10,00054224,00000512,0001,C,316.00,EUR,
300,SQ,0015,2011-10-12,00055831,00002016,0001,C,1160.00,SGD,
300,LH,0401,2010-12-10,00054268,00000548,0001,C,316.00,EUR,
300,DL,0106,2011-01-17,00016915,00002016,0001,C,305.00,USD,
300,LH,0401,2010-12-10,00054047,00003170,0001,C,316.00,EUR,
300,UA,3504,2010-12-03,00064257,00002016,0001,C,439.00,USD,
300,LH,0401,2010-12-10,00054029,00003647,0001,C,316.00,EUR,
300,AA,0017,2011-01-05,00016370,00002016,0001,C,211.00,USD,
300,LH,0401,2010-12-10,00054278,00004522,0001,C,316.00,EUR,
300,AA,0017,2010-12-29,00015686,00002016,0001,C,634.00,USD,
300,LH,0401,2010-12-10,00054212,00001660,0001,C,316.00,EUR,
300,JL,0407,2011-04-08,00015746,00002016,0001,C,530.00,JPY,
300,LH,0401,2010-12-10,00054173,00004169,0001,C,316.00,EUR,
300,UA,3516,2010-09-28,00099320,00002016,0001,C,305.00,USD,
300,LH,0401,2010-12-10,00054094,00002046,0001,C,316.00,EUR,
300,DL,1699,2011-08-08,00066877,00002016,0001,C,211.00,USD,
300,LH,0401,2010-12-10,00054002,00002009,0001,C,316.00,EUR,
300,LH,0401,2010-12-10,00054272,00003808,0001,C,316.00,EUR,
300,LH,0401,2010-12-10,00054284,00002945,0001,C,316.00,EUR,
300,LH,0401,2010-12-10,00054292,00003314,0001,C,316.00,EUR,
300,LH,0401,2010-12-10,00054116,00002407,0001,C,316.00,EUR,
300,LH,0401,2010-12-10,00054308,00003358,0001,C,316.00,EUR,
300,LH,0401,2010-12-10,00054295,00004458,0001,C,316.00,EUR,
300,LH,0401,2010-12-10,00054223,00002503,0001,C,316.00,EUR,
300,LH,0401,2010-12-10,00054064,00003041,0001,C,316.00,EUR,
300,LH,0401,2010-12-10,00054034,00001170,0001,C,316.00,EUR,
300,LH,0401,2010-12-10,00054253,00003017,0001,C,316.00,EUR,
300,LH,0401,2010-12-10,00054179,00003824,0001,C,316.00,EUR,
300,LH,0401,2011-03-25,00060826,00003178,0001,C,316.00,EUR,
300,LH,0401,2011-03-25,00060612,00001737,0001,C,316.00,EUR,
300,LH,0401,2011-03-25,00060810,00003724,0001,C,316.00,EUR,
300,LH,0401,2011-03-25,00060733,00000492,0001,C,316.00,EUR,
300,LH,0401,2011-03-25,00060699,00002676,0001,C,316.00,EUR,
300,LH,0401,2011-03-25,00060838,00001363,0001,C,316.00,EUR,
300,LH,0401,2011-03-25,00060499,00000612,0001,C,316.00,EUR,
300,LH,0401,2011-03-25,00060666,00000303,0001,C,316.00,EUR,
300,LH,0401,2011-03-25,00060705,00000424,0001,C,316.00,EUR,
300,LH,0401,2011-03-25,00060670,00002419,0001,C,316.00,EUR,
300,LH,0401,2011-03-25,00060615,00002471,0001,C,316.00,EUR,
300,LH,0401,2011-03-25,00060687,00001355,0001,C,316.00,EUR,
300,LH,0401,2011-03-25,00060870,00001749,0001,C,316.00,EUR,
300,LH,0401,2011-03-25,00060603,00003097,0001,C,316.00,EUR,
300,LH,0401,2011-03-25,00060792,00001821,0001,C,316.00,EUR,
300,LH,0401,2011-03-25,00060796,00002941,0001,C,316.00,EUR,
300,LH,0401,2011-03-25,00060654,00002298,0001,C,316.00,EUR,
300,LH,0401,2011-03-25,00060822,00002343,0001,C,316.00,EUR,
300,LH,0401,2011-03-25,00060850,00002672,0001,C,316.00,EUR,
300,LH,0401,2011-03-25,00060609,00000588,0001,C,316.00,EUR,
300,LH,0401,2011-03-25,00060768,00004414,0001,C,316.00,EUR,
300,LH,0401,2011-03-25,00060679,00004414,0001,C,316.00,EUR,
300,LH,0401,2011-03-25,00060720,00004314,0001,C,316.00,EUR,
300,LH,0401,2011-03-25,00060616,00001235,0001,C,316.00,EUR,
300,LH,0401,2011-03-25,00060813,00001909,0001,C,316.00,EUR,
300,LH,0401,2011-03-25,00060597,00002435,0001,C,316.00,EUR,
300,LH,0401,2011-03-25,00060501,00003414,0001,C,316.00,EUR,
300,LH,0401,2011-03-25,00060793,00003997,0001,C,316.00,EUR,
300,LH,0401,2011-03-25,00060708,00003354,0001,C,316.00,EUR,
300,LH,0401,2011-03-25,00060658,00004583,0001,C,316.00,EUR,
300,LH,0401,2011-03-25,00060729,00003013,0001,C,316.00,EUR,
300,LH,0401,2011-03-25,00060834,00002957,0001,C,316.00,EUR,
300,LH,0401,2011-03-25,00060505,00002780,0001,C,316.00,EUR,
300,LH,0401,2011-03-25,00060835,00003366,0001,C,316.00,EUR,
300,LH,0401,2011-03-25,00060688,00003704,0001,C,316.00,EUR,
300,LH,0401,2011-03-25,00060601,00002684,0001,C,316.00,EUR,
300,LH,0401,2011-03-25,00060652,00000645,0001,C,316.00,EUR,
300,LH,0401,2011-03-25,00060789,00001632,0001,C,316.00,EUR,
300,LH,0401,2011-03-25,00060513,00001777,0001,C,316.00,EUR,
300,LH,0401,2011-03-25,00060712,00000031,0001,C,316.00,EUR,
300,LH,0401,2011-03-25,00060622,00001877,0001,C,316.00,EUR,
300,LH,0401,2011-03-25,00060541,00001973,0001,C,316.00,EUR,
300,LH,0401,2011-03-25,00060730,00000344,0001,C,316.00,EUR,
300,LH,0401,2011-03-25,00060777,00003089,0001,C,316.00,EUR,
300,LH,0401,2011-03-25,00060778,00002933,0001,C,316.00,EUR,
300,LH,0401,2011-03-25,00060589,00000942,0001,C,316.00,EUR,
300,LH,0401,2011-03-25,00060711,00000464,0001,C,316.00,EUR,
300,LH,0401,2011-03-25,00060640,00003158,0001,C,316.00,EUR,
300,LH,0401,2011-03-25,00060682,00004518,0001,C,316.00,EUR,
300,LH,0401,2011-03-25,00060580,00004510,0001,C,316.00,EUR,
300,LH,0401,2011-03-25,00060535,00002415,0001,C,316.00,EUR,
300,LH,0401,2011-03-25,00060832,00004282,0001,C,316.00,EUR,
300,LH,0401,2011-03-25,00060570,00001243,0001,C,316.00,EUR,
300,LH,0401,2011-03-25,00060577,00003728,0001,C,316.00,EUR,
300,LH,0401,2011-03-25,00060556,00004587,0001,C,316.00,EUR,
300,LH,0401,2011-03-25,00060531,00001126,0001,C,316.00,EUR,
300,LH,0401,2011-03-25,00060828,00002945,0001,C,316.00,EUR,
300,LH,0401,2011-03-25,00060862,00001556,0001,C,316.00,EUR,
300,LH,0401,2011-03-25,00060664,00001472,0001,C,316.00,EUR,
300,LH,0401,2011-03-25,00060868,00003443,0001,C,316.00,EUR,
300,LH,0401,2011-03-25,00060582,00000777,0001,C,316.00,EUR,
300,LH,0401,2011-03-25,00060588,00002335,0001,C,316.00,EUR,
300,LH,0401,2011-03-25,00060844,00003904,0001,C,316.00,EUR,
300,LH,0401,2011-03-25,00060645,00002788,0001,C,316.00,EUR,
300,LH,0401,2011-03-25,00060681,00003322,0001,C,316.00,EUR,
300,LH,0401,2011-03-25,00060771,00001460,0001,C,316.00,EUR,
300,LH,0401,2010-10-15,00050447,00001737,0001,C,316.00,EUR,
300,LH,0401,2010-10-15,00050654,00001363,0001,C,316.00,EUR,
300,LH,0401,2010-10-15,00050634,00004257,0001,C,316.00,EUR,
300,LH,0401,2010-10-15,00050604,00002419,0001,C,316.00,EUR,
300,LH,0401,2010-10-15,00050504,00001797,0001,C,316.00,EUR,
300,LH,0401,2010-10-15,00050642,00003772,0001,C,316.00,EUR,
300,LH,0401,2010-10-15,00050753,00002030,0001,C,316.00,EUR,
300,LH,0401,2010-10-15,00050777,00003948,0001,C,316.00,EUR,
300,LH,0401,2010-10-15,00050580,00000729,0001,C,316.00,EUR,
300,LH,0401,2010-10-15,00050627,00002086,0001,C,316.00,EUR,
300,LH,0401,2010-10-15,00050625,00004538,0001,C,316.00,EUR,
300,LH,0401,2010-10-15,00050675,00002363,0001,C,316.00,EUR,
300,LH,0401,2010-10-15,00050688,00002941,0001,C,316.00,EUR,
300,LH,0401,2010-10-15,00050663,00002680,0001,C,316.00,EUR,
300,LH,0401,2010-10-15,00050546,00002660,0001,C,316.00,EUR,
300,LH,0401,2010-10-15,00050732,00004302,0001,C,316.00,EUR,
300,LH,0401,2010-10-15,00050778,00004302,0001,C,316.00,EUR,
300,LH,0401,2010-10-15,00050585,00004077,0001,C,316.00,EUR,
300,LH,0401,2010-10-15,00050684,00000388,0001,C,316.00,EUR,
300,LH,0401,2010-10-15,00050439,00004306,0001,C,316.00,EUR,
300,LH,0401,2010-10-15,00050501,00001203,0001,C,316.00,EUR,
300,LH,0401,2010-10-15,00050652,00000131,0001,C,316.00,EUR,
300,LH,0401,2010-10-15,00050658,00003270,0001,C,316.00,EUR,
300,LH,0401,2010-10-15,00050739,00004033,0001,C,316.00,EUR,
300,LH,0401,2010-10-15,00050790,00003218,0001,C,316.00,EUR,
300,LH,0401,2010-10-15,00050612,00002812,0001,C,316.00,EUR,
300,LH,0401,2010-10-15,00050451,00001588,0001,C,316.00,EUR,
300,LH,0401,2010-10-15,00050468,00002636,0001,C,316.00,EUR,
300,LH,0401,2010-10-15,00050565,00001407,0001,C,316.00,EUR,
300,LH,0401,2010-10-15,00050694,00000500,0001,C,316.00,EUR,
300,LH,0401,2010-10-15,00050477,00000246,0001,C,316.00,EUR,
300,LH,0401,2010-10-15,00050672,00002885,0001,C,316.00,EUR,
300,LH,0401,2010-10-15,00050511,00002150,0001,C,316.00,EUR,
300,LH,0401,2010-10-15,00050673,00003137,0001,C,316.00,EUR,
300,LH,0401,2010-10-15,00050774,00004017,0001,C,316.00,EUR,
300,LH,0401,2010-10-15,00050487,00003760,0001,C,316.00,EUR,
300,LH,0401,2010-10-15,00050595,00002732,0001,C,316.00,EUR,
300,LH,0401,2010-10-15,00050607,00002688,0001,C,316.00,EUR,
300,LH,0401,2010-10-15,00050730,00002772,0001,C,316.00,EUR,
300,LH,0401,2010-10-15,00050586,00002764,0001,C,316.00,EUR,
300,LH,0401,2010-10-15,00050457,00000384,0001,C,316.00,EUR,
300,LH,0401,2010-10-15,00050619,00000372,0001,C,316.00,EUR,
300,LH,0401,2010-10-15,00050681,00004394,0001,C,316.00,EUR,
300,LH,0401,2010-10-15,00050480,00000990,0001,C,316.00,EUR,
300,LH,0401,2010-10-15,00050583,00001777,0001,C,316.00,EUR,
300,LH,0401,2010-10-15,00050556,00004278,0001,C,316.00,EUR,
300,LH,0401,2010-10-15,00050582,00000336,0001,C,316.00,EUR,
300,LH,0401,2010-10-15,00050558,00003784,0001,C,316.00,EUR,
300,LH,0401,2010-10-15,00050618,00003394,0001,C,316.00,EUR,
300,LH,0401,2010-10-15,00050645,00000340,0001,C,316.00,EUR,
300,LH,0401,2010-10-15,00050474,00003647,0001,C,316.00,EUR,
300,LH,0401,2010-10-15,00050534,00000693,0001,C,316.00,EUR,
300,LH,0401,2010-10-15,00050720,00001813,0001,C,316.00,EUR,
300,LH,0401,2010-10-15,00050561,00001411,0001,C,316.00,EUR,
300,LH,0401,2010-10-15,00050486,00002580,0001,C,316.00,EUR,
300,LH,0401,2010-10-15,00050765,00000028,0001,C,316.00,EUR,
300,LH,0401,2010-10-15,00050727,00003603,0001,C,316.00,EUR,
300,LH,0401,2010-10-15,00050535,00003603,0001,C,316.00,EUR,
300,LH,0401,2010-10-15,00050564,00004189,0001,C,316.00,EUR,
300,LH,0401,2010-10-15,00050633,00002323,0001,C,316.00,EUR,
300,LH,0401,2010-10-15,00050571,00004482,0001,C,316.00,EUR,
300,LH,0401,2010-10-15,00050718,00001532,0001,C,316.00,EUR,
300,LH,0401,2010-10-15,00050537,00002026,0001,C,316.00,EUR,
300,LH,0401,2010-10-15,00050706,00000480,0001,C,316.00,EUR,
300,LH,0401,2010-10-15,00050472,00000918,0001,C,316.00,EUR,
300,LH,0401,2010-10-15,00050594,00003856,0001,C,316.00,EUR,
300,LH,0401,2010-10-01,00049598,00002230,0001,C,316.00,EUR,
300,LH,0401,2010-10-01,00049925,00004326,0001,C,316.00,EUR,
300,LH,0401,2010-10-01,00049906,00001737,0001,C,316.00,EUR,
300,LH,0401,2010-10-01,00049675,00004615,0001,C,316.00,EUR,
300,LH,0401,2010-10-01,00049718,00004526,0001,C,316.00,EUR,
300,LH,0401,2010-10-01,00049705,00004526,0001,C,316.00,EUR,
300,LH,0401,2010-10-01,00049637,00000761,0001,C,316.00,EUR,
300,LH,0401,2010-10-01,00049819,00004354,0001,C,316.00,EUR,
300,LH,0401,2010-10-01,00049789,00003695,0001,C,316.00,EUR,
300,LH,0401,2010-10-01,00049913,00004619,0001,C,316.00,EUR,
300,LH,0401,2010-10-01,00049708,00003402,0001,C,316.00,EUR,
300,LH,0401,2010-10-01,00049942,00003912,0001,C,316.00,EUR,
300,LH,0401,2010-10-01,00049697,00003471,0001,C,316.00,EUR,
300,LH,0401,2010-10-01,00049696,00003471,0001,C,316.00,EUR,
300,LH,0401,2010-10-01,00049772,00002700,0001,C,316.00,EUR,
300,LH,0401,2010-10-01,00049834,00001014,0001,C,316.00,EUR,
300,LH,0401,2010-10-01,00049928,00001596,0001,C,316.00,EUR,
300,LH,0401,2010-10-01,00049828,00004021,0001,C,316.00,EUR,
300,LH,0401,2010-10-01,00049888,00004498,0001,C,316.00,EUR,
300,LH,0401,2010-10-01,00049703,00000657,0001,C,316.00,EUR,
300,LH,0401,2010-10-01,00049897,00003230,0001,C,316.00,EUR,
300,LH,0401,2010-10-01,00049938,00001255,0001,C,316.00,EUR,
300,LH,0401,2010-10-01,00049574,00004185,0001,C,316.00,EUR,
300,LH,0401,2010-10-01,00049936,00001295,0001,C,316.00,EUR,
300,LH,0401,2010-10-01,00049816,00003475,0001,C,316.00,EUR,
300,LH,0401,2010-10-01,00049778,00002102,0001,C,316.00,EUR,
300,LH,0401,2010-10-01,00049909,00001102,0001,C,316.00,EUR,
300,LH,0401,2010-10-01,00049699,00001817,0001,C,316.00,EUR,
300,LH,0401,2010-10-01,00049862,00004506,0001,C,316.00,EUR,
300,LH,0401,2010-10-01,00049678,00002118,0001,C,316.00,EUR,
300,LH,0401,2010-10-01,00049901,00002066,0001,C,316.00,EUR,
300,LH,0401,2010-10-01,00049811,00003162,0001,C,316.00,EUR,
300,LH,0401,2010-10-01,00049822,00003242,0001,C,316.00,EUR,
300,LH,0401,2010-10-01,00049652,00003579,0001,C,316.00,EUR,
300,LH,0401,2010-10-01,00049921,00002395,0001,C,316.00,EUR,
300,LH,0401,2010-10-01,00049595,00002688,0001,C,316.00,EUR,
300,LH,0401,2010-10-01,00049739,00004394,0001,C,316.00,EUR,
300,LH,0401,2010-10-01,00049616,00004398,0001,C,316.00,EUR,
300,LH,0401,2010-10-01,00049742,00001094,0001,C,316.00,EUR,
300,AZ,0789,2010-05-12,00077620,00001921,0001,P,489.00,EUR,
300,LH,0401,2010-10-01,00049741,00004286,0001,C,316.00,EUR,
300,LH,0401,2010-10-01,00049867,00004466,0001,C,316.00,EUR,
300,AZ,0789,2010-05-12,00077713,00004530,0001,P,489.00,EUR,
300,LH,0401,2010-10-01,00049691,00003117,0001,C,316.00,EUR,
300,LH,0401,2010-10-01,00049864,00004061,0001,C,316.00,EUR,
300,AZ,0789,2010-05-12,00077462,00004466,0001,P,489.00,EUR,
300,LH,0401,2010-10-01,00049666,00000356,0001,C,316.00,EUR,
300,LH,0401,2010-10-01,00049927,00001464,0001,C,316.00,EUR,
300,AZ,0789,2010-05-12,00077524,00001785,0001,P,489.00,EUR,
300,LH,0401,2010-10-01,00049774,00001496,0001,C,316.00,EUR,
300,AZ,0789,2010-05-12,00077572,00001303,0001,P,489.00,EUR,
300,LH,0401,2010-10-01,00049849,00002580,0001,C,316.00,EUR,
300,LH,0401,2010-10-01,00049874,00002082,0001,C,316.00,EUR,
300,AZ,0789,2010-05-12,00077638,00004189,0001,P,489.00,EUR,
300,LH,0401,2010-10-01,00049769,00001921,0001,C,316.00,EUR,
300,AZ,0789,2010-05-12,00077662,00001183,0001,P,489.00,EUR,
300,LH,0401,2010-10-01,00049795,00002656,0001,C,316.00,EUR,
300,AZ,0789,2010-05-12,00077378,00004458,0001,P,489.00,EUR,
300,LH,0401,2010-10-01,00049744,00001339,0001,C,316.00,EUR,
300,AZ,0789,2010-05-12,00077605,00000380,0001,P,489.00,EUR,
300,LH,0401,2010-10-01,00049765,00001556,0001,C,316.00,EUR,
300,AZ,0789,2010-05-12,00077680,00001199,0001,P,489.00,EUR,
300,LH,0401,2010-10-01,00049648,00004189,0001,C,316.00,EUR,
300,AZ,0789,2010-05-12,00077731,00003615,0001,P,489.00,EUR,
300,LH,0401,2010-10-01,00049880,00004366,0001,C,316.00,EUR,
300,AZ,0789,2010-05-12,00077479,00003170,0001,P,489.00,EUR,
300,LH,0401,2010-10-01,00049651,00004298,0001,C,316.00,EUR,
300,AZ,0789,2010-05-12,00077707,00001532,0001,P,489.00,EUR,
300,LH,0401,2010-10-01,00049591,00001512,0001,C,316.00,EUR,
300,AZ,0789,2010-05-12,00077578,00003455,0001,P,489.00,EUR,
300,LH,0401,2010-10-01,00049846,00001636,0001,C,316.00,EUR,
300,AZ,0789,2010-05-12,00077396,00002604,0001,P,489.00,EUR,
300,LH,0401,2010-10-01,00049594,00001636,0001,C,316.00,EUR,
300,LH,0401,2010-10-01,00049589,00001977,0001,C,316.00,EUR,
300,AZ,0789,2010-05-12,00077689,00002523,0001,P,489.00,EUR,
300,LH,0401,2010-10-01,00049643,00002038,0001,C,316.00,EUR,
300,AZ,0789,2010-05-12,00077420,00001845,0001,P,489.00,EUR,
300,LH,0401,2010-10-01,00049639,00001062,0001,C,316.00,EUR,
300,AZ,0789,2010-05-12,00077545,00002467,0001,P,489.00,EUR,
300,LH,0401,2010-10-01,00049856,00001889,0001,C,316.00,EUR,
300,AZ,0789,2010-05-12,00077444,00001042,0001,P,489.00,EUR,
300,LH,0401,2010-10-01,00049630,00003182,0001,C,316.00,EUR,
300,AZ,0789,2010-05-12,00077566,00003390,0001,P,489.00,EUR,
300,LH,0401,2010-10-01,00049735,00000532,0001,C,316.00,EUR,
300,AZ,0789,2011-03-23,00097057,00001909,0001,P,489.00,EUR,
300,LH,0401,2010-10-01,00049885,00004426,0001,C,316.00,EUR,
300,AZ,0789,2011-03-23,00096971,00004298,0001,P,489.00,EUR,
300,LH,0401,2010-10-01,00049904,00002455,0001,C,316.00,EUR,
300,AZ,0789,2011-03-23,00097027,00000749,0001,P,489.00,EUR,
300,LH,0401,2010-07-16,00044912,00004069,0001,C,316.00,EUR,
300,LH,0401,2010-07-16,00044974,00004326,0001,C,316.00,EUR,
300,AZ,0789,2011-03-23,00097177,00003659,0001,P,489.00,EUR,
300,LH,0401,2010-07-16,00045137,00000492,0001,C,316.00,EUR,
300,AZ,0789,2011-03-23,00097138,00002716,0001,P,489.00,EUR,
300,LH,0401,2010-07-16,00045074,00002387,0001,C,316.00,EUR,
300,LH,0401,2010-07-16,00044915,00004526,0001,C,316.00,EUR,
300,AZ,0789,2011-03-23,00097186,00002198,0001,P,489.00,EUR,
300,LH,0401,2010-07-16,00044909,00000576,0001,C,316.00,EUR,
300,AZ,0789,2011-03-23,00097087,00000332,0001,P,489.00,EUR,
300,LH,0401,2010-07-16,00045131,00004274,0001,C,316.00,EUR,
300,AZ,0789,2011-03-23,00097273,00003724,0001,P,489.00,EUR,
300,LH,0401,2010-07-16,00045163,00000476,0001,C,316.00,EUR,
300,AZ,0789,2011-03-23,00097201,00001825,0001,P,489.00,EUR,
300,LH,0401,2010-07-16,00045106,00002961,0001,C,316.00,EUR,
300,LH,0401,2010-07-16,00045113,00002017,0001,C,316.00,EUR,
300,AZ,0789,2011-03-23,00097213,00001933,0001,P,489.00,EUR,
300,LH,0401,2010-07-16,00045094,00002030,0001,C,316.00,EUR,
300,AZ,0789,2011-03-23,00097147,00001716,0001,P,489.00,EUR,
300,LH,0401,2010-07-16,00045091,00003214,0001,C,316.00,EUR,
300,AZ,0789,2011-03-23,00097078,00003133,0001,P,489.00,EUR,
300,LH,0401,2010-07-16,00044877,00002728,0001,C,316.00,EUR,
300,AZ,0789,2011-03-23,00097171,00004526,0001,P,489.00,EUR,
300,LH,0401,2010-07-16,00045013,00002495,0001,C,316.00,EUR,
300,LH,0401,2010-07-16,00045130,00003623,0001,C,316.00,EUR,
300,AZ,0789,2011-03-23,00096941,00004241,0001,P,489.00,EUR,
300,LH,0401,2010-07-16,00044855,00002298,0001,C,316.00,EUR,
300,AZ,0789,2011-03-23,00097135,00003270,0001,P,489.00,EUR,
300,LH,0401,2010-07-16,00044907,00002343,0001,C,316.00,EUR,
300,AZ,0789,2011-03-23,00097015,00003294,0001,P,489.00,EUR,
300,LH,0401,2010-07-16,00044906,00002343,0001,C,316.00,EUR,
300,AZ,0789,2011-03-23,00097162,00000797,0001,P,489.00,EUR,
300,LH,0401,2010-07-16,00044904,00001319,0001,C,316.00,EUR,
300,AZ,0789,2011-03-23,00097006,00000278,0001,P,489.00,EUR,
300,LH,0401,2010-07-16,00044986,00004225,0001,C,316.00,EUR,
300,AZ,0789,2011-03-23,00096920,00001034,0001,P,489.00,EUR,
300,LH,0401,2010-07-16,00044916,00001271,0001,C,316.00,EUR,
300,AZ,0789,2011-03-23,00097144,00000753,0001,P,489.00,EUR,
300,LH,0401,2010-07-16,00045029,00003956,0001,C,316.00,EUR,
300,AZ,0789,2011-03-23,00097243,00002005,0001,P,489.00,EUR,
300,LH,0401,2010-07-16,00044838,00001616,0001,C,316.00,EUR,
300,LH,0401,2010-07-16,00045098,00001664,0001,C,316.00,EUR,
300,AZ,0789,2011-03-23,00097105,00002431,0001,P,489.00,EUR,
300,LH,0401,2010-07-16,00044837,00001431,0001,C,316.00,EUR,
300,AZ,0789,2011-03-23,00097048,00001849,0001,P,489.00,EUR,
300,LH,0401,2010-07-16,00044919,00004346,0001,C,316.00,EUR,
300,AZ,0789,2011-03-23,00097255,00004189,0001,P,489.00,EUR,
300,LH,0401,2010-07-16,00045032,00002439,0001,C,316.00,EUR,
300,AZ,0789,2011-03-23,00097180,00002058,0001,P,489.00,EUR,
300,LH,0401,2010-07-16,00044861,00002519,0001,C,316.00,EUR,
300,LH,0401,2010-07-16,00044859,00003796,0001,C,316.00,EUR,
300,AZ,0789,2011-03-23,00097153,00001086,0001,P,489.00,EUR,
300,LH,0401,2010-07-16,00044852,00003049,0001,C,316.00,EUR,
300,AZ,0789,2011-03-23,00097237,00001973,0001,P,489.00,EUR,
300,LH,0401,2010-07-16,00044894,00002861,0001,C,316.00,EUR,
300,AZ,0789,2011-03-23,00097051,00002905,0001,P,489.00,EUR,
300,LH,0401,2010-07-16,00044813,00000837,0001,C,316.00,EUR,
300,AZ,0789,2011-03-23,00097084,00001291,0001,P,489.00,EUR,
300,LH,0401,2010-07-16,00044826,00002170,0001,C,316.00,EUR,
300,LH,0401,2010-07-16,00045109,00003113,0001,C,316.00,EUR,
300,AZ,0789,2011-03-23,00097018,00001961,0001,P,489.00,EUR,
300,LH,0401,2010-07-16,00044834,00004209,0001,C,316.00,EUR,
300,AZ,0789,2011-03-23,00097159,00004249,0001,P,489.00,EUR,
300,LH,0401,2010-07-16,00044900,00004093,0001,C,316.00,EUR,
300,AZ,0789,2011-03-23,00096950,00002515,0001,P,489.00,EUR,
300,LH,0401,2010-07-16,00044951,00000765,0001,C,316.00,EUR,
300,LH,0401,2010-07-16,00045043,00001608,0001,C,316.00,EUR,
300,AZ,0789,2011-03-23,00097252,00000039,0001,P,489.00,EUR,
300,LH,0401,2010-07-16,00044832,00001612,0001,C,316.00,EUR,
300,AZ,0789,2011-03-23,00097132,00002921,0001,P,489.00,EUR,
300,LH,0401,2010-07-16,00045019,00000484,0001,C,316.00,EUR,
300,AZ,0789,2011-03-23,00097054,00002921,0001,P,489.00,EUR,
300,LH,0401,2010-07-16,00045020,00000857,0001,C,316.00,EUR,
300,AZ,0789,2011-03-23,00096962,00001728,0001,P,489.00,EUR,
300,LH,0401,2010-07-16,00044957,00000934,0001,C,316.00,EUR,
300,AZ,0789,2011-03-23,00096905,00003366,0001,P,489.00,EUR,
300,LH,0401,2010-07-16,00045077,00001853,0001,C,316.00,EUR,
300,LH,0401,2010-07-16,00044922,00001989,0001,C,316.00,EUR,
300,AZ,0789,2011-03-23,00097090,00003186,0001,P,489.00,EUR,
300,LH,0401,2010-07-16,00045035,00003382,0001,C,316.00,EUR,
300,AZ,0789,2010-12-29,00091752,00000348,0001,P,489.00,EUR,
300,LH,0401,2010-07-16,00045133,00004551,0001,C,316.00,EUR,
300,LH,0401,2010-07-16,00044793,00002531,0001,C,316.00,EUR,
300,AZ,0789,2010-12-29,00091710,00002636,0001,P,489.00,EUR,
300,LH,0401,2010-07-16,00045112,00002206,0001,C,316.00,EUR,
300,AZ,0789,2010-12-29,00091938,00002539,0001,P,489.00,EUR,
300,LH,0401,2010-07-16,00044873,00001500,0001,C,316.00,EUR,
300,LH,0401,2010-07-16,00045134,00001648,0001,C,316.00,EUR,
300,AZ,0789,2010-12-29,00091974,00003515,0001,P,489.00,EUR,
300,LH,0401,2010-07-16,00044796,00002094,0001,C,316.00,EUR,
300,AZ,0789,2010-12-29,00091953,00000865,0001,P,489.00,EUR,
300,LH,0401,2010-07-16,00044987,00001933,0001,C,316.00,EUR,
300,AZ,0789,2010-12-29,00091842,00002138,0001,P,489.00,EUR,
300,LH,0401,2010-07-16,00044936,00001917,0001,C,316.00,EUR,
300,AZ,0789,2010-12-29,00091935,00001668,0001,P,489.00,EUR,
300,LH,0401,2010-07-16,00044903,00003535,0001,C,316.00,EUR,
300,LH,0401,2010-07-16,00044871,00003679,0001,C,316.00,EUR,
300,AZ,0789,2010-12-29,00091833,00002339,0001,P,489.00,EUR,
300,LH,0401,2010-07-16,00045026,00000821,0001,C,316.00,EUR,
300,AZ,0789,2010-12-29,00091899,00004390,0001,P,489.00,EUR,
300,LH,0401,2010-07-16,00045005,00002808,0001,C,316.00,EUR,
300,AZ,0789,2010-12-29,00092045,00002567,0001,P,489.00,EUR,
300,LH,0401,2010-07-16,00045059,00004081,0001,C,316.00,EUR,
300,AZ,0789,2010-12-29,00091991,00002294,0001,P,489.00,EUR,
300,LH,0401,2010-07-16,00044846,00004173,0001,C,316.00,EUR,
300,LH,0401,2010-07-16,00044882,00001624,0001,C,316.00,EUR,
300,AZ,0789,2010-12-29,00091719,00004526,0001,P,489.00,EUR,
300,LH,0401,2010-07-16,00044960,00001520,0001,C,316.00,EUR,
300,AZ,0789,2010-12-29,00091791,00003278,0001,P,489.00,EUR,
300,LH,0401,2010-07-16,00044817,00001010,0001,C,316.00,EUR,
300,LH,0401,2010-07-16,00044938,00003406,0001,C,316.00,EUR,
300,AZ,0789,2010-12-29,00091857,00002194,0001,P,489.00,EUR,
300,LH,0401,2010-07-16,00045158,00003527,0001,C,316.00,EUR,
300,AZ,0789,2010-12-29,00091827,00001652,0001,P,489.00,EUR,
300,LH,0401,2010-07-16,00044801,00002852,0001,C,316.00,EUR,
300,AZ,0789,2010-12-29,00091881,00002074,0001,P,489.00,EUR,
300,LH,0401,2010-07-16,00045038,00003109,0001,C,316.00,EUR,
300,AZ,0789,2010-12-29,00092072,00001094,0001,P,489.00,EUR,
300,LH,0401,2010-11-05,00051793,00001146,0001,C,316.00,EUR,
300,AZ,0789,2010-12-29,00091994,00001006,0001,P,489.00,EUR,
300,LH,0401,2010-11-05,00051880,00002387,0001,C,316.00,EUR,
300,AZ,0789,2010-12-29,00092063,00003101,0001,P,489.00,EUR,
300,LH,0401,2010-11-05,00052049,00000677,0001,C,316.00,EUR,
300,AZ,0789,2010-12-29,00092042,00001034,0001,P,489.00,EUR,
300,LH,0401,2010-11-05,00051990,00004213,0001,C,316.00,EUR,
300,AZ,0789,2010-12-29,00091851,00001070,0001,P,489.00,EUR,
300,LH,0401,2010-11-05,00051963,00002419,0001,C,316.00,EUR,
300,AZ,0789,2010-12-29,00091854,00003804,0001,P,489.00,EUR,
300,LH,0401,2010-11-05,00051786,00003190,0001,C,316.00,EUR,
300,AZ,0789,2010-12-29,00091779,00000584,0001,P,489.00,EUR,
300,LH,0401,2010-11-05,00052088,00000761,0001,C,316.00,EUR,
300,AZ,0789,2010-12-29,00091962,00002913,0001,P,489.00,EUR,
300,LH,0401,2010-11-05,00051995,00000745,0001,C,316.00,EUR,
300,AZ,0789,2010-12-29,00092015,00004538,0001,P,489.00,EUR,
300,LH,0401,2010-11-05,00052094,00004294,0001,C,316.00,EUR,
300,AZ,0789,2010-12-29,00091869,00002917,0001,P,489.00,EUR,
300,LH,0401,2010-11-05,00051831,00000673,0001,C,316.00,EUR,
300,AZ,0789,2010-12-29,00092069,00001536,0001,P,489.00,EUR,
300,LH,0401,2010-11-05,00051986,00003362,0001,C,316.00,EUR,
300,AZ,0789,2010-12-29,00091950,00000588,0001,P,489.00,EUR,
300,AA,0064,2010-06-18,00068154,00002016,0001,C,211.00,USD,
300,LH,0401,2010-11-05,00051870,00001885,0001,C,316.00,EUR,
300,AZ,0789,2010-12-29,00092054,00003105,0001,P,489.00,EUR,
300,LH,0401,2010-11-05,00051762,00004442,0001,C,316.00,EUR,
300,AZ,0789,2010-12-29,00092003,00004001,0001,P,489.00,EUR,
300,LH,0401,2010-11-05,00051853,00001821,0001,C,316.00,EUR,
300,AZ,0789,2010-12-29,00091755,00003005,0001,P,489.00,EUR,
300,LH,0401,2010-11-05,00051962,00001343,0001,C,316.00,EUR,
300,AZ,0789,2010-12-29,00091982,00000356,0001,P,489.00,EUR,
300,LH,0401,2010-11-05,00051789,00002877,0001,C,316.00,EUR,
300,AZ,0789,2010-12-29,00091979,00000356,0001,P,489.00,EUR,
300,LH,0401,2010-11-05,00051864,00001014,0001,C,316.00,EUR,
300,AZ,0789,2010-12-29,00091941,00002026,0001,P,489.00,EUR,
300,LH,0401,2010-11-05,00051805,00000213,0001,C,316.00,EUR,
300,AZ,0789,2010-12-29,00092012,00000384,0001,P,489.00,EUR,
300,LH,0401,2010-11-05,00051751,00000657,0001,C,316.00,EUR,
300,AZ,0789,2010-12-29,00091887,00002519,0001,P,489.00,EUR,
300,LH,0401,2010-11-05,00052086,00003431,0001,C,316.00,EUR,
300,SQ,0066,2010-08-30,00068358,00002016,0001,C,164.00,SGD,
300,AZ,0789,2010-12-29,00091988,00001765,0001,P,489.00,EUR,
300,LH,0401,2010-11-05,00051795,00002812,0001,C,316.00,EUR,
300,DL,1984,2011-02-28,00094718,00002016,0001,C,211.00,USD,
300,AZ,0789,2011-02-16,00094851,00000741,0001,P,489.00,EUR,
300,LH,0401,2010-11-05,00052016,00001255,0001,C,316.00,EUR,
300,UA,3504,2011-06-17,00076678,00002016,0001,C,439.00,USD,
300,AZ,0789,2011-02-16,00095102,00003543,0001,P,489.00,EUR,
300,LH,0401,2010-11-05,00051771,00003487,0001,C,316.00,EUR,
300,UA,3504,2011-10-14,00084970,00002016,0001,C,439.00,USD,
300,AZ,0789,2011-02-16,00094932,00000448,0001,P,489.00,EUR,
300,LH,0401,2010-11-05,00052059,00004241,0001,C,316.00,EUR,
300,DL,1984,2010-05-03,00076397,00002016,0001,C,211.00,USD,
300,AZ,0789,2011-02-16,00095066,00000986,0001,P,489.00,EUR,
300,DL,1984,2012-01-09,00112326,00002016,0001,C,211.00,USD,
300,LH,0401,2010-11-05,00051832,00003250,0001,C,316.00,EUR,
300,AA,0064,2011-07-08,00081846,00002016,0001,C,211.00,USD,
300,AZ,0789,2011-02-16,00095003,00003073,0001,P,489.00,EUR,
300,LH,0401,2010-11-05,00052056,00000540,0001,C,316.00,EUR,
300,SQ,0066,2011-02-28,00080022,00002016,0001,C,164.00,SGD,
300,AZ,0789,2011-02-16,00095117,00004591,0001,P,489.00,EUR,
300,DL,1699,2011-11-07,00072539,00002016,0001,C,211.00,USD,
300,LH,0401,2010-11-05,00051897,00000241,0001,C,316.00,EUR,
300,DL,1699,2011-10-03,00070349,00002016,0001,C,211.00,USD,
300,AZ,0789,2011-02-16,00094899,00004229,0001,P,489.00,EUR,
300,DL,1984,2010-04-26,00075858,00002016,0001,C,211.00,USD,
300,LH,0401,2010-11-05,00051916,00002804,0001,C,316.00,EUR,
300,AZ,0789,2011-02-16,00095057,00001443,0001,P,489.00,EUR,
300,UA,3504,2011-06-03,00075539,00002016,0001,C,439.00,USD,
300,LH,0401,2010-11-05,00051915,00002804,0001,C,316.00,EUR,
300,DL,1699,2011-11-28,00073481,00002016,0001,C,211.00,USD,
300,AZ,0789,2011-02-16,00094869,00004454,0001,P,489.00,EUR,
300,LH,0401,2010-11-05,00051760,00002154,0001,C,316.00,EUR,
300,SQ,0066,2010-11-15,00073311,00002016,0001,C,164.00,SGD,
300,AZ,0789,2011-02-16,00094764,00003358,0001,P,489.00,EUR,
300,LH,0401,2010-11-05,00051846,00002957,0001,C,316.00,EUR,
300,JL,0407,2011-07-22,00020336,00002016,0001,C,530.00,JPY,
300,AZ,0789,2011-02-16,00095114,00003724,0001,P,489.00,EUR,
300,LH,0401,2010-11-05,00052079,00000978,0001,C,316.00,EUR,
300,JL,0408,2010-12-25,00035899,00002016,0001,C,1061.00,JPY,
300,AZ,0789,2011-02-16,00094982,00004245,0001,P,489.00,EUR,
300,LH,0401,2010-11-05,00052002,00001175,0001,C,316.00,EUR,
300,SQ,0015,2010-11-10,00034780,00002016,0001,C,1160.00,SGD,
300,AZ,0789,2011-02-16,00094956,00002820,0001,P,489.00,EUR,
300,LH,0401,2010-11-05,00051977,00003073,0001,C,316.00,EUR,
300,JL,0408,2011-03-05,00038405,00002016,0001,C,1592.00,JPY,
300,AZ,0789,2011-02-16,00094824,00001989,0001,P,489.00,EUR,
300,LH,0401,2010-11-05,00052074,00003129,0001,C,316.00,EUR,
300,SQ,0066,2011-07-25,00088979,00002016,0001,C,164.00,SGD,
300,AZ,0789,2011-02-16,00094997,00004342,0001,P,489.00,EUR,
300,LH,0401,2010-11-05,00051778,00002792,0001,C,316.00,EUR,
300,DL,1984,2011-09-12,00106826,00002016,0001,C,634.00,USD,
300,AZ,0789,2011-02-16,00095033,00002094,0001,P,489.00,EUR,
300,LH,0401,2010-11-05,00051922,00002114,0001,C,316.00,EUR,
300,QF,0006,2011-03-30,00053116,00002016,0001,C,394.00,AUD,
300,AZ,0789,2011-02-16,00094944,00001869,0001,P,489.00,EUR,
300,LH,0401,2010-11-05,00051879,00001680,0001,C,316.00,EUR,
300,SQ,0015,2012-02-01,00059628,00002016,0001,C,1160.00,SGD,
300,LH,0401,2010-11-05,00051829,00000564,0001,C,316.00,EUR,
300,AZ,0789,2011-02-16,00094994,00003069,0001,P,489.00,EUR,
300,SQ,0066,2010-05-03,00061220,00002016,0001,C,164.00,SGD,
300,LH,0401,2010-11-05,00051910,00001022,0001,C,316.00,EUR,
300,AZ,0789,2011-02-16,00095093,00001981,0001,P,489.00,EUR,
300,QF,0006,2011-10-12,00061744,00002016,0001,C,394.00,AUD,
300,LH,0401,2010-11-05,00051984,00004398,0001,C,316.00,EUR,
300,AZ,0789,2011-02-16,00094920,00001572,0001,P,489.00,EUR,
300,AA,0026,2010-11-17,00048109,00002016,0001,C,305.00,USD,
300,LH,0401,2010-11-05,00051889,00001403,0001,C,316.00,EUR,
300,AZ,0789,2011-02-16,00094896,00004595,0001,P,489.00,EUR,
300,UA,0941,2011-09-28,00046887,00002016,0001,C,439.00,USD,
300,LH,0401,2010-11-05,00052124,00004278,0001,C,316.00,EUR,
300,AZ,0789,2011-02-16,00094881,00004366,0001,P,489.00,EUR,
300,AA,0026,2010-09-29,00046025,00002016,0001,C,305.00,USD,
300,LH,0401,2010-11-05,00051825,00001973,0001,C,316.00,EUR,
300,AZ,0789,2011-02-16,00094908,00001556,0001,P,489.00,EUR,
300,QF,0006,2011-02-16,00051277,00002016,0001,C,394.00,AUD,
300,LH,0401,2010-11-05,00052113,00000556,0001,C,316.00,EUR,
300,DL,1699,2010-11-08,00049671,00002016,0001,C,211.00,USD,
300,AZ,0789,2011-02-16,00095036,00000388,0001,P,489.00,EUR,
300,LH,0401,2010-11-05,00052041,00004013,0001,C,316.00,EUR,
300,UA,3504,2010-04-23,00050189,00002016,0001,C,879.00,USD,
300,LH,0401,2010-11-05,00052100,00004470,0001,C,316.00,EUR,
300,AZ,0789,2011-02-16,00094827,00004579,0001,P,489.00,EUR,
300,SQ,0067,2011-02-28,00117693,00002016,0001,C,164.00,SGD,
300,LH,0401,2010-11-05,00051934,00000183,0001,C,316.00,EUR,
300,AZ,0789,2011-02-16,00094988,00004217,0001,P,489.00,EUR,
300,DL,1984,2011-08-01,00104337,00002016,0001,C,211.00,USD,
300,LH,0401,2010-11-05,00051972,00000183,0001,C,316.00,EUR,
300,AZ,0789,2011-02-16,00094926,00000789,0001,P,489.00,EUR,
300,UA,3516,2011-05-24,00114115,00002016,0001,C,305.00,USD,
300,LH,0401,2010-11-05,00051971,00000183,0001,C,316.00,EUR,
300,AZ,0789,2011-02-16,00094746,00003691,0001,P,489.00,EUR,
300,UA,3516,2011-06-07,00114681,00002016,0001,C,611.00,USD,
300,LH,0401,2010-11-05,00052085,00004510,0001,C,316.00,EUR,
300,AZ,0789,2011-02-16,00094740,00002363,0001,P,489.00,EUR,
300,SQ,0067,2011-01-17,00115248,00002016,0001,C,164.00,SGD,
300,LH,0401,2010-11-05,00051969,00004362,0001,C,316.00,EUR,
300,AZ,0789,2011-02-16,00094923,00000143,0001,P,489.00,EUR,
300,UA,3517,2011-06-06,00153654,00002016,0001,C,305.00,USD,
300,LH,0401,2010-11-05,00052020,00002347,0001,C,316.00,EUR,
300,AZ,0789,2011-02-16,00094974,00003784,0001,P,489.00,EUR,
300,UA,3517,2011-09-28,00161380,00002016,0001,C,305.00,USD,
300,LH,0401,2010-11-05,00052035,00002046,0001,C,316.00,EUR,
300,AZ,0789,2011-02-16,00094911,00003623,0001,P,489.00,EUR,
300,SQ,0117,2011-01-17,00158109,00002016,0001,C,178.00,SGD,
300,LH,0401,2010-11-05,00052109,00003499,0001,C,316.00,EUR,
300,AZ,0789,2011-02-16,00095030,00003214,0001,P,489.00,EUR,
300,SQ,0117,2011-01-24,00158278,00002016,0001,C,178.00,SGD,
300,LH,0401,2010-11-05,00052083,00003499,0001,C,316.00,EUR,
300,AZ,0789,2011-02-16,00095078,00002588,0001,P,489.00,EUR,
300,SQ,0067,2011-10-24,00132419,00002016,0001,C,493.00,SGD,
300,LH,0401,2010-11-05,00051754,00001311,0001,C,316.00,EUR,
300,AZ,0789,2011-02-16,00095087,00003475,0001,P,489.00,EUR,
300,LH,0401,2010-11-05,00051874,00001166,0001,C,316.00,EUR,
300,SQ,0067,2011-09-05,00129693,00002016,0001,C,164.00,SGD,
300,AZ,0789,2011-02-16,00095012,00003137,0001,P,489.00,EUR,
300,LH,0401,2010-11-05,00052070,00000781,0001,C,316.00,EUR,
300,SQ,0114,2010-05-17,00136305,00002016,0001,C,178.00,SGD,
300,AZ,0789,2011-02-16,00095120,00002218,0001,P,489.00,EUR,
300,LH,0401,2010-11-05,00051983,00002483,0001,C,316.00,EUR,
300,SQ,0114,2010-10-11,00139326,00002016,0001,C,178.00,SGD,
300,AZ,0789,2010-06-09,00079258,00003346,0001,P,489.00,EUR,
300,LH,0401,2010-11-05,00051981,00000721,0001,C,316.00,EUR,
300,AZ,0789,2010-06-09,00079117,00001387,0001,P,489.00,EUR,
300,SQ,0066,2011-04-25,00083095,00002016,0001,C,329.00,SGD,
300,LH,0401,2010-11-05,00052068,00000737,0001,C,316.00,EUR,
300,AZ,0789,2010-06-09,00079420,00003591,0001,P,489.00,EUR,
300,SQ,0066,2011-04-25,00083235,00002016,0001,C,164.00,SGD,
300,LH,0401,2010-11-05,00051966,00000392,0001,C,316.00,EUR,
300,AZ,0789,2010-06-09,00079294,00000865,0001,P,489.00,EUR,
300,LH,0401,2010-11-05,00052067,00002953,0001,C,316.00,EUR,
300,DL,1699,2012-02-27,00075053,00002016,0001,C,211.00,USD,
300,AZ,0789,2010-06-09,00079237,00000761,0001,P,489.00,EUR,
300,LH,0401,2010-11-05,00051772,00003764,0001,C,316.00,EUR,
300,AA,0064,2011-03-11,00077827,00002016,0001,C,211.00,USD,
300,AZ,0789,2010-06-09,00079357,00000773,0001,P,489.00,EUR,
300,SQ,0066,2011-02-07,00078598,00002016,0001,C,164.00,SGD,
300,LH,0401,2011-08-05,00068810,00003065,0001,C,316.00,EUR,
300,AZ,0789,2010-06-09,00079417,00003503,0001,P,489.00,EUR,
300,AA,0064,2011-04-08,00078789,00002016,0001,C,211.00,USD,
300,AZ,0789,2010-06-09,00079129,00000665,0001,P,489.00,EUR,
300,LH,0401,2011-08-05,00069110,00003952,0001,C,316.00,EUR,
300,SQ,0066,2011-01-24,00077610,00002016,0001,C,164.00,SGD,
300,AZ,0789,2010-06-09,00079441,00000902,0001,P,489.00,EUR,
300,LH,0401,2011-08-05,00068856,00002387,0001,C,316.00,EUR,
300,UA,3516,2010-05-11,00090597,00002016,0001,C,305.00,USD,
300,AZ,0789,2010-06-09,00079234,00003129,0001,P,489.00,EUR,
300,LH,0401,2011-08-05,00068805,00001476,0001,C,316.00,EUR,
300,UA,0941,2011-07-14,00043938,00002016,0001,C,439.00,USD,
300,AZ,0789,2010-06-09,00079135,00002001,0001,P,489.00,EUR,
300,LH,0401,2011-08-05,00069172,00000725,0001,C,316.00,EUR,
300,UA,0007,2011-03-26,00014950,00002016,0001,C,211.00,USD,
300,AZ,0789,2010-06-09,00079150,00001949,0001,P,489.00,EUR,
300,LH,0401,2011-08-05,00069166,00000849,0001,C,316.00,EUR,
300,AZ,0789,2010-06-09,00079252,00001865,0001,P,489.00,EUR,
300,AA,0017,2010-08-11,00006995,00002016,0001,C,634.00,USD,
300,LH,0401,2011-08-05,00068948,00000625,0001,C,316.00,EUR,
300,AZ,0789,2010-06-09,00079264,00000934,0001,P,489.00,EUR,
300,AA,0064,2010-10-01,00071848,00002016,0001,C,422.00,USD,
300,LH,0401,2011-08-05,00069083,00004619,0001,C,316.00,EUR,
300,AZ,0789,2010-06-09,00079255,00000480,0001,P,489.00,EUR,
300,DL,1984,2011-02-21,00094610,00002016,0001,C,211.00,USD,
300,LH,0401,2011-08-05,00069137,00002961,0001,C,316.00,EUR,
300,AZ,0789,2010-06-09,00079162,00002315,0001,P,489.00,EUR,
300,SQ,0067,2010-07-12,00103609,00002016,0001,C,164.00,SGD,
300,LH,0401,2011-08-05,00069094,00001861,0001,C,316.00,EUR,
300,AZ,0789,2010-06-09,00079165,00002961,0001,P,489.00,EUR,
300,SQ,0866,2010-12-02,00315445,00002016,0001,C,512.00,SGD,
300,LH,0401,2011-08-05,00069178,00001435,0001,C,316.00,EUR,
300,AZ,0789,2010-06-09,00079267,00004430,0001,P,489.00,EUR,
300,SQ,0866,2010-08-05,00308173,00002016,0001,C,256.00,SGD,
300,LH,0401,2011-08-05,00068983,00003097,0001,C,316.00,EUR,
300,AZ,0789,2010-06-09,00079330,00001058,0001,P,489.00,EUR,
300,LH,0401,2011-08-05,00069064,00003687,0001,C,316.00,EUR,
300,SQ,0326,2010-10-22,00260934,00002016,0001,C,868.00,SGD,
300,AZ,0789,2010-06-09,00079126,00003402,0001,P,489.00,EUR,
300,LH,0401,2011-08-05,00068996,00004434,0001,C,316.00,EUR,
300,SQ,0866,2011-02-17,00320503,00002016,0001,C,256.00,SGD,
300,AZ,0789,2010-06-09,00079453,00001347,0001,P,489.00,EUR,
300,LH,0401,2011-08-05,00068858,00003912,0001,C,316.00,EUR,
300,SQ,0866,2011-03-03,00321184,00002016,0001,C,256.00,SGD,
300,AZ,0789,2010-06-09,00079447,00002832,0001,P,489.00,EUR,
300,AZ,0789,2010-06-09,00079171,00000556,0001,P,489.00,EUR,
300,SQ,0866,2011-01-20,00318795,00002016,0001,C,256.00,SGD,
300,LH,0401,2011-08-05,00068933,00004555,0001,C,316.00,EUR,
300,AZ,0789,2010-06-09,00079369,00003587,0001,P,489.00,EUR,
300,LH,0401,2011-08-05,00069050,00004555,0001,C,316.00,EUR,
300,SQ,0326,2011-05-06,00269541,00002016,0001,C,868.00,SGD,
300,AZ,0789,2010-06-09,00079336,00002307,0001,P,489.00,EUR,
300,LH,0401,2011-08-05,00068808,00002877,0001,C,316.00,EUR,
300,SQ,0863,2010-12-22,00288400,00002016,0001,C,256.00,SGD,
300,AZ,0789,2010-06-09,00079207,00000248,0001,P,489.00,EUR,
300,LH,0401,2011-08-05,00068968,00002877,0001,C,316.00,EUR,
300,SQ,0326,2011-10-07,00276269,00002016,0001,C,868.00,SGD,
300,AZ,0789,2010-06-09,00079141,00001568,0001,P,489.00,EUR,
300,LH,0401,2011-08-05,00068883,00002355,0001,C,316.00,EUR,
300,SQ,0863,2011-08-24,00297199,00002016,0001,C,256.00,SGD,
300,AZ,0789,2010-06-09,00079156,00003443,0001,P,489.00,EUR,
300,LH,0401,2011-08-05,00069116,00000213,0001,C,316.00,EUR,
300,SQ,0866,2010-05-13,00303173,00002016,0001,C,256.00,SGD,
300,AZ,0789,2010-06-09,00079261,00004001,0001,P,489.00,EUR,
300,LH,0401,2011-08-05,00068972,00001439,0001,C,316.00,EUR,
300,AZ,0789,2010-06-09,00079366,00001917,0001,P,489.00,EUR,
300,SQ,0863,2011-06-01,00294203,00002016,0001,C,256.00,SGD,
300,LH,0401,2011-08-05,00068852,00001235,0001,C,316.00,EUR,
300,AZ,0789,2010-06-09,00079399,00001488,0001,P,489.00,EUR,
300,SQ,0997,2010-11-26,00391868,00002016,0001,C,455.00,SGD,
300,LH,0401,2011-08-05,00068990,00000440,0001,C,316.00,EUR,
300,SQ,0997,2010-08-06,00384618,00002016,0001,C,455.00,SGD,
300,LH,0401,2011-08-05,00069118,00002571,0001,C,316.00,EUR,
300,AZ,0789,2010-06-09,00079471,00003214,0001,P,489.00,EUR,
300,SQ,0997,2010-09-03,00386319,00002016,0001,C,1365.00,SGD,
300,LH,0401,2011-08-05,00068826,00003475,0001,C,316.00,EUR,
300,SQ,0997,2011-04-22,00400681,00002016,0001,C,455.00,SGD,
300,LH,0401,2011-08-05,00068921,00004635,0001,C,316.00,EUR,
300,SQ,0988,2010-10-14,00350460,00002016,0001,C,455.00,SGD,
300,LH,0401,2011-08-05,00069020,00004623,0001,C,316.00,EUR,
300,SQ,0988,2010-11-11,00351862,00002016,0001,C,1365.00,SGD,
300,LH,0401,2011-08-05,00068880,00003691,0001,C,316.00,EUR,
300,SQ,0988,2010-10-07,00349765,00002016,0001,C,455.00,SGD,
300,AZ,0789,2010-06-09,00079348,00000484,0001,P,489.00,EUR,
300,LH,0401,2011-08-05,00069127,00003691,0001,C,316.00,EUR,
300,SQ,0988,2011-11-03,00374194,00002016,0001,C,455.00,SGD,
300,LH,0401,2011-08-05,00069097,00002824,0001,C,316.00,EUR,
300,SQ,0117,2010-11-08,00155505,00002016,0001,C,178.00,SGD,
300,LH,0401,2011-08-05,00069176,00003049,0001,C,316.00,EUR,
300,SQ,0117,2010-11-08,00155415,00002016,0001,C,357.00,SGD,
300,LH,0401,2011-08-05,00069113,00002154,0001,C,316.00,EUR,
300,AZ,0789,2010-06-09,00079279,00003699,0001,P,489.00,EUR,
300,SQ,0117,2011-06-06,00162918,00002016,0001,C,178.00,SGD,
300,LH,0401,2011-08-05,00068965,00001865,0001,C,316.00,EUR,
300,SQ,0114,2011-07-25,00145364,00002016,0001,C,178.00,SGD,
300,LH,0401,2011-08-05,00069149,00003073,0001,C,316.00,EUR,
300,AZ,0789,2010-06-09,00079153,00003471,0001,P,489.00,EUR,
300,SQ,0158,2010-12-28,00179283,00002016,0001,C,247.00,SGD,
300,LH,0401,2011-08-05,00069052,00001114,0001,C,316.00,EUR,
300,SQ,0158,2011-01-25,00180343,00002016,0001,C,247.00,SGD,
300,AZ,0789,2010-06-09,00079222,00000893,0001,P,489.00,EUR,
300,LH,0401,2011-08-05,00069103,00002066,0001,C,316.00,EUR,
300,SQ,0158,2011-01-25,00180134,00002016,0001,C,247.00,SGD,
300,AZ,0789,2010-06-09,00079159,00001724,0001,P,489.00,EUR,
300,LH,0401,2011-08-05,00068828,00002535,0001,C,316.00,EUR,
300,SQ,0158,2011-01-04,00179541,00002016,0001,C,247.00,SGD,
300,AZ,0789,2010-11-03,00088432,00001608,0001,P,489.00,EUR,
300,LH,0401,2011-08-05,00068925,00002869,0001,C,316.00,EUR,
300,AZ,0789,2010-11-03,00088252,00004474,0001,P,489.00,EUR,
300,UA,3517,2012-04-16,00166575,00002016,0001,C,305.00,USD,
300,LH,0401,2011-08-05,00068817,00003025,0001,C,316.00,EUR,
300,SQ,0067,2011-06-27,00125089,00002016,0001,C,164.00,SGD,
300,LH,0401,2011-08-05,00068864,00004494,0001,C,316.00,EUR,
300,UA,3516,2010-09-14,00098399,00002016,0001,C,305.00,USD,
300,LH,0401,2011-08-05,00068910,00000869,0001,C,316.00,EUR,
300,UA,3517,2010-12-06,00142605,00002016,0001,C,305.00,USD,
300,LH,0401,2011-08-05,00068984,00001853,0001,C,316.00,EUR,
300,SQ,0067,2011-09-12,00130068,00002016,0001,C,164.00,SGD,
300,LH,0401,2011-08-05,00068992,00003390,0001,C,316.00,EUR,
300,SQ,0326,2010-06-11,00254841,00002016,0001,C,868.00,SGD,
300,LH,0401,2011-08-05,00068978,00004542,0001,C,316.00,EUR,
300,SQ,0325,2011-11-02,00249269,00002016,0001,C,868.00,SGD,
300,LH,0401,2011-08-05,00068906,00000340,0001,C,316.00,EUR,
300,SQ,0325,2011-10-12,00247654,00002016,0001,C,868.00,SGD,
300,LH,0401,2011-08-05,00068947,00000456,0001,C,316.00,EUR,
300,SQ,0161,2010-08-24,00196754,00002016,0001,C,247.00,SGD,
300,SQ,0161,2010-11-16,00199586,00002016,0001,C,247.00,SGD,
300,LH,0401,2011-08-05,00069077,00000436,0001,C,316.00,EUR,
300,SQ,0161,2010-11-23,00199874,00002016,0001,C,247.00,SGD,
300,LH,0401,2011-08-05,00069037,00000665,0001,C,316.00,EUR,
300,LH,0401,2011-08-05,00068865,00004137,0001,C,316.00,EUR,
300,SQ,0158,2011-07-12,00186173,00002016,0001,C,247.00,SGD,
300,LH,0401,2011-08-05,00068986,00002262,0001,C,316.00,EUR,
300,LH,0401,2011-08-05,00069004,00001728,0001,C,316.00,EUR,
300,LH,0401,2011-08-05,00069001,00002094,0001,C,316.00,EUR,
300,LH,0401,2011-08-05,00068862,00004265,0001,C,316.00,EUR,
300,LH,0401,2011-08-05,00069125,00001981,0001,C,316.00,EUR,
300,LH,0401,2011-08-05,00068987,00003848,0001,C,316.00,EUR,
300,LH,0401,2011-08-05,00068934,00000167,0001,C,316.00,EUR,
300,SQ,0158,2011-06-28,00185699,00002016,0001,C,247.00,SGD,
300,LH,0401,2011-08-05,00068907,00004221,0001,C,316.00,EUR,
300,SQ,0158,2011-10-18,00189643,00002016,0001,C,742.00,SGD,
300,LH,0401,2011-08-05,00068879,00000938,0001,C,316.00,EUR,
300,SQ,0161,2011-11-15,00212795,00002016,0001,C,247.00,SGD,
300,LH,0401,2011-08-05,00069017,00001379,0001,C,316.00,EUR,
300,LH,0401,2011-08-05,00068954,00000998,0001,C,316.00,EUR,
300,SQ,0161,2011-07-05,00207811,00002016,0001,C,494.00,SGD,
300,LH,0401,2011-08-05,00069107,00001472,0001,C,316.00,EUR,
300,SQ,0161,2011-08-23,00209681,00002016,0001,C,247.00,SGD,
300,LH,0401,2011-08-05,00068840,00001640,0001,C,316.00,EUR,
300,SQ,0002,2011-05-26,00014398,00001383,0001,C,1102.00,SGD,
300,LH,0401,2011-08-05,00068939,00001138,0001,C,316.00,EUR,
300,QF,0005,2011-01-28,00017386,00001383,0001,C,749.00,AUD,
300,LH,0401,2011-08-05,00068945,00001789,0001,C,316.00,EUR,
300,SQ,0015,2010-11-10,00034853,00001383,0001,C,1102.00,SGD,
300,LH,0401,2010-06-25,00043597,00003065,0001,C,316.00,EUR,
300,SQ,0002,2011-02-24,00010988,00001383,0001,C,1102.00,SGD,
300,LH,0401,2010-06-25,00043559,00004069,0001,C,316.00,EUR,
300,AA,0017,2010-10-20,00011539,00001383,0001,C,200.00,USD,
300,LH,0401,2010-06-25,00043757,00004193,0001,C,316.00,EUR,
300,DL,0106,2010-12-06,00013957,00001383,0001,C,580.00,USD,
300,LH,0401,2010-06-25,00043547,00001146,0001,C,316.00,EUR,
300,QF,0005,2010-11-05,00012374,00001383,0001,C,374.00,AUD,
300,LH,0401,2010-06-25,00043546,00001146,0001,C,316.00,EUR,
300,QF,0005,2010-11-12,00012925,00001383,0001,C,374.00,AUD,
300,LH,0401,2010-06-25,00043583,00001737,0001,C,316.00,EUR,
300,AA,0017,2011-05-25,00025024,00001383,0001,C,200.00,USD,
300,LH,0401,2010-06-25,00043556,00001215,0001,C,316.00,EUR,
300,UA,0941,2010-09-09,00032949,00001383,0001,C,417.00,USD,
300,LH,0401,2010-06-25,00043703,00001215,0001,C,316.00,EUR,
300,LH,0401,2010-06-25,00043658,00000576,0001,C,316.00,EUR,
300,LH,0401,2010-06-25,00043663,00000416,0001,C,316.00,EUR,
300,JL,0407,2011-09-02,00022054,00001383,0001,C,504.00,JPY,
300,LH,0401,2010-06-25,00043670,00001355,0001,C,316.00,EUR,
300,AZ,0789,2010-11-03,00088246,00003073,0001,P,489.00,EUR,
300,JL,0407,2011-09-16,00022575,00001383,0001,C,1008.00,JPY,
300,LH,0401,2010-06-25,00043651,00003687,0001,C,316.00,EUR,
300,UA,0007,2011-09-03,00022479,00001383,0001,C,200.00,USD,
300,LH,0401,2010-06-25,00043840,00001211,0001,C,316.00,EUR,
300,JL,0408,2010-07-24,00030448,00001383,0001,C,504.00,JPY,
300,LH,0401,2010-06-25,00043843,00001343,0001,C,316.00,EUR,
300,SQ,0002,2011-12-29,00021269,00001383,0001,C,1102.00,SGD,
300,LH,0401,2010-06-25,00043793,00004555,0001,C,316.00,EUR,
300,QF,0005,2011-09-09,00031569,00001383,0001,C,374.00,AUD,
300,DL,0106,2010-07-12,00004847,00001383,0001,C,870.00,USD,
300,AZ,0789,2010-11-03,00088336,00000970,0001,P,489.00,EUR,
300,LH,0401,2010-06-25,00043592,00002563,0001,C,316.00,EUR,
300,UA,0941,2011-08-11,00044916,00001383,0001,C,417.00,USD,
300,LH,0401,2010-06-25,00043747,00003422,0001,C,316.00,EUR,
300,AZ,0789,2010-11-03,00088303,00001403,0001,P,489.00,EUR,
300,DL,0106,2010-08-02,00006481,00001383,0001,C,290.00,USD,
300,QF,0006,2010-11-17,00047389,00001383,0001,C,374.00,AUD,
300,LH,0401,2010-06-25,00043732,00001504,0001,C,316.00,EUR,
300,UA,0007,2010-05-08,00000808,00001383,0001,C,200.00,USD,
300,LH,0401,2010-06-25,00043588,00000508,0001,C,316.00,EUR,
300,JL,0407,2010-04-30,00000460,00001383,0001,C,504.00,JPY,
300,DL,0106,2010-09-27,00009602,00001383,0001,C,580.00,USD,
300,AZ,0789,2010-11-03,00088584,00003720,0001,P,489.00,EUR,
300,LH,0401,2010-06-25,00043735,00002736,0001,C,316.00,EUR,
300,QF,0005,2010-08-27,00008078,00001383,0001,C,374.00,AUD,
300,LH,0401,2010-06-25,00043501,00001652,0001,C,316.00,EUR,
300,UA,3504,2010-06-11,00053407,00001383,0001,C,417.00,USD,
300,AZ,0789,2010-11-03,00088533,00001399,0001,P,489.00,EUR,
300,AA,0017,2011-07-13,00027900,00001383,0001,C,200.00,USD,
300,LH,0401,2010-06-25,00043673,00003997,0001,C,316.00,EUR,
300,JL,0408,2011-04-23,00040261,00001383,0001,C,504.00,JPY,
300,AZ,0789,2010-11-03,00088219,00003198,0001,P,489.00,EUR,
300,LH,0401,2010-06-25,00043496,00000629,0001,C,316.00,EUR,
300,JL,0408,2010-05-22,00028156,00001383,0001,C,1512.00,JPY,
300,LH,0401,2010-06-25,00043580,00002102,0001,C,316.00,EUR,
300,SQ,0015,2011-09-21,00054313,00001383,0001,C,1102.00,SGD,
300,UA,0941,2011-05-05,00041225,00001383,0001,C,835.00,USD,
300,LH,0401,2010-06-25,00043684,00004245,0001,C,316.00,EUR,
300,DL,1699,2010-05-03,00037822,00001383,0001,C,401.00,USD,
300,DL,0106,2012-01-16,00036668,00001383,0001,C,290.00,USD,
300,LH,0401,2010-06-25,00043741,00002234,0001,C,316.00,EUR,
300,SQ,0015,2010-11-03,00034427,00001383,0001,C,1102.00,SGD,
300,AZ,0789,2010-11-03,00088435,00000685,0001,P,489.00,EUR,
300,LH,0401,2010-06-25,00043810,00002234,0001,C,316.00,EUR,
300,JL,0408,2011-03-05,00038577,00001383,0001,C,504.00,JPY,
300,SQ,0066,2010-06-07,00063124,00001383,0001,C,156.00,SGD,
300,AZ,0789,2010-11-03,00088366,00003555,0001,P,489.00,EUR,
300,LH,0401,2010-06-25,00043616,00003435,0001,C,316.00,EUR,
300,UA,3504,2010-11-19,00063681,00001383,0001,C,417.00,USD,
300,AZ,0789,2010-11-03,00088306,00003282,0001,P,489.00,EUR,
300,LH,0401,2010-06-25,00043514,00003595,0001,C,316.00,EUR,
300,AA,0026,2011-08-31,00060840,00001383,0001,C,290.00,USD,
300,JL,0407,2010-05-14,00001020,00001383,0001,C,504.00,JPY,
300,AZ,0789,2010-11-03,00088288,00002013,0001,P,489.00,EUR,
300,LH,0401,2010-06-25,00043654,00004494,0001,C,316.00,EUR,
300,QF,0005,2010-07-02,00004691,00001383,0001,C,374.00,AUD,
300,AZ,0789,2010-11-03,00088438,00001865,0001,P,489.00,EUR,
300,LH,0401,2010-06-25,00043571,00000484,0001,C,316.00,EUR,
300,JL,0407,2010-07-23,00004216,00001383,0001,C,504.00,JPY,
300,QF,0006,2011-09-07,00060314,00001383,0001,C,374.00,AUD,
300,AZ,0789,2010-11-03,00088228,00004611,0001,P,489.00,EUR,
300,LH,0401,2010-06-25,00043723,00004418,0001,C,316.00,EUR,
300,QF,0006,2011-09-07,00060313,00001383,0001,C,374.00,AUD,
300,AZ,0789,2010-11-03,00088282,00003559,0001,P,489.00,EUR,
300,JL,0407,2011-11-11,00025129,00001383,0001,C,504.00,JPY,
300,LH,0401,2010-06-25,00043609,00000869,0001,C,316.00,EUR,
300,SQ,0015,2011-10-05,00055362,00001383,0001,C,1102.00,SGD,
300,AZ,0789,2010-11-03,00088381,00000621,0001,P,489.00,EUR,
300,LH,0401,2010-06-25,00043603,00000857,0001,C,316.00,EUR,
300,JL,0407,2011-08-19,00021535,00001383,0001,C,504.00,JPY,
300,AZ,0789,2010-11-03,00088384,00001407,0001,P,489.00,EUR,
300,DL,0106,2011-04-04,00021685,00001383,0001,C,290.00,USD,
300,LH,0401,2010-06-25,00043676,00000073,0001,C,316.00,EUR,
300,AZ,0789,2010-11-03,00088408,00003479,0001,P,489.00,EUR,
300,SQ,0015,2011-10-12,00055832,00001383,0001,C,1102.00,SGD,
300,LH,0401,2010-06-25,00043504,00003061,0001,C,316.00,EUR,
300,AZ,0789,2010-11-03,00088465,00001219,0001,P,489.00,EUR,
300,AA,0064,2010-06-04,00067770,00001383,0001,C,200.00,USD,
300,SQ,0067,2010-05-10,00099413,00001383,0001,C,469.00,SGD,
300,LH,0401,2010-06-25,00043819,00004462,0001,C,316.00,EUR,
300,AZ,0789,2010-11-03,00088509,00002106,0001,P,489.00,EUR,
300,SQ,0066,2010-06-07,00063164,00001383,0001,C,156.00,SGD,
300,LH,0401,2010-06-25,00043733,00003776,0001,C,316.00,EUR,
300,UA,3504,2011-07-15,00078099,00001383,0001,C,835.00,USD,
300,AZ,0789,2010-11-03,00088279,00002234,0001,P,489.00,EUR,
300,AA,0064,2011-05-06,00079593,00001383,0001,C,602.00,USD,
300,AZ,0789,2010-11-03,00088249,00003318,0001,P,489.00,EUR,
300,LH,0401,2010-06-25,00043738,00004057,0001,C,316.00,EUR,
300,SQ,0066,2011-05-23,00084933,00001383,0001,C,156.00,SGD,
300,UA,3504,2011-06-10,00076246,00001383,0001,C,417.00,USD,
300,AZ,0789,2010-11-03,00088521,00003527,0001,P,489.00,EUR,
300,LH,0401,2010-06-25,00043661,00003804,0001,C,316.00,EUR,
300,SQ,0066,2011-01-03,00076266,00001383,0001,C,156.00,SGD,
300,AZ,0789,2010-11-03,00088321,00003675,0001,P,489.00,EUR,
300,UA,3504,2011-09-02,00081788,00001383,0001,C,417.00,USD,
300,LH,0401,2010-06-25,00043736,00002993,0001,C,316.00,EUR,
300,AA,0064,2011-06-03,00080567,00001383,0001,C,401.00,USD,
300,AZ,0789,2010-11-03,00088482,00001921,0001,P,489.00,EUR,
300,LH,0401,2010-06-25,00043678,00004551,0001,C,316.00,EUR,
300,SQ,0066,2011-02-28,00079817,00001383,0001,C,156.00,SGD,
300,UA,3504,2011-08-26,00080706,00001383,0001,C,835.00,USD,
300,LH,0401,2010-06-25,00043700,00003563,0001,C,316.00,EUR,
300,UA,3504,2011-03-18,00070782,00001383,0001,C,417.00,USD,
300,AZ,0789,2010-11-03,00088590,00002676,0001,P,489.00,EUR,
300,LH,0401,2010-06-25,00043769,00003451,0001,C,316.00,EUR,
300,SQ,0067,2010-11-15,00111389,00001383,0001,C,156.00,SGD,
300,AZ,0789,2010-11-03,00088210,00004117,0001,P,489.00,EUR,
300,DL,1699,2011-12-05,00073593,00001383,0001,C,401.00,USD,
300,LH,0401,2010-06-25,00043855,00000741,0001,C,316.00,EUR,
300,SQ,0015,2010-07-07,00027022,00001383,0001,C,1102.00,SGD,
300,AZ,0789,2010-11-03,00088342,00001616,0001,P,489.00,EUR,
300,LH,0401,2010-06-25,00043786,00003699,0001,C,316.00,EUR,
300,SQ,0002,2011-12-29,00021268,00001383,0001,C,1102.00,SGD,
300,AZ,0789,2010-11-03,00088420,00004145,0001,P,489.00,EUR,
300,SQ,0002,2012-01-19,00021582,00001383,0001,C,1102.00,SGD,
300,LH,0401,2010-06-25,00043783,00003246,0001,C,316.00,EUR,
300,SQ,0015,2010-11-03,00034600,00001383,0001,C,1102.00,SGD,
300,AZ,0789,2010-11-03,00088515,00000165,0001,P,489.00,EUR,
300,AA,0017,2010-05-12,00001561,00001383,0001,C,200.00,USD,
300,LH,0401,2010-06-25,00043502,00001676,0001,C,316.00,EUR,
300,AZ,0789,2010-11-03,00088309,00004033,0001,P,489.00,EUR,
300,AA,0017,2011-01-19,00017022,00001383,0001,C,200.00,USD,
300,LH,0401,2010-06-25,00043534,00001720,0001,C,316.00,EUR,
300,SQ,0002,2011-10-13,00019238,00001383,0001,C,2204.00,SGD,
300,AZ,0789,2010-11-03,00088453,00003306,0001,P,489.00,EUR,
300,UA,3504,2010-07-23,00056237,00001383,0001,C,417.00,USD,
300,LH,0401,2010-06-25,00043859,00002246,0001,C,316.00,EUR,
300,UA,3516,2011-02-15,00107745,00001383,0001,C,580.00,USD,
300,AZ,0789,2010-11-03,00088539,00003330,0001,P,489.00,EUR,
300,LH,0401,2010-06-25,00043837,00003884,0001,C,316.00,EUR,
300,DL,1699,2011-04-11,00059195,00001383,0001,C,401.00,USD,
300,AZ,0789,2010-11-03,00088441,00003551,0001,P,489.00,EUR,
300,SQ,0015,2011-06-01,00047570,00001383,0001,C,1102.00,SGD,
300,LH,0401,2010-06-25,00043696,00000028,0001,C,316.00,EUR,
300,UA,3516,2011-01-18,00106281,00001383,0001,C,290.00,USD,
300,AZ,0789,2010-11-03,00088258,00002764,0001,P,489.00,EUR,
300,LH,0401,2010-06-25,00043660,00003639,0001,C,316.00,EUR,
300,UA,0941,2011-03-24,00039878,00001383,0001,C,417.00,USD,
300,UA,0941,2012-03-29,00050049,00001383,0001,C,417.00,USD,
300,AZ,0789,2010-11-03,00088548,00002383,0001,P,489.00,EUR,
300,LH,0401,2010-06-25,00043634,00003651,0001,C,316.00,EUR,
300,SQ,0067,2011-06-13,00124224,00001383,0001,C,156.00,SGD,
300,AZ,0789,2010-11-03,00088276,00000653,0001,P,489.00,EUR,
300,UA,3516,2011-10-25,00124317,00001383,0001,C,580.00,USD,
300,LH,0401,2010-06-25,00043705,00000193,0001,C,316.00,EUR,
300,UA,3516,2011-02-15,00108093,00001383,0001,C,290.00,USD,
300,AZ,0789,2011-08-31,00106911,00001957,0001,P,489.00,EUR,
300,LH,0401,2010-06-25,00043759,00004587,0001,C,316.00,EUR,
300,SQ,0067,2010-08-02,00104903,00001383,0001,C,156.00,SGD,
300,AZ,0789,2011-08-31,00107207,00001708,0001,P,489.00,EUR,
300,SQ,0067,2010-12-06,00112555,00001383,0001,C,156.00,SGD,
300,UA,3517,2011-06-06,00153796,00001383,0001,C,290.00,USD,
300,AZ,0789,2011-08-31,00107057,00003246,0001,P,489.00,EUR,
300,SQ,0117,2010-05-17,00149419,00001383,0001,C,169.00,SGD,
300,SQ,0067,2011-12-26,00134681,00001383,0001,C,156.00,SGD,
300,AZ,0789,2011-08-31,00107180,00001443,0001,P,489.00,EUR,
300,SQ,0114,2011-03-21,00142684,00001383,0001,C,169.00,SGD,
300,AZ,0789,2011-08-31,00107114,00002644,0001,P,489.00,EUR,
300,UA,3517,2010-12-27,00143525,00001383,0001,C,870.00,USD,
300,SQ,0067,2012-02-27,00135383,00001383,0001,C,156.00,SGD,
300,UA,3504,2011-08-26,00080962,00001383,0001,C,417.00,USD,
300,SQ,0066,2011-03-07,00080080,00001383,0001,C,469.00,SGD,
300,AA,0064,2010-12-24,00074920,00001383,0001,C,200.00,USD,
300,AZ,0789,2011-08-31,00106935,00003326,0001,P,489.00,EUR,
300,SQ,0066,2011-01-31,00078002,00001383,0001,C,156.00,SGD,
300,AA,0064,2011-02-18,00076950,00001383,0001,C,200.00,USD,
300,AZ,0789,2011-08-31,00107153,00004490,0001,P,489.00,EUR,
300,UA,3516,2010-05-04,00090210,00001383,0001,C,290.00,USD,
300,AZ,0789,2011-08-31,00107003,00000737,0001,P,489.00,EUR,
300,UA,3504,2010-06-11,00053408,00001383,0001,C,417.00,USD,
300,AA,0017,2011-07-20,00028501,00001383,0001,C,200.00,USD,
300,AZ,0789,2011-08-31,00107144,00000612,0001,P,489.00,EUR,
300,SQ,0066,2011-10-31,00095104,00001383,0001,C,156.00,SGD,
300,DL,1984,2011-03-28,00096746,00001383,0001,C,200.00,USD,
300,AZ,0789,2011-08-31,00106932,00002114,0001,P,489.00,EUR,
300,DL,1984,2011-04-25,00098433,00001383,0001,C,200.00,USD,
300,AZ,0789,2011-08-31,00106914,00001865,0001,P,489.00,EUR,
300,SQ,0066,2011-09-26,00092828,00001383,0001,C,156.00,SGD,
300,UA,3516,2010-09-21,00098596,00001383,0001,C,580.00,USD,
300,AZ,0789,2011-08-31,00106953,00002957,0001,P,489.00,EUR,
300,SQ,0866,2010-11-25,00315197,00001383,0001,C,243.00,SGD,
300,AZ,0789,2011-08-31,00107213,00003916,0001,P,489.00,EUR,
300,SQ,0866,2010-09-16,00310778,00001383,0001,C,243.00,SGD,
300,SQ,0866,2010-07-29,00307873,00001383,0001,C,243.00,SGD,
300,AZ,0789,2011-08-31,00107132,00000408,0001,P,489.00,EUR,
300,SQ,0866,2010-10-14,00312440,00001383,0001,C,243.00,SGD,
300,AZ,0789,2011-08-31,00107210,00001905,0001,P,489.00,EUR,
300,SQ,0866,2011-10-27,00336131,00001383,0001,C,243.00,SGD,
300,SQ,0866,2011-10-13,00335227,00001383,0001,C,243.00,SGD,
300,AZ,0789,2011-08-31,00107255,00001905,0001,P,489.00,EUR,
300,SQ,0326,2010-10-22,00260723,00001383,0001,C,825.00,SGD,
300,AZ,0789,2011-08-31,00107216,00004623,0001,P,489.00,EUR,
300,SQ,0326,2010-10-22,00260840,00001383,0001,C,825.00,SGD,
300,SQ,0866,2011-01-20,00318562,00001383,0001,C,243.00,SGD,
300,AZ,0789,2011-08-31,00107018,00004354,0001,P,489.00,EUR,
300,SQ,0866,2011-04-07,00323328,00001383,0001,C,243.00,SGD,
300,AZ,0789,2011-08-31,00106994,00003736,0001,P,489.00,EUR,
300,SQ,0863,2010-08-04,00283473,00001383,0001,C,243.00,SGD,
300,SQ,0863,2011-10-26,00299491,00001383,0001,C,243.00,SGD,
300,AZ,0789,2011-08-31,00107159,00001191,0001,P,489.00,EUR,
300,SQ,0326,2011-02-04,00265550,00001383,0001,C,825.00,SGD,
300,AZ,0789,2011-08-31,00107117,00004261,0001,P,489.00,EUR,
300,SQ,0863,2011-05-18,00293573,00001383,0001,C,243.00,SGD,
300,AZ,0789,2011-08-31,00107183,00003013,0001,P,489.00,EUR,
300,SQ,0997,2010-11-05,00390535,00001383,0001,C,432.00,SGD,
300,AZ,0789,2011-08-31,00107030,00002780,0001,P,489.00,EUR,
300,SQ,0997,2010-05-28,00380398,00001383,0001,C,432.00,SGD,
300,AZ,0789,2011-08-31,00107165,00000906,0001,P,489.00,EUR,
300,SQ,0997,2010-07-30,00384328,00001383,0001,C,432.00,SGD,
300,AZ,0789,2011-08-31,00107219,00004567,0001,P,489.00,EUR,
300,SQ,0997,2011-08-05,00407310,00001383,0001,C,432.00,SGD,
300,AZ,0789,2011-08-31,00106965,00004217,0001,P,489.00,EUR,
300,SQ,0997,2011-05-20,00402654,00001383,0001,C,432.00,SGD,
300,AZ,0789,2011-08-31,00107198,00001423,0001,P,489.00,EUR,
300,SQ,0988,2010-05-06,00340371,00001383,0001,C,432.00,SGD,
300,AZ,0789,2011-08-31,00107051,00000825,0001,P,489.00,EUR,
300,SQ,0988,2011-11-10,00374811,00001383,0001,C,432.00,SGD,
300,AZ,0789,2011-08-31,00107177,00003519,0001,P,489.00,EUR,
300,SQ,0988,2011-11-17,00374951,00001383,0001,C,864.00,SGD,
300,AZ,0789,2011-08-31,00107054,00003206,0001,P,489.00,EUR,
300,SQ,0988,2011-06-30,00366412,00001383,0001,C,432.00,SGD,
300,AZ,0789,2011-08-31,00107291,00001363,0001,P,489.00,EUR,
300,AZ,0789,2011-08-31,00107285,00001371,0001,P,489.00,EUR,
300,UA,3517,2011-08-01,00157102,00001383,0001,C,290.00,USD,
300,AZ,0789,2011-08-31,00107120,00002218,0001,P,489.00,EUR,
300,AZ,0789,2011-08-31,00107087,00001728,0001,P,489.00,EUR,
300,SQ,0117,2011-01-03,00157574,00001383,0001,C,169.00,SGD,
300,AZ,0789,2011-08-31,00107168,00002399,0001,P,489.00,EUR,
300,AZ,0789,2011-08-31,00107276,00003234,0001,P,489.00,EUR,
300,UA,3517,2011-02-28,00147462,00001383,0001,C,290.00,USD,
300,AZ,0789,2010-07-14,00081626,00002355,0001,P,489.00,EUR,
300,SQ,0114,2011-06-13,00144427,00001383,0001,C,169.00,SGD,
300,AZ,0789,2010-07-14,00081309,00003230,0001,P,489.00,EUR,
300,AZ,0789,2010-07-14,00081515,00001524,0001,P,489.00,EUR,
300,SQ,0114,2011-06-20,00144541,00001383,0001,C,509.00,SGD,
300,AZ,0789,2010-07-14,00081527,00004153,0001,P,489.00,EUR,
300,SQ,0158,2010-12-28,00179259,00001383,0001,C,235.00,SGD,
300,AZ,0789,2010-07-14,00081435,00004386,0001,P,489.00,EUR,
300,AZ,0789,2010-07-14,00081390,00002122,0001,P,489.00,EUR,
300,SQ,0117,2011-11-07,00168406,00001383,0001,C,339.00,SGD,
300,AZ,0789,2010-07-14,00081342,00001399,0001,P,489.00,EUR,
300,SQ,0158,2010-04-20,00170269,00001383,0001,C,235.00,SGD,
300,AZ,0789,2010-07-14,00081494,00002985,0001,P,489.00,EUR,
300,AZ,0789,2010-07-14,00081339,00002226,0001,P,489.00,EUR,
300,SQ,0067,2011-01-24,00115780,00001383,0001,C,156.00,SGD,
300,AZ,0789,2010-07-14,00081572,00003904,0001,P,489.00,EUR,
300,SQ,0067,2012-02-13,00135265,00001383,0001,C,156.00,SGD,
300,AZ,0789,2010-07-14,00081321,00000793,0001,P,489.00,EUR,
300,AZ,0789,2010-07-14,00081629,00002013,0001,P,489.00,EUR,
300,UA,3517,2010-10-25,00139833,00001383,0001,C,290.00,USD,
300,AZ,0789,2010-07-14,00081536,00003009,0001,P,489.00,EUR,
300,SQ,0114,2011-02-07,00141846,00001383,0001,C,169.00,SGD,
300,AZ,0789,2010-07-14,00081357,00000536,0001,P,489.00,EUR,
300,SQ,0067,2011-08-08,00127933,00001383,0001,C,156.00,SGD,
300,AZ,0789,2010-07-14,00081477,00001949,0001,P,489.00,EUR,
300,AZ,0789,2010-07-14,00081563,00002981,0001,P,489.00,EUR,
300,SQ,0067,2011-12-26,00134682,00001383,0001,C,156.00,SGD,
300,AZ,0789,2010-07-14,00081282,00003884,0001,P,489.00,EUR,
300,AZ,0789,2010-07-14,00081488,00003884,0001,P,489.00,EUR,
300,SQ,0325,2011-04-06,00236083,00001383,0001,C,825.00,SGD,
300,AZ,0789,2010-07-14,00081471,00001893,0001,P,489.00,EUR,
300,AZ,0789,2010-07-14,00081587,00001981,0001,P,489.00,EUR,
300,SQ,0325,2011-02-02,00232128,00001383,0001,C,825.00,SGD,
300,AZ,0789,2010-07-14,00081333,00002861,0001,P,489.00,EUR,
300,SQ,0325,2011-02-16,00233028,00001383,0001,C,825.00,SGD,
300,AZ,0789,2010-07-14,00081503,00004261,0001,P,489.00,EUR,
300,SQ,0325,2011-06-01,00239745,00001383,0001,C,825.00,SGD,
300,AZ,0789,2010-07-14,00081593,00001106,0001,P,489.00,EUR,
300,AZ,0789,2010-07-14,00081509,00001741,0001,P,489.00,EUR,
300,SQ,0325,2011-09-14,00245912,00001383,0001,C,825.00,SGD,
300,AZ,0789,2010-07-14,00081542,00003788,0001,P,489.00,EUR,
300,AZ,0789,2010-07-14,00081554,00000894,0001,P,489.00,EUR,
300,SQ,0161,2010-08-17,00196380,00001383,0001,C,235.00,SGD,
300,AZ,0789,2010-07-14,00081632,00003146,0001,P,489.00,EUR,
300,AZ,0789,2010-07-14,00081611,00000588,0001,P,489.00,EUR,
300,SQ,0161,2010-05-18,00193209,00001383,0001,C,235.00,SGD,
300,AZ,0789,2010-07-14,00081596,00000721,0001,P,489.00,EUR,
300,SQ,0325,2010-05-19,00216247,00001383,0001,C,825.00,SGD,
300,AZ,0789,2010-07-14,00081620,00001797,0001,P,489.00,EUR,
300,AZ,0789,2010-07-14,00081548,00003708,0001,P,489.00,EUR,
300,SQ,0325,2010-04-21,00214211,00001383,0001,C,2476.00,SGD,
300,AZ,0789,2010-07-14,00081396,00000544,0001,P,489.00,EUR,
300,SQ,0325,2010-06-16,00217766,00001383,0001,C,825.00,SGD,
300,AZ,0789,2010-07-14,00081264,00000625,0001,P,489.00,EUR,
300,AZ,0789,2010-07-14,00081381,00004486,0001,P,489.00,EUR,
300,UA,0007,2011-03-12,00014383,00001910,0001,C,190.00,USD,
300,AZ,0789,2010-07-14,00081500,00002527,0001,P,489.00,EUR,
300,AA,0017,2011-11-02,00035015,00001910,0001,C,190.00,USD,
300,AZ,0789,2010-07-14,00081485,00002616,0001,P,489.00,EUR,
300,AZ,0789,2010-08-04,00082677,00003346,0001,P,489.00,EUR,
300,UA,0941,2011-03-03,00039212,00001910,0001,C,395.00,USD,
300,AZ,0789,2010-08-04,00082764,00001937,0001,P,489.00,EUR,
300,AZ,0789,2010-08-04,00082794,00000424,0001,P,489.00,EUR,
300,QF,0006,2010-06-16,00040599,00001910,0001,C,354.00,AUD,
300,AZ,0789,2010-08-04,00082833,00002038,0001,P,489.00,EUR,
300,JL,0407,2010-12-17,00010608,00001910,0001,C,477.00,JPY,
300,AZ,0789,2010-08-04,00082767,00003631,0001,P,489.00,EUR,
300,AZ,0789,2010-08-04,00082926,00003997,0001,P,489.00,EUR,
300,DL,0106,2010-11-29,00013709,00001910,0001,C,274.00,USD,
300,AZ,0789,2010-08-04,00082908,00000276,0001,P,489.00,EUR,
300,AZ,0789,2010-08-04,00082581,00002126,0001,P,489.00,EUR,
300,SQ,0002,2011-04-07,00012493,00001910,0001,C,1044.00,SGD,
300,AZ,0789,2010-08-04,00082938,00002046,0001,P,489.00,EUR,
300,JL,0407,2011-02-04,00012820,00001910,0001,C,477.00,JPY,
300,AZ,0789,2010-08-04,00082824,00002250,0001,P,489.00,EUR,
300,AZ,0789,2010-08-04,00082668,00002250,0001,P,489.00,EUR,
300,SQ,0015,2010-05-26,00024470,00001910,0001,C,1044.00,SGD,
300,AZ,0789,2010-08-04,00082872,00004177,0001,P,489.00,EUR,
300,QF,0005,2011-08-12,00029961,00001910,0001,C,354.00,AUD,
300,AZ,0789,2010-08-04,00082836,00002804,0001,P,489.00,EUR,
300,AZ,0789,2010-08-04,00082755,00000934,0001,P,489.00,EUR,
300,QF,0005,2011-07-15,00027889,00001910,0001,C,354.00,AUD,
300,AZ,0789,2010-08-04,00082749,00002756,0001,P,489.00,EUR,
300,QF,0005,2011-02-11,00018575,00001910,0001,C,354.00,AUD,
300,AZ,0789,2010-08-04,00082632,00002315,0001,P,489.00,EUR,
300,AZ,0789,2010-08-04,00082863,00003314,0001,P,489.00,EUR,
300,UA,0007,2011-06-25,00018988,00001910,0001,C,190.00,USD,
300,AZ,0789,2010-08-04,00082653,00002684,0001,P,489.00,EUR,
300,AZ,0789,2010-08-04,00082785,00003607,0001,P,489.00,EUR,
300,UA,0007,2011-08-06,00020871,00001910,0001,C,190.00,USD,
300,AZ,0789,2010-08-04,00082791,00002347,0001,P,489.00,EUR,
300,AZ,0789,2010-08-04,00082584,00004045,0001,P,489.00,EUR,
300,DL,0106,2010-07-12,00005039,00001910,0001,C,274.00,USD,
300,AZ,0789,2010-08-04,00082848,00001993,0001,P,489.00,EUR,
300,QF,0005,2010-08-13,00007039,00001910,0001,C,354.00,AUD,
300,AZ,0789,2010-08-04,00082728,00003491,0001,P,489.00,EUR,
300,AZ,0789,2010-08-04,00082857,00003691,0001,P,489.00,EUR,
300,DL,1699,2010-08-02,00043907,00001910,0001,C,190.00,USD,
300,AZ,0789,2010-08-04,00082851,00003222,0001,P,489.00,EUR,
300,AZ,0789,2010-08-04,00082902,00000813,0001,P,489.00,EUR,
300,SQ,0002,2010-05-27,00001248,00001910,0001,C,3132.00,SGD,
300,AZ,0789,2010-08-04,00082635,00000745,0001,P,489.00,EUR,
300,JL,0407,2010-05-21,00001436,00001910,0001,C,477.00,JPY,
300,AZ,0789,2010-08-04,00082686,00001548,0001,P,489.00,EUR,
300,SQ,0002,2010-07-22,00003347,00001910,0001,C,1044.00,SGD,
300,AZ,0789,2010-08-04,00082734,00002969,0001,P,489.00,EUR,
300,JL,0408,2011-10-01,00045895,00001910,0001,C,1432.00,JPY,
300,AZ,0789,2010-08-04,00082797,00002459,0001,P,489.00,EUR,
300,AZ,0789,2010-08-04,00082623,00004029,0001,P,489.00,EUR,
300,DL,0106,2010-08-23,00007760,00001910,0001,C,274.00,USD,
300,AZ,0789,2010-08-04,00082731,00003258,0001,P,489.00,EUR,
300,QF,0005,2010-09-17,00009443,00001910,0001,C,354.00,AUD,
300,AZ,0789,2010-08-04,00082680,00001728,0001,P,489.00,EUR,
300,AZ,0789,2010-08-04,00082932,00000962,0001,P,489.00,EUR,
300,SQ,0015,2010-09-15,00031184,00001910,0001,C,3132.00,SGD,
300,AZ,0789,2010-08-04,00082881,00002162,0001,P,489.00,EUR,
300,DL,1699,2010-11-22,00050527,00001910,0001,C,190.00,USD,
300,AZ,0789,2010-08-04,00082710,00000681,0001,P,489.00,EUR,
300,QF,0005,2012-02-03,00037179,00001910,0001,C,354.00,AUD,
300,AZ,0789,2011-01-05,00092423,00003667,0001,P,489.00,EUR,
300,AA,0017,2012-02-01,00037648,00001910,0001,C,190.00,USD,
300,AZ,0789,2011-01-05,00092177,00001909,0001,P,489.00,EUR,
300,AZ,0789,2011-01-05,00092447,00000235,0001,P,489.00,EUR,
300,DL,0106,2012-01-02,00036538,00001910,0001,C,274.00,USD,
300,AZ,0789,2011-01-05,00092174,00002110,0001,P,489.00,EUR,
300,QF,0006,2010-04-21,00038145,00001910,0001,C,354.00,AUD,
300,AZ,0789,2011-01-05,00092444,00003049,0001,P,489.00,EUR,
300,AZ,0789,2011-01-05,00092306,00003876,0001,P,489.00,EUR,
300,JL,0407,2010-12-17,00010607,00001910,0001,C,477.00,JPY,
300,AZ,0789,2011-01-05,00092360,00002018,0001,P,489.00,EUR,
300,SQ,0002,2010-12-16,00008601,00001910,0001,C,1044.00,SGD,
300,AZ,0789,2011-01-05,00092225,00001941,0001,P,489.00,EUR,
300,UA,0007,2011-03-05,00014169,00001910,0001,C,190.00,USD,
300,AZ,0789,2011-01-05,00092500,00003908,0001,P,489.00,EUR,
300,AZ,0789,2011-01-05,00092363,00002475,0001,P,489.00,EUR,
300,DL,0106,2010-12-13,00014595,00001910,0001,C,274.00,USD,
300,AZ,0789,2011-01-05,00092342,00003555,0001,P,489.00,EUR,
300,JL,0407,2010-07-09,00003607,00001910,0001,C,477.00,JPY,
300,AZ,0789,2011-01-05,00092261,00003555,0001,P,489.00,EUR,
300,AZ,0789,2011-01-05,00092282,00001989,0001,P,489.00,EUR,
300,QF,0006,2011-10-12,00061912,00001910,0001,C,354.00,AUD,
300,AZ,0789,2011-01-05,00092258,00003298,0001,P,489.00,EUR,
300,SQ,0002,2010-06-10,00001798,00001910,0001,C,1044.00,SGD,
300,AZ,0789,2011-01-05,00092417,00000408,0001,P,489.00,EUR,
300,AZ,0789,2011-01-05,00092474,00004257,0001,P,489.00,EUR,
300,DL,0106,2010-08-16,00007364,00001910,0001,C,274.00,USD,
300,AZ,0789,2011-01-05,00092198,00001648,0001,P,489.00,EUR,
300,AZ,0789,2011-01-05,00092222,00002315,0001,P,489.00,EUR,
300,SQ,0002,2010-10-28,00006903,00001910,0001,C,1044.00,SGD,
300,AZ,0789,2011-01-05,00092330,00001853,0001,P,489.00,EUR,
300,JL,0407,2010-07-23,00004150,00001910,0001,C,477.00,JPY,
300,AZ,0789,2011-01-05,00092468,00003804,0001,P,489.00,EUR,
300,AZ,0789,2011-01-05,00092264,00002684,0001,P,489.00,EUR,
300,DL,1699,2011-04-25,00060317,00001910,0001,C,190.00,USD,
300,AZ,0789,2011-01-05,00092153,00004310,0001,P,489.00,EUR,
300,DL,1699,2011-02-21,00056467,00001910,0001,C,190.00,USD,
300,AZ,0789,2011-01-05,00092491,00004310,0001,P,489.00,EUR,
300,AA,0026,2011-04-20,00054864,00001910,0001,C,274.00,USD,
300,AZ,0789,2011-01-05,00092162,00002154,0001,P,489.00,EUR,
300,AZ,0789,2011-01-05,00092309,00004181,0001,P,489.00,EUR,
300,DL,0106,2011-03-07,00019822,00001910,0001,C,274.00,USD,
300,AZ,0789,2011-01-05,00092459,00001536,0001,P,489.00,EUR,
300,AZ,0789,2011-01-05,00092345,00003146,0001,P,489.00,EUR,
300,AA,0017,2011-04-13,00022199,00001910,0001,C,570.00,USD,
300,AZ,0789,2011-01-05,00092441,00001785,0001,P,489.00,EUR,
300,DL,0106,2011-05-09,00023598,00001910,0001,C,274.00,USD,
300,AZ,0789,2011-01-05,00092390,00003459,0001,P,489.00,EUR,
300,SQ,0015,2010-05-19,00024152,00001910,0001,C,1044.00,SGD,
300,AZ,0789,2011-01-05,00092168,00000837,0001,P,489.00,EUR,
300,AZ,0789,2011-01-05,00092183,00004394,0001,P,489.00,EUR,
300,AA,0017,2011-01-12,00016788,00001910,0001,C,190.00,USD,
300,AZ,0789,2011-01-05,00092216,00004418,0001,P,489.00,EUR,
300,SQ,0015,2010-06-16,00025613,00001910,0001,C,1044.00,SGD,
300,AZ,0789,2011-01-05,00092372,00001676,0001,P,489.00,EUR,
300,AZ,0789,2011-01-05,00092456,00001315,0001,P,489.00,EUR,
300,DL,1699,2011-05-30,00062252,00001910,0001,C,380.00,USD,
300,AZ,0789,2011-01-05,00092351,00002748,0001,P,489.00,EUR,
300,AA,0026,2011-12-07,00064591,00001910,0001,C,274.00,USD,
300,AZ,0789,2011-01-05,00092384,00002632,0001,P,489.00,EUR,
300,AZ,0789,2011-01-19,00093192,00003667,0001,P,489.00,EUR,
300,SQ,0067,2010-04-26,00098715,00001910,0001,C,148.00,SGD,
300,AZ,0789,2011-01-19,00093189,00002375,0001,P,489.00,EUR,
300,AA,0064,2010-06-25,00068457,00001910,0001,C,190.00,USD,
300,AZ,0789,2011-01-19,00093021,00004326,0001,P,489.00,EUR,
300,AZ,0789,2011-01-19,00093360,00001464,0001,P,489.00,EUR,
300,DL,1699,2011-09-05,00068494,00001910,0001,C,190.00,USD,
300,AZ,0789,2011-01-19,00093210,00000853,0001,P,489.00,EUR,
300,DL,1984,2010-06-07,00078406,00001910,0001,C,190.00,USD,
300,AZ,0789,2011-01-19,00093003,00003896,0001,P,489.00,EUR,
300,AZ,0789,2011-01-19,00093099,00004506,0001,P,489.00,EUR,
300,AA,0064,2011-03-04,00077358,00001910,0001,C,380.00,USD,
300,AZ,0789,2011-01-19,00093243,00002142,0001,P,489.00,EUR,
300,AA,0064,2011-07-15,00082207,00001910,0001,C,190.00,USD,
300,AZ,0789,2011-01-19,00093267,00001403,0001,P,489.00,EUR,
300,AZ,0789,2011-01-19,00093201,00002511,0001,P,489.00,EUR,
300,DL,1984,2010-08-16,00082811,00001910,0001,C,190.00,USD,
300,AZ,0789,2011-01-19,00093147,00003880,0001,P,489.00,EUR,
300,AA,0064,2011-07-29,00082719,00001910,0001,C,190.00,USD,
300,AZ,0789,2011-01-19,00093372,00001989,0001,P,489.00,EUR,
300,UA,3504,2011-08-05,00079788,00001910,0001,C,395.00,USD,
300,AZ,0789,2011-01-19,00093120,00001805,0001,P,489.00,EUR,
300,AZ,0789,2011-01-19,00093087,00003571,0001,P,489.00,EUR,
300,DL,1699,2011-10-24,00071419,00001910,0001,C,380.00,USD,
300,AZ,0789,2011-01-19,00093006,00001319,0001,P,489.00,EUR,
300,DL,1699,2011-10-17,00071294,00001910,0001,C,190.00,USD,
300,AZ,0789,2011-01-19,00093204,00001893,0001,P,489.00,EUR,
300,UA,3504,2011-02-25,00069473,00001910,0001,C,395.00,USD,
300,AZ,0789,2011-01-19,00093384,00003559,0001,P,489.00,EUR,
300,AZ,0789,2011-01-19,00093117,00000480,0001,P,489.00,EUR,
300,DL,1699,2011-10-03,00070499,00001910,0001,C,190.00,USD,
300,AZ,0789,2011-01-19,00093297,00000193,0001,P,489.00,EUR,
300,SQ,0066,2010-12-13,00074955,00001910,0001,C,148.00,SGD,
300,AZ,0789,2011-01-19,00093303,00003595,0001,P,489.00,EUR,
300,AZ,0789,2011-01-19,00093279,00002889,0001,P,489.00,EUR,
300,UA,3516,2011-04-12,00111344,00001910,0001,C,274.00,USD,
300,AZ,0789,2011-01-19,00093249,00000765,0001,P,489.00,EUR,
300,UA,0007,2011-10-22,00024926,00001910,0001,C,190.00,USD,
300,AZ,0789,2011-01-19,00093198,00002166,0001,P,489.00,EUR,
300,AZ,0789,2011-01-19,00093102,00003760,0001,P,489.00,EUR,
300,AA,0017,2011-05-04,00023896,00001910,0001,C,190.00,USD,
300,AZ,0789,2011-01-19,00093306,00003796,0001,P,489.00,EUR,
300,AA,0017,2011-12-07,00036597,00001910,0001,C,190.00,USD,
300,AZ,0789,2011-01-19,00093072,00003378,0001,P,489.00,EUR,
300,AZ,0789,2011-01-19,00093081,00003579,0001,P,489.00,EUR,
300,AA,0017,2011-10-19,00034046,00001910,0001,C,190.00,USD,
300,AZ,0789,2011-01-19,00093351,00002343,0001,P,489.00,EUR,
300,UA,3516,2010-12-07,00103721,00001910,0001,C,274.00,USD,
300,AZ,0789,2011-01-19,00093066,00001247,0001,P,489.00,EUR,
300,JL,0407,2010-07-30,00004423,00001910,0001,C,477.00,JPY,
300,AZ,0789,2011-01-19,00093255,00003455,0001,P,489.00,EUR,
300,JL,0407,2011-02-04,00012821,00001910,0001,C,477.00,JPY,
300,AZ,0789,2011-01-19,00093033,00002796,0001,P,489.00,EUR,
300,SQ,0015,2011-10-26,00056783,00001910,0001,C,1044.00,SGD,
300,AZ,0789,2011-01-19,00093276,00000869,0001,P,489.00,EUR,
300,SQ,0066,2010-05-10,00061583,00001910,0001,C,148.00,SGD,
300,AZ,0789,2011-01-19,00093171,00003406,0001,P,489.00,EUR,
300,AA,0026,2010-11-17,00048103,00001910,0001,C,274.00,USD,
300,AZ,0789,2011-01-19,00093369,00002547,0001,P,489.00,EUR,
300,UA,3504,2010-05-07,00051082,00001910,0001,C,1187.00,USD,
300,AZ,0789,2011-01-19,00093129,00002547,0001,P,489.00,EUR,
300,UA,3516,2011-07-12,00117130,00001910,0001,C,274.00,USD,
300,AZ,0789,2011-01-19,00093153,00001516,0001,P,489.00,EUR,
300,DL,1984,2011-09-12,00107105,00001910,0001,C,190.00,USD,
300,AZ,0789,2011-06-15,00102288,00000448,0001,P,489.00,EUR,
300,DL,1984,2011-09-12,00107167,00001910,0001,C,190.00,USD,
300,AZ,0789,2011-06-15,00102291,00001524,0001,P,489.00,EUR,
300,SQ,0067,2010-10-18,00109598,00001910,0001,C,148.00,SGD,
300,AZ,0789,2011-06-15,00102462,00002270,0001,P,489.00,EUR,
300,DL,1984,2011-07-25,00104099,00001910,0001,C,190.00,USD,
300,AZ,0789,2011-06-15,00102378,00002768,0001,P,489.00,EUR,
300,SQ,0067,2010-11-01,00110388,00001910,0001,C,148.00,SGD,
300,AZ,0789,2011-06-15,00102488,00004169,0001,P,489.00,EUR,
300,AZ,0789,2011-06-15,00102120,00002475,0001,P,489.00,EUR,
300,UA,3517,2011-06-20,00154742,00001910,0001,C,274.00,USD,
300,AZ,0789,2011-06-15,00102330,00002953,0001,P,489.00,EUR,
300,UA,3517,2010-05-31,00130612,00001910,0001,C,274.00,USD,
300,AZ,0789,2011-06-15,00102309,00001403,0001,P,489.00,EUR,
300,SQ,0067,2011-06-20,00124919,00001910,0001,C,148.00,SGD,
300,AZ,0789,2011-06-15,00102444,00004113,0001,P,489.00,EUR,
300,UA,3517,2010-11-22,00141398,00001910,0001,C,274.00,USD,
300,AZ,0789,2011-06-15,00102471,00002957,0001,P,489.00,EUR,
300,SQ,0114,2010-05-17,00136389,00001910,0001,C,160.00,SGD,
300,AZ,0789,2011-06-15,00102384,00004611,0001,P,489.00,EUR,
300,UA,3504,2011-07-29,00079381,00001910,0001,C,395.00,USD,
300,AZ,0789,2011-06-15,00102297,00003655,0001,P,489.00,EUR,
300,UA,3504,2011-10-07,00084300,00001910,0001,C,395.00,USD,
300,AZ,0789,2011-06-15,00102141,00003093,0001,P,489.00,EUR,
300,SQ,0066,2011-01-24,00077714,00001910,0001,C,148.00,SGD,
300,AZ,0789,2011-06-15,00102485,00004005,0001,P,489.00,EUR,
300,UA,3516,2010-05-11,00090611,00001910,0001,C,274.00,USD,
300,AZ,0789,2011-06-15,00102264,00000705,0001,P,489.00,EUR,
300,SQ,0066,2011-08-29,00091005,00001910,0001,C,296.00,SGD,
300,AZ,0789,2011-06-15,00102369,00002961,0001,P,489.00,EUR,
300,AA,0017,2011-07-06,00027504,00001910,0001,C,190.00,USD,
300,AZ,0789,2011-06-15,00102366,00000713,0001,P,489.00,EUR,
300,UA,0007,2012-03-10,00027435,00001910,0001,C,380.00,USD,
300,AZ,0789,2011-06-15,00102129,00000388,0001,P,489.00,EUR,
300,DL,1699,2011-07-25,00066008,00001910,0001,C,190.00,USD,
300,AZ,0789,2011-06-15,00102276,00003314,0001,P,489.00,EUR,
300,AZ,0789,2011-06-15,00102324,00004233,0001,P,489.00,EUR,
300,UA,3504,2010-12-17,00065363,00001910,0001,C,395.00,USD,
300,AZ,0789,2011-06-15,00102132,00002005,0001,P,489.00,EUR,
300,DL,1699,2011-07-25,00066044,00001910,0001,C,190.00,USD,
300,AZ,0789,2011-06-15,00102375,00004635,0001,P,489.00,EUR,
300,UA,3516,2010-10-19,00100506,00001910,0001,C,274.00,USD,
300,AZ,0789,2011-06-15,00102210,00000894,0001,P,489.00,EUR,
300,DL,1984,2011-03-21,00096382,00001910,0001,C,190.00,USD,
300,AZ,0789,2011-06-15,00102417,00001829,0001,P,489.00,EUR,
300,SQ,0067,2010-07-19,00103912,00001910,0001,C,148.00,SGD,
300,AZ,0789,2011-06-15,00102459,00000809,0001,P,489.00,EUR,
300,SQ,0066,2011-09-26,00092849,00001910,0001,C,148.00,SGD,
300,AZ,0789,2011-06-15,00102261,00001797,0001,P,489.00,EUR,
300,SQ,0866,2010-11-11,00314235,00001910,0001,C,230.00,SGD,
300,AZ,0789,2011-06-15,00102222,00002885,0001,P,489.00,EUR,
300,SQ,0866,2010-07-01,00306122,00001910,0001,C,230.00,SGD,
300,AZ,0789,2011-06-15,00102414,00001745,0001,P,489.00,EUR,
300,SQ,0326,2010-11-12,00261694,00001910,0001,C,781.00,SGD,
300,AZ,0789,2011-06-15,00102258,00003615,0001,P,489.00,EUR,
300,SQ,0866,2011-08-11,00331284,00001910,0001,C,230.00,SGD,
300,AZ,0789,2011-06-15,00102135,00001247,0001,P,489.00,EUR,
300,AZ,0789,2011-06-15,00102177,00003623,0001,P,489.00,EUR,
300,SQ,0866,2011-06-16,00328052,00001910,0001,C,230.00,SGD,
300,AZ,0789,2011-06-15,00102216,00003354,0001,P,489.00,EUR,
300,SQ,0866,2011-02-24,00320795,00001910,0001,C,230.00,SGD,
300,AZ,0789,2011-06-15,00102477,00002921,0001,P,489.00,EUR,
300,AZ,0789,2011-06-15,00102387,00003258,0001,P,489.00,EUR,
300,SQ,0326,2011-07-29,00273058,00001910,0001,C,781.00,SGD,
300,AZ,0789,2011-06-15,00102267,00000468,0001,P,489.00,EUR,
300,AZ,0789,2011-06-15,00102315,00003936,0001,P,489.00,EUR,
300,SQ,0863,2011-08-24,00297157,00001910,0001,C,230.00,SGD,
300,AZ,0789,2011-08-03,00105402,00004326,0001,P,489.00,EUR,
300,SQ,0326,2011-02-04,00265404,00001910,0001,C,781.00,SGD,
300,AZ,0789,2011-08-03,00105288,00002608,0001,P,489.00,EUR,
300,SQ,0866,2010-04-29,00302199,00001910,0001,C,230.00,SGD,
300,SQ,0997,2010-12-03,00392337,00001910,0001,C,409.00,SGD,
300,SQ,0997,2010-07-02,00382741,00001910,0001,C,409.00,SGD,
300,SQ,0997,2010-07-02,00382735,00001910,0001,C,409.00,SGD,
300,SQ,0997,2010-07-09,00383086,00001910,0001,C,409.00,SGD,
300,SQ,0997,2011-08-26,00408520,00001910,0001,C,409.00,SGD,
300,AZ,0789,2011-08-03,00105294,00003671,0001,P,489.00,EUR,
300,SQ,0997,2011-10-21,00412008,00001910,0001,C,409.00,SGD,
300,SQ,0997,2011-04-01,00399460,00001910,0001,C,409.00,SGD,
300,AZ,0789,2011-08-03,00105479,00002539,0001,P,489.00,EUR,
300,SQ,0988,2010-10-21,00350825,00001910,0001,C,409.00,SGD,
300,AZ,0789,2011-08-03,00105405,00000669,0001,P,489.00,EUR,
300,SQ,0988,2010-09-23,00348886,00001910,0001,C,409.00,SGD,
300,AZ,0789,2011-08-03,00105435,00002122,0001,P,489.00,EUR,
300,SQ,0988,2010-06-17,00342960,00001910,0001,C,409.00,SGD,
300,AZ,0789,2011-08-03,00105348,00002768,0001,P,489.00,EUR,
300,SQ,0988,2010-06-03,00341895,00001910,0001,C,409.00,SGD,
300,AZ,0789,2011-08-03,00105381,00000938,0001,P,489.00,EUR,
300,SQ,0988,2011-09-29,00372037,00001910,0001,C,409.00,SGD,
300,AZ,0789,2011-08-03,00105204,00004478,0001,P,489.00,EUR,
300,SQ,0988,2011-09-29,00372038,00001910,0001,C,409.00,SGD,
300,SQ,0988,2011-08-11,00369229,00001910,0001,C,409.00,SGD,
300,AZ,0789,2011-08-03,00105426,00002017,0001,P,489.00,EUR,
300,SQ,0988,2011-08-04,00368565,00001910,0001,C,409.00,SGD,
300,AZ,0789,2011-08-03,00105417,00003410,0001,P,489.00,EUR,
300,SQ,0988,2011-04-14,00361732,00001910,0001,C,409.00,SGD,
300,UA,3517,2011-06-20,00154743,00001910,0001,C,274.00,USD,
300,UA,3517,2011-02-07,00146498,00001910,0001,C,274.00,USD,
300,SQ,0158,2010-08-17,00174550,00001910,0001,C,222.00,SGD,
300,SQ,0158,2011-04-05,00182738,00001910,0001,C,222.00,SGD,
300,AZ,0789,2011-08-03,00105255,00000074,0001,P,489.00,EUR,
300,SQ,0158,2010-06-01,00171777,00001910,0001,C,222.00,SGD,
300,UA,3516,2011-09-13,00121390,00001910,0001,C,274.00,USD,
300,AZ,0789,2011-08-03,00105336,00003158,0001,P,489.00,EUR,
300,UA,3516,2011-06-21,00115587,00001910,0001,C,549.00,USD,
300,AZ,0789,2011-08-03,00105477,00004611,0001,P,489.00,EUR,
300,UA,3516,2010-08-03,00095827,00001910,0001,C,274.00,USD,
300,SQ,0067,2011-08-15,00128313,00001910,0001,C,148.00,SGD,
300,SQ,0067,2011-08-08,00127646,00001910,0001,C,444.00,SGD,
300,SQ,0325,2011-04-06,00236136,00001910,0001,C,781.00,SGD,
300,SQ,0325,2011-02-02,00232388,00001910,0001,C,781.00,SGD,
300,SQ,0325,2011-06-15,00240409,00001910,0001,C,781.00,SGD,
300,SQ,0325,2011-04-20,00237110,00001910,0001,C,781.00,SGD,
300,SQ,0325,2010-11-17,00227380,00001910,0001,C,781.00,SGD,
300,SQ,0326,2010-08-27,00258449,00001910,0001,C,781.00,SGD,
300,SQ,0158,2012-01-24,00191654,00001910,0001,C,445.00,SGD,
300,SQ,0161,2011-05-10,00205805,00001910,0001,C,445.00,SGD,
300,SQ,0161,2011-02-15,00202861,00001910,0001,C,222.00,SGD,
300,AZ,0789,2011-08-03,00105261,00003916,0001,P,489.00,EUR,
300,AZ,0789,2011-08-03,00105339,00001905,0001,P,489.00,EUR,
300,SQ,0161,2011-07-19,00208546,00001910,0001,C,222.00,SGD,
300,SQ,0015,2010-12-15,00036939,00000445,0001,C,1044.00,SGD,
300,QF,0005,2010-12-17,00015030,00000445,0001,C,354.00,AUD,
300,AZ,0789,2011-08-03,00105174,00003900,0001,P,489.00,EUR,
300,AA,0017,2011-10-19,00033987,00000445,0001,C,190.00,USD,
300,UA,0007,2011-04-30,00016392,00000445,0001,C,190.00,USD,
300,SQ,0002,2011-07-21,00016353,00000445,0001,C,1044.00,SGD,
300,QF,0005,2011-11-04,00034928,00000445,0001,C,354.00,AUD,
300,SQ,0002,2011-03-03,00011215,00000445,0001,C,2088.00,SGD,
300,DL,0106,2010-10-11,00010847,00000445,0001,C,274.00,USD,
300,QF,0005,2010-11-05,00012428,00000445,0001,C,354.00,AUD,
300,SQ,0015,2010-05-26,00024359,00000445,0001,C,1044.00,SGD,
300,UA,0007,2011-11-26,00026302,00000445,0001,C,190.00,USD,
300,QF,0005,2011-06-17,00026440,00000445,0001,C,354.00,AUD,
300,QF,0005,2011-07-22,00028460,00000445,0001,C,354.00,AUD,
300,AZ,0789,2011-08-03,00105249,00003619,0001,P,489.00,EUR,
300,AZ,0789,2011-08-03,00105246,00001652,0001,P,489.00,EUR,
300,AZ,0789,2011-08-03,00105396,00003651,0001,P,489.00,EUR,
300,AZ,0789,2011-08-03,00105183,00002106,0001,P,489.00,EUR,
300,UA,0941,2011-08-11,00044760,00000445,0001,C,395.00,USD,
300,SQ,0002,2010-09-16,00005230,00000445,0001,C,1044.00,SGD,
300,SQ,0002,2010-10-07,00005966,00000445,0001,C,2088.00,SGD,
300,SQ,0002,2010-04-29,00000257,00000445,0001,C,2088.00,SGD,
300,JL,0407,2010-04-30,00000542,00000445,0001,C,477.00,JPY,
300,UA,0007,2010-10-30,00008437,00000445,0001,C,190.00,USD,
300,QF,0006,2010-07-07,00041395,00000445,0001,C,354.00,AUD,
300,UA,0941,2010-07-22,00031225,00000445,0001,C,395.00,USD,
300,DL,1699,2010-10-18,00048598,00000445,0001,C,190.00,USD,
300,AA,0017,2011-07-20,00028624,00000445,0001,C,190.00,USD,
300,QF,0006,2010-06-09,00040098,00000445,0001,C,354.00,AUD,
300,QF,0006,2010-08-04,00042667,00000445,0001,C,354.00,AUD,
300,AA,0017,2012-02-08,00037695,00000445,0001,C,190.00,USD,
300,AZ,0789,2011-08-03,00105375,00000388,0001,P,489.00,EUR,
300,JL,0408,2011-03-12,00038700,00000445,0001,C,477.00,JPY,
300,AZ,0789,2011-08-03,00105506,00002704,0001,P,489.00,EUR,
300,AA,0017,2012-04-11,00038641,00000445,0001,C,190.00,USD,
300,AZ,0789,2011-08-03,00105512,00004522,0001,P,489.00,EUR,
300,SQ,0015,2011-08-17,00052430,00000445,0001,C,1044.00,SGD,
300,DL,1699,2011-04-04,00059015,00000445,0001,C,190.00,USD,
300,AZ,0789,2011-08-03,00105369,00002575,0001,P,489.00,EUR,
300,QF,0005,2010-10-15,00011194,00000445,0001,C,354.00,AUD,
300,AZ,0789,2011-08-03,00105459,00003828,0001,P,489.00,EUR,
300,DL,1699,2011-06-20,00063880,00000445,0001,C,190.00,USD,
300,AZ,0789,2011-08-03,00105432,00004045,0001,P,489.00,EUR,
300,SQ,0002,2011-06-16,00015170,00000445,0001,C,1044.00,SGD,
300,AZ,0789,2011-08-03,00105219,00004438,0001,P,489.00,EUR,
300,QF,0006,2011-11-30,00063636,00000445,0001,C,1064.00,AUD,
300,AZ,0789,2011-08-03,00105303,00001423,0001,P,489.00,EUR,
300,QF,0005,2010-05-21,00002146,00000445,0001,C,354.00,AUD,
300,AZ,0789,2011-08-03,00105198,00000544,0001,P,489.00,EUR,
300,SQ,0002,2010-06-03,00001535,00000445,0001,C,1044.00,SGD,
300,AZ,0789,2011-08-03,00105228,00000356,0001,P,489.00,EUR,
300,UA,0007,2010-05-15,00001181,00000445,0001,C,190.00,USD,
300,AZ,0789,2011-08-03,00105438,00003338,0001,P,489.00,EUR,
300,DL,0106,2010-08-09,00006867,00000445,0001,C,274.00,USD,
300,AZ,0789,2011-08-03,00105258,00000512,0001,P,489.00,EUR,
300,SQ,0002,2010-09-09,00005041,00000445,0001,C,1044.00,SGD,
300,AZ,0789,2011-08-03,00105345,00001945,0001,P,489.00,EUR,
300,QF,0006,2012-03-21,00064954,00000445,0001,C,354.00,AUD,
300,AZ,0789,2011-08-03,00105533,00001287,0001,P,489.00,EUR,
300,SQ,0002,2011-06-30,00015682,00000445,0001,C,1044.00,SGD,
300,AZ,0789,2011-06-01,00101303,00003896,0001,P,489.00,EUR,
300,UA,3504,2010-08-06,00056784,00000445,0001,C,1187.00,USD,
300,AZ,0789,2011-06-01,00101279,00003896,0001,P,489.00,EUR,
300,QF,0005,2011-01-28,00017535,00000445,0001,C,354.00,AUD,
300,AZ,0789,2011-06-01,00101542,00000733,0001,P,489.00,EUR,
300,DL,1699,2011-05-23,00062041,00000445,0001,C,190.00,USD,
300,DL,1699,2011-06-27,00064146,00000445,0001,C,190.00,USD,
300,AA,0064,2011-11-25,00086879,00000445,0001,C,190.00,USD,
300,AA,0064,2011-04-01,00078457,00000445,0001,C,190.00,USD,
300,AA,0064,2011-03-25,00078319,00000445,0001,C,190.00,USD,
300,DL,1984,2010-06-21,00079325,00000445,0001,C,190.00,USD,
300,DL,1984,2011-01-31,00092979,00000445,0001,C,190.00,USD,
300,AZ,0789,2011-06-01,00101402,00003246,0001,P,489.00,EUR,
300,SQ,0066,2010-11-01,00072600,00000445,0001,C,148.00,SGD,
300,AZ,0789,2011-06-01,00101536,00000693,0001,P,489.00,EUR,
300,AA,0064,2010-10-01,00071906,00000445,0001,C,190.00,USD,
300,AZ,0789,2011-06-01,00101557,00003732,0001,P,489.00,EUR,
300,AA,0064,2010-10-01,00071993,00000445,0001,C,190.00,USD,
300,AZ,0789,2011-06-01,00101294,00003720,0001,P,489.00,EUR,
300,UA,3504,2011-03-11,00070473,00000445,0001,C,395.00,USD,
300,DL,1984,2010-04-26,00075817,00000445,0001,C,190.00,USD,
300,AZ,0789,2011-06-01,00101327,00004221,0001,P,489.00,EUR,
300,UA,3516,2010-08-17,00096805,00000445,0001,C,274.00,USD,
300,AZ,0789,2011-06-01,00101494,00002210,0001,P,489.00,EUR,
300,DL,1699,2011-12-12,00074108,00000445,0001,C,190.00,USD,
300,AZ,0789,2011-06-01,00101285,00001343,0001,P,489.00,EUR,
300,DL,1699,2011-12-05,00073686,00000445,0001,C,190.00,USD,
300,AZ,0789,2011-06-01,00101465,00001989,0001,P,489.00,EUR,
300,AA,0017,2011-06-15,00026256,00000445,0001,C,190.00,USD,
300,AZ,0789,2011-06-01,00101405,00001933,0001,P,489.00,EUR,
300,UA,0007,2011-11-05,00025582,00000445,0001,C,190.00,USD,
300,AZ,0789,2011-06-01,00101366,00001307,0001,P,489.00,EUR,
300,AA,0017,2011-03-02,00019741,00000445,0001,C,190.00,USD,
300,AZ,0789,2011-06-01,00101575,00001275,0001,P,489.00,EUR,
300,SQ,0067,2010-08-16,00105796,00000445,0001,C,148.00,SGD,
300,AZ,0789,2011-06-01,00101551,00002315,0001,P,489.00,EUR,
300,SQ,0002,2010-11-11,00007289,00000445,0001,C,1044.00,SGD,
300,AZ,0789,2011-06-01,00101491,00003394,0001,P,489.00,EUR,
300,JL,0407,2010-06-04,00001923,00000445,0001,C,477.00,JPY,
300,AZ,0789,2011-06-01,00101587,00001355,0001,P,489.00,EUR,
300,AZ,0789,2011-06-01,00101333,00001600,0001,P,489.00,EUR,
300,UA,3516,2010-12-14,00103889,00000445,0001,C,274.00,USD,
300,AZ,0789,2011-06-01,00101375,00000829,0001,P,489.00,EUR,
300,UA,0007,2010-07-10,00003609,00000445,0001,C,190.00,USD,
300,AZ,0789,2011-06-01,00101617,00003491,0001,P,489.00,EUR,
300,LH,0401,2010-06-25,00043726,00001427,0001,C,316.00,EUR,
300,SQ,0002,2011-06-30,00015528,00000445,0001,C,1044.00,SGD,
300,AZ,0789,2011-06-01,00101578,00002395,0001,P,489.00,EUR,
300,AA,0017,2011-01-26,00017519,00000445,0001,C,190.00,USD,
300,LH,0401,2010-06-25,00043600,00002865,0001,C,316.00,EUR,
300,AZ,0789,2011-06-01,00101548,00001146,0001,P,489.00,EUR,
300,DL,1984,2011-09-19,00107215,00000445,0001,C,380.00,USD,
300,LH,0401,2010-06-25,00043798,00001082,0001,C,316.00,EUR,
300,AZ,0789,2011-06-01,00101608,00004145,0001,P,489.00,EUR,
300,SQ,0067,2010-08-30,00106745,00000445,0001,C,148.00,SGD,
300,LH,0401,2010-06-25,00043729,00001150,0001,C,316.00,EUR,
300,AZ,0789,2011-06-01,00101569,00000544,0001,P,489.00,EUR,
300,AA,0026,2011-03-23,00053738,00000445,0001,C,274.00,USD,
300,LH,0401,2010-06-25,00043849,00004005,0001,C,316.00,EUR,
300,AZ,0789,2011-06-01,00101533,00001476,0001,P,489.00,EUR,
300,AA,0026,2011-08-17,00060135,00000445,0001,C,274.00,USD,
300,LH,0401,2010-06-25,00043808,00004334,0001,C,316.00,EUR,
300,AZ,0789,2011-06-01,00101252,00004205,0001,P,489.00,EUR,
300,SQ,0066,2010-04-26,00060577,00000445,0001,C,148.00,SGD,
300,LH,0401,2010-06-25,00043709,00004478,0001,C,316.00,EUR,
300,AZ,0789,2011-06-01,00101485,00003242,0001,P,489.00,EUR,
300,UA,3516,2010-06-01,00091802,00000445,0001,C,274.00,USD,
300,LH,0401,2010-06-25,00043697,00004338,0001,C,316.00,EUR,
300,AZ,0789,2011-06-01,00101620,00002523,0001,P,489.00,EUR,
300,AZ,0789,2011-06-01,00101258,00001576,0001,P,489.00,EUR,
300,LH,0401,2010-06-25,00043630,00001901,0001,C,316.00,EUR,
300,AZ,0789,2011-06-01,00101321,00003772,0001,P,489.00,EUR,
300,LH,0401,2011-02-04,00057795,00001263,0001,C,316.00,EUR,
300,DL,1699,2011-03-21,00058291,00000445,0001,C,190.00,USD,
300,AZ,0789,2011-06-01,00101590,00000729,0001,P,489.00,EUR,
300,LH,0401,2011-02-04,00057732,00003575,0001,C,316.00,EUR,
300,SQ,0067,2010-12-13,00113196,00000445,0001,C,148.00,SGD,
300,LH,0401,2011-02-04,00057756,00004257,0001,C,316.00,EUR,
300,AZ,0789,2011-06-01,00101521,00001552,0001,P,489.00,EUR,
300,UA,3516,2011-06-07,00114784,00000445,0001,C,274.00,USD,
300,LH,0401,2011-02-04,00057516,00004257,0001,C,316.00,EUR,
300,AZ,0789,2011-06-01,00101300,00003141,0001,P,489.00,EUR,
300,DL,1984,2011-11-07,00110569,00000445,0001,C,190.00,USD,
300,LH,0401,2011-02-04,00057489,00003190,0001,C,316.00,EUR,
300,AZ,0789,2011-06-01,00101372,00003033,0001,P,489.00,EUR,
300,SQ,0067,2010-10-25,00110142,00000445,0001,C,148.00,SGD,
300,LH,0401,2011-02-04,00057717,00004350,0001,C,316.00,EUR,
300,AZ,0789,2011-06-01,00101518,00002877,0001,P,489.00,EUR,
300,DL,1984,2012-01-02,00112191,00000445,0001,C,190.00,USD,
300,LH,0401,2011-02-04,00057775,00002106,0001,C,316.00,EUR,
300,AZ,0789,2010-05-19,00077812,00000817,0001,P,489.00,EUR,
300,DL,1984,2012-01-02,00112192,00000445,0001,C,190.00,USD,
300,LH,0401,2011-02-04,00057736,00002941,0001,C,316.00,EUR,
300,AZ,0789,2010-05-19,00078003,00003507,0001,P,489.00,EUR,
300,SQ,0117,2010-08-09,00152242,00000445,0001,C,160.00,SGD,
300,LH,0401,2011-02-04,00057606,00004571,0001,C,316.00,EUR,
300,AZ,0789,2010-05-19,00078051,00000516,0001,P,489.00,EUR,
300,UA,3517,2011-07-18,00156112,00000445,0001,C,274.00,USD,
300,LH,0401,2011-02-04,00057745,00002628,0001,C,316.00,EUR,
300,AZ,0789,2010-05-19,00078075,00001708,0001,P,489.00,EUR,
300,SQ,0067,2011-10-10,00131612,00000445,0001,C,148.00,SGD,
300,LH,0401,2011-02-04,00057549,00001303,0001,C,316.00,EUR,
300,SQ,0066,2011-03-07,00080283,00000445,0001,C,148.00,SGD,
300,AZ,0789,2010-05-19,00077899,00000241,0001,P,489.00,EUR,
300,UA,3504,2011-08-12,00079932,00000445,0001,C,395.00,USD,
300,LH,0401,2011-02-04,00057772,00004474,0001,C,316.00,EUR,
300,AZ,0789,2010-05-19,00078117,00002909,0001,P,489.00,EUR,
300,SQ,0066,2011-05-09,00084113,00000445,0001,C,148.00,SGD,
300,LH,0401,2011-02-04,00057444,00002969,0001,C,316.00,EUR,
300,AZ,0789,2010-05-19,00077803,00003732,0001,P,489.00,EUR,
300,UA,3504,2011-10-07,00084327,00000445,0001,C,395.00,USD,
300,LH,0401,2011-02-04,00057438,00002034,0001,C,316.00,EUR,
300,AZ,0789,2010-05-19,00078150,00000476,0001,P,489.00,EUR,
300,DL,1984,2010-06-14,00078667,00000445,0001,C,190.00,USD,
300,LH,0401,2011-02-04,00057466,00003559,0001,C,316.00,EUR,
300,AZ,0789,2010-05-19,00077830,00004551,0001,P,489.00,EUR,
300,LH,0401,2011-02-04,00057550,00003820,0001,C,316.00,EUR,
300,AA,0064,2011-02-11,00076797,00000445,0001,C,190.00,USD,
300,AZ,0789,2010-05-19,00078156,00004221,0001,P,489.00,EUR,
300,LH,0401,2011-02-04,00057504,00000078,0001,C,316.00,EUR,
300,AZ,0789,2010-05-19,00078060,00003117,0001,P,489.00,EUR,
300,SQ,0066,2011-08-15,00090191,00000445,0001,C,148.00,SGD,
300,LH,0401,2011-02-04,00057672,00003278,0001,C,316.00,EUR,
300,AZ,0789,2010-05-19,00077938,00003695,0001,P,489.00,EUR,
300,SQ,0066,2011-08-01,00089601,00000445,0001,C,148.00,SGD,
300,LH,0401,2011-02-04,00057433,00001439,0001,C,316.00,EUR,
300,AZ,0789,2010-05-19,00077988,00000902,0001,P,489.00,EUR,
300,SQ,0066,2011-09-19,00092316,00000445,0001,C,444.00,SGD,
300,LH,0401,2011-02-04,00057592,00003431,0001,C,316.00,EUR,
300,AZ,0789,2010-05-19,00078132,00003282,0001,P,489.00,EUR,
300,AA,0026,2011-06-15,00057405,00000445,0001,C,274.00,USD,
300,LH,0401,2011-02-04,00057768,00002632,0001,C,316.00,EUR,
300,AZ,0789,2010-05-19,00078006,00002250,0001,P,489.00,EUR,
300,UA,0941,2010-04-22,00027935,00000445,0001,C,395.00,USD,
300,AZ,0789,2010-05-19,00078063,00001644,0001,P,489.00,EUR,
300,SQ,0066,2010-07-26,00066283,00000445,0001,C,148.00,SGD,
300,AZ,0789,2010-05-19,00077863,00003960,0001,P,489.00,EUR,
300,SQ,0066,2011-12-12,00096622,00000445,0001,C,148.00,SGD,
300,AZ,0789,2010-05-19,00077809,00000213,0001,P,489.00,EUR,
300,AZ,0789,2010-05-19,00078174,00003270,0001,P,489.00,EUR,
300,SQ,0866,2010-08-12,00308808,00000445,0001,C,230.00,SGD,
300,AZ,0789,2010-05-19,00078096,00003089,0001,P,489.00,EUR,
300,SQ,0866,2010-08-12,00308546,00000445,0001,C,230.00,SGD,
300,SQ,0866,2010-10-28,00313256,00000445,0001,C,461.00,SGD,
300,LH,0401,2011-02-04,00057577,00004157,0001,C,316.00,EUR,
300,SQ,0326,2010-10-22,00260705,00000445,0001,C,781.00,SGD,
300,LH,0401,2011-02-04,00057556,00001407,0001,C,316.00,EUR,
300,SQ,0866,2011-01-13,00318061,00000445,0001,C,461.00,SGD,
300,LH,0401,2011-02-04,00057463,00003491,0001,C,316.00,EUR,
300,SQ,0326,2011-08-05,00273382,00000445,0001,C,781.00,SGD,
300,SQ,0863,2011-04-06,00292098,00000445,0001,C,230.00,SGD,
300,SQ,0863,2011-02-09,00290184,00000445,0001,C,230.00,SGD,
300,SQ,0997,2011-01-14,00394958,00000445,0001,C,409.00,SGD,
300,SQ,0997,2011-01-07,00394335,00000445,0001,C,409.00,SGD,
300,SQ,0997,2010-06-25,00382200,00000445,0001,C,409.00,SGD,
300,LH,0401,2011-02-04,00057727,00002816,0001,C,316.00,EUR,
300,SQ,0997,2011-09-09,00409361,00000445,0001,C,409.00,SGD,
300,SQ,0997,2011-10-28,00412482,00000445,0001,C,409.00,SGD,
300,SQ,0997,2011-03-04,00397669,00000445,0001,C,409.00,SGD,
300,LH,0401,2011-02-04,00057781,00002816,0001,C,316.00,EUR,
300,SQ,0997,2011-06-17,00404472,00000445,0001,C,409.00,SGD,
300,LH,0401,2011-02-04,00057459,00002824,0001,C,316.00,EUR,
300,SQ,0997,2011-06-17,00404473,00000445,0001,C,409.00,SGD,
300,LH,0401,2011-02-04,00057537,00000986,0001,C,316.00,EUR,
300,SQ,0988,2010-11-18,00352350,00000445,0001,C,409.00,SGD,
300,SQ,0988,2010-08-12,00346579,00000445,0001,C,409.00,SGD,
300,LH,0401,2011-02-04,00057462,00001865,0001,C,316.00,EUR,
300,LH,0401,2011-02-04,00057508,00002780,0001,C,316.00,EUR,
300,LH,0401,2011-02-04,00057646,00001175,0001,C,316.00,EUR,
300,LH,0401,2011-02-04,00057718,00002792,0001,C,316.00,EUR,
300,LH,0401,2011-02-04,00057487,00002222,0001,C,316.00,EUR,
300,LH,0401,2011-02-04,00057769,00003985,0001,C,316.00,EUR,
300,LH,0401,2011-02-04,00057445,00003736,0001,C,316.00,EUR,
300,LH,0401,2011-02-04,00057631,00002535,0001,C,316.00,EUR,
300,LH,0401,2011-02-04,00057436,00002588,0001,C,316.00,EUR,
300,LH,0401,2011-02-04,00057666,00004093,0001,C,316.00,EUR,
300,LH,0401,2011-02-04,00057535,00001612,0001,C,316.00,EUR,
300,LH,0401,2011-02-04,00057792,00000990,0001,C,316.00,EUR,
300,LH,0401,2011-02-04,00057624,00004402,0001,C,316.00,EUR,
300,LH,0401,2011-02-04,00057579,00003880,0001,C,316.00,EUR,
300,LH,0401,2011-02-04,00057693,00004085,0001,C,316.00,EUR,
300,LH,0401,2011-02-04,00057483,00003342,0001,C,316.00,EUR,
300,LH,0401,2011-02-04,00057484,00000528,0001,C,316.00,EUR,
300,LH,0401,2011-02-04,00057609,00000209,0001,C,316.00,EUR,
300,LH,0401,2011-02-04,00057510,00000248,0001,C,316.00,EUR,
300,LH,0401,2011-02-04,00057714,00003246,0001,C,316.00,EUR,
300,LH,0401,2011-02-04,00057486,00002515,0001,C,316.00,EUR,
300,LH,0401,2011-02-04,00057786,00001371,0001,C,316.00,EUR,
300,LH,0401,2011-02-04,00057705,00004374,0001,C,316.00,EUR,
300,LH,0401,2011-02-04,00057612,00001696,0001,C,316.00,EUR,
300,LH,0401,2011-02-04,00057493,00004249,0001,C,316.00,EUR,
300,LH,0401,2011-02-04,00057454,00001949,0001,C,316.00,EUR,
300,LH,0401,2011-02-04,00057532,00001949,0001,C,316.00,EUR,
300,LH,0401,2011-02-04,00057526,00002009,0001,C,316.00,EUR,
300,LH,0401,2011-02-04,00057465,00002138,0001,C,316.00,EUR,
300,LH,0401,2011-02-04,00057798,00002652,0001,C,316.00,EUR,
300,LH,0401,2011-02-04,00057582,00003314,0001,C,316.00,EUR,
300,LH,0401,2011-02-04,00057558,00004189,0001,C,316.00,EUR,
300,LH,0401,2011-02-04,00057583,00000460,0001,C,316.00,EUR,
300,LH,0401,2011-02-04,00057784,00002523,0001,C,316.00,EUR,
300,LH,0401,2011-02-04,00057676,00001287,0001,C,316.00,EUR,
300,LH,0401,2011-02-04,00057498,00001508,0001,C,316.00,EUR,
300,LH,0401,2011-02-04,00057604,00000793,0001,C,316.00,EUR,
300,LH,0401,2011-03-18,00060325,00003065,0001,C,316.00,EUR,
300,LH,0401,2011-03-18,00060377,00002620,0001,C,316.00,EUR,
300,LH,0401,2011-03-18,00060337,00003724,0001,C,316.00,EUR,
300,LH,0401,2011-03-18,00060104,00001363,0001,C,316.00,EUR,
300,LH,0401,2011-03-18,00060178,00003266,0001,C,316.00,EUR,
300,LH,0401,2011-03-18,00060151,00001018,0001,C,316.00,EUR,
300,LH,0401,2011-03-18,00060094,00004615,0001,C,316.00,EUR,
300,LH,0401,2011-03-18,00060190,00000576,0001,C,316.00,EUR,
300,LH,0401,2011-03-18,00060421,00000725,0001,C,316.00,EUR,
300,LH,0401,2011-03-18,00060089,00003045,0001,C,316.00,EUR,
300,LH,0401,2011-03-18,00060122,00002471,0001,C,316.00,EUR,
300,LH,0401,2011-03-18,00060091,00001435,0001,C,316.00,EUR,
300,LH,0401,2011-03-18,00060295,00002728,0001,C,316.00,EUR,
300,LH,0401,2011-03-18,00060434,00000829,0001,C,316.00,EUR,
300,LH,0401,2011-03-18,00060070,00003567,0001,C,316.00,EUR,
300,LH,0401,2011-03-18,00060427,00001219,0001,C,316.00,EUR,
300,LH,0401,2011-03-18,00060206,00002929,0001,C,316.00,EUR,
300,LH,0401,2011-03-18,00060103,00004302,0001,C,316.00,EUR,
300,LH,0401,2011-03-18,00060317,00003009,0001,C,316.00,EUR,
300,LH,0401,2011-03-18,00060218,00002925,0001,C,316.00,EUR,
300,LH,0401,2011-03-18,00060422,00002034,0001,C,316.00,EUR,
300,LH,0401,2011-03-18,00060230,00001191,0001,C,316.00,EUR,
300,LH,0401,2011-03-18,00060268,00002339,0001,C,316.00,EUR,
300,LH,0401,2011-03-18,00060173,00004021,0001,C,316.00,EUR,
300,LH,0401,2011-03-18,00060436,00003467,0001,C,316.00,EUR,
300,LH,0401,2011-03-18,00060211,00002439,0001,C,316.00,EUR,
300,LH,0401,2011-03-18,00060064,00002720,0001,C,316.00,EUR,
300,LH,0401,2011-03-18,00060431,00002644,0001,C,316.00,EUR,
300,LH,0401,2011-03-18,00060185,00002098,0001,C,316.00,EUR,
300,LH,0401,2011-03-18,00060134,00004025,0001,C,316.00,EUR,
300,LH,0401,2011-03-18,00060236,00000633,0001,C,316.00,EUR,
300,LH,0401,2011-03-18,00060133,00003013,0001,C,316.00,EUR,
300,LH,0401,2011-03-18,00060275,00002861,0001,C,316.00,EUR,
300,LH,0401,2011-03-18,00060341,00003073,0001,C,316.00,EUR,
300,LH,0401,2011-03-18,00060305,00001114,0001,C,316.00,EUR,
300,LH,0401,2011-03-18,00060418,00004270,0001,C,316.00,EUR,
300,LH,0401,2011-03-18,00060061,00003736,0001,C,316.00,EUR,
300,LH,0401,2011-03-18,00060332,00000857,0001,C,316.00,EUR,
300,LH,0401,2011-03-18,00060395,00001877,0001,C,316.00,EUR,
300,LH,0401,2011-03-18,00060329,00000881,0001,C,316.00,EUR,
300,LH,0401,2011-03-18,00060364,00002832,0001,C,316.00,EUR,
300,LH,0401,2011-03-18,00060203,00002905,0001,C,316.00,EUR,
300,LH,0401,2011-03-18,00060277,00003382,0001,C,316.00,EUR,
300,LH,0401,2011-03-18,00060223,00003390,0001,C,316.00,EUR,
300,LH,0401,2011-03-18,00060253,00003390,0001,C,316.00,EUR,
300,LH,0401,2011-03-18,00060226,00004551,0001,C,316.00,EUR,
300,LH,0401,2011-03-18,00060398,00003483,0001,C,316.00,EUR,
300,LH,0401,2011-03-18,00060271,00003194,0001,C,316.00,EUR,
300,LH,0401,2011-03-18,00060086,00002162,0001,C,316.00,EUR,
300,LH,0401,2011-03-18,00060113,00004362,0001,C,316.00,EUR,
300,LH,0401,2011-03-18,00060112,00004362,0001,C,316.00,EUR,
300,LH,0401,2011-03-18,00060365,00001696,0001,C,316.00,EUR,
300,LH,0401,2011-03-18,00060109,00001660,0001,C,316.00,EUR,
300,LH,0401,2011-03-18,00060116,00004330,0001,C,316.00,EUR,
300,LH,0401,2011-03-18,00060143,00001712,0001,C,316.00,EUR,
300,LH,0401,2011-03-18,00060412,00000235,0001,C,316.00,EUR,
300,LH,0401,2011-03-18,00060193,00003816,0001,C,316.00,EUR,
300,LH,0401,2011-03-18,00060388,00001905,0001,C,316.00,EUR,
300,LH,0401,2011-03-18,00060169,00004109,0001,C,316.00,EUR,
300,LH,0401,2011-03-18,00060071,00003141,0001,C,316.00,EUR,
300,LH,0401,2011-03-18,00060394,00000452,0001,C,316.00,EUR,
300,LH,0401,2011-03-18,00060247,00004454,0001,C,316.00,EUR,
300,LH,0401,2011-03-18,00060184,00003627,0001,C,316.00,EUR,
300,LH,0401,2011-03-18,00060136,00002427,0001,C,316.00,EUR,
300,LH,0401,2011-02-18,00058598,00001443,0001,C,316.00,EUR,
300,LH,0401,2011-02-18,00058358,00002230,0001,C,316.00,EUR,
300,LH,0401,2011-02-18,00058534,00002230,0001,C,316.00,EUR,
300,LH,0401,2011-02-18,00058586,00004422,0001,C,316.00,EUR,
300,LH,0401,2011-02-18,00058604,00002604,0001,C,316.00,EUR,
300,LH,0401,2011-02-18,00058310,00000853,0001,C,316.00,EUR,
300,LH,0401,2011-02-18,00058526,00002844,0001,C,316.00,EUR,
300,LH,0401,2011-02-18,00058684,00002800,0001,C,316.00,EUR,
300,LH,0401,2011-02-18,00058329,00004486,0001,C,316.00,EUR,
300,LH,0401,2011-02-18,00058615,00003190,0001,C,316.00,EUR,
300,LH,0401,2011-02-18,00058556,00001797,0001,C,316.00,EUR,
300,LH,0401,2011-02-18,00058538,00001873,0001,C,316.00,EUR,
300,LH,0401,2011-02-18,00058447,00003772,0001,C,316.00,EUR,
300,LH,0401,2011-02-18,00058547,00004089,0001,C,316.00,EUR,
300,LH,0401,2011-02-18,00058592,00002086,0001,C,316.00,EUR,
300,LH,0401,2011-02-18,00058543,00003427,0001,C,316.00,EUR,
300,LH,0401,2011-02-18,00058640,00000922,0001,C,316.00,EUR,
300,LH,0401,2011-02-18,00058523,00003559,0001,C,316.00,EUR,
300,LH,0401,2011-02-18,00058646,00003972,0001,C,316.00,EUR,
300,LH,0401,2011-02-18,00058520,00001664,0001,C,316.00,EUR,
300,LH,0401,2011-02-18,00058451,00001191,0001,C,316.00,EUR,
300,LH,0401,2011-02-18,00058373,00000213,0001,C,316.00,EUR,
300,LH,0401,2011-02-18,00058555,00001588,0001,C,316.00,EUR,
300,LH,0401,2011-02-18,00058570,00001295,0001,C,316.00,EUR,
300,LH,0401,2011-02-18,00058504,00002579,0001,C,316.00,EUR,
300,LH,0401,2011-02-18,00058510,00002824,0001,C,316.00,EUR,
300,LH,0401,2011-02-18,00058568,00003202,0001,C,316.00,EUR,
300,LH,0401,2011-02-18,00058475,00003069,0001,C,316.00,EUR,
300,LH,0401,2011-02-18,00058603,00000797,0001,C,316.00,EUR,
300,LH,0401,2011-02-18,00058439,00002118,0001,C,316.00,EUR,
300,LH,0401,2011-02-18,00058410,00004245,0001,C,316.00,EUR,
300,LH,0401,2011-02-18,00058493,00002222,0001,C,316.00,EUR,
300,LH,0401,2011-02-18,00058459,00003162,0001,C,316.00,EUR,
300,LH,0401,2011-02-18,00058676,00003836,0001,C,316.00,EUR,
300,LH,0401,2011-02-18,00058407,00002724,0001,C,316.00,EUR,
300,LH,0401,2011-02-18,00058406,00002724,0001,C,316.00,EUR,
300,LH,0401,2011-02-18,00058481,00001656,0001,C,316.00,EUR,
300,LH,0401,2011-02-18,00058519,00001279,0001,C,316.00,EUR,
300,LH,0401,2011-02-18,00058606,00000974,0001,C,316.00,EUR,
300,LH,0401,2011-02-18,00058416,00001307,0001,C,316.00,EUR,
300,LH,0401,2011-02-18,00058565,00003776,0001,C,316.00,EUR,
300,LH,0401,2011-02-18,00058675,00001134,0001,C,316.00,EUR,
300,LH,0401,2011-02-18,00058434,00003872,0001,C,316.00,EUR,
300,LH,0401,2011-02-18,00058513,00000512,0001,C,316.00,EUR,
300,LH,0401,2011-02-18,00058610,00004013,0001,C,316.00,EUR,
300,LH,0401,2011-02-18,00058450,00000189,0001,C,316.00,EUR,
300,LH,0401,2011-02-18,00058567,00000753,0001,C,316.00,EUR,
300,LH,0401,2011-02-18,00058636,00004522,0001,C,316.00,EUR,
300,LH,0401,2011-02-18,00058317,00000665,0001,C,316.00,EUR,
300,LH,0401,2011-02-18,00058621,00002162,0001,C,316.00,EUR,
300,LH,0401,2011-02-18,00058583,00001552,0001,C,316.00,EUR,
300,LH,0401,2011-02-18,00058428,00001299,0001,C,316.00,EUR,
300,LH,0401,2011-02-18,00058325,00002756,0001,C,316.00,EUR,
300,LH,0401,2011-02-18,00058679,00002712,0001,C,316.00,EUR,
300,LH,0401,2011-02-18,00058379,00002138,0001,C,316.00,EUR,
300,LH,0401,2011-02-18,00058487,00001913,0001,C,316.00,EUR,
300,LH,0401,2011-02-18,00058431,00003077,0001,C,316.00,EUR,
300,LH,0401,2011-02-18,00058649,00001174,0001,C,316.00,EUR,
300,LH,0401,2011-02-18,00058453,00002254,0001,C,316.00,EUR,
300,LH,0401,2011-02-18,00058436,00000709,0001,C,316.00,EUR,
300,LH,0401,2011-02-18,00058495,00001138,0001,C,316.00,EUR,
300,LH,0401,2011-02-18,00058499,00000604,0001,C,316.00,EUR,
300,LH,0401,2011-02-18,00058401,00003037,0001,C,316.00,EUR,
300,LH,0401,2011-02-18,00058422,00003591,0001,C,316.00,EUR,
300,LH,0401,2010-08-20,00047062,00003065,0001,C,316.00,EUR,
300,LH,0401,2010-08-20,00047073,00000544,0001,C,316.00,EUR,
300,LH,0401,2010-08-20,00047131,00004213,0001,C,316.00,EUR,
300,LH,0401,2010-08-20,00047227,00001215,0001,C,316.00,EUR,
300,LH,0401,2010-08-20,00047124,00000761,0001,C,316.00,EUR,
300,LH,0401,2010-08-20,00047148,00002270,0001,C,316.00,EUR,
300,LH,0401,2010-08-20,00047329,00002961,0001,C,316.00,EUR,
300,LH,0401,2010-08-20,00047260,00002961,0001,C,316.00,EUR,
300,LH,0401,2010-08-20,00047205,00002475,0001,C,316.00,EUR,
300,LH,0401,2010-08-20,00047017,00002608,0001,C,316.00,EUR,
300,LH,0401,2010-08-20,00047208,00002680,0001,C,316.00,EUR,
300,LH,0401,2010-08-20,00047160,00002700,0001,C,316.00,EUR,
300,LH,0401,2010-08-20,00047164,00002901,0001,C,316.00,EUR,
300,LH,0401,2010-08-20,00047344,00004474,0001,C,316.00,EUR,
300,LH,0401,2010-08-20,00047238,00001568,0001,C,316.00,EUR,
300,LH,0401,2010-08-20,00047137,00003559,0001,C,316.00,EUR,
300,LH,0401,2010-08-20,00047295,00003278,0001,C,316.00,EUR,
300,LH,0401,2010-08-20,00047104,00003422,0001,C,316.00,EUR,
300,LH,0401,2010-08-20,00047172,00002664,0001,C,316.00,EUR,
300,LH,0401,2010-08-20,00047139,00003491,0001,C,316.00,EUR,
300,LH,0401,2010-08-20,00047113,00000613,0001,C,316.00,EUR,
300,LH,0401,2010-08-20,00047188,00003250,0001,C,316.00,EUR,
300,LH,0401,2010-08-20,00046998,00003354,0001,C,316.00,EUR,
300,LH,0401,2010-08-20,00047313,00000540,0001,C,316.00,EUR,
300,LH,0401,2010-08-20,00047221,00000946,0001,C,316.00,EUR,
300,LH,0401,2010-08-20,00047134,00002122,0001,C,316.00,EUR,
300,LH,0401,2010-08-20,00047215,00000986,0001,C,316.00,EUR,
300,LH,0401,2010-08-20,00047304,00002150,0001,C,316.00,EUR,
300,LH,0401,2010-08-20,00047316,00003069,0001,C,316.00,EUR,
300,LH,0401,2010-08-20,00047274,00003137,0001,C,316.00,EUR,
300,LH,0401,2010-08-20,00047185,00003198,0001,C,316.00,EUR,
300,LH,0401,2010-08-20,00047176,00003551,0001,C,316.00,EUR,
300,LH,0401,2010-08-20,00047016,00004129,0001,C,316.00,EUR,
300,LH,0401,2010-08-20,00047067,00002612,0001,C,316.00,EUR,
300,LH,0401,2010-08-20,00047094,00002893,0001,C,316.00,EUR,
300,LH,0401,2010-08-20,00047196,00002869,0001,C,316.00,EUR,
300,LH,0401,2010-08-20,00047280,00003025,0001,C,316.00,EUR,
300,LH,0401,2010-08-20,00047170,00000805,0001,C,316.00,EUR,
300,LH,0401,2010-08-20,00047275,00004591,0001,C,316.00,EUR,
300,LH,0401,2010-08-20,00047230,00001853,0001,C,316.00,EUR,
300,LH,0401,2010-08-20,00047338,00000332,0001,C,316.00,EUR,
300,LH,0401,2010-08-20,00047343,00003860,0001,C,316.00,EUR,
300,LH,0401,2010-08-20,00047224,00003900,0001,C,316.00,EUR,
300,LH,0401,2010-08-20,00047184,00000910,0001,C,316.00,EUR,
300,LH,0401,2010-08-20,00047187,00000464,0001,C,316.00,EUR,
300,LH,0401,2010-08-20,00047127,00003699,0001,C,316.00,EUR,
300,LH,0401,2010-08-20,00047259,00003683,0001,C,316.00,EUR,
300,LH,0401,2010-08-20,00047182,00003158,0001,C,316.00,EUR,
300,LH,0401,2010-08-20,00047149,00002531,0001,C,316.00,EUR,
300,LH,0401,2010-08-20,00046984,00001781,0001,C,316.00,EUR,
300,LH,0401,2010-08-20,00047106,00002415,0001,C,316.00,EUR,
300,LH,0401,2010-08-20,00047161,00002712,0001,C,316.00,EUR,
300,LH,0401,2010-08-20,00046999,00001684,0001,C,316.00,EUR,
300,LH,0401,2010-08-20,00047214,00002070,0001,C,316.00,EUR,
300,LH,0401,2010-08-20,00047061,00002965,0001,C,316.00,EUR,
300,LH,0401,2010-08-20,00047145,00001427,0001,C,316.00,EUR,
300,LH,0401,2010-08-20,00047298,00001174,0001,C,316.00,EUR,
300,LH,0401,2010-08-20,00047005,00002371,0001,C,316.00,EUR,
300,LH,0401,2010-08-20,00047028,00001520,0001,C,316.00,EUR,
300,LH,0401,2010-08-20,00047112,00004547,0001,C,316.00,EUR,
300,LH,0401,2010-08-20,00047056,00003932,0001,C,316.00,EUR,
300,LH,0401,2010-08-20,00047074,00004253,0001,C,316.00,EUR,
300,LH,0401,2010-08-20,00047070,00001287,0001,C,316.00,EUR,
300,LH,0401,2010-08-20,00047281,00000400,0001,C,316.00,EUR,
300,LH,0401,2011-07-22,00068058,00003065,0001,C,316.00,EUR,
300,LH,0401,2011-07-22,00068022,00003178,0001,C,316.00,EUR,
300,LH,0401,2011-07-22,00067980,00000950,0001,C,316.00,EUR,
300,LH,0401,2011-07-22,00067944,00002230,0001,C,316.00,EUR,
300,LH,0401,2011-07-22,00068050,00002379,0001,C,316.00,EUR,
300,LH,0401,2011-07-22,00068191,00002278,0001,C,316.00,EUR,
300,LH,0401,2011-07-22,00068049,00000725,0001,C,316.00,EUR,
300,LH,0401,2011-07-22,00068211,00000849,0001,C,316.00,EUR,
300,LH,0401,2011-07-22,00068263,00001797,0001,C,316.00,EUR,
300,LH,0401,2011-07-22,00068197,00003832,0001,C,316.00,EUR,
300,LH,0401,2011-07-22,00068002,00004350,0001,C,316.00,EUR,
300,LH,0401,2011-07-22,00068028,00003667,0001,C,316.00,EUR,
300,LH,0401,2011-07-22,00068061,00003948,0001,C,316.00,EUR,
300,LH,0401,2011-07-22,00068295,00002495,0001,C,316.00,EUR,
300,LH,0401,2011-07-22,00068241,00002575,0001,C,316.00,EUR,
300,LH,0401,2011-07-22,00068182,00002680,0001,C,316.00,EUR,
300,LH,0401,2011-07-22,00068269,00002708,0001,C,316.00,EUR,
300,LH,0401,2011-07-22,00068304,00000817,0001,C,316.00,EUR,
300,LH,0401,2011-07-22,00068038,00002925,0001,C,316.00,EUR,
300,LH,0401,2011-07-22,00067927,00000078,0001,C,316.00,EUR,
300,LH,0401,2011-07-22,00068143,00000536,0001,C,316.00,EUR,
300,LH,0401,2011-07-22,00068001,00002748,0001,C,316.00,EUR,
300,AZ,0789,2010-05-19,00077857,00002286,0001,P,489.00,EUR,
300,LH,0401,2011-07-22,00067975,00001323,0001,C,316.00,EUR,
300,AZ,0789,2010-05-19,00077881,00004346,0001,P,489.00,EUR,
300,LH,0401,2011-07-22,00068104,00004029,0001,C,316.00,EUR,
300,AZ,0789,2010-05-19,00078087,00003852,0001,P,489.00,EUR,
300,LH,0401,2011-07-22,00067960,00002973,0001,C,316.00,EUR,
300,LH,0401,2011-07-22,00067953,00000797,0001,C,316.00,EUR,
300,AZ,0789,2010-05-19,00078129,00000958,0001,P,489.00,EUR,
300,LH,0401,2011-07-22,00068139,00004001,0001,C,316.00,EUR,
300,AZ,0789,2010-05-19,00077893,00002913,0001,P,489.00,EUR,
300,LH,0401,2011-07-22,00067948,00003113,0001,C,316.00,EUR,
300,LH,0401,2011-07-22,00068115,00003924,0001,C,316.00,EUR,
300,AZ,0789,2010-05-19,00078171,00002005,0001,P,489.00,EUR,
300,LH,0401,2011-07-22,00068023,00003507,0001,C,316.00,EUR,
300,AZ,0789,2010-05-19,00078123,00004530,0001,P,489.00,EUR,
300,LH,0401,2011-07-22,00068301,00002447,0001,C,316.00,EUR,
300,LH,0401,2011-07-22,00068176,00002744,0001,C,316.00,EUR,
300,AZ,0789,2010-05-19,00078036,00002668,0001,P,489.00,EUR,
300,LH,0401,2011-07-22,00068233,00002724,0001,C,316.00,EUR,
300,AZ,0789,2010-05-19,00078099,00001022,0001,P,489.00,EUR,
300,LH,0401,2011-07-22,00068158,00004530,0001,C,316.00,EUR,
300,AZ,0789,2010-05-19,00078045,00003370,0001,P,489.00,EUR,
300,LH,0401,2011-07-22,00068032,00001708,0001,C,316.00,EUR,
300,AZ,0789,2010-05-19,00077827,00003519,0001,P,489.00,EUR,
300,LH,0401,2011-07-22,00067939,00001367,0001,C,316.00,EUR,
300,AZ,0789,2010-05-19,00078054,00001371,0001,P,489.00,EUR,
300,AZ,0789,2010-05-19,00077929,00003435,0001,P,489.00,EUR,
300,LH,0401,2011-07-22,00068146,00000902,0001,C,316.00,EUR,
300,AZ,0789,2010-05-19,00077839,00001728,0001,P,489.00,EUR,
300,LH,0401,2011-07-22,00067981,00000278,0001,C,316.00,EUR,
300,SQ,0988,2010-07-29,00345532,00000445,0001,C,409.00,SGD,
300,AZ,0789,2010-05-19,00077979,00003234,0001,P,489.00,EUR,
300,LH,0401,2011-07-22,00068148,00004278,0001,C,316.00,EUR,
300,SQ,0988,2011-10-13,00372924,00000445,0001,C,409.00,SGD,
300,AZ,0789,2010-06-23,00080099,00002038,0001,P,489.00,EUR,
300,LH,0401,2011-07-22,00068097,00000026,0001,C,316.00,EUR,
300,SQ,0988,2011-03-31,00360633,00000445,0001,C,409.00,SGD,
300,LH,0401,2011-07-22,00068287,00000165,0001,C,316.00,EUR,
300,SQ,0988,2011-06-23,00365828,00000445,0001,C,409.00,SGD,
300,AZ,0789,2010-06-23,00080249,00001255,0001,P,489.00,EUR,
300,SQ,0988,2011-05-12,00363526,00000445,0001,C,409.00,SGD,
300,LH,0401,2011-07-22,00068020,00003748,0001,C,316.00,EUR,
300,AZ,0789,2010-06-23,00080093,00001528,0001,P,489.00,EUR,
300,SQ,0117,2011-02-07,00158726,00000445,0001,C,160.00,SGD,
300,UA,3517,2011-09-05,00159764,00000445,0001,C,274.00,USD,
300,AZ,0789,2010-06-23,00080009,00002138,0001,P,489.00,EUR,
300,SQ,0158,2010-09-21,00175595,00000445,0001,C,445.00,SGD,
300,LH,0401,2011-07-22,00068149,00002921,0001,C,316.00,EUR,
300,SQ,0117,2011-10-31,00168220,00000445,0001,C,160.00,SGD,
300,AZ,0789,2010-06-23,00080045,00004454,0001,P,489.00,EUR,
300,LH,0401,2011-07-22,00067969,00003394,0001,C,316.00,EUR,
300,SQ,0158,2010-05-18,00171142,00000445,0001,C,222.00,SGD,
300,SQ,0158,2010-06-22,00172559,00000445,0001,C,222.00,SGD,
300,AZ,0789,2010-06-23,00080216,00002198,0001,P,489.00,EUR,
300,LH,0401,2011-07-22,00068239,00003563,0001,C,316.00,EUR,
300,SQ,0067,2011-03-14,00118643,00000445,0001,C,148.00,SGD,
300,AZ,0789,2010-06-23,00080081,00000930,0001,P,489.00,EUR,
300,UA,3516,2011-06-14,00115527,00000445,0001,C,274.00,USD,
300,LH,0401,2011-07-22,00068071,00000340,0001,C,316.00,EUR,
300,SQ,0067,2010-12-06,00112714,00000445,0001,C,148.00,SGD,
300,LH,0401,2011-07-22,00068202,00000356,0001,C,316.00,EUR,
300,AZ,0789,2010-06-23,00080063,00001716,0001,P,489.00,EUR,
300,SQ,0067,2011-11-07,00133382,00000445,0001,C,148.00,SGD,
300,LH,0401,2011-07-22,00067965,00001484,0001,C,316.00,EUR,
300,UA,3517,2010-07-19,00133902,00000445,0001,C,274.00,USD,
300,AZ,0789,2010-06-23,00080174,00002250,0001,P,489.00,EUR,
300,SQ,0325,2011-03-02,00234088,00000445,0001,C,781.00,SGD,
300,LH,0401,2011-07-22,00068007,00004330,0001,C,316.00,EUR,
300,AZ,0789,2010-06-23,00080201,00002427,0001,P,489.00,EUR,
300,SQ,0325,2011-01-19,00231391,00000445,0001,C,781.00,SGD,
300,LH,0401,2011-07-22,00068190,00002226,0001,C,316.00,EUR,
300,SQ,0325,2011-01-12,00230835,00000445,0001,C,781.00,SGD,
300,AZ,0789,2010-06-23,00080291,00001319,0001,P,489.00,EUR,
300,SQ,0325,2010-11-17,00227583,00000445,0001,C,781.00,SGD,
300,LH,0401,2011-07-22,00067950,00003984,0001,C,316.00,EUR,
300,SQ,0325,2011-07-27,00243160,00000445,0001,C,781.00,SGD,
300,AZ,0789,2010-06-23,00080297,00003097,0001,P,489.00,EUR,
300,LH,0401,2011-07-22,00068134,00002258,0001,C,316.00,EUR,
300,SQ,0325,2011-11-02,00248931,00000445,0001,C,2345.00,SGD,
300,AZ,0789,2010-06-23,00080345,00002499,0001,P,489.00,EUR,
300,SQ,0325,2011-10-26,00248550,00000445,0001,C,781.00,SGD,
300,LH,0401,2011-07-22,00067959,00002656,0001,C,316.00,EUR,
300,SQ,0161,2010-05-11,00193003,00000445,0001,C,222.00,SGD,
300,AZ,0789,2010-06-23,00079971,00003611,0001,P,489.00,EUR,
300,LH,0401,2011-07-22,00068292,00001456,0001,C,316.00,EUR,
300,SQ,0161,2010-06-22,00194370,00000445,0001,C,222.00,SGD,
300,AZ,0789,2010-06-23,00080054,00001331,0001,P,489.00,EUR,
300,LH,0401,2011-07-22,00068209,00004358,0001,C,316.00,EUR,
300,SQ,0161,2010-11-02,00199277,00000445,0001,C,222.00,SGD,
300,SQ,0158,2011-06-21,00185592,00000445,0001,C,222.00,SGD,
300,AZ,0789,2010-06-23,00080102,00002098,0001,P,489.00,EUR,
300,LH,0401,2011-07-22,00067945,00000460,0001,C,316.00,EUR,
300,SQ,0325,2010-08-04,00220987,00000445,0001,C,781.00,SGD,
300,LH,0401,2011-07-22,00068059,00004053,0001,C,316.00,EUR,
300,AZ,0789,2010-06-23,00079985,00002852,0001,P,489.00,EUR,
300,SQ,0161,2011-02-22,00203163,00000445,0001,C,222.00,SGD,
300,LH,0401,2011-07-22,00068161,00004454,0001,C,316.00,EUR,
300,SQ,0161,2011-10-04,00211040,00000445,0001,C,445.00,SGD,
300,LH,0401,2011-07-22,00068187,00000697,0001,C,316.00,EUR,
300,AZ,0789,2010-06-23,00080042,00001058,0001,P,489.00,EUR,
300,SQ,0161,2011-10-04,00211055,00000445,0001,C,667.00,SGD,
300,LH,0401,2011-07-22,00068113,00002038,0001,C,316.00,EUR,
300,SQ,0161,2011-06-21,00207522,00000445,0001,C,222.00,SGD,
300,AZ,0789,2010-06-23,00080333,00001660,0001,P,489.00,EUR,
300,LH,0401,2011-07-22,00068037,00001765,0001,C,316.00,EUR,
300,QF,0005,2012-02-03,00037218,00001071,0001,C,354.00,AUD,
300,LH,0401,2011-07-22,00068125,00001857,0001,C,316.00,EUR,
300,AZ,0789,2010-06-23,00080312,00002303,0001,P,489.00,EUR,
300,JL,0408,2011-04-16,00040021,00001071,0001,C,477.00,JPY,
300,LH,0401,2011-07-22,00068106,00000221,0001,C,316.00,EUR,
300,DL,0106,2010-12-06,00014039,00001071,0001,C,274.00,USD,
300,LH,0401,2011-07-22,00068200,00003928,0001,C,316.00,EUR,
300,AZ,0789,2010-06-23,00080114,00000849,0001,P,489.00,EUR,
300,QF,0006,2010-04-28,00038473,00001071,0001,C,354.00,AUD,
300,LH,0401,2010-04-30,00040374,00002620,0001,C,316.00,EUR,
300,JL,0407,2011-10-28,00024488,00001071,0001,C,477.00,JPY,
300,AZ,0789,2010-06-23,00080069,00003704,0001,P,489.00,EUR,
300,LH,0401,2010-04-30,00040314,00003724,0001,C,316.00,EUR,
300,DL,0106,2011-05-09,00023533,00001071,0001,C,549.00,USD,
300,LH,0401,2010-04-30,00040215,00001476,0001,C,316.00,EUR,
300,QF,0005,2011-05-06,00023778,00001071,0001,C,354.00,AUD,
300,AZ,0789,2010-06-23,00080318,00000789,0001,P,489.00,EUR,
300,LH,0401,2010-04-30,00040359,00003575,0001,C,316.00,EUR,
300,UA,0007,2011-09-28,00023745,00001071,0001,C,190.00,USD,
300,LH,0401,2010-04-30,00040029,00003459,0001,C,316.00,EUR,
300,AZ,0789,2010-06-23,00080210,00004149,0001,P,489.00,EUR,
300,SQ,0015,2010-08-25,00029907,00001071,0001,C,1044.00,SGD,
300,LH,0401,2010-04-30,00040149,00001945,0001,C,316.00,EUR,
300,QF,0005,2011-04-29,00023428,00001071,0001,C,354.00,AUD,
300,AZ,0789,2010-06-23,00080198,00004145,0001,P,489.00,EUR,
300,LH,0401,2010-04-30,00040050,00000725,0001,C,316.00,EUR,
300,QF,0005,2011-06-03,00025326,00001071,0001,C,354.00,AUD,
300,LH,0401,2010-04-30,00040329,00003021,0001,C,316.00,EUR,
300,UA,0941,2010-05-13,00028611,00001071,0001,C,395.00,USD,
300,AZ,0789,2010-06-23,00080279,00003940,0001,P,489.00,EUR,
300,LH,0401,2010-04-30,00040319,00002106,0001,C,316.00,EUR,
300,UA,0007,2011-07-16,00019853,00001071,0001,C,190.00,USD,
300,LH,0401,2010-04-30,00040284,00001211,0001,C,316.00,EUR,
300,AZ,0789,2010-06-23,00080048,00000560,0001,P,489.00,EUR,
300,DL,0106,2011-09-26,00032305,00001071,0001,C,824.00,USD,
300,LH,0401,2010-04-30,00040190,00002660,0001,C,316.00,EUR,
300,SQ,0015,2010-10-27,00033811,00001071,0001,C,2088.00,SGD,
300,LH,0401,2010-04-30,00040214,00002700,0001,C,316.00,EUR,
300,AZ,0789,2010-06-23,00080171,00002214,0001,P,489.00,EUR,
300,DL,0106,2011-04-04,00021466,00001071,0001,C,274.00,USD,
300,LH,0401,2010-04-30,00040347,00002708,0001,C,316.00,EUR,
300,QF,0006,2010-10-06,00045383,00001071,0001,C,354.00,AUD,
300,AZ,0789,2010-06-23,00080252,00003109,0001,P,489.00,EUR,
300,LH,0401,2010-04-30,00040131,00001291,0001,C,316.00,EUR,
300,JL,0408,2011-07-23,00043410,00001071,0001,C,477.00,JPY,
300,LH,0401,2010-04-30,00040209,00002969,0001,C,316.00,EUR,
300,AZ,0789,2010-06-23,00080282,00003406,0001,P,489.00,EUR,
300,DL,1699,2010-07-19,00042889,00001071,0001,C,190.00,USD,
300,LH,0401,2010-04-30,00040095,00002034,0001,C,316.00,EUR,
300,UA,0941,2011-07-07,00043605,00001071,0001,C,395.00,USD,
300,AZ,0789,2010-06-23,00080090,00001042,0001,P,489.00,EUR,
300,LH,0401,2010-04-30,00040365,00003278,0001,C,316.00,EUR,
300,SQ,0015,2011-06-01,00047475,00001071,0001,C,1044.00,SGD,
300,LH,0401,2010-04-30,00040211,00003218,0001,C,316.00,EUR,
300,DL,1699,2010-10-04,00047739,00001071,0001,C,190.00,USD,
300,AZ,0789,2010-06-23,00079994,00001371,0001,P,489.00,EUR,
300,LH,0401,2010-04-30,00040062,00004314,0001,C,316.00,EUR,
300,DL,0106,2010-05-10,00001078,00001071,0001,C,274.00,USD,
300,LH,0401,2010-04-30,00040232,00004314,0001,C,316.00,EUR,
300,AZ,0789,2010-06-23,00079977,00004282,0001,P,489.00,EUR,
300,DL,1699,2010-10-18,00048386,00001071,0001,C,190.00,USD,
300,LH,0401,2010-04-30,00040326,00002250,0001,C,316.00,EUR,
300,QF,0006,2010-10-20,00045922,00001071,0001,C,709.00,AUD,
300,LH,0401,2010-04-30,00040208,00001652,0001,C,316.00,EUR,
300,AZ,0789,2010-06-23,00080057,00002162,0001,P,489.00,EUR,
300,UA,0007,2010-10-16,00007748,00001071,0001,C,570.00,USD,
300,LH,0401,2010-04-30,00040079,00001588,0001,C,316.00,EUR,
300,QF,0005,2010-08-20,00007557,00001071,0001,C,354.00,AUD,
300,AZ,0789,2010-06-23,00080003,00000492,0001,P,489.00,EUR,
300,LH,0401,2010-04-30,00040052,00001753,0001,C,316.00,EUR,
300,AA,0017,2011-08-17,00030148,00001071,0001,C,190.00,USD,
300,LH,0401,2010-04-30,00040386,00004217,0001,C,316.00,EUR,
300,AZ,0789,2011-11-02,00111165,00003230,0001,P,489.00,EUR,
300,AA,0017,2011-09-14,00031801,00001071,0001,C,190.00,USD,
300,LH,0401,2010-04-30,00040235,00000629,0001,C,316.00,EUR,
300,DL,0106,2011-08-29,00030912,00001071,0001,C,274.00,USD,
300,LH,0401,2010-04-30,00040157,00000540,0001,C,316.00,EUR,
300,AZ,0789,2011-11-02,00111072,00002038,0001,P,489.00,EUR,
300,SQ,0015,2011-03-09,00042197,00001071,0001,C,1044.00,SGD,
300,LH,0401,2010-04-30,00040074,00000155,0001,C,316.00,EUR,
300,SQ,0015,2011-08-31,00052984,00001071,0001,C,3132.00,SGD,
300,AZ,0789,2011-11-02,00111096,00000613,0001,P,489.00,EUR,
300,LH,0401,2010-04-30,00040338,00004623,0001,C,316.00,EUR,
300,DL,0106,2011-09-19,00032150,00001071,0001,C,274.00,USD,
300,LH,0401,2010-04-30,00040283,00003571,0001,C,316.00,EUR,
300,AA,0017,2010-09-15,00009273,00001071,0001,C,190.00,USD,
300,AZ,0789,2011-11-02,00111177,00000645,0001,P,489.00,EUR,
300,LH,0401,2010-04-30,00040127,00000986,0001,C,316.00,EUR,
300,SQ,0066,2010-06-14,00063642,00001071,0001,C,148.00,SGD,
300,LH,0401,2010-04-30,00040175,00003202,0001,C,316.00,EUR,
300,AZ,0789,2011-11-02,00110920,00000140,0001,P,489.00,EUR,
300,AA,0026,2011-07-13,00058445,00001071,0001,C,549.00,USD,
300,LH,0401,2010-04-30,00040094,00004041,0001,C,316.00,EUR,
300,QF,0005,2010-04-23,00000148,00001071,0001,C,354.00,AUD,
300,AZ,0789,2011-11-02,00110962,00000970,0001,P,489.00,EUR,
300,LH,0401,2010-04-30,00040262,00003736,0001,C,316.00,EUR,
300,DL,0106,2010-04-26,00000409,00001071,0001,C,274.00,USD,
300,LH,0401,2010-04-30,00040103,00003507,0001,C,316.00,EUR,
300,DL,1699,2011-04-18,00059987,00001071,0001,C,190.00,USD,
300,AZ,0789,2011-11-02,00111195,00004575,0001,P,489.00,EUR,
300,LH,0401,2010-04-30,00040134,00003579,0001,C,316.00,EUR,
300,QF,0006,2011-09-07,00060166,00001071,0001,C,354.00,AUD,
300,LH,0401,2010-04-30,00040377,00000645,0001,C,316.00,EUR,
300,AZ,0789,2011-11-02,00110842,00001090,0001,P,489.00,EUR,
300,UA,0007,2010-10-02,00007249,00001071,0001,C,190.00,USD,
300,LH,0401,2010-04-30,00040101,00000757,0001,C,316.00,EUR,
300,AZ,0789,2011-11-02,00111207,00003487,0001,P,489.00,EUR,
300,JL,0407,2010-07-23,00004041,00001071,0001,C,955.00,JPY,
300,LH,0401,2010-04-30,00040112,00004322,0001,C,316.00,EUR,
300,LH,0401,2010-04-30,00040113,00001612,0001,C,316.00,EUR,
300,QF,0005,2010-07-16,00005376,00001071,0001,C,354.00,AUD,
300,AZ,0789,2011-11-02,00111153,00003198,0001,P,489.00,EUR,
300,LH,0401,2010-04-30,00040197,00001022,0001,C,316.00,EUR,
300,SQ,0015,2011-10-19,00056169,00001071,0001,C,1044.00,SGD,
300,LH,0401,2010-04-30,00040355,00001022,0001,C,316.00,EUR,
300,AZ,0789,2011-11-02,00110854,00001367,0001,P,489.00,EUR,
300,AA,0017,2011-05-25,00024876,00001071,0001,C,190.00,USD,
300,LH,0401,2010-04-30,00040164,00001275,0001,C,316.00,EUR,
300,QF,0005,2011-03-04,00019831,00001071,0001,C,354.00,AUD,
300,AZ,0789,2011-11-02,00110923,00001174,0001,P,489.00,EUR,
300,LH,0401,2010-04-30,00040202,00004398,0001,C,316.00,EUR,
300,SQ,0002,2011-10-20,00019646,00001071,0001,C,1044.00,SGD,
300,LH,0401,2010-04-30,00040091,00003081,0001,C,316.00,EUR,
300,SQ,0015,2010-05-05,00023086,00001071,0001,C,1044.00,SGD,
300,AZ,0789,2011-11-02,00111189,00002993,0001,P,489.00,EUR,
300,LH,0401,2010-04-30,00040148,00000512,0001,C,316.00,EUR,
300,UA,0007,2011-10-08,00024150,00001071,0001,C,190.00,USD,
300,AZ,0789,2011-11-02,00110863,00000974,0001,P,489.00,EUR,
300,LH,0401,2010-04-30,00040193,00000693,0001,C,316.00,EUR,
300,AA,0017,2011-01-05,00016184,00001071,0001,C,190.00,USD,
300,LH,0401,2010-04-30,00040151,00001488,0001,C,316.00,EUR,
300,JL,0407,2011-04-22,00016240,00001071,0001,C,477.00,JPY,
300,AZ,0789,2011-11-02,00110932,00001753,0001,P,489.00,EUR,
300,LH,0401,2010-04-30,00040167,00002391,0001,C,316.00,EUR,
300,SQ,0066,2010-07-26,00066233,00001071,0001,C,148.00,SGD,
300,LH,0401,2010-04-30,00040140,00001660,0001,C,316.00,EUR,
300,AZ,0789,2011-11-02,00110935,00003900,0001,P,489.00,EUR,
300,SQ,0066,2010-05-24,00062559,00001071,0001,C,148.00,SGD,
300,LH,0401,2010-04-30,00040332,00001327,0001,C,316.00,EUR,
300,DL,1699,2011-06-13,00063176,00001071,0001,C,190.00,USD,
300,AZ,0789,2011-11-02,00110982,00003780,0001,P,489.00,EUR,
300,LH,0401,2010-04-30,00040200,00001732,0001,C,316.00,EUR,
300,AA,0064,2010-05-07,00066602,00001071,0001,C,570.00,USD,
300,LH,0401,2010-04-30,00040137,00000235,0001,C,316.00,EUR,
300,AZ,0789,2011-11-02,00111186,00003394,0001,P,489.00,EUR,
300,SQ,0066,2011-02-21,00079298,00001071,0001,C,148.00,SGD,
300,LH,0401,2010-04-30,00040266,00003651,0001,C,316.00,EUR,
300,AA,0064,2011-03-11,00077675,00001071,0001,C,190.00,USD,
300,AZ,0789,2011-11-02,00111138,00003431,0001,P,489.00,EUR,
300,LH,0401,2010-04-30,00040106,00001757,0001,C,316.00,EUR,
300,UA,3504,2011-09-09,00082248,00001071,0001,C,395.00,USD,
300,AZ,0789,2011-11-02,00110914,00000777,0001,P,489.00,EUR,
300,LH,0401,2010-04-30,00040385,00001311,0001,C,316.00,EUR,
300,AA,0064,2011-07-01,00081611,00001071,0001,C,190.00,USD,
300,LH,0401,2010-04-30,00040217,00001122,0001,C,316.00,EUR,
300,UA,3504,2011-09-23,00083112,00001071,0001,C,395.00,USD,
300,AZ,0789,2011-11-02,00110845,00001347,0001,P,489.00,EUR,
300,LH,0401,2010-04-30,00040107,00002808,0001,C,316.00,EUR,
300,SQ,0066,2011-03-07,00080385,00001071,0001,C,148.00,SGD,
300,AZ,0789,2011-11-02,00110911,00001849,0001,P,489.00,EUR,
300,LH,0401,2010-04-30,00040344,00001126,0001,C,316.00,EUR,
300,SQ,0066,2010-10-11,00071145,00001071,0001,C,148.00,SGD,
300,LH,0401,2010-04-30,00040352,00002399,0001,C,316.00,EUR,
300,AA,0064,2010-12-31,00075168,00001071,0001,C,190.00,USD,
300,AZ,0789,2011-11-02,00110851,00000194,0001,P,489.00,EUR,
300,DL,1699,2011-11-21,00073251,00001071,0001,C,190.00,USD,
300,LH,0401,2010-04-30,00040206,00004005,0001,C,316.00,EUR,
300,AZ,0789,2011-11-02,00110994,00001086,0001,P,489.00,EUR,
300,SQ,0015,2010-07-14,00027232,00001071,0001,C,2088.00,SGD,
300,LH,0401,2010-04-30,00040290,00001520,0001,C,316.00,EUR,
300,AA,0017,2010-09-15,00009274,00001071,0001,C,190.00,USD,
300,LH,0401,2010-04-30,00040068,00002559,0001,C,316.00,EUR,
300,AZ,0789,2011-11-02,00111093,00001022,0001,P,489.00,EUR,
300,AA,0017,2010-10-20,00011420,00001071,0001,C,190.00,USD,
300,LH,0401,2010-04-30,00040220,00001267,0001,C,316.00,EUR,
300,SQ,0015,2011-09-14,00054100,00001071,0001,C,1044.00,SGD,
300,LH,0401,2011-08-28,00070649,00002604,0001,C,316.00,EUR,
300,AZ,0789,2011-11-02,00110869,00001183,0001,P,489.00,EUR,
300,QF,0006,2011-10-12,00061682,00001071,0001,C,709.00,AUD,
300,LH,0401,2011-08-28,00070642,00002604,0001,C,316.00,EUR,
300,AZ,0789,2011-11-02,00110899,00003222,0001,P,489.00,EUR,
300,UA,3516,2011-01-18,00106230,00001071,0001,C,274.00,USD,
300,LH,0401,2011-08-28,00070579,00000492,0001,C,316.00,EUR,
300,JL,0408,2011-05-28,00041390,00001071,0001,C,1432.00,JPY,
300,AZ,0789,2011-11-02,00110905,00001656,0001,P,489.00,EUR,
300,LH,0401,2011-08-28,00070855,00001018,0001,C,316.00,EUR,
300,AA,0026,2010-06-09,00040872,00001071,0001,C,274.00,USD,
300,LH,0401,2011-08-28,00070861,00000424,0001,C,316.00,EUR,
300,AZ,0789,2011-11-02,00110902,00001419,0001,P,489.00,EUR,
300,UA,3516,2011-08-30,00120507,00001071,0001,C,274.00,USD,
300,LH,0401,2011-08-28,00070906,00000725,0001,C,316.00,EUR,
300,UA,3516,2011-08-02,00118362,00001071,0001,C,274.00,USD,
300,LH,0401,2011-08-28,00070777,00003695,0001,C,316.00,EUR,
300,AZ,0789,2011-11-02,00111111,00004290,0001,P,489.00,EUR,
300,SQ,0067,2010-10-11,00109148,00001071,0001,C,148.00,SGD,
300,LH,0401,2011-08-28,00070744,00004274,0001,C,316.00,EUR,
300,DL,1984,2011-10-17,00109030,00001071,0001,C,190.00,USD,
300,AZ,0789,2011-11-02,00111012,00004205,0001,P,489.00,EUR,
300,LH,0401,2011-08-28,00070825,00003186,0001,C,316.00,EUR,
300,SQ,0067,2010-08-30,00106619,00001071,0001,C,148.00,SGD,
300,LH,0401,2011-08-28,00070787,00001468,0001,C,316.00,EUR,
300,AZ,0789,2011-11-02,00110997,00003615,0001,P,489.00,EUR,
300,UA,3517,2011-03-14,00148690,00001071,0001,C,274.00,USD,
300,LH,0401,2011-08-28,00070849,00003226,0001,C,316.00,EUR,
300,AZ,0789,2011-11-02,00111003,00000821,0001,P,489.00,EUR,
300,LH,0401,2011-08-28,00070681,00002363,0001,C,316.00,EUR,
300,SQ,0117,2011-01-31,00158449,00001071,0001,C,160.00,SGD,
300,AZ,0789,2011-11-02,00110839,00004029,0001,P,489.00,EUR,
300,LH,0401,2011-08-28,00070871,00001066,0001,C,316.00,EUR,
300,SQ,0117,2010-12-27,00157335,00001071,0001,C,160.00,SGD,
300,AZ,0789,2011-11-02,00111045,00000532,0001,P,489.00,EUR,
300,LH,0401,2011-08-28,00070589,00003029,0001,C,316.00,EUR,
300,SQ,0117,2011-03-07,00159820,00001071,0001,C,160.00,SGD,
300,AZ,0789,2011-11-16,00111944,00002367,0001,P,489.00,EUR,
300,LH,0401,2011-08-28,00070577,00003515,0001,C,316.00,EUR,
300,SQ,0114,2010-07-19,00137687,00001071,0001,C,160.00,SGD,
300,AZ,0789,2011-11-16,00111737,00004599,0001,P,489.00,EUR,
300,LH,0401,2011-08-28,00070778,00000817,0001,C,316.00,EUR,
300,UA,3517,2010-08-16,00135350,00001071,0001,C,274.00,USD,
300,LH,0401,2011-08-28,00070813,00004474,0001,C,316.00,EUR,
300,AZ,0789,2011-11-16,00111764,00001813,0001,P,489.00,EUR,
300,LH,0401,2011-08-28,00070550,00001941,0001,C,316.00,EUR,
300,SQ,0114,2010-08-02,00138003,00001071,0001,C,160.00,SGD,
300,AZ,0789,2011-11-16,00111869,00003663,0001,P,489.00,EUR,
300,LH,0401,2011-08-28,00070604,00004514,0001,C,316.00,EUR,
300,DL,1984,2010-08-30,00083664,00001071,0001,C,190.00,USD,
300,LH,0401,2011-08-28,00070682,00000588,0001,C,316.00,EUR,
300,AA,0064,2011-02-18,00077004,00001071,0001,C,190.00,USD,
300,AZ,0789,2011-11-16,00111836,00000645,0001,P,489.00,EUR,
300,LH,0401,2011-08-28,00070552,00001431,0001,C,316.00,EUR,
300,SQ,0066,2011-08-01,00089621,00001071,0001,C,148.00,SGD,
300,AZ,0789,2011-11-16,00111878,00002592,0001,P,489.00,EUR,
300,LH,0401,2011-08-28,00070562,00003431,0001,C,316.00,EUR,
300,SQ,0066,2011-08-29,00091013,00001071,0001,C,444.00,SGD,
300,LH,0401,2011-08-28,00070691,00003431,0001,C,316.00,EUR,
300,UA,3504,2011-11-25,00087339,00001071,0001,C,395.00,USD,
300,AZ,0789,2011-11-16,00111884,00002937,0001,P,489.00,EUR,
300,LH,0401,2011-08-28,00070793,00000508,0001,C,316.00,EUR,
300,UA,3504,2011-11-18,00086926,00001071,0001,C,395.00,USD,
300,AZ,0789,2011-11-16,00112018,00000693,0001,P,489.00,EUR,
300,LH,0401,2011-08-28,00070657,00001387,0001,C,316.00,EUR,
300,AA,0017,2011-05-18,00024480,00001071,0001,C,190.00,USD,
300,LH,0401,2011-08-28,00070667,00001407,0001,C,316.00,EUR,
300,SQ,0067,2010-05-31,00100918,00001071,0001,C,148.00,SGD,
300,AZ,0789,2011-11-16,00111842,00003908,0001,P,489.00,EUR,
300,LH,0401,2011-08-28,00070900,00003414,0001,C,316.00,EUR,
300,SQ,0066,2011-12-26,00096900,00001071,0001,C,148.00,SGD,
300,AZ,0789,2011-11-16,00112006,00000183,0001,P,489.00,EUR,
300,LH,0401,2011-08-28,00070588,00001881,0001,C,316.00,EUR,
300,DL,1984,2011-06-13,00101505,00001071,0001,C,190.00,USD,
300,LH,0401,2011-08-28,00070595,00000540,0001,C,316.00,EUR,
300,SQ,0067,2010-05-10,00099691,00001071,0001,C,148.00,SGD,
300,AZ,0789,2011-11-16,00111994,00000028,0001,P,489.00,EUR,
300,LH,0401,2011-08-28,00070829,00003744,0001,C,316.00,EUR,
300,SQ,0866,2010-06-17,00305247,00001071,0001,C,230.00,SGD,
300,AZ,0789,2011-11-16,00111977,00001805,0001,P,489.00,EUR,
300,LH,0401,2011-08-28,00070727,00002126,0001,C,316.00,EUR,
300,SQ,0866,2010-07-01,00306034,00001071,0001,C,230.00,SGD,
300,SQ,0866,2010-12-09,00316211,00001071,0001,C,230.00,SGD,
300,LH,0401,2011-08-28,00070639,00000689,0001,C,316.00,EUR,
300,AZ,0789,2011-11-16,00112036,00002078,0001,P,489.00,EUR,
300,LH,0401,2011-08-28,00070726,00003125,0001,C,316.00,EUR,
300,SQ,0866,2010-09-02,00310167,00001071,0001,C,230.00,SGD,
300,SQ,0866,2010-10-21,00313136,00001071,0001,C,230.00,SGD,
300,LH,0401,2011-08-28,00070666,00003712,0001,C,316.00,EUR,
300,AZ,0789,2011-11-16,00111965,00002094,0001,P,489.00,EUR,
300,SQ,0866,2011-09-01,00332657,00001071,0001,C,230.00,SGD,
300,LH,0401,2011-08-28,00070925,00003611,0001,C,316.00,EUR,
300,AZ,0789,2011-11-16,00112003,00003559,0001,P,489.00,EUR,
300,LH,0401,2011-08-28,00070610,00003057,0001,C,316.00,EUR,
300,SQ,0866,2011-06-30,00328733,00001071,0001,C,230.00,SGD,
300,LH,0401,2011-08-28,00070565,00000584,0001,C,316.00,EUR,
300,AZ,0789,2011-11-16,00111935,00002351,0001,P,489.00,EUR,
300,SQ,0866,2011-10-13,00335190,00001071,0001,C,230.00,SGD,
300,LH,0401,2011-08-28,00070712,00000757,0001,C,316.00,EUR,
300,AZ,0789,2011-11-16,00111962,00002439,0001,P,489.00,EUR,
300,SQ,0863,2010-07-28,00283104,00001071,0001,C,461.00,SGD,
300,LH,0401,2011-08-28,00070817,00004563,0001,C,316.00,EUR,
300,LH,0401,2011-08-28,00070766,00001600,0001,C,316.00,EUR,
300,SQ,0326,2011-05-06,00269561,00001071,0001,C,781.00,SGD,
300,AZ,0789,2011-11-16,00111959,00001106,0001,P,489.00,EUR,
300,LH,0401,2011-08-28,00070705,00004394,0001,C,316.00,EUR,
300,SQ,0863,2010-12-15,00288179,00001071,0001,C,230.00,SGD,
300,LH,0401,2011-08-28,00070850,00000789,0001,C,316.00,EUR,
300,AZ,0789,2011-11-16,00111947,00001219,0001,P,489.00,EUR,
300,LH,0401,2011-08-28,00070717,00000898,0001,C,316.00,EUR,
300,SQ,0863,2010-09-22,00285217,00001071,0001,C,230.00,SGD,
300,AZ,0789,2011-11-16,00111722,00000713,0001,P,489.00,EUR,
300,LH,0401,2011-08-28,00070790,00001833,0001,C,316.00,EUR,
300,LH,0401,2011-08-28,00070789,00001833,0001,C,316.00,EUR,
300,SQ,0863,2010-05-05,00280142,00001071,0001,C,230.00,SGD,
300,AZ,0789,2011-11-16,00112030,00000472,0001,P,489.00,EUR,
300,LH,0401,2011-08-28,00070757,00004466,0001,C,316.00,EUR,
300,SQ,0866,2010-04-29,00301946,00001071,0001,C,692.00,SGD,
300,LH,0401,2011-08-28,00070916,00004438,0001,C,316.00,EUR,
300,AZ,0789,2011-11-16,00111749,00003378,0001,P,489.00,EUR,
300,LH,0401,2011-08-28,00070736,00003872,0001,C,316.00,EUR,
300,SQ,0863,2011-07-13,00295639,00001071,0001,C,230.00,SGD,
300,AZ,0789,2011-11-16,00111725,00004514,0001,P,489.00,EUR,
300,LH,0401,2011-08-28,00070580,00004045,0001,C,316.00,EUR,
300,SQ,0863,2011-05-25,00293849,00001071,0001,C,230.00,SGD,
300,LH,0401,2011-08-28,00070585,00003158,0001,C,316.00,EUR,
300,AZ,0789,2011-11-16,00111698,00000829,0001,P,489.00,EUR,
300,LH,0401,2011-08-28,00070648,00001773,0001,C,316.00,EUR,
300,SQ,0997,2010-05-14,00379763,00001071,0001,C,409.00,SGD,
300,LH,0401,2011-08-28,00070796,00001488,0001,C,316.00,EUR,
300,AZ,0789,2011-11-16,00111899,00004117,0001,P,489.00,EUR,
300,SQ,0997,2010-06-11,00381500,00001071,0001,C,409.00,SGD,
300,LH,0401,2011-08-28,00070811,00001696,0001,C,316.00,EUR,
300,AZ,0789,2011-11-16,00112012,00003704,0001,P,489.00,EUR,
300,SQ,0997,2010-07-02,00382696,00001071,0001,C,409.00,SGD,
300,LH,0401,2011-08-28,00070582,00002640,0001,C,316.00,EUR,
300,LH,0401,2011-08-28,00070865,00003555,0001,C,316.00,EUR,
300,SQ,0997,2011-08-26,00408823,00001071,0001,C,409.00,SGD,
300,AZ,0789,2011-11-16,00112039,00000298,0001,P,489.00,EUR,
300,LH,0401,2011-08-28,00070910,00003896,0001,C,316.00,EUR,
300,SQ,0997,2011-12-16,00414341,00001071,0001,C,409.00,SGD,
300,LH,0401,2011-08-28,00070915,00003868,0001,C,316.00,EUR,
300,AZ,0789,2011-11-16,00111785,00000298,0001,P,489.00,EUR,
300,LH,0401,2011-08-28,00070858,00002768,0001,C,316.00,EUR,
300,SQ,0988,2011-02-10,00357615,00001071,0001,C,409.00,SGD,
300,AZ,0789,2011-11-16,00111806,00004081,0001,P,489.00,EUR,
300,LH,0401,2011-08-28,00070630,00001162,0001,C,316.00,EUR,
300,SQ,0988,2011-02-10,00357616,00001071,0001,C,409.00,SGD,
300,LH,0401,2011-08-28,00070694,00002889,0001,C,316.00,EUR,
300,AZ,0789,2011-11-16,00111845,00000039,0001,P,489.00,EUR,
300,SQ,0988,2011-01-27,00356949,00001071,0001,C,409.00,SGD,
300,LH,0401,2011-08-28,00070840,00003330,0001,C,316.00,EUR,
300,AZ,0789,2011-11-16,00111824,00000209,0001,P,489.00,EUR,
300,LH,0401,2011-08-28,00070828,00001046,0001,C,316.00,EUR,
300,SQ,0988,2010-06-17,00343076,00001071,0001,C,409.00,SGD,
300,LH,0401,2011-08-28,00070600,00003346,0001,C,316.00,EUR,
300,SQ,0866,2012-01-26,00338549,00001071,0001,C,230.00,SGD,
300,LH,0401,2011-08-28,00070780,00003852,0001,C,316.00,EUR,
300,LH,0401,2011-10-28,00075145,00001146,0001,C,316.00,EUR,
300,SQ,0988,2011-02-24,00358347,00001071,0001,C,819.00,SGD,
300,LH,0401,2011-10-28,00075197,00003800,0001,C,316.00,EUR,
300,SQ,0988,2011-05-05,00363067,00001071,0001,C,409.00,SGD,
300,LH,0401,2011-10-28,00075163,00003459,0001,C,316.00,EUR,
300,AZ,0789,2011-11-16,00111851,00002519,0001,P,489.00,EUR,
300,SQ,0988,2011-06-02,00364513,00001071,0001,C,409.00,SGD,
300,LH,0401,2011-10-28,00075218,00003740,0001,C,316.00,EUR,
300,AZ,0789,2011-11-16,00111776,00004069,0001,P,489.00,EUR,
300,LH,0401,2011-10-28,00075263,00000745,0001,C,316.00,EUR,
300,UA,3517,2011-06-20,00154659,00001071,0001,C,274.00,USD,
300,LH,0401,2011-10-28,00075248,00002575,0001,C,316.00,EUR,
300,AZ,0789,2011-11-16,00112042,00003471,0001,P,489.00,EUR,
300,UA,3517,2011-02-21,00147279,00001071,0001,C,274.00,USD,
300,LH,0401,2011-10-28,00075205,00003362,0001,C,316.00,EUR,
300,LH,0401,2011-10-28,00075107,00003583,0001,C,316.00,EUR,
300,SQ,0114,2011-07-11,00144999,00001071,0001,C,160.00,SGD,
300,LH,0401,2011-10-28,00075040,00004077,0001,C,316.00,EUR,
300,UA,3517,2011-06-06,00153578,00001071,0001,C,274.00,USD,
300,LH,0401,2011-10-28,00074931,00002949,0001,C,316.00,EUR,
300,SQ,0158,2010-08-17,00174449,00001071,0001,C,222.00,SGD,
300,LH,0401,2011-10-28,00075244,00001568,0001,C,316.00,EUR,
300,AZ,0789,2010-08-25,00084201,00000326,0001,P,489.00,EUR,
300,LH,0401,2011-10-28,00075236,00002054,0001,C,316.00,EUR,
300,SQ,0158,2011-01-25,00180335,00001071,0001,C,222.00,SGD,
300,LH,0401,2011-10-28,00075154,00000388,0001,C,316.00,EUR,
300,UA,3517,2012-04-23,00166584,00001071,0001,C,824.00,USD,
300,AZ,0789,2010-08-25,00083896,00002375,0001,P,489.00,EUR,
300,LH,0401,2011-10-28,00074972,00000213,0001,C,316.00,EUR,
300,UA,3516,2011-08-16,00119054,00001071,0001,C,549.00,USD,
300,LH,0401,2011-10-28,00075173,00000213,0001,C,316.00,EUR,
300,AZ,0789,2010-08-25,00084204,00002355,0001,P,489.00,EUR,
300,LH,0401,2011-10-28,00074959,00002836,0001,C,316.00,EUR,
300,SQ,0114,2010-04-26,00135885,00001071,0001,C,160.00,SGD,
300,LH,0401,2011-10-28,00075278,00001439,0001,C,316.00,EUR,
300,AZ,0789,2010-08-25,00084069,00004414,0001,P,489.00,EUR,
300,UA,3517,2010-08-30,00136315,00001071,0001,C,274.00,USD,
300,LH,0401,2011-10-28,00075091,00001909,0001,C,316.00,EUR,
300,AZ,0789,2010-08-25,00083893,00001427,0001,P,489.00,EUR,
300,LH,0401,2011-10-28,00075046,00001584,0001,C,316.00,EUR,
300,UA,3517,2010-05-03,00128989,00001071,0001,C,274.00,USD,
300,LH,0401,2011-10-28,00075055,00001407,0001,C,316.00,EUR,
300,AZ,0789,2010-08-25,00083902,00003808,0001,P,489.00,EUR,
300,SQ,0067,2011-10-03,00131277,00001071,0001,C,148.00,SGD,
300,LH,0401,2011-10-28,00075152,00002102,0001,C,316.00,EUR,
300,LH,0401,2011-10-28,00075035,00003326,0001,C,316.00,EUR,
300,SQ,0325,2011-05-25,00239316,00001071,0001,C,781.00,SGD,
300,AZ,0789,2010-08-25,00083982,00000516,0001,P,489.00,EUR,
300,LH,0401,2011-10-28,00074925,00003318,0001,C,316.00,EUR,
300,SQ,0325,2010-09-08,00223034,00001071,0001,C,781.00,SGD,
300,LH,0401,2011-10-28,00075160,00000246,0001,C,316.00,EUR,
300,AZ,0789,2010-08-25,00084129,00000448,0001,P,489.00,EUR,
300,SQ,0325,2010-08-25,00222134,00001071,0001,C,781.00,SGD,
300,LH,0401,2011-10-28,00075122,00002126,0001,C,316.00,EUR,
300,LH,0401,2011-10-28,00075098,00002881,0001,C,316.00,EUR,
300,SQ,0325,2010-12-29,00230100,00001071,0001,C,781.00,SGD,
300,AZ,0789,2010-08-25,00084231,00000733,0001,P,489.00,EUR,
300,LH,0401,2011-10-28,00075161,00002957,0001,C,316.00,EUR,
300,SQ,0326,2010-09-17,00259353,00001071,0001,C,781.00,SGD,
300,LH,0401,2011-10-28,00075032,00002796,0001,C,316.00,EUR,
300,AZ,0789,2010-08-25,00084219,00001560,0001,P,489.00,EUR,
300,LH,0401,2011-10-28,00075199,00002218,0001,C,316.00,EUR,
300,SQ,0325,2011-10-12,00247808,00001071,0001,C,781.00,SGD,
300,LH,0401,2011-10-28,00075140,00003908,0001,C,316.00,EUR,
300,AZ,0789,2010-08-25,00083994,00002865,0001,P,489.00,EUR,
300,SQ,0161,2010-05-11,00192981,00001071,0001,C,222.00,SGD,
300,LH,0401,2011-10-28,00075022,00003511,0001,C,316.00,EUR,
300,LH,0401,2011-10-28,00075070,00002732,0001,C,316.00,EUR,
300,AZ,0789,2010-08-25,00083899,00001443,0001,P,489.00,EUR,
300,SQ,0158,2011-08-23,00187786,00001071,0001,C,222.00,SGD,
300,LH,0401,2011-10-28,00075256,00002732,0001,C,316.00,EUR,
300,AZ,0789,2010-08-25,00084093,00002022,0001,P,489.00,EUR,
300,LH,0401,2011-10-28,00075134,00002840,0001,C,316.00,EUR,
300,SQ,0158,2011-11-15,00190778,00001071,0001,C,222.00,SGD,
300,LH,0401,2011-10-28,00075077,00004530,0001,C,316.00,EUR,
300,AZ,0789,2010-08-25,00084246,00004478,0001,P,489.00,EUR,
300,SQ,0161,2011-03-01,00203457,00001071,0001,C,222.00,SGD,
300,LH,0401,2011-10-28,00075005,00004502,0001,C,316.00,EUR,
300,LH,0401,2011-10-28,00075155,00001154,0001,C,316.00,EUR,
300,AZ,0789,2010-08-25,00084144,00001484,0001,P,489.00,EUR,
300,SQ,0161,2011-04-05,00204604,00001071,0001,C,222.00,SGD,
300,LH,0401,2011-10-28,00075215,00001199,0001,C,316.00,EUR,
300,AZ,0789,2010-08-25,00083935,00003487,0001,P,489.00,EUR,
300,DL,0106,2012-02-20,00036937,00000964,0001,C,259.00,USD,
300,LH,0401,2011-10-28,00075259,00000869,0001,C,316.00,EUR,
300,LH,0401,2011-10-28,00075149,00003880,0001,C,316.00,EUR,
300,JL,0407,2011-01-14,00011994,00000964,0001,C,451.00,JPY,
300,AZ,0789,2010-08-25,00084105,00000612,0001,P,489.00,EUR,
300,LH,0401,2011-10-28,00075212,00004057,0001,C,316.00,EUR,
300,QF,0005,2012-03-09,00037527,00000964,0001,C,335.00,AUD,
300,LH,0401,2011-10-28,00075001,00002921,0001,C,316.00,EUR,
300,AZ,0789,2010-08-25,00084126,00004241,0001,P,489.00,EUR,
300,LH,0401,2011-10-28,00075233,00003194,0001,C,316.00,EUR,
300,SQ,0002,2011-03-31,00012428,00000964,0001,C,986.00,SGD,
300,AZ,0789,2010-08-25,00083908,00001572,0001,P,489.00,EUR,
300,LH,0401,2011-10-28,00075266,00000693,0001,C,316.00,EUR,
300,LH,0401,2011-10-28,00075142,00004153,0001,C,316.00,EUR,
300,DL,0106,2011-08-08,00029413,00000964,0001,C,259.00,USD,
300,AZ,0789,2010-08-25,00084030,00001500,0001,P,489.00,EUR,
300,LH,0401,2011-10-28,00075058,00002166,0001,C,316.00,EUR,
300,QF,0005,2011-04-29,00023224,00000964,0001,C,335.00,AUD,
300,LH,0401,2011-10-28,00075226,00002303,0001,C,316.00,EUR,
300,AZ,0789,2010-08-25,00083962,00003013,0001,P,489.00,EUR,
300,LH,0401,2011-10-28,00074992,00001648,0001,C,316.00,EUR,
300,QF,0005,2011-05-06,00023608,00000964,0001,C,335.00,AUD,
300,LH,0401,2011-10-28,00075265,00002415,0001,C,316.00,EUR,
300,AZ,0789,2010-08-25,00084021,00004430,0001,P,489.00,EUR,
300,DL,0106,2011-02-21,00018871,00000964,0001,C,259.00,USD,
300,LH,0401,2011-10-28,00075074,00001552,0001,C,316.00,EUR,
300,LH,0401,2011-10-28,00075298,00002046,0001,C,316.00,EUR,
300,JL,0408,2011-08-13,00044350,00000964,0001,C,451.00,JPY,
300,AZ,0789,2010-08-25,00084102,00002298,0001,P,489.00,EUR,
300,LH,0401,2011-10-28,00075116,00000235,0001,C,316.00,EUR,
300,DL,0106,2010-08-02,00006509,00000964,0001,C,259.00,USD,
300,LH,0401,2011-10-28,00075277,00003720,0001,C,316.00,EUR,
300,AZ,0789,2010-08-25,00084222,00001520,0001,P,489.00,EUR,
300,LH,0401,2011-10-28,00075292,00004587,0001,C,316.00,EUR,
300,JL,0408,2011-07-09,00042997,00000964,0001,C,451.00,JPY,
300,AZ,0789,2010-08-25,00084189,00001785,0001,P,489.00,EUR,
300,DL,0106,2010-08-02,00006371,00000964,0001,C,259.00,USD,
300,DL,0106,2010-07-26,00006078,00000964,0001,C,259.00,USD,
300,AZ,0789,2010-08-25,00083997,00002347,0001,P,489.00,EUR,
300,QF,0005,2010-08-27,00007850,00000964,0001,C,670.00,AUD,
300,AZ,0789,2010-08-25,00084006,00003166,0001,P,489.00,EUR,
300,SQ,0015,2011-05-18,00046577,00000964,0001,C,986.00,SGD,
300,AZ,0789,2010-08-25,00083905,00003041,0001,P,489.00,EUR,
300,QF,0006,2011-02-09,00050960,00000964,0001,C,335.00,AUD,
300,AZ,0789,2010-08-25,00084228,00004249,0001,P,489.00,EUR,
300,UA,0941,2011-03-31,00040204,00000964,0001,C,373.00,USD,
300,AZ,0789,2010-08-25,00083991,00001195,0001,P,489.00,EUR,
300,UA,0941,2011-04-14,00040623,00000964,0001,C,373.00,USD,
300,AZ,0789,2010-08-25,00083929,00001636,0001,P,489.00,EUR,
300,SQ,0015,2011-08-10,00051721,00000964,0001,C,986.00,SGD,
300,JL,0408,2011-01-01,00036149,00000964,0001,C,902.00,JPY,
300,AZ,0789,2010-08-25,00084174,00002571,0001,P,489.00,EUR,
300,UA,3504,2010-05-14,00051859,00000964,0001,C,373.00,USD,
300,AZ,0789,2010-08-25,00084003,00003174,0001,P,489.00,EUR,
300,JL,0408,2011-06-25,00042523,00000964,0001,C,451.00,JPY,
300,AZ,0789,2010-08-25,00084099,00002877,0001,P,489.00,EUR,
300,UA,0941,2011-08-18,00045190,00000964,0001,C,373.00,USD,
300,AZ,0789,2010-09-08,00084878,00002367,0001,P,489.00,EUR,
300,JL,0408,2010-09-11,00032125,00000964,0001,C,902.00,JPY,
300,DL,0106,2011-10-24,00034158,00000964,0001,C,259.00,USD,
300,AZ,0789,2010-09-08,00085018,00001524,0001,P,489.00,EUR,
300,JL,0407,2010-12-31,00011291,00000964,0001,C,451.00,JPY,
300,AZ,0789,2010-09-08,00085051,00002158,0001,P,489.00,EUR,
300,UA,0007,2010-12-18,00010755,00000964,0001,C,179.00,USD,
300,AZ,0789,2010-09-08,00084911,00004266,0001,P,489.00,EUR,
300,UA,0007,2010-11-06,00008719,00000964,0001,C,179.00,USD,
300,AZ,0789,2010-09-08,00085072,00002567,0001,P,489.00,EUR,
300,SQ,0002,2010-12-23,00008846,00000964,0001,C,986.00,SGD,
300,QF,0005,2010-12-17,00015074,00000964,0001,C,335.00,AUD,
300,AZ,0789,2010-09-08,00084782,00001460,0001,P,489.00,EUR,
300,JL,0407,2011-03-25,00015123,00000964,0001,C,451.00,JPY,
300,AZ,0789,2010-09-08,00084842,00001716,0001,P,489.00,EUR,
300,QF,0006,2011-08-03,00058584,00000964,0001,C,670.00,AUD,
300,AZ,0789,2010-09-08,00084968,00004125,0001,P,489.00,EUR,
300,AA,0026,2011-09-28,00061945,00000964,0001,C,259.00,USD,
300,AZ,0789,2010-09-08,00084875,00003960,0001,P,489.00,EUR,
300,UA,0007,2010-05-15,00001142,00000964,0001,C,179.00,USD,
300,AZ,0789,2010-09-08,00084926,00004450,0001,P,489.00,EUR,
300,JL,0407,2010-09-03,00006056,00000964,0001,C,451.00,JPY,
300,AZ,0789,2010-09-08,00084979,00003655,0001,P,489.00,EUR,
300,SQ,0015,2012-04-11,00060326,00000964,0001,C,1972.00,SGD,
300,AZ,0789,2010-09-08,00085060,00002579,0001,P,489.00,EUR,
300,SQ,0002,2011-11-10,00020379,00000964,0001,C,986.00,SGD,
300,AZ,0789,2010-09-08,00084953,00002624,0001,P,489.00,EUR,
300,QF,0005,2011-04-15,00022550,00000964,0001,C,335.00,AUD,
300,AZ,0789,2010-09-08,00084917,00004334,0001,P,489.00,EUR,
300,DL,0106,2011-05-16,00024147,00000964,0001,C,259.00,USD,
300,AZ,0789,2010-09-08,00084866,00003154,0001,P,489.00,EUR,
300,DL,0106,2010-12-27,00015595,00000964,0001,C,259.00,USD,
300,AZ,0789,2010-09-08,00085105,00002804,0001,P,489.00,EUR,
300,QF,0005,2011-06-24,00026627,00000964,0001,C,335.00,AUD,
300,AZ,0789,2010-09-08,00084800,00002030,0001,P,489.00,EUR,
300,SQ,0066,2010-06-28,00064636,00000964,0001,C,139.00,SGD,
300,AZ,0789,2010-09-08,00084839,00001407,0001,P,489.00,EUR,
300,DL,0106,2011-01-31,00017638,00000964,0001,C,259.00,USD,
300,AZ,0789,2010-09-08,00084896,00002852,0001,P,489.00,EUR,
300,SQ,0066,2010-05-24,00062197,00000964,0001,C,279.00,SGD,
300,AZ,0789,2010-09-08,00084791,00001660,0001,P,489.00,EUR,
300,UA,3504,2011-02-11,00068687,00000964,0001,C,373.00,USD,
300,AZ,0789,2010-09-08,00084971,00002234,0001,P,489.00,EUR,
300,SQ,0066,2010-09-06,00068888,00000964,0001,C,139.00,SGD,
300,AZ,0789,2010-09-08,00085012,00002431,0001,P,489.00,EUR,
300,UA,3504,2010-12-10,00064683,00000964,0001,C,373.00,USD,
300,AZ,0789,2010-09-08,00085054,00000906,0001,P,489.00,EUR,
300,AZ,0789,2010-09-08,00084997,00004426,0001,P,489.00,EUR,
300,AZ,0789,2010-09-08,00085042,00001993,0001,P,489.00,EUR,
300,AZ,0789,2010-09-08,00084779,00000789,0001,P,489.00,EUR,
300,AA,0064,2010-06-25,00068545,00000964,0001,C,179.00,USD,
300,AZ,0789,2010-09-08,00084746,00002905,0001,P,489.00,EUR,
300,UA,3504,2011-02-04,00068084,00000964,0001,C,747.00,USD,
300,AZ,0789,2010-09-08,00085108,00000444,0001,P,489.00,EUR,
300,UA,3504,2011-10-07,00084630,00000964,0001,C,373.00,USD,
300,AZ,0789,2010-09-08,00084797,00000416,0001,P,489.00,EUR,
300,AA,0064,2011-09-16,00084373,00000964,0001,C,179.00,USD,
300,AZ,0789,2010-09-08,00084944,00003109,0001,P,489.00,EUR,
300,SQ,0066,2011-05-16,00084401,00000964,0001,C,279.00,SGD,
300,AZ,0789,2010-09-08,00085033,00004193,0001,P,489.00,EUR,
300,AA,0064,2011-05-06,00079591,00000964,0001,C,359.00,USD,
300,AZ,0789,2010-09-08,00085111,00000657,0001,P,489.00,EUR,
300,SQ,0066,2011-02-14,00078979,00000964,0001,C,139.00,SGD,
300,AZ,0789,2010-09-08,00084776,00000681,0001,P,489.00,EUR,
300,AZ,0789,2010-09-08,00084812,00003174,0001,P,489.00,EUR,
300,UA,3504,2011-06-17,00076398,00000964,0001,C,1121.00,USD,
300,AA,0064,2011-03-04,00077594,00000964,0001,C,179.00,USD,
300,AZ,0789,2011-08-17,00106384,00003495,0001,P,489.00,EUR,
300,UA,3504,2011-09-28,00083425,00000964,0001,C,373.00,USD,
300,AZ,0789,2011-08-17,00106156,00003346,0001,P,489.00,EUR,
300,SQ,0066,2010-09-20,00069946,00000964,0001,C,139.00,SGD,
300,AZ,0789,2011-08-17,00106288,00002608,0001,P,489.00,EUR,
300,DL,1699,2011-09-19,00069242,00000964,0001,C,359.00,USD,
300,AZ,0789,2011-08-17,00106180,00000348,0001,P,489.00,EUR,
300,UA,3504,2011-05-20,00074925,00000964,0001,C,373.00,USD,
300,AZ,0789,2011-08-17,00106357,00002110,0001,P,489.00,EUR,
300,DL,1984,2011-12-05,00111329,00000964,0001,C,179.00,USD,
300,AZ,0789,2011-08-17,00106291,00003266,0001,P,489.00,EUR,
300,QF,0005,2011-07-15,00028223,00000964,0001,C,335.00,AUD,
300,AZ,0789,2011-08-17,00106150,00001857,0001,P,489.00,EUR,
300,AA,0017,2011-03-30,00021309,00000964,0001,C,359.00,USD,
300,AZ,0789,2011-08-17,00106252,00000332,0001,P,489.00,EUR,
300,SQ,0067,2010-07-26,00104236,00000964,0001,C,139.00,SGD,
300,AZ,0789,2011-08-17,00106237,00001090,0001,P,489.00,EUR,
300,AA,0017,2010-10-20,00011534,00000964,0001,C,179.00,USD,
300,AZ,0789,2011-08-17,00106273,00000076,0001,P,489.00,EUR,
300,UA,3516,2010-10-26,00100982,00000964,0001,C,259.00,USD,
300,AZ,0789,2011-08-17,00106231,00000296,0001,P,489.00,EUR,
300,DL,1699,2011-04-04,00059071,00000964,0001,C,179.00,USD,
300,AZ,0789,2011-08-17,00106069,00001138,0001,P,489.00,EUR,
300,UA,0941,2011-10-13,00047597,00000964,0001,C,373.00,USD,
300,AZ,0789,2011-08-17,00106186,00003880,0001,P,489.00,EUR,
300,QF,0006,2010-07-28,00042292,00000964,0001,C,335.00,AUD,
300,AZ,0789,2011-08-17,00106072,00004165,0001,P,489.00,EUR,
300,AA,0026,2011-01-26,00051085,00000964,0001,C,259.00,USD,
300,AZ,0789,2011-08-17,00106366,00001592,0001,P,489.00,EUR,
300,UA,3504,2012-04-13,00088931,00000964,0001,C,747.00,USD,
300,AZ,0789,2011-08-17,00106270,00003960,0001,P,489.00,EUR,
300,AZ,0789,2011-08-17,00106345,00001877,0001,P,489.00,EUR,
300,SQ,0067,2011-05-30,00123449,00000964,0001,C,139.00,SGD,
300,AZ,0789,2011-08-17,00106306,00001624,0001,P,489.00,EUR,
300,SQ,0067,2010-12-20,00113413,00000964,0001,C,139.00,SGD,
300,AZ,0789,2011-08-17,00106219,00000027,0001,P,489.00,EUR,
300,SQ,0067,2010-12-06,00112651,00000964,0001,C,139.00,SGD,
300,AZ,0789,2011-08-17,00106240,00003013,0001,P,489.00,EUR,
300,UA,3517,2011-03-14,00148380,00000964,0001,C,259.00,USD,
300,AZ,0789,2011-08-17,00106117,00001456,0001,P,489.00,EUR,
300,UA,3517,2011-08-28,00159003,00000964,0001,C,259.00,USD,
300,AZ,0789,2011-08-17,00106126,00003804,0001,P,489.00,EUR,
300,AZ,0789,2011-08-17,00106165,00002154,0001,P,489.00,EUR,
300,SQ,0067,2011-11-21,00134251,00000964,0001,C,139.00,SGD,
300,AZ,0789,2011-08-17,00106393,00004358,0001,P,489.00,EUR,
300,UA,3516,2011-12-13,00126760,00000964,0001,C,259.00,USD,
300,AZ,0789,2011-08-17,00106201,00000556,0001,P,489.00,EUR,
300,UA,3517,2010-09-06,00136826,00000964,0001,C,259.00,USD,
300,AZ,0789,2011-08-17,00106078,00002688,0001,P,489.00,EUR,
300,UA,3516,2010-12-07,00103575,00000964,0001,C,259.00,USD,
300,AZ,0789,2011-08-17,00106099,00003286,0001,P,489.00,EUR,
300,UA,3516,2010-09-14,00098201,00000964,0001,C,259.00,USD,
300,AZ,0789,2011-08-17,00106228,00000637,0001,P,489.00,EUR,
300,DL,1984,2011-05-09,00099319,00000964,0001,C,179.00,USD,
300,AZ,0789,2011-08-17,00106324,00001146,0001,P,489.00,EUR,
300,UA,3516,2010-06-15,00092567,00000964,0001,C,259.00,USD,
300,AZ,0789,2011-08-17,00106294,00003242,0001,P,489.00,EUR,
300,SQ,0866,2010-06-17,00305325,00000964,0001,C,218.00,SGD,
300,AZ,0789,2011-08-17,00106339,00001817,0001,P,489.00,EUR,
300,SQ,0326,2010-12-24,00263697,00000964,0001,C,738.00,SGD,
300,AZ,0789,2011-08-17,00106159,00002580,0001,P,489.00,EUR,
300,SQ,0866,2010-12-16,00316667,00000964,0001,C,218.00,SGD,
300,AZ,0789,2011-08-17,00106147,00001223,0001,P,489.00,EUR,
300,SQ,0866,2010-09-30,00311673,00000964,0001,C,218.00,SGD,
300,AZ,0789,2011-08-17,00106387,00003113,0001,P,489.00,EUR,
300,AZ,0789,2011-08-24,00106524,00000448,0001,P,489.00,EUR,
300,SQ,0866,2011-11-03,00336368,00000964,0001,C,436.00,SGD,
300,AZ,0789,2011-08-24,00106614,00003896,0001,P,489.00,EUR,
300,SQ,0866,2011-02-17,00320218,00000964,0001,C,436.00,SGD,
300,SQ,0866,2011-04-28,00324741,00000964,0001,C,218.00,SGD,
300,AZ,0789,2011-08-24,00106635,00004017,0001,P,489.00,EUR,
300,SQ,0866,2011-05-19,00326199,00000964,0001,C,218.00,SGD,
300,AZ,0789,2011-08-24,00106482,00001524,0001,P,489.00,EUR,
300,SQ,0863,2010-06-09,00281598,00000964,0001,C,218.00,SGD,
300,AZ,0789,2011-08-24,00106632,00000140,0001,P,489.00,EUR,
300,SQ,0863,2010-11-24,00287510,00000964,0001,C,218.00,SGD,
300,AZ,0789,2011-08-24,00106779,00004555,0001,P,489.00,EUR,
300,SQ,0863,2010-10-20,00286100,00000964,0001,C,218.00,SGD,
300,AZ,0789,2011-08-24,00106740,00002696,0001,P,489.00,EUR,
300,SQ,0326,2011-09-23,00275663,00000964,0001,C,738.00,SGD,
300,AZ,0789,2011-08-24,00106773,00002339,0001,P,489.00,EUR,
300,SQ,0863,2011-11-09,00299984,00000964,0001,C,218.00,SGD,
300,AZ,0789,2011-08-24,00106791,00000685,0001,P,489.00,EUR,
300,SQ,0863,2011-04-06,00292037,00000964,0001,C,436.00,SGD,
300,AZ,0789,2011-08-24,00106668,00004105,0001,P,489.00,EUR,
300,SQ,0326,2011-02-25,00266316,00000964,0001,C,738.00,SGD,
300,AZ,0789,2011-08-24,00106845,00003061,0001,P,489.00,EUR,
300,SQ,0997,2010-11-05,00390326,00000964,0001,C,386.00,SGD,
300,SQ,0997,2010-04-23,00378023,00000964,0001,C,773.00,SGD,
300,AZ,0789,2011-08-24,00106707,00002620,0001,P,489.00,EUR,
300,SQ,0988,2012-02-02,00377311,00000964,0001,C,386.00,SGD,
300,AZ,0789,2011-08-24,00106554,00003679,0001,P,489.00,EUR,
300,SQ,0997,2010-08-27,00385841,00000964,0001,C,773.00,SGD,
300,AZ,0789,2011-08-24,00106725,00002981,0001,P,489.00,EUR,
300,SQ,0997,2010-07-02,00382715,00000964,0001,C,386.00,SGD,
300,AZ,0789,2011-08-24,00106830,00004623,0001,P,489.00,EUR,
300,SQ,0997,2011-12-16,00414307,00000964,0001,C,386.00,SGD,
300,AZ,0789,2011-08-24,00106713,00002499,0001,P,489.00,EUR,
300,SQ,0997,2011-05-13,00402257,00000964,0001,C,386.00,SGD,
300,AZ,0789,2011-08-24,00106743,00003025,0001,P,489.00,EUR,
300,SQ,0988,2011-01-27,00356684,00000964,0001,C,386.00,SGD,
300,AZ,0789,2011-08-24,00106788,00004073,0001,P,489.00,EUR,
300,SQ,0988,2010-08-19,00346768,00000964,0001,C,386.00,SGD,
300,SQ,0988,2010-07-22,00344841,00000964,0001,C,773.00,SGD,
300,AZ,0789,2011-08-24,00106477,00000193,0001,P,489.00,EUR,
300,AZ,0789,2011-08-24,00106770,00000950,0001,P,489.00,EUR,
300,SQ,0988,2011-11-17,00375077,00000964,0001,C,386.00,SGD,
300,AZ,0789,2011-08-24,00106474,00003968,0001,P,489.00,EUR,
300,SQ,0988,2011-10-13,00372901,00000964,0001,C,386.00,SGD,
300,AZ,0789,2011-08-24,00106515,00000460,0001,P,489.00,EUR,
300,SQ,0988,2011-10-20,00373214,00000964,0001,C,773.00,SGD,
300,AZ,0789,2011-08-24,00106509,00004426,0001,P,489.00,EUR,
300,SQ,0988,2011-10-20,00373215,00000964,0001,C,1160.00,SGD,
300,AZ,0789,2011-08-24,00106581,00002395,0001,P,489.00,EUR,
300,SQ,0988,2011-03-24,00360271,00000964,0001,C,386.00,SGD,
300,AZ,0789,2011-08-24,00106626,00004458,0001,P,489.00,EUR,
300,SQ,0988,2011-02-24,00358338,00000964,0001,C,773.00,SGD,
300,UA,3517,2011-08-28,00159004,00000964,0001,C,259.00,USD,
300,AZ,0789,2011-08-24,00106527,00001395,0001,P,489.00,EUR,
300,SQ,0114,2011-08-08,00145598,00000964,0001,C,151.00,SGD,
300,AZ,0789,2011-08-24,00106827,00003531,0001,P,489.00,EUR,
300,SQ,0158,2010-10-19,00176642,00000964,0001,C,210.00,SGD,
300,AZ,0789,2011-08-24,00106695,00000400,0001,P,489.00,EUR,
300,SQ,0158,2010-08-24,00174658,00000964,0001,C,210.00,SGD,
300,AZ,0789,2011-08-24,00106623,00003772,0001,P,489.00,EUR,
300,SQ,0158,2011-03-08,00181823,00000964,0001,C,210.00,SGD,
300,AZ,0789,2011-08-24,00106551,00000073,0001,P,489.00,EUR,
300,SQ,0158,2011-02-08,00180676,00000964,0001,C,210.00,SGD,
300,AZ,0789,2011-08-24,00106542,00003519,0001,P,489.00,EUR,
300,SQ,0067,2011-05-02,00121741,00000964,0001,C,139.00,SGD,
300,AZ,0789,2011-08-24,00106593,00003936,0001,P,489.00,EUR,
300,AZ,0789,2011-08-24,00106704,00000653,0001,P,489.00,EUR,
300,SQ,0067,2010-10-18,00109765,00000964,0001,C,139.00,SGD,
300,AZ,0789,2011-08-24,00106560,00003186,0001,P,489.00,EUR,
300,UA,3516,2011-04-19,00111953,00000964,0001,C,259.00,USD,
300,AZ,0789,2010-11-17,00089147,00001897,0001,P,489.00,EUR,
300,AZ,0789,2010-11-17,00089258,00001897,0001,P,489.00,EUR,
300,UA,3516,2011-01-04,00105354,00000964,0001,C,259.00,USD,
300,AZ,0789,2010-11-17,00089348,00003463,0001,P,489.00,EUR,
300,SQ,0067,2011-01-24,00115789,00000964,0001,C,139.00,SGD,
300,AZ,0789,2010-11-17,00089093,00003860,0001,P,489.00,EUR,
300,AZ,0789,2010-11-17,00089219,00003121,0001,P,489.00,EUR,
300,SQ,0114,2010-06-21,00137074,00000964,0001,C,151.00,SGD,
300,AZ,0789,2010-11-17,00089180,00004229,0001,P,489.00,EUR,
300,AZ,0789,2010-11-17,00089081,00004402,0001,P,489.00,EUR,
300,UA,3504,2012-02-03,00088360,00000964,0001,C,373.00,USD,
300,AZ,0789,2010-11-17,00089249,00002592,0001,P,489.00,EUR,
300,AZ,0789,2010-11-17,00089372,00004454,0001,P,489.00,EUR,
300,SQ,0067,2011-09-05,00129343,00000964,0001,C,279.00,SGD,
300,AZ,0789,2010-11-17,00089462,00004318,0001,P,489.00,EUR,
300,SQ,0067,2011-11-21,00134250,00000964,0001,C,139.00,SGD,
300,AZ,0789,2010-11-17,00089159,00001692,0001,P,489.00,EUR,
300,AZ,0789,2010-11-17,00089357,00002511,0001,P,489.00,EUR,
300,SQ,0067,2011-10-03,00131364,00000964,0001,C,139.00,SGD,
300,AZ,0789,2010-11-17,00089384,00002299,0001,P,489.00,EUR,
300,AZ,0789,2010-11-17,00089411,00000183,0001,P,489.00,EUR,
300,UA,3517,2010-06-07,00131132,00000964,0001,C,259.00,USD,
300,AZ,0789,2010-11-17,00089345,00004623,0001,P,489.00,EUR,
300,SQ,0325,2011-03-30,00235738,00000964,0001,C,738.00,SGD,
300,AZ,0789,2010-11-17,00089306,00001833,0001,P,489.00,EUR,
300,SQ,0325,2011-04-20,00236904,00000964,0001,C,738.00,SGD,
300,AZ,0789,2010-11-17,00089369,00000480,0001,P,489.00,EUR,
300,SQ,0325,2011-01-12,00231085,00000964,0001,C,738.00,SGD,
300,AZ,0789,2010-11-17,00089444,00002166,0001,P,489.00,EUR,
300,AZ,0789,2010-11-17,00089216,00003804,0001,P,489.00,EUR,
300,SQ,0325,2010-12-08,00228660,00000964,0001,C,738.00,SGD,
300,AZ,0789,2010-11-17,00089450,00001054,0001,P,489.00,EUR,
300,SQ,0325,2010-12-08,00228661,00000964,0001,C,738.00,SGD,
300,AZ,0789,2010-11-17,00089195,00004302,0001,P,489.00,EUR,
300,SQ,0326,2010-06-25,00255591,00000964,0001,C,738.00,SGD,
300,AZ,0789,2010-11-17,00089381,00002005,0001,P,489.00,EUR,
300,AZ,0789,2010-11-17,00089276,00000689,0001,P,489.00,EUR,
300,SQ,0325,2012-02-15,00251814,00000964,0001,C,738.00,SGD,
300,AZ,0789,2010-11-17,00089138,00002551,0001,P,489.00,EUR,
300,AZ,0789,2010-11-17,00089279,00001973,0001,P,489.00,EUR,
300,AZ,0789,2010-11-17,00089267,00000336,0001,P,489.00,EUR,
300,AZ,0789,2010-11-17,00089303,00003483,0001,P,489.00,EUR,
300,SQ,0325,2011-08-24,00244612,00000964,0001,C,738.00,SGD,
300,AZ,0789,2010-11-17,00089165,00003784,0001,P,489.00,EUR,
300,SQ,0161,2010-06-22,00194382,00000964,0001,C,210.00,SGD,
300,AZ,0789,2010-11-17,00089435,00002571,0001,P,489.00,EUR,
300,AZ,0789,2010-11-17,00089111,00002459,0001,P,489.00,EUR,
300,SQ,0158,2011-08-23,00187699,00000964,0001,C,210.00,SGD,
300,AZ,0789,2010-11-17,00089459,00001885,0001,P,489.00,EUR,
300,SQ,0158,2011-08-23,00187700,00000964,0001,C,210.00,SGD,
300,AZ,0789,2010-11-17,00089228,00004410,0001,P,489.00,EUR,
300,SQ,0158,2011-09-06,00188230,00000964,0001,C,210.00,SGD,
300,AZ,0789,2010-11-17,00089189,00000877,0001,P,489.00,EUR,
300,SQ,0161,2012-04-10,00214113,00000964,0001,C,210.00,SGD,
300,AZ,0789,2010-11-17,00089270,00002086,0001,P,489.00,EUR,
300,AZ,0789,2010-09-22,00085767,00000326,0001,P,489.00,EUR,
300,SQ,0161,2012-01-10,00213467,00000964,0001,C,210.00,SGD,
300,AZ,0789,2010-09-22,00085692,00002375,0001,P,489.00,EUR,
300,SQ,0325,2010-08-18,00221756,00000964,0001,C,738.00,SGD,
300,AZ,0789,2010-09-22,00085857,00002909,0001,P,489.00,EUR,
300,SQ,0161,2011-07-05,00207964,00000964,0001,C,210.00,SGD,
300,AZ,0789,2010-09-22,00085671,00003997,0001,P,489.00,EUR,
300,AZ,0789,2010-09-22,00085988,00000857,0001,P,489.00,EUR,
300,JL,0407,2011-04-15,00016003,00002537,0001,C,451.00,JPY,
300,AZ,0789,2010-09-22,00085770,00002752,0001,P,489.00,EUR,
300,QF,0005,2011-12-16,00036512,00002537,0001,C,335.00,AUD,
300,AZ,0789,2010-09-22,00085800,00002451,0001,P,489.00,EUR,
300,AZ,0789,2010-09-22,00085764,00002451,0001,P,489.00,EUR,
300,SQ,0015,2010-12-08,00036781,00002537,0001,C,986.00,SGD,
300,AZ,0789,2010-09-22,00085722,00000966,0001,P,489.00,EUR,
300,QF,0005,2011-02-04,00017883,00002537,0001,C,335.00,AUD,
300,AZ,0789,2010-09-22,00085887,00003374,0001,P,489.00,EUR,
300,DL,0106,2010-11-01,00011907,00002537,0001,C,259.00,USD,
300,AZ,0789,2010-09-22,00085617,00003093,0001,P,489.00,EUR,
300,AA,0017,2010-10-20,00011593,00002537,0001,C,179.00,USD,
300,AZ,0789,2010-09-22,00085680,00001648,0001,P,489.00,EUR,
300,AZ,0789,2010-09-22,00085713,00003025,0001,P,489.00,EUR,
300,JL,0407,2010-12-10,00010260,00002537,0001,C,451.00,JPY,
300,AZ,0789,2010-09-22,00085956,00000368,0001,P,489.00,EUR,
300,SQ,0015,2010-12-29,00037951,00002537,0001,C,986.00,SGD,
300,AZ,0789,2010-09-22,00085665,00000894,0001,P,489.00,EUR,
300,JL,0408,2011-02-19,00037957,00002537,0001,C,451.00,JPY,
300,AZ,0789,2010-09-22,00085791,00003226,0001,P,489.00,EUR,
300,DL,0106,2011-06-06,00025353,00002537,0001,C,259.00,USD,
300,AZ,0789,2010-09-22,00085959,00002551,0001,P,489.00,EUR,
300,AZ,0789,2010-09-22,00085662,00003980,0001,P,489.00,EUR,
300,SQ,0015,2010-10-20,00033769,00002537,0001,C,986.00,SGD,
300,AZ,0789,2010-09-22,00085695,00000649,0001,P,489.00,EUR,
300,SQ,0015,2011-04-13,00044491,00002537,0001,C,986.00,SGD,
300,AZ,0789,2010-09-22,00085620,00001146,0001,P,489.00,EUR,
300,UA,0007,2010-10-02,00007206,00002537,0001,C,179.00,USD,
300,AZ,0789,2010-09-22,00085701,00001745,0001,P,489.00,EUR,
300,AZ,0789,2010-09-22,00085737,00002411,0001,P,489.00,EUR,
300,UA,0941,2011-10-27,00048000,00002537,0001,C,373.00,USD,
300,AZ,0789,2010-09-22,00085878,00003531,0001,P,489.00,EUR,
300,AA,0017,2010-09-08,00008954,00002537,0001,C,179.00,USD,
300,AZ,0789,2010-09-22,00085638,00001195,0001,P,489.00,EUR,
300,AZ,0789,2010-09-22,00085866,00001247,0001,P,489.00,EUR,
300,JL,0408,2011-03-26,00039152,00002537,0001,C,902.00,JPY,
300,AZ,0789,2010-09-22,00085953,00000821,0001,P,489.00,EUR,
300,UA,0941,2011-03-03,00039174,00002537,0001,C,373.00,USD,
300,SQ,0015,2010-11-24,00035849,00002537,0001,C,986.00,SGD,
300,AZ,0789,2010-09-22,00085938,00004486,0001,P,489.00,EUR,
300,UA,0941,2011-06-09,00042647,00002537,0001,C,373.00,USD,
300,AZ,0789,2010-09-22,00085839,00001684,0001,P,489.00,EUR,
300,SQ,0015,2010-12-01,00036134,00002537,0001,C,986.00,SGD,
300,AZ,0789,2010-09-22,00085908,00004237,0001,P,489.00,EUR,
300,SQ,0015,2010-09-22,00032011,00002537,0001,C,986.00,SGD,
300,AZ,0789,2010-09-22,00085626,00003575,0001,P,489.00,EUR,
300,DL,0106,2010-09-27,00009791,00002537,0001,C,259.00,USD,
300,AZ,0789,2010-09-22,00085932,00004009,0001,P,489.00,EUR,
300,JL,0407,2010-12-03,00010035,00002537,0001,C,451.00,JPY,
300,AZ,0789,2010-09-22,00085842,00004350,0001,P,489.00,EUR,
300,UA,0007,2010-10-16,00007743,00002537,0001,C,539.00,USD,
300,AZ,0789,2010-09-22,00085836,00000604,0001,P,489.00,EUR,
300,QF,0005,2010-08-20,00007798,00002537,0001,C,335.00,AUD,
300,AZ,0789,2010-09-22,00085917,00004061,0001,P,489.00,EUR,
300,DL,0106,2010-09-13,00009123,00002537,0001,C,259.00,USD,
300,AZ,0789,2011-04-06,00098117,00000741,0001,P,489.00,EUR,
300,QF,0005,2010-12-10,00014598,00002537,0001,C,335.00,AUD,
300,AZ,0789,2011-04-06,00097881,00004286,0001,P,489.00,EUR,
300,UA,0007,2011-02-05,00012776,00002537,0001,C,179.00,USD,
300,AZ,0789,2011-04-06,00097866,00004547,0001,P,489.00,EUR,
300,DL,0106,2010-06-21,00003767,00002537,0001,C,259.00,USD,
300,AZ,0789,2011-04-06,00097905,00002909,0001,P,489.00,EUR,
300,DL,0106,2010-05-17,00001719,00002537,0001,C,259.00,USD,
300,AZ,0789,2011-04-06,00097953,00002716,0001,P,489.00,EUR,
300,UA,0007,2010-07-24,00004210,00002537,0001,C,179.00,USD,
300,AZ,0789,2011-04-06,00098009,00004318,0001,P,489.00,EUR,
300,DL,1699,2011-04-25,00060472,00002537,0001,C,179.00,USD,
300,AZ,0789,2011-04-06,00097806,00004551,0001,P,489.00,EUR,
300,AA,0017,2011-04-13,00022391,00002537,0001,C,179.00,USD,
300,AZ,0789,2011-04-06,00097968,00003976,0001,P,489.00,EUR,
300,DL,0106,2011-04-18,00022388,00002537,0001,C,259.00,USD,
300,AZ,0789,2011-04-06,00098126,00000793,0001,P,489.00,EUR,
300,QF,0006,2011-05-18,00055326,00002537,0001,C,335.00,AUD,
300,UA,3504,2010-07-23,00055952,00002537,0001,C,373.00,USD,
300,AA,0017,2011-04-06,00021743,00002537,0001,C,359.00,USD,
300,LH,0401,2011-10-28,00075179,00001905,0001,C,316.00,EUR,
300,DL,0106,2011-06-20,00026304,00002537,0001,C,259.00,USD,
300,LH,0401,2011-10-28,00075076,00002889,0001,C,316.00,EUR,
300,DL,0106,2011-02-07,00018285,00002537,0001,C,259.00,USD,
300,LH,0401,2011-10-28,00075251,00001560,0001,C,316.00,EUR,
300,AA,0017,2011-02-09,00018261,00002537,0001,C,359.00,USD,
300,AA,0026,2012-02-08,00065524,00002537,0001,C,259.00,USD,
300,AA,0064,2010-07-02,00068776,00002537,0001,C,179.00,USD,
300,LH,0401,2011-10-28,00075158,00003443,0001,C,316.00,EUR,
300,SQ,0066,2011-06-27,00087106,00002537,0001,C,139.00,SGD,
300,LH,0401,2011-10-28,00074996,00002335,0001,C,316.00,EUR,
300,SQ,0067,2010-05-03,00099290,00002537,0001,C,139.00,SGD,
300,LH,0401,2011-10-28,00075002,00003234,0001,C,316.00,EUR,
300,SQ,0066,2010-08-16,00067404,00002537,0001,C,279.00,SGD,
300,LH,0401,2011-10-28,00075101,00002451,0001,C,316.00,EUR,
300,SQ,0066,2010-08-09,00067358,00002537,0001,C,139.00,SGD,
300,LH,0401,2011-10-28,00075170,00001857,0001,C,316.00,EUR,
300,AA,0026,2011-10-12,00062644,00002537,0001,C,259.00,USD,
300,LH,0401,2011-10-28,00075194,00002913,0001,C,316.00,EUR,
300,QF,0006,2011-11-16,00063220,00002537,0001,C,670.00,AUD,
300,LH,0401,2011-10-28,00075112,00003960,0001,C,316.00,EUR,
300,AA,0064,2011-02-04,00076418,00002537,0001,C,179.00,USD,
300,LH,0401,2011-03-04,00059425,00001263,0001,C,316.00,EUR,
300,AA,0064,2011-08-26,00083651,00002537,0001,C,179.00,USD,
300,LH,0401,2011-03-04,00059487,00000303,0001,C,316.00,EUR,
300,SQ,0066,2011-04-18,00082922,00002537,0001,C,139.00,SGD,
300,LH,0401,2011-03-04,00059498,00001215,0001,C,316.00,EUR,
300,AZ,0789,2011-04-06,00098057,00001078,0001,P,489.00,EUR,
300,AA,0064,2011-05-06,00079776,00002537,0001,C,179.00,USD,
300,SQ,0066,2011-03-21,00081082,00002537,0001,C,139.00,SGD,
300,LH,0401,2011-03-04,00059254,00002487,0001,C,316.00,EUR,
300,SQ,0066,2011-03-28,00081472,00002537,0001,C,139.00,SGD,
300,LH,0401,2011-03-04,00059349,00001797,0001,C,316.00,EUR,
300,AZ,0789,2011-04-06,00097956,00004623,0001,P,489.00,EUR,
300,SQ,0066,2010-10-18,00071392,00002537,0001,C,139.00,SGD,
300,LH,0401,2011-03-04,00059552,00003832,0001,C,316.00,EUR,
300,AZ,0789,2011-04-06,00097911,00001142,0001,P,489.00,EUR,
300,SQ,0066,2010-11-01,00072452,00002537,0001,C,139.00,SGD,
300,LH,0401,2011-03-04,00059340,00003740,0001,C,316.00,EUR,
300,UA,3504,2011-02-25,00069749,00002537,0001,C,373.00,USD,
300,AZ,0789,2011-04-06,00097779,00001142,0001,P,489.00,EUR,
300,LH,0401,2011-03-04,00059275,00003045,0001,C,316.00,EUR,
300,SQ,0066,2010-10-04,00070846,00002537,0001,C,139.00,SGD,
300,AZ,0789,2011-04-06,00098129,00000709,0001,P,489.00,EUR,
300,LH,0401,2011-03-04,00059308,00003274,0001,C,316.00,EUR,
300,DL,1984,2011-11-07,00110281,00002537,0001,C,359.00,USD,
300,AZ,0789,2011-04-06,00098138,00001720,0001,P,489.00,EUR,
300,LH,0401,2011-03-04,00059217,00002608,0001,C,316.00,EUR,
300,DL,1699,2012-02-13,00074831,00002537,0001,C,179.00,USD,
300,AZ,0789,2011-04-06,00098099,00004430,0001,P,489.00,EUR,
300,LH,0401,2011-03-04,00059395,00003567,0001,C,316.00,EUR,
300,DL,1984,2010-04-26,00075976,00002537,0001,C,179.00,USD,
300,AZ,0789,2011-04-06,00097791,00001295,0001,P,489.00,EUR,
300,LH,0401,2011-03-04,00059223,00003615,0001,C,316.00,EUR,
300,UA,3516,2010-08-03,00095934,00002537,0001,C,259.00,USD,
300,AZ,0789,2011-04-06,00097997,00002840,0001,P,489.00,EUR,
300,LH,0401,2011-03-04,00059483,00004434,0001,C,316.00,EUR,
300,AA,0017,2011-04-13,00022238,00002537,0001,C,179.00,USD,
300,AZ,0789,2011-04-06,00097848,00002042,0001,P,489.00,EUR,
300,LH,0401,2011-03-04,00059558,00002298,0001,C,316.00,EUR,
300,AA,0017,2012-01-25,00037540,00002537,0001,C,179.00,USD,
300,AZ,0789,2011-04-06,00097923,00000829,0001,P,489.00,EUR,
300,LH,0401,2011-03-04,00059422,00002298,0001,C,316.00,EUR,
300,SQ,0015,2010-12-29,00037774,00002537,0001,C,986.00,SGD,
300,AZ,0789,2011-04-06,00097875,00004502,0001,P,489.00,EUR,
300,LH,0401,2011-03-04,00059386,00002873,0001,C,316.00,EUR,
300,UA,0941,2010-10-07,00033815,00002537,0001,C,373.00,USD,
300,LH,0401,2011-03-04,00059212,00001303,0001,C,316.00,EUR,
300,AZ,0789,2011-04-06,00098003,00002487,0001,P,489.00,EUR,
300,JL,0408,2010-09-11,00032321,00002537,0001,C,451.00,JPY,
300,LH,0401,2011-03-04,00059434,00003431,0001,C,316.00,EUR,
300,AZ,0789,2011-04-06,00097971,00001170,0001,P,489.00,EUR,
300,AA,0017,2010-07-21,00005830,00002537,0001,C,179.00,USD,
300,LH,0401,2011-03-04,00059538,00002463,0001,C,316.00,EUR,
300,AZ,0789,2011-04-06,00098060,00001781,0001,P,489.00,EUR,
300,UA,0007,2011-06-25,00018845,00002537,0001,C,179.00,USD,
300,LH,0401,2011-03-04,00059253,00001801,0001,C,316.00,EUR,
300,AZ,0789,2011-04-06,00097857,00001845,0001,P,489.00,EUR,
300,UA,3504,2010-07-30,00056615,00002537,0001,C,373.00,USD,
300,LH,0401,2011-03-04,00059400,00001801,0001,C,316.00,EUR,
300,AZ,0789,2011-04-06,00098123,00001439,0001,P,489.00,EUR,
300,DL,1699,2011-02-28,00056689,00002537,0001,C,179.00,USD,
300,LH,0401,2011-03-04,00059504,00003374,0001,C,316.00,EUR,
300,AZ,0789,2011-04-06,00097994,00000221,0001,P,489.00,EUR,
300,AA,0026,2011-05-18,00056198,00002537,0001,C,259.00,USD,
300,LH,0401,2011-03-04,00059508,00002519,0001,C,316.00,EUR,
300,AZ,0789,2011-04-06,00097899,00004193,0001,P,489.00,EUR,
300,DL,1699,2010-12-20,00052532,00002537,0001,C,179.00,USD,
300,LH,0401,2011-03-04,00059260,00000613,0001,C,316.00,EUR,
