MANDT,CARRID,CONNID,FLDATE,BOOKID,CUSTOMID,TICKET,PLACE,ARCHIVE_
300,LH,402,2012-01-09,116914,2272,O,AIRPORT,
300,UA,3516,2011-07-19,117491,2272,O,AIRPORT,
300,UA,3516,2011-08-09,118879,2272,O,AIRPORT,
300,AZ,790,2010-07-28,118602,2272,O,AIRPORT,
300,AZ,791,2011-04-07,154018,2272,O,AIRPORT,
300,LH,455,2010-06-28,148023,2272,O,AIRPORT,
300,LH,455,2011-04-18,158600,2769,O,AIRPORT,
300,AZ,791,2010-10-14,147727,2272,O,AIRPORT,
300,AZ,790,2011-08-03,134995,2769,O,AIRPORT,
300,AZ,791,2010-09-23,146921,2272,O,AIRPORT,
300,LH,454,2011-07-23,138166,2769,O,AIRPORT,
300,UA,3517,2011-02-21,147381,2272,O,AIRPORT,
300,AZ,790,2011-08-31,136465,2769,O,AIRPORT,
300,AZ,791,2010-12-16,150010,2272,O,AIRPORT,
300,LH,454,2011-06-11,136197,2769,O,AIRPORT,
300,LH,455,2010-07-12,148700,2272,O,AIRPORT,
300,UA,3517,2010-09-06,136807,2769,O,AIRPORT,
300,AZ,791,2011-09-22,159873,2272,O,AIRPORT,
300,LH,454,2011-04-16,133784,2769,O,AIRPORT,
300,LH,455,2011-08-01,162208,2272,O,AIRPORT,
300,UA,3517,2010-12-27,143677,2769,O,AIRPORT,
300,LH,455,2011-07-25,162027,2272,O,AIRPORT,
300,UA,3517,2010-10-11,139161,2769,O,AIRPORT,
300,LH,455,2011-01-31,155946,2272,O,AIRPORT,
300,UA,3517,2010-11-29,141929,2769,O,AIRPORT,
300,UA,3517,2011-07-11,155791,2272,O,AIRPORT,
300,LH,454,2011-09-24,141283,2769,O,AIRPORT,
300,AZ,791,2011-08-04,158176,2272,O,AIRPORT,
300,UA,3517,2012-04-23,166624,2769,O,AIRPORT,
300,UA,3517,2011-08-08,157489,2272,O,AIRPORT,
300,UA,3517,2011-11-28,164903,2769,O,AIRPORT,
300,AZ,790,2011-08-17,135907,2272,O,AIRPORT,
300,UA,3517,2011-11-14,164339,2769,O,AIRPORT,
300,UA,3517,2010-09-20,137559,2272,O,AIRPORT,
300,LH,2462,2011-10-28,265983,2769,O,AIRPORT,
300,UA,3517,2010-09-20,137667,2272,O,AIRPORT,
300,LH,2462,2011-11-18,266637,2769,O,AIRPORT,
300,AZ,790,2011-09-14,137128,2272,O,AIRPORT,
300,LH,2462,2011-09-16,264178,2769,O,AIRPORT,
300,AZ,790,2011-04-20,130386,2272,O,AIRPORT,
300,LH,2462,2011-02-11,256132,2769,O,AIRPORT,
300,LH,454,2011-11-26,144204,2272,O,AIRPORT,
300,LH,2463,2010-12-11,276239,2769,O,AIRPORT,
300,LH,455,2010-04-26,145878,2272,O,AIRPORT,
300,LH,2463,2010-10-30,274757,2769,O,AIRPORT,
300,UA,3517,2010-10-18,139492,2272,O,AIRPORT,
300,LH,2463,2011-02-19,278813,2769,O,AIRPORT,
300,LH,454,2011-09-03,140096,2272,O,AIRPORT,
300,LH,2463,2010-06-26,270307,2769,O,AIRPORT,
300,LH,2462,2011-11-04,266027,2272,O,AIRPORT,
300,LH,2436,2011-05-14,240460,2769,O,AIRPORT,
300,LH,2462,2011-02-18,256419,2272,O,AIRPORT,
300,LH,2415,2011-08-12,227922,2769,O,AIRPORT,
300,LH,2462,2011-04-22,258634,2272,O,AIRPORT,
300,LH,2415,2011-10-21,230356,2769,O,AIRPORT,
300,LH,2462,2011-04-15,258528,2272,O,AIRPORT,
300,LH,2462,2010-06-25,247903,2769,O,AIRPORT,
300,LH,2463,2010-05-29,269359,2272,O,AIRPORT,
300,LH,2462,2010-05-28,247000,2769,O,AIRPORT,
300,LH,2463,2010-05-22,269132,2272,O,AIRPORT,
300,LH,3577,2011-09-24,309590,2769,O,AIRPORT,
300,LH,2463,2010-08-28,272570,2272,O,AIRPORT,
300,LH,3577,2011-10-29,311284,2769,O,AIRPORT,
300,LH,2436,2010-09-04,235262,2272,O,AIRPORT,
300,LH,2463,2011-10-01,287380,2769,O,AIRPORT,
300,LH,2436,2011-01-01,237807,2272,O,AIRPORT,
300,LH,2463,2011-07-02,283533,2769,O,AIRPORT,
300,LH,2415,2011-10-07,229954,2272,O,AIRPORT,
300,LH,2462,2010-10-08,251625,2272,O,AIRPORT,
300,LH,2463,2011-05-21,282140,2769,O,AIRPORT,
300,LH,2462,2010-06-18,247586,2272,O,AIRPORT,
300,LH,3577,2011-03-26,302839,2769,O,AIRPORT,
300,LH,3577,2011-09-17,309345,2272,O,AIRPORT,
300,LH,3577,2011-03-19,302538,2769,O,AIRPORT,
300,LH,2463,2011-12-10,289532,2272,O,AIRPORT,
300,LH,3577,2010-09-11,295883,2769,O,AIRPORT,
300,LH,3577,2010-07-03,293375,2272,O,AIRPORT,
300,LH,3577,2011-01-01,299949,2769,O,AIRPORT,
300,LH,2463,2011-05-28,282247,2272,O,AIRPORT,
300,LH,2407,2011-03-12,202220,2769,O,AIRPORT,
300,LH,2463,2011-05-21,282173,2272,O,AIRPORT,
300,LH,2402,2012-01-28,190189,2769,O,AIRPORT,
300,LH,2463,2011-08-28,285973,2272,O,AIRPORT,
300,LH,2402,2011-10-08,187791,2769,O,AIRPORT,
300,LH,3577,2011-02-19,301641,2272,O,AIRPORT,
300,LH,2407,2011-10-29,210960,2769,O,AIRPORT,
300,LH,3577,2010-09-11,295824,2272,O,AIRPORT,
300,LH,2407,2011-07-30,207238,2769,O,AIRPORT,
300,LH,3577,2010-11-06,297929,2272,O,AIRPORT,
300,LH,2415,2010-07-09,215563,2769,O,AIRPORT,
300,LH,3577,2010-12-04,298873,2272,O,AIRPORT,
300,LH,2407,2011-11-19,211954,2769,O,AIRPORT,
300,LH,2407,2011-01-08,200111,2272,O,AIRPORT,
300,LH,2402,2011-07-02,183840,2769,O,AIRPORT,
300,LH,2407,2011-01-08,199982,2272,O,AIRPORT,
300,LH,2402,2010-11-06,175372,2769,O,AIRPORT,
300,LH,2402,2011-11-05,188800,2272,O,AIRPORT,
300,QF,5,2011-03-04,19843,794,O,AIRPORT,
300,LH,2407,2010-09-11,195705,2272,O,AIRPORT,
300,LH,400,2011-02-26,19550,794,O,AIRPORT,
300,LH,2407,2010-10-09,196829,2272,O,AIRPORT,
300,LH,400,2010-07-17,5380,794,O,AIRPORT,
300,LH,2407,2010-10-09,196916,2272,O,AIRPORT,
300,JL,407,2011-08-05,20991,794,O,AIRPORT,
300,LH,2407,2010-06-26,193163,2272,O,AIRPORT,
300,LH,400,2011-02-05,17876,794,O,AIRPORT,
300,LH,2415,2010-08-20,216715,2272,O,AIRPORT,
300,DL,106,2010-05-24,1773,794,O,AIRPORT,
300,LH,2415,2011-04-08,224062,2272,O,AIRPORT,
300,JL,407,2011-05-06,16906,794,O,AIRPORT,
300,LH,2415,2011-02-25,222570,2272,O,AIRPORT,
300,AZ,555,2011-02-09,18626,794,O,AIRPORT,
300,LH,2415,2011-03-18,223322,2272,O,AIRPORT,
300,LH,400,2011-02-12,18626,794,O,AIRPORT,
300,LH,2407,2011-11-05,211336,2272,O,AIRPORT,
300,DL,106,2011-02-14,18705,794,O,AIRPORT,
300,LH,2415,2010-08-06,216329,2272,O,AIRPORT,
300,AA,17,2010-07-07,4851,794,O,AIRPORT,
300,LH,2402,2011-03-26,180349,2272,O,AIRPORT,
300,AZ,555,2011-05-11,24301,794,O,AIRPORT,
300,LH,2402,2011-03-05,179541,2272,O,AIRPORT,
300,AZ,555,2011-05-11,24331,794,O,AIRPORT,
300,LH,2402,2011-09-17,186718,2272,O,AIRPORT,
300,QF,5,2010-07-09,4932,794,O,AIRPORT,
300,LH,2402,2010-07-24,171572,2272,O,AIRPORT,
300,AZ,555,2010-06-30,4724,794,O,AIRPORT,
300,LH,2402,2010-04-24,168311,2272,O,AIRPORT,
300,AZ,788,2010-09-21,47780,794,O,AIRPORT,
300,LH,2402,2010-04-24,168388,2272,O,AIRPORT,
300,AA,17,2011-04-20,22670,794,O,AIRPORT,
300,JL,407,2011-07-01,19289,3947,O,AIRPORT,
300,JL,407,2011-09-02,22050,794,O,AIRPORT,
300,QF,5,2011-02-25,19274,3947,O,AIRPORT,
300,LH,400,2011-05-07,23907,794,O,AIRPORT,
300,AA,17,2011-03-23,21138,3947,O,AIRPORT,
300,UA,7,2011-09-28,23713,794,O,AIRPORT,
300,UA,7,2011-06-04,17884,3947,O,AIRPORT,
300,AA,17,2011-04-27,23039,794,O,AIRPORT,
300,AZ,555,2011-01-26,17819,3947,O,AIRPORT,
300,UA,7,2010-12-11,10249,794,O,AIRPORT,
300,JL,407,2011-06-24,19039,3947,O,AIRPORT,
300,AA,17,2010-08-18,7659,794,O,AIRPORT,
300,DL,106,2011-02-14,18349,3947,O,AIRPORT,
300,LH,400,2010-08-21,7647,794,O,AIRPORT,
300,DL,1699,2010-10-04,47398,3947,O,AIRPORT,
300,UA,7,2010-10-02,7164,794,O,AIRPORT,
300,AA,26,2010-10-27,47255,3947,O,AIRPORT,
300,QF,5,2010-08-13,7237,794,O,AIRPORT,
300,JL,408,2011-12-24,48305,3947,O,AIRPORT,
300,AA,17,2010-10-13,11106,794,O,AIRPORT,
300,LH,400,2010-07-03,4793,3947,O,AIRPORT,
300,AA,17,2010-10-06,10838,794,O,AIRPORT,
300,DL,106,2011-04-11,22142,3947,O,AIRPORT,
300,JL,407,2010-12-03,9937,794,O,AIRPORT,
300,JL,407,2010-06-11,2369,3947,O,AIRPORT,
300,UA,7,2011-03-26,14954,794,O,AIRPORT,
300,JL,407,2011-10-07,23578,3947,O,AIRPORT,
300,AZ,555,2010-12-15,15242,794,O,AIRPORT,
300,UA,7,2010-09-25,6861,3947,O,AIRPORT,
300,LH,400,2010-12-11,14450,794,O,AIRPORT,
300,AZ,555,2010-08-04,6905,3947,O,AIRPORT,
300,JL,407,2011-03-11,14413,794,O,AIRPORT,
300,UA,7,2010-09-25,6884,3947,O,AIRPORT,
300,DL,106,2011-01-10,16182,794,O,AIRPORT,
300,AZ,555,2010-08-04,6586,3947,O,AIRPORT,
300,DL,106,2011-01-17,16648,794,O,AIRPORT,
300,QF,5,2010-10-29,11890,794,O,AIRPORT,
300,JL,407,2010-09-17,6548,3947,O,AIRPORT,
300,AZ,555,2010-10-27,12129,794,O,AIRPORT,
300,AA,17,2010-08-11,7191,3947,O,AIRPORT,
300,AZ,555,2010-07-28,6129,794,O,AIRPORT,
300,UA,7,2011-01-01,11322,3947,O,AIRPORT,
300,AZ,555,2010-10-20,11602,3947,O,AIRPORT,
300,UA,7,2011-02-12,13145,794,O,AIRPORT,
300,AA,17,2010-10-06,10530,3947,O,AIRPORT,
300,DL,106,2011-09-26,32408,794,O,AIRPORT,
300,QF,5,2010-10-08,10519,3947,O,AIRPORT,
300,AZ,555,2011-09-07,31828,794,O,AIRPORT,
300,JL,407,2010-05-14,1047,3947,O,AIRPORT,
300,DL,106,2011-09-19,31891,794,O,AIRPORT,
300,QF,5,2010-10-15,10899,3947,O,AIRPORT,
300,DL,106,2011-11-07,35235,794,O,AIRPORT,
300,JL,407,2010-11-26,9713,3947,O,AIRPORT,
300,QF,5,2011-10-14,33872,794,O,AIRPORT,
300,JL,407,2010-12-03,9905,3947,O,AIRPORT,
300,JL,408,2010-11-20,34664,794,O,AIRPORT,
300,AZ,555,2010-08-25,8001,3947,O,AIRPORT,
300,LH,400,2011-10-15,34721,794,O,AIRPORT,
300,UA,7,2010-11-06,8866,3947,O,AIRPORT,
300,AA,17,2011-06-29,27084,794,O,AIRPORT,
300,UA,7,2011-03-26,14920,3947,O,AIRPORT,
300,DL,106,2011-05-30,25164,794,O,AIRPORT,
300,UA,7,2011-04-02,15415,3947,O,AIRPORT,
300,DL,106,2011-06-27,26717,794,O,AIRPORT,
300,DL,106,2011-01-10,16204,3947,O,AIRPORT,
300,QF,5,2011-06-03,25614,794,O,AIRPORT,
300,QF,5,2011-01-07,16075,3947,O,AIRPORT,
300,LH,400,2011-06-04,25538,794,O,AIRPORT,
300,DL,106,2011-08-15,29830,794,O,AIRPORT,
300,AA,17,2011-07-20,28265,794,O,AIRPORT,
300,QF,5,2010-06-04,2854,794,O,AIRPORT,
300,JL,408,2010-06-05,28734,794,O,AIRPORT,
300,LH,400,2010-11-06,12363,3947,O,AIRPORT,
300,LH,400,2011-07-23,28627,794,O,AIRPORT,
300,AA,17,2010-06-02,2887,794,O,AIRPORT,
300,JL,407,2010-05-14,1188,3947,O,AIRPORT,
300,AZ,788,2010-07-20,43735,794,O,AIRPORT,
300,QF,6,2010-07-21,41998,794,O,AIRPORT,
300,AZ,555,2010-11-03,12216,3947,O,AIRPORT,
300,LH,401,2010-05-28,41979,794,O,AIRPORT,
300,QF,6,2010-11-03,46634,794,O,AIRPORT,
300,LH,400,2010-07-24,6088,3947,O,AIRPORT,
300,UA,941,2011-08-04,44579,794,O,AIRPORT,
300,JL,408,2010-09-18,32412,3947,O,AIRPORT,
300,DL,106,2011-09-26,32628,3947,O,AIRPORT,
300,LH,401,2010-07-23,45410,794,O,AIRPORT,
300,JL,408,2010-09-11,32243,3947,O,AIRPORT,
300,LH,401,2010-07-16,45021,794,O,AIRPORT,
300,AA,17,2011-10-05,33313,3947,O,AIRPORT,
300,UA,7,2010-07-31,4516,794,O,AIRPORT,
300,UA,941,2010-09-23,33342,3947,O,AIRPORT,
300,JL,408,2011-02-05,37608,794,O,AIRPORT,
300,AZ,555,2011-08-24,30881,3947,O,AIRPORT,
300,QF,5,2012-02-24,37382,794,O,AIRPORT,
300,UA,941,2010-08-12,31903,3947,O,AIRPORT,
300,AA,26,2010-05-26,40259,794,O,AIRPORT,
300,UA,941,2010-10-14,34021,3947,O,AIRPORT,
300,AZ,788,2010-05-25,40405,794,O,AIRPORT,
300,QF,5,2011-10-14,33525,3947,O,AIRPORT,
300,JL,408,2010-10-16,33530,3947,O,AIRPORT,
300,UA,941,2011-04-21,40945,794,O,AIRPORT,
300,LH,400,2011-10-08,34130,3947,O,AIRPORT,
300,UA,941,2011-03-10,39369,794,O,AIRPORT,
300,UA,7,2012-03-10,27441,3947,O,AIRPORT,
300,QF,6,2011-08-24,59773,794,O,AIRPORT,
300,QF,5,2011-06-03,25303,3947,O,AIRPORT,
300,AA,26,2011-08-03,59412,794,O,AIRPORT,
300,QF,5,2011-08-12,29755,3947,O,AIRPORT,
300,DL,1699,2011-04-11,59595,794,O,AIRPORT,
300,UA,941,2010-06-10,29685,3947,O,AIRPORT,
300,LH,401,2011-03-25,60634,794,O,AIRPORT,
300,LH,400,2011-08-27,30618,3947,O,AIRPORT,
300,DL,1699,2011-03-07,57147,794,O,AIRPORT,
300,AZ,555,2011-07-13,27985,3947,O,AIRPORT,
300,LH,401,2011-02-11,58147,794,O,AIRPORT,
300,LH,400,2010-06-05,2905,3947,O,AIRPORT,
300,AZ,788,2011-03-15,58502,794,O,AIRPORT,
300,AZ,555,2010-06-02,2861,3947,O,AIRPORT,
300,DL,1699,2011-06-27,64130,794,O,AIRPORT,
300,UA,941,2010-05-20,28910,3947,O,AIRPORT,
300,QF,6,2012-02-15,64717,794,O,AIRPORT,
300,UA,7,2010-07-31,4374,3947,O,AIRPORT,
300,DL,1699,2011-06-13,63166,794,O,AIRPORT,
300,AA,26,2010-06-30,41982,3947,O,AIRPORT,
300,LH,401,2010-10-29,51464,794,O,AIRPORT,
300,QF,5,2010-06-25,4287,3947,O,AIRPORT,
300,QF,6,2011-02-02,50855,794,O,AIRPORT,
300,UA,941,2011-06-16,42908,3947,O,AIRPORT,
300,UA,3504,2010-04-30,50813,794,O,AIRPORT,
300,LH,401,2011-01-21,56839,794,O,AIRPORT,
300,AZ,788,2010-08-31,46191,3947,O,AIRPORT,
300,DL,1699,2011-02-28,56929,794,O,AIRPORT,
300,DL,106,2010-07-05,4572,3947,O,AIRPORT,
300,AZ,788,2011-01-11,54420,794,O,AIRPORT,
300,UA,941,2011-09-08,45984,3947,O,AIRPORT,
300,AA,64,2010-08-13,70107,794,O,AIRPORT,
300,DL,1699,2010-09-20,46662,3947,O,AIRPORT,
300,DL,1699,2011-09-19,69227,794,O,AIRPORT,
300,AZ,788,2010-09-07,46552,3947,O,AIRPORT,
300,LH,401,2011-08-12,69186,794,O,AIRPORT,
300,DL,1699,2010-09-20,46584,3947,O,AIRPORT,
300,AZ,788,2011-08-09,67647,794,O,AIRPORT,
300,UA,7,2010-07-31,4557,3947,O,AIRPORT,
300,LH,401,2010-07-23,45549,3947,O,AIRPORT,
300,DL,1699,2011-08-29,67960,794,O,AIRPORT,
300,UA,941,2011-01-20,37653,3947,O,AIRPORT,
300,DL,1984,2010-10-04,85734,794,O,AIRPORT,
300,AA,17,2011-12-14,36737,3947,O,AIRPORT,
300,LH,402,2010-07-26,84956,794,O,AIRPORT,
300,JL,408,2011-04-30,40583,3947,O,AIRPORT,
300,UA,3504,2011-10-14,84968,794,O,AIRPORT,
300,AZ,788,2010-05-11,39375,3947,O,AIRPORT,
300,UA,3504,2011-05-27,75282,794,O,AIRPORT,
300,LH,401,2010-04-23,39780,3947,O,AIRPORT,
300,UA,3504,2011-05-27,75342,794,O,AIRPORT,
300,AA,26,2010-05-12,39835,3947,O,AIRPORT,
300,DL,1699,2011-12-12,73988,794,O,AIRPORT,
300,AZ,555,2010-04-21,242,3947,O,AIRPORT,
300,DL,1699,2012-02-13,74734,794,O,AIRPORT,
300,QF,6,2011-09-21,60859,3947,O,AIRPORT,
300,AA,64,2010-10-01,71980,794,O,AIRPORT,
300,AZ,788,2011-09-27,70584,794,O,AIRPORT,
300,DL,1699,2011-05-09,60978,3947,O,AIRPORT,
300,UA,3504,2011-05-06,73939,794,O,AIRPORT,
300,UA,3504,2010-08-27,58147,3947,O,AIRPORT,
300,DL,1984,2010-08-09,82301,794,O,AIRPORT,
300,AZ,788,2011-03-08,58243,3947,O,AIRPORT,
300,UA,3504,2011-09-02,81674,794,O,AIRPORT,
300,QF,6,2011-07-27,58443,3947,O,AIRPORT,
300,UA,3504,2011-09-30,83992,794,O,AIRPORT,
300,UA,3504,2010-08-27,58394,3947,O,AIRPORT,
300,AA,64,2011-09-23,84781,794,O,AIRPORT,
300,DL,106,2010-05-03,853,3947,O,AIRPORT,
300,LH,402,2010-06-28,83233,794,O,AIRPORT,
300,UA,7,2010-04-24,83,3947,O,AIRPORT,
300,AA,64,2011-04-22,79099,794,O,AIRPORT,
300,UA,7,2010-05-08,766,3947,O,AIRPORT,
300,AZ,788,2011-06-28,64883,3947,O,AIRPORT,
300,AA,26,2011-12-07,64659,3947,O,AIRPORT,
300,AA,64,2011-05-27,80446,794,O,AIRPORT,
300,AA,26,2011-09-14,61498,3947,O,AIRPORT,
300,UA,3504,2011-08-05,79569,794,O,AIRPORT,
300,DL,1699,2010-10-25,49087,3947,O,AIRPORT,
300,DL,1984,2012-04-16,113333,794,O,AIRPORT,
300,DL,1699,2010-11-22,50575,3947,O,AIRPORT,
300,AZ,789,2011-12-28,112838,794,O,AIRPORT,
300,QF,6,2011-06-01,55865,3947,O,AIRPORT,
300,UA,3516,2011-05-03,112727,794,O,AIRPORT,
300,DL,1699,2011-01-31,55191,3947,O,AIRPORT,
300,QF,6,2011-06-15,56621,3947,O,AIRPORT,
300,DL,1984,2011-08-01,104276,794,O,AIRPORT,
300,AZ,788,2010-12-28,53777,3947,O,AIRPORT,
300,UA,3516,2010-12-14,104106,794,O,AIRPORT,
300,UA,3504,2010-06-25,54205,3947,O,AIRPORT,
300,LH,402,2011-05-16,103477,794,O,AIRPORT,
300,UA,3516,2010-10-12,100050,794,O,AIRPORT,
300,AA,26,2011-03-30,53983,3947,O,AIRPORT,
300,UA,3516,2010-10-12,100087,794,O,AIRPORT,
300,LH,401,2010-12-10,54221,3947,O,AIRPORT,
300,LH,402,2011-05-02,102415,794,O,AIRPORT,
300,AZ,788,2011-09-13,69620,3947,O,AIRPORT,
300,DL,1984,2011-10-31,109894,794,O,AIRPORT,
300,LH,401,2011-06-24,66383,3947,O,AIRPORT,
300,AZ,789,2011-08-17,106380,794,O,AIRPORT,
300,DL,1699,2011-07-18,65296,3947,O,AIRPORT,
300,LH,401,2011-07-22,68123,3947,O,AIRPORT,
300,LH,402,2011-07-11,106932,794,O,AIRPORT,
300,AZ,789,2010-09-29,85999,3947,O,AIRPORT,
300,AZ,789,2011-09-21,108534,794,O,AIRPORT,
300,UA,3504,2011-11-04,86284,3947,O,AIRPORT,
300,LH,402,2010-11-29,93144,794,O,AIRPORT,
300,AZ,789,2010-09-29,86321,3947,O,AIRPORT,
300,LH,402,2010-11-22,92529,794,O,AIRPORT,
300,AA,64,2011-12-02,86937,3947,O,AIRPORT,
300,UA,3516,2010-06-08,92268,794,O,AIRPORT,
300,LH,402,2010-08-23,86667,3947,O,AIRPORT,
300,AZ,789,2011-03-16,96436,794,O,AIRPORT,
300,DL,1699,2012-02-20,74950,3947,O,AIRPORT,
300,DL,1984,2011-03-28,96410,794,O,AIRPORT,
300,UA,3504,2011-05-27,75373,3947,O,AIRPORT,
300,UA,3516,2010-08-17,96738,794,O,AIRPORT,
300,AA,64,2011-01-07,75536,3947,O,AIRPORT,
300,DL,1984,2011-02-28,94925,794,O,AIRPORT,
300,AZ,788,2011-11-22,74064,3947,O,AIRPORT,
300,AZ,789,2011-04-13,98208,794,O,AIRPORT,
300,LH,401,2011-10-21,74459,3947,O,AIRPORT,
300,AZ,789,2011-04-06,97836,794,O,AIRPORT,
300,DL,1984,2010-05-17,77120,3947,O,AIRPORT,
300,LH,402,2011-02-07,97423,794,O,AIRPORT,
300,DL,1984,2010-05-10,76798,3947,O,AIRPORT,
300,UA,3516,2011-11-08,125172,794,O,AIRPORT,
300,UA,3504,2011-07-01,77435,3947,O,AIRPORT,
300,AZ,790,2010-10-20,122381,794,O,AIRPORT,
300,AZ,789,2010-05-12,77376,3947,O,AIRPORT,
300,AZ,790,2011-03-09,128574,794,O,AIRPORT,
300,LH,401,2011-11-11,75871,3947,O,AIRPORT,
300,LH,454,2011-01-08,129356,794,O,AIRPORT,
300,AA,64,2010-10-01,72009,3947,O,AIRPORT,
300,UA,3517,2010-05-17,129842,794,O,AIRPORT,
300,UA,3504,2011-03-25,71212,3947,O,AIRPORT,
300,UA,3516,2011-11-15,125624,794,O,AIRPORT,
300,DL,1699,2011-11-07,72606,3947,O,AIRPORT,
300,UA,3516,2011-12-06,126426,794,O,AIRPORT,
300,DL,1984,2010-08-09,82271,3947,O,AIRPORT,
300,AZ,790,2010-04-28,114740,794,O,AIRPORT,
300,AA,64,2011-06-24,81382,3947,O,AIRPORT,
300,AZ,789,2012-03-21,113939,794,O,AIRPORT,
300,LH,402,2010-07-19,84633,3947,O,AIRPORT,
300,LH,454,2010-06-05,119706,794,O,AIRPORT,
300,AZ,789,2010-08-11,83256,3947,O,AIRPORT,
300,AZ,790,2010-08-18,119787,794,O,AIRPORT,
300,AZ,789,2010-08-11,83042,3947,O,AIRPORT,
300,AZ,791,2011-03-24,153404,794,O,AIRPORT,
300,DL,1984,2010-05-31,77952,3947,O,AIRPORT,
300,LH,455,2010-07-12,148602,794,O,AIRPORT,
300,UA,3504,2011-08-19,80489,3947,O,AIRPORT,
300,AZ,791,2011-09-22,159949,794,O,AIRPORT,
300,UA,3504,2011-08-12,80159,3947,O,AIRPORT,
300,AZ,791,2011-12-22,162448,794,O,AIRPORT,
300,DL,1984,2012-01-23,112488,3947,O,AIRPORT,
300,LH,455,2011-02-07,156061,794,O,AIRPORT,
300,UA,3516,2011-05-10,113190,3947,O,AIRPORT,
300,AZ,791,2011-06-30,156941,794,O,AIRPORT,
300,LH,455,2011-04-18,158464,794,O,AIRPORT,
300,AZ,791,2011-07-07,157247,794,O,AIRPORT,
300,DL,1984,2011-07-18,103355,3947,O,AIRPORT,
300,AZ,790,2011-09-21,137298,794,O,AIRPORT,
300,UA,3516,2010-10-19,100622,3947,O,AIRPORT,
300,UA,3517,2010-09-13,137267,794,O,AIRPORT,
300,UA,3516,2010-11-09,102025,3947,O,AIRPORT,
300,UA,3517,2010-05-31,130771,794,O,AIRPORT,
300,AZ,789,2011-10-26,110418,3947,O,AIRPORT,
300,UA,3517,2010-07-19,133919,794,O,AIRPORT,
300,LH,402,2011-07-18,107439,3947,O,AIRPORT,
300,UA,3517,2010-07-05,132668,794,O,AIRPORT,
300,UA,3516,2011-02-08,107645,3947,O,AIRPORT,
300,UA,3517,2010-10-11,138816,794,O,AIRPORT,
300,UA,3516,2011-02-01,106913,3947,O,AIRPORT,
300,LH,454,2011-10-08,142025,794,O,AIRPORT,
300,AZ,789,2011-08-31,106931,3947,O,AIRPORT,
300,LH,454,2011-09-10,140667,794,O,AIRPORT,
300,AZ,789,2011-09-21,108593,3947,O,AIRPORT,
300,LH,454,2011-09-10,140450,794,O,AIRPORT,
300,DL,1984,2011-10-17,109162,3947,O,AIRPORT,
300,LH,454,2011-09-24,141165,794,O,AIRPORT,
300,DL,1984,2010-12-27,90821,3947,O,AIRPORT,
300,LH,455,2011-11-07,166226,794,O,AIRPORT,
300,UA,3516,2010-05-18,91117,3947,O,AIRPORT,
300,UA,3517,2011-11-21,164853,794,O,AIRPORT,
300,UA,3516,2010-05-18,91045,3947,O,AIRPORT,
300,LH,2462,2012-02-17,267587,794,O,AIRPORT,
300,LH,402,2010-09-27,89164,3947,O,AIRPORT,
300,LH,2462,2011-02-18,256464,794,O,AIRPORT,
300,DL,1984,2011-05-16,99567,3947,O,AIRPORT,
300,LH,2462,2011-04-29,258859,794,O,AIRPORT,
300,DL,1984,2011-03-28,96525,3947,O,AIRPORT,
300,LH,2462,2012-04-27,267915,794,O,AIRPORT,
300,AZ,789,2011-02-23,95130,3947,O,AIRPORT,
300,LH,2463,2010-10-09,274043,794,O,AIRPORT,
300,LH,402,2011-02-14,97802,3947,O,AIRPORT,
300,LH,2436,2010-06-19,233733,794,O,AIRPORT,
300,DL,1984,2011-04-04,96831,3947,O,AIRPORT,
300,LH,2436,2010-09-04,235269,794,O,AIRPORT,
300,AZ,790,2010-10-27,122622,3947,O,AIRPORT,
300,LH,2436,2011-02-05,238456,794,O,AIRPORT,
300,AZ,790,2011-03-16,129091,3947,O,AIRPORT,
300,LH,2436,2011-01-29,238370,794,O,AIRPORT,
300,AZ,790,2010-12-29,125611,3947,O,AIRPORT,
300,LH,2415,2011-09-02,228778,794,O,AIRPORT,
300,AZ,790,2010-06-23,117059,3947,O,AIRPORT,
300,LH,2436,2011-09-03,243007,794,O,AIRPORT,
300,LH,402,2012-01-09,116948,3947,O,AIRPORT,
300,LH,2436,2011-10-22,244079,794,O,AIRPORT,
300,AZ,790,2010-06-02,116233,3947,O,AIRPORT,
300,LH,3577,2010-06-26,293229,794,O,AIRPORT,
300,UA,3516,2011-08-28,120047,3947,O,AIRPORT,
300,UA,3516,2011-09-06,121145,3947,O,AIRPORT,
300,LH,3577,2010-05-29,292111,794,O,AIRPORT,
300,UA,3517,2011-05-09,151952,3947,O,AIRPORT,
300,LH,2463,2011-06-04,282637,794,O,AIRPORT,
300,LH,455,2010-10-25,152393,3947,O,AIRPORT,
300,LH,3577,2011-08-06,307593,794,O,AIRPORT,
300,UA,3517,2011-05-16,152307,3947,O,AIRPORT,
300,LH,2407,2010-11-27,198489,794,O,AIRPORT,
300,AZ,791,2011-02-24,152437,3947,O,AIRPORT,
300,LH,2407,2011-04-09,203250,794,O,AIRPORT,
300,AZ,791,2010-10-07,147504,3947,O,AIRPORT,
300,LH,2415,2010-11-19,219607,794,O,AIRPORT,
300,AZ,791,2011-09-29,160042,3947,O,AIRPORT,
300,LH,2415,2010-10-08,218393,794,O,AIRPORT,
300,UA,3517,2011-09-28,161277,3947,O,AIRPORT,
300,LH,2415,2010-10-01,218182,794,O,AIRPORT,
300,LH,455,2011-02-07,156182,3947,O,AIRPORT,
300,LH,2415,2010-07-23,215913,794,O,AIRPORT,
300,AZ,791,2011-06-30,156869,3947,O,AIRPORT,
300,LH,2407,2012-01-28,212596,794,O,AIRPORT,
300,UA,3517,2011-07-04,155534,3947,O,AIRPORT,
300,LH,455,2011-12-19,167336,794,O,AIRPORT,
300,UA,3517,2010-08-23,135841,3947,O,AIRPORT,
300,LH,2402,2011-07-09,184008,794,O,AIRPORT,
300,LH,454,2011-05-07,134560,3947,O,AIRPORT,
300,LH,2402,2010-06-05,169683,794,O,AIRPORT,
300,UA,3517,2010-09-27,138040,3947,O,AIRPORT,
300,AA,17,2011-03-09,20312,86,O,AIRPORT,
300,LH,454,2011-07-23,138183,3947,O,AIRPORT,
300,UA,7,2010-08-21,5509,86,O,AIRPORT,
300,UA,3517,2010-08-30,136163,3947,O,AIRPORT,
300,LH,400,2011-03-26,21305,86,O,AIRPORT,
300,UA,3517,2010-06-07,131199,3947,O,AIRPORT,
300,AZ,555,2011-03-30,21457,86,O,AIRPORT,
300,UA,3517,2010-06-28,132446,3947,O,AIRPORT,
300,AA,17,2011-03-30,21542,86,O,AIRPORT,
300,UA,3517,2011-02-14,146544,3947,O,AIRPORT,
300,UA,7,2011-08-06,20973,86,O,AIRPORT,
300,LH,454,2011-08-13,139037,3947,O,AIRPORT,
300,UA,7,2011-06-04,17929,86,O,AIRPORT,
300,LH,454,2011-10-01,141699,3947,O,AIRPORT,
300,LH,400,2011-01-22,17212,86,O,AIRPORT,
300,UA,3517,2010-11-29,142123,3947,O,AIRPORT,
300,QF,5,2011-01-21,17136,86,O,AIRPORT,
300,UA,3517,2012-01-09,165503,3947,O,AIRPORT,
300,QF,5,2010-05-28,2488,86,O,AIRPORT,
300,LH,2462,2011-03-04,256970,3947,O,AIRPORT,
300,LH,400,2011-05-21,24484,86,O,AIRPORT,
300,LH,2462,2011-04-22,258647,3947,O,AIRPORT,
300,JL,407,2011-09-02,22000,86,O,AIRPORT,
300,LH,2463,2010-09-18,273269,3947,O,AIRPORT,
300,LH,400,2010-07-10,5211,86,O,AIRPORT,
300,LH,2463,2010-08-14,272074,3947,O,AIRPORT,
300,LH,400,2011-04-09,22066,86,O,AIRPORT,
300,LH,2436,2010-08-07,234704,3947,O,AIRPORT,
300,QF,5,2011-05-06,23838,86,O,AIRPORT,
300,LH,2415,2012-02-17,232204,3947,O,AIRPORT,
300,UA,7,2011-10-01,23771,86,O,AIRPORT,
300,LH,2415,2011-10-14,230246,3947,O,AIRPORT,
300,UA,7,2011-09-28,23765,86,O,AIRPORT,
300,LH,2462,2010-08-27,250136,3947,O,AIRPORT,
300,LH,400,2011-04-23,23083,86,O,AIRPORT,
300,LH,2462,2010-10-01,251504,3947,O,AIRPORT,
300,LH,400,2011-04-30,23311,86,O,AIRPORT,
300,LH,2436,2011-08-28,242755,3947,O,AIRPORT,
300,LH,2436,2011-09-28,243494,3947,O,AIRPORT,
300,JL,407,2010-10-08,7511,86,O,AIRPORT,
300,LH,3577,2010-07-03,293502,3947,O,AIRPORT,
300,AZ,555,2010-10-13,11268,86,O,AIRPORT,
300,LH,2463,2011-06-04,282630,3947,O,AIRPORT,
300,DL,106,2010-10-11,10666,86,O,AIRPORT,
300,LH,2463,2011-04-23,281120,3947,O,AIRPORT,
300,AA,17,2010-09-29,10021,86,O,AIRPORT,
300,LH,2463,2011-08-27,285605,3947,O,AIRPORT,
300,JL,407,2010-11-26,9789,86,O,AIRPORT,
300,LH,3577,2011-02-26,301807,3947,O,AIRPORT,
300,QF,5,2010-08-27,8093,86,O,AIRPORT,
300,LH,2407,2010-05-15,191591,3947,O,AIRPORT,
300,QF,5,2010-09-03,8316,86,O,AIRPORT,
300,LH,2402,2011-10-29,188409,3947,O,AIRPORT,
300,AZ,555,2010-12-15,15004,86,O,AIRPORT,
300,LH,2407,2010-06-05,192348,3947,O,AIRPORT,
300,DL,106,2010-12-13,14471,86,O,AIRPORT,
300,LH,2415,2011-02-11,222307,3947,O,AIRPORT,
300,DL,106,2010-12-06,14338,86,O,AIRPORT,
300,LH,2415,2011-03-04,222914,3947,O,AIRPORT,
300,AA,17,2011-01-12,16637,86,O,AIRPORT,
300,LH,2407,2011-10-08,210208,3947,O,AIRPORT,
300,DL,106,2010-11-15,12922,86,O,AIRPORT,
300,LH,2415,2010-06-18,214916,3947,O,AIRPORT,
300,UA,7,2011-02-26,13657,86,O,AIRPORT,
300,LH,2402,2011-04-23,181182,3947,O,AIRPORT,
300,LH,400,2010-07-24,6107,86,O,AIRPORT,
300,LH,2402,2011-02-26,179204,3947,O,AIRPORT,
300,DL,106,2011-09-26,32461,86,O,AIRPORT,
300,JL,408,2010-09-18,32530,86,O,AIRPORT,
300,UA,7,2010-07-03,3213,86,O,AIRPORT,
300,LH,400,2011-08-28,31051,86,O,AIRPORT,
300,JL,408,2010-07-31,30762,86,O,AIRPORT,
300,JL,408,2010-08-21,31500,86,O,AIRPORT,
300,LH,400,2011-10-22,35227,86,O,AIRPORT,
300,UA,941,2010-11-18,35334,86,O,AIRPORT,
300,LH,400,2011-11-05,35927,86,O,AIRPORT,
300,QF,5,2011-06-24,26895,86,O,AIRPORT,
300,AZ,555,2011-06-22,26867,86,O,AIRPORT,
300,JL,408,2010-05-01,27608,86,O,AIRPORT,
300,DL,106,2011-07-04,27344,86,O,AIRPORT,
300,UA,7,2012-02-25,27228,86,O,AIRPORT,
300,UA,7,2012-03-10,27505,86,O,AIRPORT,
300,JL,407,2011-11-18,25635,86,O,AIRPORT,
300,AA,17,2011-06-08,25879,86,O,AIRPORT,
300,UA,941,2010-06-17,29859,86,O,AIRPORT,
300,AZ,555,2011-07-27,29189,86,O,AIRPORT,
300,UA,941,2010-05-20,28841,86,O,AIRPORT,
300,UA,941,2011-07-07,43525,86,O,AIRPORT,
300,DL,1699,2010-07-05,41765,86,O,AIRPORT,
300,UA,941,2011-06-02,42256,86,O,AIRPORT,
300,JL,407,2010-07-23,4246,86,O,AIRPORT,
300,DL,1699,2010-09-13,46431,86,O,AIRPORT,
300,AZ,788,2010-08-31,46344,86,O,AIRPORT,
300,DL,1699,2010-09-20,46531,86,O,AIRPORT,
300,UA,941,2011-08-04,44608,86,O,AIRPORT,
300,AA,26,2010-09-22,45537,86,O,AIRPORT,
300,UA,941,2011-08-25,45294,86,O,AIRPORT,
300,AZ,788,2010-04-20,38050,86,O,AIRPORT,
300,QF,6,2010-04-28,38216,86,O,AIRPORT,
300,DL,106,2012-03-05,37042,86,O,AIRPORT,
300,AZ,788,2010-06-01,40495,86,O,AIRPORT,
300,AZ,788,2010-06-08,41027,86,O,AIRPORT,
300,LH,400,2010-06-26,4107,86,O,AIRPORT,
300,LH,400,2012-04-07,39422,86,O,AIRPORT,
300,DL,1699,2010-06-07,40137,86,O,AIRPORT,
300,JL,408,2011-04-16,40120,86,O,AIRPORT,
300,AA,26,2011-08-17,60044,86,O,AIRPORT,
300,AA,26,2011-08-03,59511,86,O,AIRPORT,
300,AZ,788,2011-04-19,60687,86,O,AIRPORT,
300,QF,6,2011-07-13,57706,86,O,AIRPORT,
300,QF,6,2011-07-13,57692,86,O,AIRPORT,
300,AZ,788,2011-03-08,57901,86,O,AIRPORT,
300,DL,1699,2011-03-28,58472,86,O,AIRPORT,
300,DL,1699,2011-06-27,64278,86,O,AIRPORT,
300,DL,1699,2011-06-20,63568,86,O,AIRPORT,
300,AZ,788,2011-05-03,61378,86,O,AIRPORT,
300,UA,3504,2010-11-12,63191,86,O,AIRPORT,
300,LH,401,2010-10-29,51322,86,O,AIRPORT,
300,AZ,788,2010-10-19,49518,86,O,AIRPORT,
300,UA,941,2012-01-26,49616,86,O,AIRPORT,
300,QF,6,2011-05-11,55067,86,O,AIRPORT,
300,QF,6,2011-05-11,55078,86,O,AIRPORT,
300,LH,401,2011-01-28,56996,86,O,AIRPORT,
300,LH,401,2010-12-10,53924,86,O,AIRPORT,
300,AA,26,2011-04-13,54535,86,O,AIRPORT,
300,DL,1699,2011-01-17,54357,86,O,AIRPORT,
300,LH,401,2011-08-19,69958,86,O,AIRPORT,
300,AZ,788,2011-08-30,68996,86,O,AIRPORT,
300,UA,3504,2011-02-18,68985,86,O,AIRPORT,
300,AA,64,2011-11-11,86292,86,O,AIRPORT,
300,DL,1984,2010-09-20,84886,86,O,AIRPORT,
300,AZ,789,2010-09-08,84884,86,O,AIRPORT,
300,AZ,789,2010-09-15,85278,86,O,AIRPORT,
300,AA,64,2011-11-18,86708,86,O,AIRPORT,
300,DL,1699,2012-03-12,75163,86,O,AIRPORT,
300,DL,1699,2012-04-09,75433,86,O,AIRPORT,
300,AA,64,2010-12-03,74287,86,O,AIRPORT,
300,LH,401,2011-12-02,77045,86,O,AIRPORT,
300,DL,1699,2011-11-21,73377,86,O,AIRPORT,
300,AZ,788,2011-11-08,73415,86,O,AIRPORT,
300,LH,401,2011-10-07,73808,86,O,AIRPORT,
300,UA,3504,2011-04-08,72193,86,O,AIRPORT,
300,LH,402,2010-06-21,82976,86,O,AIRPORT,
300,AZ,789,2010-07-14,81306,86,O,AIRPORT,
300,UA,3504,2011-09-02,81789,86,O,AIRPORT,
300,AZ,789,2010-08-25,84248,86,O,AIRPORT,
300,AA,64,2011-09-16,84529,86,O,AIRPORT,
300,AA,64,2011-08-19,83319,86,O,AIRPORT,
300,DL,1984,2010-07-12,80432,86,O,AIRPORT,
300,LH,402,2010-05-24,81066,86,O,AIRPORT,
300,DL,1984,2011-06-06,100760,86,O,AIRPORT,
300,UA,3516,2010-10-19,100750,86,O,AIRPORT,
300,DL,1984,2011-07-04,102630,86,O,AIRPORT,
300,UA,3516,2010-11-23,102593,86,O,AIRPORT,
300,UA,3516,2010-11-30,102987,86,O,AIRPORT,
300,UA,3516,2011-04-19,111756,86,O,AIRPORT,
300,DL,1984,2011-12-19,111819,86,O,AIRPORT,
300,LH,402,2011-07-25,107779,86,O,AIRPORT,
300,LH,402,2011-08-01,108086,86,O,AIRPORT,
300,DL,1984,2010-12-13,90030,86,O,AIRPORT,
300,UA,3516,2010-05-11,90502,86,O,AIRPORT,
300,AZ,789,2010-11-24,89693,86,O,AIRPORT,
300,DL,1984,2010-11-29,89223,86,O,AIRPORT,
300,DL,1984,2011-01-24,92769,86,O,AIRPORT,
300,AZ,789,2011-01-26,93504,86,O,AIRPORT,
300,UA,3516,2010-06-01,91883,86,O,AIRPORT,
300,UA,3516,2010-06-01,91943,86,O,AIRPORT,
300,AZ,789,2011-04-27,99181,86,O,AIRPORT,
300,DL,1984,2011-03-07,95377,86,O,AIRPORT,
300,UA,3516,2010-09-14,98551,86,O,AIRPORT,
300,DL,1984,2011-04-04,97036,86,O,AIRPORT,
300,LH,454,2010-08-28,123533,86,O,AIRPORT,
300,AZ,790,2010-11-03,123164,86,O,AIRPORT,
300,AZ,790,2010-10-20,122477,86,O,AIRPORT,
300,AZ,790,2011-02-16,127828,86,O,AIRPORT,
300,AZ,790,2011-01-19,126370,86,O,AIRPORT,
300,AZ,790,2010-05-05,115153,86,O,AIRPORT,
300,UA,3516,2011-05-31,114584,86,O,AIRPORT,
300,AZ,790,2010-04-21,114437,86,O,AIRPORT,
300,LH,402,2011-10-31,114761,86,O,AIRPORT,
300,LH,454,2010-06-12,120078,86,O,AIRPORT,
300,AZ,791,2011-03-24,153324,86,O,AIRPORT,
300,AZ,791,2010-10-28,148213,86,O,AIRPORT,
300,LH,455,2010-05-31,147071,86,O,AIRPORT,
300,UA,3517,2011-04-04,149804,86,O,AIRPORT,
300,UA,3517,2011-03-21,148875,86,O,AIRPORT,
300,UA,3517,2011-07-18,156295,86,O,AIRPORT,
300,LH,2402,2011-07-09,183990,3947,O,AIRPORT,
300,UA,3517,2011-07-18,156454,86,O,AIRPORT,
300,AZ,791,2011-08-18,158683,86,O,AIRPORT,
300,LH,2402,2010-11-27,176077,3947,O,AIRPORT,
300,LH,2402,2010-10-09,174194,3947,O,AIRPORT,
300,LH,2402,2010-10-09,174277,3947,O,AIRPORT,
300,JL,407,2010-06-04,2062,985,O,AIRPORT,
300,AZ,555,2011-01-26,17460,985,O,AIRPORT,
300,UA,7,2011-05-07,16751,985,O,AIRPORT,
300,LH,400,2011-01-22,17343,985,O,AIRPORT,
300,QF,5,2011-01-21,17283,985,O,AIRPORT,
300,AZ,555,2011-01-19,17158,985,O,AIRPORT,
300,QF,5,2011-02-18,18703,985,O,AIRPORT,
300,DL,106,2011-02-21,19166,985,O,AIRPORT,
300,QF,5,2011-02-11,18510,985,O,AIRPORT,
300,AA,26,2010-12-01,48849,985,O,AIRPORT,
300,JL,407,2010-08-06,4932,985,O,AIRPORT,
300,AA,26,2010-11-03,47588,985,O,AIRPORT,
300,UA,941,2011-10-06,47335,985,O,AIRPORT,
300,LH,400,2011-04-23,22890,985,O,AIRPORT,
300,JL,407,2011-09-23,22906,985,O,AIRPORT,
300,LH,400,2011-05-07,23775,985,O,AIRPORT,
300,AA,17,2010-08-11,7169,985,O,AIRPORT,
300,JL,407,2010-12-24,10881,985,O,AIRPORT,
300,LH,400,2010-09-25,9839,985,O,AIRPORT,
300,AA,17,2010-09-22,9984,985,O,AIRPORT,
300,AA,17,2010-09-01,8277,985,O,AIRPORT,
300,AA,17,2010-09-08,8861,985,O,AIRPORT,
300,DL,106,2010-09-06,8637,985,O,AIRPORT,
300,AZ,555,2010-12-01,14302,985,O,AIRPORT,
300,AA,17,2010-12-08,14719,985,O,AIRPORT,
300,UA,7,2011-04-09,15587,985,O,AIRPORT,
300,AZ,555,2010-11-10,12798,985,O,AIRPORT,
300,LH,400,2010-12-04,13983,985,O,AIRPORT,
300,DL,106,2010-11-22,13349,985,O,AIRPORT,
300,UA,941,2010-08-26,32454,985,O,AIRPORT,
300,QF,5,2010-06-11,3281,985,O,AIRPORT,
300,JL,408,2010-10-02,32931,985,O,AIRPORT,
300,UA,941,2010-07-15,30774,985,O,AIRPORT,
300,JL,408,2010-07-31,30651,985,O,AIRPORT,
300,AZ,555,2011-09-14,31925,985,O,AIRPORT,
300,LH,400,2011-10-22,35098,985,O,AIRPORT,
300,UA,3517,2011-08-01,157274,86,O,AIRPORT,
300,LH,400,2011-07-02,27149,985,O,AIRPORT,
300,LH,455,2011-03-14,157432,86,O,AIRPORT,
300,UA,7,2012-02-25,27254,985,O,AIRPORT,
300,UA,3517,2010-09-13,137371,86,O,AIRPORT,
300,AZ,555,2011-06-01,25427,985,O,AIRPORT,
300,UA,3517,2010-07-12,133480,86,O,AIRPORT,
300,JL,407,2012-01-20,26324,985,O,AIRPORT,
300,AZ,790,2011-06-15,132852,86,O,AIRPORT,
300,AA,17,2011-08-10,29620,985,O,AIRPORT,
300,AZ,791,2010-05-27,142761,86,O,AIRPORT,
300,LH,400,2011-07-16,28289,985,O,AIRPORT,
300,LH,454,2011-12-10,144542,86,O,AIRPORT,
300,AA,17,2011-08-03,29131,985,O,AIRPORT,
300,AZ,791,2010-07-22,144683,86,O,AIRPORT,
300,LH,401,2010-07-02,44052,985,O,AIRPORT,
300,AZ,790,2011-10-26,138766,86,O,AIRPORT,
300,AA,26,2010-08-11,43688,985,O,AIRPORT,
300,UA,3517,2010-11-22,141773,86,O,AIRPORT,
300,LH,401,2010-05-28,41960,985,O,AIRPORT,
300,AZ,791,2010-05-13,142227,86,O,AIRPORT,
300,AA,26,2010-06-30,41809,985,O,AIRPORT,
300,LH,454,2011-10-15,142355,86,O,AIRPORT,
300,UA,941,2011-06-09,42697,985,O,AIRPORT,
300,LH,454,2011-09-10,140439,86,O,AIRPORT,
300,AA,26,2010-07-14,42584,985,O,AIRPORT,
300,LH,454,2011-09-24,141176,86,O,AIRPORT,
300,DL,1699,2010-08-16,44456,985,O,AIRPORT,
300,UA,3517,2010-11-15,140967,86,O,AIRPORT,
300,JL,408,2011-08-20,44435,985,O,AIRPORT,
300,LH,2462,2011-05-20,259608,86,O,AIRPORT,
300,UA,7,2010-07-31,4556,985,O,AIRPORT,
300,LH,2463,2010-11-20,275460,86,O,AIRPORT,
300,AA,17,2012-02-08,37751,985,O,AIRPORT,
300,LH,2462,2010-11-26,253435,86,O,AIRPORT,
300,DL,1699,2010-04-26,37731,985,O,AIRPORT,
300,LH,2436,2011-08-28,242890,86,O,AIRPORT,
300,UA,941,2011-02-17,38568,985,O,AIRPORT,
300,LH,2436,2011-05-28,240738,86,O,AIRPORT,
300,AA,17,2012-03-07,38259,985,O,AIRPORT,
300,LH,2462,2010-04-30,246067,86,O,AIRPORT,
300,AZ,555,2011-05-25,25063,985,O,AIRPORT,
300,LH,2462,2010-06-11,247414,86,O,AIRPORT,
300,QF,5,2011-12-30,36708,985,O,AIRPORT,
300,LH,2463,2011-10-22,288070,86,O,AIRPORT,
300,QF,5,2012-01-27,37079,985,O,AIRPORT,
300,LH,2463,2011-11-12,288764,86,O,AIRPORT,
300,LH,400,2012-02-04,38844,985,O,AIRPORT,
300,LH,3577,2010-07-24,294066,86,O,AIRPORT,
300,AZ,788,2010-05-25,40022,985,O,AIRPORT,
300,LH,2463,2011-08-28,285782,86,O,AIRPORT,
300,DL,1699,2010-05-31,39918,985,O,AIRPORT,
300,LH,3577,2011-04-16,303756,86,O,AIRPORT,
300,DL,106,2010-04-26,171,985,O,AIRPORT,
300,LH,2407,2010-09-04,195625,86,O,AIRPORT,
300,QF,6,2011-08-17,59342,985,O,AIRPORT,
300,LH,2415,2010-11-26,219851,86,O,AIRPORT,
300,AA,26,2011-08-24,60377,985,O,AIRPORT,
300,LH,2415,2011-03-18,223413,86,O,AIRPORT,
300,QF,6,2011-07-13,57710,985,O,AIRPORT,
300,LH,2407,2011-08-06,207481,86,O,AIRPORT,
300,LH,401,2011-02-04,57479,985,O,AIRPORT,
300,LH,2415,2010-05-14,213872,86,O,AIRPORT,
300,QF,6,2011-07-06,57547,985,O,AIRPORT,
300,LH,2402,2011-07-09,183937,86,O,AIRPORT,
300,AZ,788,2011-03-15,58709,985,O,AIRPORT,
300,LH,2402,2011-01-08,177402,86,O,AIRPORT,
300,UA,3504,2010-08-27,58294,985,O,AIRPORT,
300,LH,2402,2010-10-09,174267,86,O,AIRPORT,
300,UA,3504,2010-11-26,63898,985,O,AIRPORT,
300,JL,407,2011-07-22,20088,2374,O,AIRPORT,
300,UA,3504,2010-11-26,63921,985,O,AIRPORT,
300,QF,5,2011-03-11,20105,2374,O,AIRPORT,
300,QF,6,2012-01-18,64301,985,O,AIRPORT,
300,AA,17,2011-02-23,19309,2374,O,AIRPORT,
300,QF,6,2012-01-04,64203,985,O,AIRPORT,
300,UA,7,2011-07-09,19650,2374,O,AIRPORT,
300,AZ,788,2011-06-28,65094,985,O,AIRPORT,
300,QF,5,2011-03-25,21120,2374,O,AIRPORT,
300,QF,5,2010-04-30,856,985,O,AIRPORT,
300,DL,106,2011-03-21,20542,2374,O,AIRPORT,
300,LH,401,2011-04-15,62044,985,O,AIRPORT,
300,JL,407,2010-08-20,5338,2374,O,AIRPORT,
300,LH,401,2011-04-01,61286,985,O,AIRPORT,
300,LH,400,2011-01-22,17432,2374,O,AIRPORT,
300,DL,1699,2011-05-30,62524,985,O,AIRPORT,
300,AA,17,2011-02-02,17888,2374,O,AIRPORT,
300,UA,3504,2010-05-07,51134,985,O,AIRPORT,
300,QF,5,2011-02-18,19095,2374,O,AIRPORT,
300,JL,407,2010-04-30,523,985,O,AIRPORT,
300,AZ,555,2011-05-25,24922,2374,O,AIRPORT,
300,LH,401,2010-10-15,50416,985,O,AIRPORT,
300,LH,400,2011-05-14,24385,2374,O,AIRPORT,
300,UA,3504,2010-08-06,56839,985,O,AIRPORT,
300,QF,6,2010-12-01,47924,2374,O,AIRPORT,
300,LH,401,2011-01-14,56449,985,O,AIRPORT,
300,DL,106,2011-05-09,23668,2374,O,AIRPORT,
300,AZ,788,2011-08-23,68496,985,O,AIRPORT,
300,UA,7,2011-10-01,23939,2374,O,AIRPORT,
300,LH,401,2011-08-26,70175,985,O,AIRPORT,
300,LH,400,2010-08-07,6747,2374,O,AIRPORT,
300,AZ,788,2011-07-19,66110,985,O,AIRPORT,
300,QF,5,2010-08-20,7521,2374,O,AIRPORT,
300,UA,3504,2011-01-07,66516,985,O,AIRPORT,
300,DL,106,2010-05-10,1159,2374,O,AIRPORT,
300,AZ,788,2011-07-05,65512,985,O,AIRPORT,
300,AA,17,2010-10-13,10939,2374,O,AIRPORT,
300,DL,1699,2011-08-22,67515,985,O,AIRPORT,
300,UA,7,2010-11-20,9442,2374,O,AIRPORT,
300,AA,64,2010-06-11,67950,985,O,AIRPORT,
300,JL,407,2010-10-22,8145,2374,O,AIRPORT,
300,AZ,788,2011-07-26,66881,985,O,AIRPORT,
300,JL,407,2010-10-15,8020,2374,O,AIRPORT,
300,DL,1699,2011-08-15,67048,985,O,AIRPORT,
300,JL,407,2010-10-22,8266,2374,O,AIRPORT,
300,UA,3504,2011-11-04,86261,985,O,AIRPORT,
300,DL,106,2010-08-30,8011,2374,O,AIRPORT,
300,DL,1984,2010-09-27,85203,985,O,AIRPORT,
300,UA,3504,2011-05-27,75186,985,O,AIRPORT,
300,AA,17,2010-09-08,8962,2374,O,AIRPORT,
300,DL,1699,2012-03-19,75238,985,O,AIRPORT,
300,AA,17,2010-12-22,15458,2374,O,AIRPORT,
300,LH,401,2011-11-25,76809,985,O,AIRPORT,
300,JL,407,2011-03-11,14520,2374,O,AIRPORT,
300,DL,1984,2010-05-24,77353,985,O,AIRPORT,
300,UA,7,2010-09-04,6015,2374,O,AIRPORT,
300,DL,1984,2010-05-24,77540,985,O,AIRPORT,
300,AA,17,2010-12-29,15822,2374,O,AIRPORT,
300,LH,401,2011-12-30,77463,985,O,AIRPORT,
300,LH,400,2010-11-06,12630,2374,O,AIRPORT,
300,AA,17,2010-11-10,13035,2374,O,AIRPORT,
300,LH,401,2011-12-09,77122,985,O,AIRPORT,
300,AZ,555,2010-11-10,12991,2374,O,AIRPORT,
300,LH,401,2011-11-11,76097,985,O,AIRPORT,
300,QF,5,2010-11-26,13580,2374,O,AIRPORT,
300,DL,1699,2011-10-24,71409,985,O,AIRPORT,
300,QF,5,2010-11-19,13291,2374,O,AIRPORT,
300,DL,1699,2011-10-31,71933,985,O,AIRPORT,
300,QF,5,2011-09-16,32012,2374,O,AIRPORT,
300,DL,1699,2011-11-28,73392,985,O,AIRPORT,
300,AZ,555,2011-09-14,32220,2374,O,AIRPORT,
300,AA,64,2010-11-26,73843,985,O,AIRPORT,
300,QF,5,2010-06-11,3333,2374,O,AIRPORT,
300,AZ,789,2010-08-18,83715,985,O,AIRPORT,
300,AA,17,2011-09-28,32791,2374,O,AIRPORT,
300,UA,3504,2011-07-22,78813,985,O,AIRPORT,
300,DL,106,2011-09-12,31669,2374,O,AIRPORT,
300,LH,401,2012-03-02,78835,985,O,AIRPORT,
300,UA,941,2010-07-29,31432,2374,O,AIRPORT,
300,LH,402,2010-04-26,79333,985,O,AIRPORT,
300,AZ,555,2011-11-09,35371,2374,O,AIRPORT,
300,DL,1984,2010-06-14,79014,985,O,AIRPORT,
300,DL,106,2011-11-21,35799,2374,O,AIRPORT,
300,LH,402,2010-05-10,80297,985,O,AIRPORT,
300,DL,106,2011-10-17,33814,2374,O,AIRPORT,
300,LH,402,2010-05-03,80065,985,O,AIRPORT,
300,LH,400,2011-10-01,33723,2374,O,AIRPORT,
300,LH,402,2011-09-28,112292,985,O,AIRPORT,
300,UA,941,2010-10-28,34561,2374,O,AIRPORT,
300,DL,1984,2012-03-05,113055,985,O,AIRPORT,
300,JL,408,2010-11-13,34596,2374,O,AIRPORT,
300,LH,402,2011-10-03,113045,985,O,AIRPORT,
300,DL,106,2010-06-14,3414,2374,O,AIRPORT,
300,LH,402,2011-05-30,104060,985,O,AIRPORT,
300,AZ,555,2011-07-06,27697,2374,O,AIRPORT,
300,AZ,789,2011-07-06,103370,985,O,AIRPORT,
300,QF,5,2011-07-01,27307,2374,O,AIRPORT,
300,AZ,789,2011-07-06,103667,985,O,AIRPORT,
300,LH,400,2011-06-04,25304,2374,O,AIRPORT,
300,LH,402,2011-05-23,103705,985,O,AIRPORT,
300,LH,400,2011-06-04,25417,2374,O,AIRPORT,
300,DL,1984,2011-08-15,105449,985,O,AIRPORT,
300,UA,7,2010-06-26,2989,2374,O,AIRPORT,
300,DL,1984,2011-06-20,101635,985,O,AIRPORT,
300,DL,106,2011-08-22,30382,2374,O,AIRPORT,
300,UA,3516,2010-11-16,102211,985,O,AIRPORT,
300,QF,5,2011-07-22,28400,2374,O,AIRPORT,
300,DL,1984,2011-10-24,109784,985,O,AIRPORT,
300,DL,106,2010-06-28,4179,2374,O,AIRPORT,
300,AZ,789,2011-11-09,111509,985,O,AIRPORT,
300,JL,407,2010-07-23,4237,2374,O,AIRPORT,
300,DL,1984,2011-11-07,110697,985,O,AIRPORT,
300,QF,6,2010-11-10,46915,2374,O,AIRPORT,
300,DL,1984,2011-10-03,108098,985,O,AIRPORT,
300,LH,401,2010-08-13,46491,2374,O,AIRPORT,
300,LH,402,2010-10-18,90216,985,O,AIRPORT,
300,DL,1699,2010-08-30,45436,2374,O,AIRPORT,
300,DL,1984,2010-12-13,90101,985,O,AIRPORT,
300,AZ,555,2010-06-30,4504,2374,O,AIRPORT,
300,AZ,789,2010-12-01,90106,985,O,AIRPORT,
300,QF,6,2010-09-29,45243,2374,O,AIRPORT,
300,LH,402,2010-10-18,90357,985,O,AIRPORT,
300,LH,400,2011-12-10,37658,2374,O,AIRPORT,
300,LH,402,2010-09-20,88550,985,O,AIRPORT,
300,AA,26,2010-04-21,38756,2374,O,AIRPORT,
300,LH,402,2010-10-04,89529,985,O,AIRPORT,
300,QF,5,2010-06-18,3658,2374,O,AIRPORT,
300,AZ,789,2010-11-24,89668,985,O,AIRPORT,
300,AZ,788,2010-06-15,41371,2374,O,AIRPORT,
300,LH,402,2010-10-04,89282,985,O,AIRPORT,
300,JL,408,2011-03-26,39286,2374,O,AIRPORT,
300,UA,3516,2010-05-25,91221,985,O,AIRPORT,
300,QF,6,2010-05-12,38983,2374,O,AIRPORT,
300,AZ,789,2011-02-23,95506,985,O,AIRPORT,
300,UA,941,2011-03-31,40001,2374,O,AIRPORT,
300,DL,1984,2011-03-14,95581,985,O,AIRPORT,
300,LH,401,2011-02-11,57901,2374,O,AIRPORT,
300,AZ,789,2011-04-20,98820,985,O,AIRPORT,
300,AA,26,2011-11-02,63572,2374,O,AIRPORT,
300,DL,1984,2011-05-02,98962,985,O,AIRPORT,
300,LH,402,2011-02-28,98505,985,O,AIRPORT,
300,UA,3504,2010-12-10,64982,2374,O,AIRPORT,
300,QF,6,2011-10-12,61902,2374,O,AIRPORT,
300,AZ,789,2011-03-23,97075,985,O,AIRPORT,
300,QF,6,2011-10-12,61810,2374,O,AIRPORT,
300,LH,454,2010-08-28,123516,985,O,AIRPORT,
300,LH,454,2010-08-07,122544,985,O,AIRPORT,
300,AA,26,2011-09-14,61321,2374,O,AIRPORT,
300,LH,454,2010-12-11,128216,985,O,AIRPORT,
300,LH,401,2011-04-29,63036,2374,O,AIRPORT,
300,AZ,790,2011-03-09,128504,985,O,AIRPORT,
300,UA,3504,2010-05-14,51518,2374,O,AIRPORT,
300,LH,454,2011-01-08,129231,985,O,AIRPORT,
300,QF,6,2011-02-23,51532,2374,O,AIRPORT,
300,UA,3516,2011-05-17,113785,985,O,AIRPORT,
300,LH,401,2010-10-22,51075,2374,O,AIRPORT,
300,UA,3516,2011-05-31,114287,985,O,AIRPORT,
300,UA,3504,2010-05-28,52575,2374,O,AIRPORT,
300,UA,3516,2011-08-23,119887,985,O,AIRPORT,
300,AZ,788,2010-12-07,52471,2374,O,AIRPORT,
300,AZ,790,2010-07-28,118584,985,O,AIRPORT,
300,QF,6,2011-06-15,56578,2374,O,AIRPORT,
300,AZ,791,2010-12-23,150172,985,O,AIRPORT,
300,UA,3504,2010-06-18,53719,2374,O,AIRPORT,
300,AZ,791,2010-12-23,150289,985,O,AIRPORT,
300,QF,6,2011-05-04,54688,2374,O,AIRPORT,
300,AZ,791,2011-10-13,160506,985,O,AIRPORT,
300,UA,3504,2011-03-04,70077,2374,O,AIRPORT,
300,LH,455,2011-05-16,159620,985,O,AIRPORT,
300,AA,64,2011-11-04,86094,2374,O,AIRPORT,
300,UA,3517,2011-10-24,163147,985,O,AIRPORT,
300,LH,402,2010-08-16,86532,2374,O,AIRPORT,
300,AZ,791,2012-01-19,162792,985,O,AIRPORT,
300,AZ,789,2010-09-29,86211,2374,O,AIRPORT,
300,UA,3517,2011-10-17,162852,985,O,AIRPORT,
300,AZ,791,2011-05-05,154896,985,O,AIRPORT,
300,UA,3517,2011-06-27,155073,985,O,AIRPORT,
300,UA,3517,2011-08-28,158668,985,O,AIRPORT,
300,LH,455,2011-03-28,157771,985,O,AIRPORT,
300,LH,454,2011-06-18,136403,985,O,AIRPORT,
300,LH,454,2011-07-02,136983,985,O,AIRPORT,
300,AZ,790,2011-09-07,136706,985,O,AIRPORT,
300,LH,454,2011-06-25,136836,985,O,AIRPORT,
300,LH,454,2011-03-05,131717,985,O,AIRPORT,
300,LH,454,2011-04-16,133775,985,O,AIRPORT,
300,AZ,790,2011-06-15,133028,985,O,AIRPORT,
300,AZ,791,2010-07-29,144933,985,O,AIRPORT,
300,AZ,790,2011-11-02,139289,985,O,AIRPORT,
300,AZ,791,2010-05-06,142098,985,O,AIRPORT,
300,UA,3517,2010-11-15,141232,985,O,AIRPORT,
300,LH,455,2011-09-05,163895,985,O,AIRPORT,
300,LH,2462,2011-10-21,265761,985,O,AIRPORT,
300,LH,2462,2011-06-17,260669,985,O,AIRPORT,
300,LH,2463,2010-12-04,276031,985,O,AIRPORT,
300,LH,2463,2010-07-24,271428,985,O,AIRPORT,
300,LH,2436,2010-08-07,234703,985,O,AIRPORT,
300,LH,2415,2011-07-08,226745,985,O,AIRPORT,
300,LH,2462,2010-09-03,250383,985,O,AIRPORT,
300,LH,2462,2010-09-10,250727,985,O,AIRPORT,
300,LH,2462,2010-12-10,253939,985,O,AIRPORT,
300,LH,2462,2010-12-31,254641,985,O,AIRPORT,
300,LH,2462,2010-12-17,254175,985,O,AIRPORT,
300,LH,2436,2011-09-10,243068,985,O,AIRPORT,
300,LH,2436,2011-05-21,240716,985,O,AIRPORT,
300,LH,2463,2011-11-26,289317,985,O,AIRPORT,
300,LH,3577,2010-05-08,291436,985,O,AIRPORT,
300,LH,3577,2010-05-08,291409,985,O,AIRPORT,
300,LH,2463,2011-07-02,283597,985,O,AIRPORT,
300,LH,2463,2011-07-09,283903,985,O,AIRPORT,
300,LH,2463,2011-08-13,285207,985,O,AIRPORT,
300,LH,3577,2011-06-18,305877,985,O,AIRPORT,
300,LH,3577,2010-08-21,295096,985,O,AIRPORT,
300,LH,2407,2011-01-22,200669,985,O,AIRPORT,
300,LH,2407,2011-01-22,200506,985,O,AIRPORT,
300,LH,2407,2011-02-26,201721,985,O,AIRPORT,
300,LH,2415,2010-10-08,218328,985,O,AIRPORT,
300,LH,2407,2011-10-15,210450,985,O,AIRPORT,
300,LH,2407,2011-09-03,208888,985,O,AIRPORT,
300,LH,2415,2010-05-07,213642,985,O,AIRPORT,
300,LH,455,2011-12-05,166960,985,O,AIRPORT,
300,LH,455,2011-12-19,167315,985,O,AIRPORT,
300,LH,2402,2011-07-30,184811,985,O,AIRPORT,
300,LH,2402,2010-05-08,168810,985,O,AIRPORT,
300,LH,2402,2010-09-11,173268,985,O,AIRPORT,
300,DL,106,2011-02-28,19454,2286,O,AIRPORT,
300,AA,17,2011-02-23,19408,2286,O,AIRPORT,
300,AZ,555,2010-07-14,5514,2286,O,AIRPORT,
300,UA,7,2011-07-09,19646,2286,O,AIRPORT,
300,JL,407,2011-08-19,21452,2286,O,AIRPORT,
300,AA,17,2011-03-16,20622,2286,O,AIRPORT,
300,DL,106,2011-02-07,17909,2286,O,AIRPORT,
300,AZ,555,2010-05-19,1920,2286,O,AIRPORT,
300,DL,106,2010-05-24,1831,2286,O,AIRPORT,
300,AZ,555,2011-02-09,18395,2286,O,AIRPORT,
300,AZ,555,2010-05-26,2429,2286,O,AIRPORT,
300,DL,1699,2010-10-04,47411,2286,O,AIRPORT,
300,AZ,555,2010-06-30,4762,2286,O,AIRPORT,
300,JL,408,2011-10-29,47086,2286,O,AIRPORT,
300,AZ,788,2010-09-28,47866,2286,O,AIRPORT,
300,AZ,788,2010-09-28,48040,2286,O,AIRPORT,
300,AZ,555,2011-04-13,22489,2286,O,AIRPORT,
300,AZ,555,2011-04-06,21933,2286,O,AIRPORT,
300,DL,106,2011-04-18,22357,2286,O,AIRPORT,
300,QF,5,2011-04-08,22158,2286,O,AIRPORT,
300,UA,7,2011-10-01,23948,2286,O,AIRPORT,
300,LH,400,2011-04-30,23535,2286,O,AIRPORT,
300,AA,17,2010-08-18,7507,2286,O,AIRPORT,
300,AZ,555,2010-08-11,7227,2286,O,AIRPORT,
300,AA,17,2010-10-20,11644,2286,O,AIRPORT,
300,UA,7,2010-12-18,10499,2286,O,AIRPORT,
300,UA,7,2010-05-15,1086,2286,O,AIRPORT,
300,AA,17,2010-09-15,9485,2286,O,AIRPORT,
300,DL,1984,2010-10-25,86959,2374,O,AIRPORT,
300,UA,3504,2011-11-18,87079,2374,O,AIRPORT,
300,DL,1699,2011-12-12,74063,2374,O,AIRPORT,
300,LH,401,2011-10-14,74122,2374,O,AIRPORT,
300,UA,3504,2011-05-06,74094,2374,O,AIRPORT,
300,AZ,789,2010-05-05,76987,2374,O,AIRPORT,
300,AZ,788,2011-10-04,71308,2374,O,AIRPORT,
300,AA,64,2010-10-08,72136,2374,O,AIRPORT,
300,AZ,788,2011-11-08,73149,2374,O,AIRPORT,
300,UA,3504,2011-04-29,73685,2374,O,AIRPORT,
300,LH,401,2011-10-07,73647,2374,O,AIRPORT,
300,LH,401,2011-09-28,73010,2374,O,AIRPORT,
300,UA,3504,2011-04-15,72622,2374,O,AIRPORT,
300,AA,64,2011-07-22,82311,2374,O,AIRPORT,
300,LH,401,2012-02-17,78673,2374,O,AIRPORT,
300,AZ,789,2010-06-09,79270,2374,O,AIRPORT,
300,AZ,789,2010-05-19,77841,2374,O,AIRPORT,
300,DL,1984,2010-07-12,80538,2374,O,AIRPORT,
300,DL,1984,2012-01-30,112644,2374,O,AIRPORT,
300,UA,3516,2011-05-10,113218,2374,O,AIRPORT,
300,DL,1984,2011-07-11,103172,2374,O,AIRPORT,
300,DL,1984,2011-08-22,105681,2374,O,AIRPORT,
300,AZ,789,2011-08-17,106223,2374,O,AIRPORT,
300,LH,402,2011-06-13,104955,2374,O,AIRPORT,
300,UA,3516,2011-03-29,110383,2374,O,AIRPORT,
300,UA,3516,2011-04-19,111802,2374,O,AIRPORT,
300,UA,3516,2011-02-01,107215,2374,O,AIRPORT,
300,LH,402,2011-08-01,108317,2374,O,AIRPORT,
300,UA,3516,2010-05-04,90195,2374,O,AIRPORT,
300,DL,1984,2011-01-17,92295,2374,O,AIRPORT,
300,AZ,789,2011-01-05,92240,2374,O,AIRPORT,
300,DL,1984,2011-03-21,96297,2374,O,AIRPORT,
300,LH,402,2010-12-27,94829,2374,O,AIRPORT,
300,UA,3516,2010-07-20,94902,2374,O,AIRPORT,
300,LH,402,2011-02-28,98567,2374,O,AIRPORT,
300,UA,3516,2011-10-11,123640,2374,O,AIRPORT,
300,LH,454,2010-10-09,125322,2374,O,AIRPORT,
300,UA,3516,2011-11-08,125585,2374,O,AIRPORT,
300,AZ,789,2012-03-07,113695,2374,O,AIRPORT,
300,UA,3516,2011-05-24,114035,2374,O,AIRPORT,
300,LH,454,2010-06-26,120656,2374,O,AIRPORT,
300,AZ,791,2011-04-14,154180,2374,O,AIRPORT,
300,UA,3517,2011-02-28,147824,2374,O,AIRPORT,
300,AZ,791,2010-09-16,146763,2374,O,AIRPORT,
300,AZ,791,2010-10-07,147586,2374,O,AIRPORT,
300,AZ,791,2010-12-16,150004,2374,O,AIRPORT,
300,LH,455,2010-08-02,149280,2374,O,AIRPORT,
300,LH,455,2010-07-26,149167,2374,O,AIRPORT,
300,UA,3517,2011-09-12,160062,2374,O,AIRPORT,
300,UA,3517,2011-10-03,161981,2374,O,AIRPORT,
300,UA,3517,2011-07-18,156093,2374,O,AIRPORT,
300,LH,455,2011-04-18,158602,2374,O,AIRPORT,
300,LH,455,2011-03-21,157575,2374,O,AIRPORT,
300,AZ,790,2011-08-03,135203,2374,O,AIRPORT,
300,AZ,790,2011-07-13,134093,2374,O,AIRPORT,
300,AZ,790,2011-08-03,135001,2374,O,AIRPORT,
300,UA,3517,2010-08-02,134808,2374,O,AIRPORT,
300,UA,3517,2010-09-06,136719,2374,O,AIRPORT,
300,AZ,790,2011-05-04,131116,2374,O,AIRPORT,
300,LH,454,2011-02-12,130880,2374,O,AIRPORT,
300,AZ,790,2011-06-22,133306,2374,O,AIRPORT,
300,UA,3517,2010-07-05,132865,2374,O,AIRPORT,
300,LH,454,2011-10-29,143063,2374,O,AIRPORT,
300,UA,3517,2011-01-24,145302,2374,O,AIRPORT,
300,LH,454,2011-09-03,140131,2374,O,AIRPORT,
300,LH,454,2011-09-24,141031,2374,O,AIRPORT,
300,UA,3517,2012-02-27,166261,2374,O,AIRPORT,
300,LH,455,2011-10-31,165976,2374,O,AIRPORT,
300,UA,3517,2012-01-23,165842,2374,O,AIRPORT,
300,LH,2462,2012-02-17,267577,2374,O,AIRPORT,
300,LH,2462,2011-09-30,264844,2374,O,AIRPORT,
300,LH,2462,2011-02-25,256688,2374,O,AIRPORT,
300,LH,2463,2011-03-05,279359,2374,O,AIRPORT,
300,LH,2463,2011-03-26,280154,2374,O,AIRPORT,
300,LH,2436,2011-01-22,238170,2374,O,AIRPORT,
300,LH,2415,2011-06-24,226435,2374,O,AIRPORT,
300,LH,2415,2011-10-21,230400,2374,O,AIRPORT,
300,LH,2462,2010-11-12,252967,2374,O,AIRPORT,
300,LH,2436,2011-11-05,244439,2374,O,AIRPORT,
300,LH,3577,2011-10-29,311137,2374,O,AIRPORT,
300,LH,3577,2010-06-19,292926,2374,O,AIRPORT,
300,LH,3577,2010-07-10,293675,2374,O,AIRPORT,
300,LH,2463,2011-05-21,282117,2374,O,AIRPORT,
300,LH,2463,2011-08-28,285960,2374,O,AIRPORT,
300,LH,3577,2011-07-30,307292,2374,O,AIRPORT,
300,LH,3577,2011-08-06,307541,2374,O,AIRPORT,
300,LH,3577,2010-12-18,299283,2374,O,AIRPORT,
300,LH,3577,2011-01-08,300262,2374,O,AIRPORT,
300,LH,2407,2011-02-05,201001,2374,O,AIRPORT,
300,LH,2407,2011-05-14,204598,2374,O,AIRPORT,
300,LH,2402,2011-11-19,189219,2374,O,AIRPORT,
300,LH,2407,2010-09-04,195510,2374,O,AIRPORT,
300,LH,2407,2010-10-16,196950,2374,O,AIRPORT,
300,LH,2407,2010-06-26,193149,2374,O,AIRPORT,
300,LH,2407,2010-07-10,193467,2374,O,AIRPORT,
300,LH,2415,2010-12-10,220206,2374,O,AIRPORT,
300,LH,2415,2011-06-17,226133,2374,O,AIRPORT,
300,LH,2407,2011-11-12,211487,2374,O,AIRPORT,
300,LH,2415,2010-06-04,214394,2374,O,AIRPORT,
300,LH,2407,2011-11-19,211833,2374,O,AIRPORT,
300,LH,455,2012-01-09,167391,2374,O,AIRPORT,
300,LH,2402,2011-05-07,181737,2374,O,AIRPORT,
300,LH,2402,2010-10-09,174282,2374,O,AIRPORT,
300,JL,0407,2011-04-29,00016400,00003454,O,AIRPORT,0000
300,UA,7,2011-04-02,15304,2286,O,AIRPORT,
300,UA,0007,2011-04-16,00015885,00003454,O,AIRPORT,0000
300,DL,106,2011-01-10,16245,2286,O,AIRPORT,
300,DL,0106,2011-01-31,00017870,00003454,O,AIRPORT,0000
300,LH,400,2010-05-15,1646,2286,O,AIRPORT,
300,QF,0005,2011-02-04,00018231,00003454,O,AIRPORT,0000
300,UA,7,2011-04-09,15599,2286,O,AIRPORT,
300,QF,0005,2011-01-21,00017003,00003454,O,AIRPORT,0000
300,DL,106,2010-11-08,12274,2286,O,AIRPORT,
300,JL,0407,2011-01-28,00012385,00003454,O,AIRPORT,0000
300,JL,407,2010-09-10,6317,2286,O,AIRPORT,
300,AZ,0555,2010-12-15,00015036,00003454,O,AIRPORT,0000
300,LH,400,2010-10-30,12042,2286,O,AIRPORT,
300,JL,0407,2011-04-01,00015162,00003454,O,AIRPORT,0000
300,DL,106,2010-11-29,13737,2286,O,AIRPORT,
300,AA,0017,2010-12-01,00014042,00003454,O,AIRPORT,0000
300,LH,400,2011-09-03,31722,2286,O,AIRPORT,
300,DL,0106,2010-12-13,00014457,00003454,O,AIRPORT,0000
300,JL,408,2010-08-21,31598,2286,O,AIRPORT,
300,AZ,0555,2010-12-08,00014385,00003454,O,AIRPORT,0000
300,JL,408,2010-11-20,34846,2286,O,AIRPORT,
300,DL,0106,2011-04-25,00022766,00003454,O,AIRPORT,0000
300,DL,106,2010-06-14,3478,2286,O,AIRPORT,
300,LH,0400,2011-04-02,00021405,00003454,O,AIRPORT,0000
300,QF,5,2011-10-14,33689,2286,O,AIRPORT,
300,UA,0007,2011-08-28,00021973,00003454,O,AIRPORT,0000
300,DL,106,2010-06-14,3411,2286,O,AIRPORT,
300,AA,0017,2011-04-06,00021953,00003454,O,AIRPORT,0000
300,AZ,555,2011-06-29,27169,2286,O,AIRPORT,
300,LH,0400,2011-05-07,00023736,00003454,O,AIRPORT,0000
300,LH,400,2011-06-25,26846,2286,O,AIRPORT,
300,AA,0017,2011-05-11,00024016,00003454,O,AIRPORT,0000
300,DL,106,2011-06-27,26736,2286,O,AIRPORT,
300,LH,0400,2011-05-07,00023578,00003454,O,AIRPORT,0000
300,JL,407,2011-12-09,25835,2286,O,AIRPORT,
300,QF,0005,2011-03-11,00020100,00003454,O,AIRPORT,0000
300,QF,5,2011-06-10,25763,2286,O,AIRPORT,
300,AA,0017,2011-03-09,00020186,00003454,O,AIRPORT,0000
300,JL,407,2011-12-30,26097,2286,O,AIRPORT,
300,DL,0106,2010-06-21,00003550,00003454,O,AIRPORT,0000
300,DL,106,2011-08-08,29339,2286,O,AIRPORT,
300,UA,0007,2010-09-04,00006021,00003454,O,AIRPORT,0000
300,AZ,555,2011-07-13,28246,2286,O,AIRPORT,
300,JL,0407,2010-08-06,00004814,00003454,O,AIRPORT,0000
300,JL,408,2010-06-12,28982,2286,O,AIRPORT,
300,DL,1699,2010-07-26,43399,2286,O,AIRPORT,
300,DL,0106,2010-07-12,00005098,00003454,O,AIRPORT,0000
300,AA,26,2010-10-06,46188,2286,O,AIRPORT,
300,UA,0007,2010-05-08,00000818,00003454,O,AIRPORT,0000
300,QF,6,2010-10-13,45889,2286,O,AIRPORT,
300,AZ,0555,2010-05-26,00002358,00003454,O,AIRPORT,0000
300,LH,401,2010-07-09,44712,2286,O,AIRPORT,
300,JL,0407,2010-12-03,00009962,00003454,O,AIRPORT,0000
300,QF,6,2010-09-22,44872,2286,O,AIRPORT,
300,LH,0400,2010-10-09,00010610,00003454,O,AIRPORT,0000
300,JL,408,2011-02-19,37931,2286,O,AIRPORT,
300,QF,0005,2010-10-29,00011976,00003454,O,AIRPORT,0000
300,AA,17,2012-01-25,37599,2286,O,AIRPORT,
300,AA,0017,2010-08-11,00007221,00003454,O,AIRPORT,0000
300,DL,1699,2010-04-26,37602,2286,O,AIRPORT,
300,QF,0005,2010-08-20,00007594,00003454,O,AIRPORT,0000
300,AZ,788,2010-04-27,38609,2286,O,AIRPORT,
300,LH,0400,2010-07-31,00006363,00003454,O,AIRPORT,0000
300,UA,941,2011-02-03,38150,2286,O,AIRPORT,
300,JL,407,2010-07-09,3666,2286,O,AIRPORT,
300,JL,0407,2010-09-10,00006407,00003454,O,AIRPORT,0000
300,QF,5,2011-12-16,36400,2286,O,AIRPORT,
300,AZ,0555,2010-09-01,00008339,00003454,O,AIRPORT,0000
300,UA,941,2010-12-16,36304,2286,O,AIRPORT,
300,LH,0400,2010-09-04,00008306,00003454,O,AIRPORT,0000
300,AA,26,2010-05-26,40232,2286,O,AIRPORT,
300,JL,0407,2010-10-22,00008141,00003454,O,AIRPORT,0000
300,AA,26,2010-05-05,39483,2286,O,AIRPORT,
300,JL,0408,2011-04-02,00039478,00003454,O,AIRPORT,0000
300,UA,941,2011-03-24,39887,2286,O,AIRPORT,
300,AA,0017,2012-02-15,00037888,00003454,O,AIRPORT,0000
300,QF,6,2010-06-02,39910,2286,O,AIRPORT,
300,JL,0408,2011-02-12,00037676,00003454,O,AIRPORT,0000
300,AA,26,2011-08-10,59899,2286,O,AIRPORT,
300,LH,0400,2011-11-19,00036881,00003454,O,AIRPORT,0000
300,DL,1699,2011-04-25,60243,2286,O,AIRPORT,
300,DL,1699,2010-05-24,00039124,00003454,O,AIRPORT,0000
300,AA,26,2011-06-29,58040,2286,O,AIRPORT,
300,AZ,0788,2010-04-20,00038002,00003454,O,AIRPORT,0000
300,AA,26,2011-06-08,57128,2286,O,AIRPORT,
300,UA,0941,2011-09-22,00046520,00003454,O,AIRPORT,0000
300,AZ,788,2011-03-22,58865,2286,O,AIRPORT,
300,DL,1699,2010-09-20,00046630,00003454,O,AIRPORT,0000
300,AZ,788,2011-03-15,58329,2286,O,AIRPORT,
300,LH,0401,2010-07-30,00045834,00003454,O,AIRPORT,0000
300,UA,3504,2010-08-27,58392,2286,O,AIRPORT,
300,DL,1699,2011-06-27,64101,2286,O,AIRPORT,
300,AA,0026,2010-09-29,00046012,00003454,O,AIRPORT,0000
300,LH,400,2010-05-01,781,2286,O,AIRPORT,
300,AZ,0788,2010-07-20,00043900,00003454,O,AIRPORT,0000
300,QF,6,2012-01-18,64391,2286,O,AIRPORT,
300,AZ,0788,2010-06-29,00042603,00003454,O,AIRPORT,0000
300,DL,106,2010-05-03,622,2286,O,AIRPORT,
300,JL,0408,2011-07-16,00043200,00003454,O,AIRPORT,0000
300,AZ,788,2011-05-10,62095,2286,O,AIRPORT,
300,LH,0401,2010-07-16,00045079,00003454,O,AIRPORT,0000
300,LH,401,2010-10-29,51523,2286,O,AIRPORT,
300,JL,0408,2011-08-13,00044240,00003454,O,AIRPORT,0000
300,LH,401,2010-10-22,51047,2286,O,AIRPORT,
300,AA,0026,2010-08-18,00044213,00003454,O,AIRPORT,0000
300,QF,5,2010-04-30,490,2286,O,AIRPORT,
300,UA,941,2011-11-24,49015,2286,O,AIRPORT,
300,AA,0026,2010-08-18,00044116,00003454,O,AIRPORT,0000
300,AZ,788,2011-02-01,56062,2286,O,AIRPORT,
300,AA,0017,2011-06-01,00025388,00003454,O,AIRPORT,0000
300,AA,26,2011-03-16,53445,2286,O,AIRPORT,
300,AZ,0555,2011-05-18,00024529,00003454,O,AIRPORT,0000
300,LH,401,2010-11-19,52954,2286,O,AIRPORT,
300,AA,0017,2011-10-05,00033373,00003454,O,AIRPORT,0000
300,AA,26,2011-03-16,53248,2286,O,AIRPORT,
300,AA,0017,2011-10-12,00033489,00003454,O,AIRPORT,0000
300,QF,6,2011-05-11,54979,2286,O,AIRPORT,
300,DL,1699,2011-09-12,69175,2286,O,AIRPORT,
300,AZ,0555,2011-11-09,00035663,00003454,O,AIRPORT,0000
300,DL,1699,2011-09-19,69414,2286,O,AIRPORT,
300,JL,0408,2010-12-18,00035801,00003454,O,AIRPORT,0000
300,UA,3504,2011-03-04,70200,2286,O,AIRPORT,
300,AZ,0555,2011-11-09,00035627,00003454,O,AIRPORT,0000
300,LH,401,2011-06-03,65124,2286,O,AIRPORT,
300,AZ,0555,2011-09-07,00031501,00003454,O,AIRPORT,0000
300,DL,1699,2011-07-11,65270,2286,O,AIRPORT,
300,UA,0941,2010-07-29,00031311,00003454,O,AIRPORT,0000
300,LH,401,2011-07-01,66645,2286,O,AIRPORT,
300,JL,0408,2010-08-28,00031718,00003454,O,AIRPORT,0000
300,AA,64,2011-11-11,86442,2286,O,AIRPORT,
300,AZ,0555,2011-08-17,00030489,00003454,O,AIRPORT,0000
300,UA,3504,2011-05-13,74387,2286,O,AIRPORT,
300,AZ,0555,2011-10-05,00033252,00003454,O,AIRPORT,0000
300,DL,1699,2011-12-19,74328,2286,O,AIRPORT,
300,UA,0941,2010-09-16,00033086,00003454,O,AIRPORT,0000
300,DL,1699,2011-10-24,71466,2286,O,AIRPORT,
300,AA,64,2010-09-10,71098,2286,O,AIRPORT,
300,AZ,0555,2011-09-14,00032205,00003454,O,AIRPORT,0000
300,DL,1699,2011-10-17,71165,2286,O,AIRPORT,
300,QF,0005,2011-09-23,00032422,00003454,O,AIRPORT,0000
300,LH,401,2011-09-28,73009,2286,O,AIRPORT,
300,UA,3504,2010-11-19,00063603,00003454,O,AIRPORT,0000
300,LH,402,2010-06-14,82379,2286,O,AIRPORT,
300,LH,0401,2011-04-22,00062440,00003454,O,AIRPORT,0000
300,AZ,789,2010-09-01,84382,2286,O,AIRPORT,
300,UA,3504,2010-11-05,00062501,00003454,O,AIRPORT,0000
300,UA,3504,2011-09-23,83318,2286,O,AIRPORT,
300,UA,3504,2010-11-19,00063286,00003454,O,AIRPORT,0000
300,AA,64,2011-08-19,83323,2286,O,AIRPORT,
300,AZ,0788,2011-06-28,00064816,00003454,O,AIRPORT,0000
300,DL,1984,2010-06-07,78496,2286,O,AIRPORT,
300,AZ,0788,2011-02-15,00056922,00003454,O,AIRPORT,0000
300,UA,3504,2011-07-29,79370,2286,O,AIRPORT,
300,AA,0026,2011-07-20,00059017,00003454,O,AIRPORT,0000
300,AZ,789,2010-05-19,77857,2286,O,AIRPORT,
300,AZ,789,2010-07-07,80841,2286,O,AIRPORT,
300,LH,0401,2010-11-12,00052534,00003454,O,AIRPORT,0000
300,LH,402,2010-05-10,80193,2286,O,AIRPORT,
300,AA,0026,2011-04-20,00054949,00003454,O,AIRPORT,0000
300,UA,3516,2011-05-10,113248,2286,O,AIRPORT,
300,LH,0401,2010-10-08,00049970,00003454,O,AIRPORT,0000
300,AZ,789,2011-12-21,112770,2286,O,AIRPORT,
300,AZ,0788,2010-12-28,00053729,00003454,O,AIRPORT,0000
300,LH,402,2011-05-30,104136,2286,O,AIRPORT,
300,AA,0026,2011-03-30,00054049,00003454,O,AIRPORT,0000
300,DL,1984,2011-08-15,105331,2286,O,AIRPORT,
300,LH,402,2011-06-13,105256,2286,O,AIRPORT,
300,DL,1699,2012-02-13,00074862,00003454,O,AIRPORT,0000
300,LH,402,2011-03-28,100219,2286,O,AIRPORT,
300,AZ,0788,2011-07-19,00066257,00003454,O,AIRPORT,0000
300,DL,1984,2011-05-23,100000,2286,O,AIRPORT,
300,AA,0064,2010-04-30,00066430,00003454,O,AIRPORT,0000
300,LH,402,2011-04-25,102173,2286,O,AIRPORT,
300,UA,3504,2011-03-04,00070017,00003454,O,AIRPORT,0000
300,AZ,789,2011-10-12,109545,2286,O,AIRPORT,
300,AA,0064,2010-08-27,00070592,00003454,O,AIRPORT,0000
300,LH,402,2011-09-19,111717,2286,O,AIRPORT,
300,AZ,0788,2011-09-27,00070445,00003454,O,AIRPORT,0000
300,DL,1984,2011-11-14,111031,2286,O,AIRPORT,
300,AA,0064,2010-06-25,00068391,00003454,O,AIRPORT,0000
300,LH,402,2011-07-18,107111,2286,O,AIRPORT,
300,DL,1699,2011-09-05,00068639,00003454,O,AIRPORT,0000
300,DL,1984,2011-10-10,108901,2286,O,AIRPORT,
300,UA,3516,2010-05-18,90969,2286,O,AIRPORT,
300,AZ,0788,2011-08-16,00068057,00003454,O,AIRPORT,0000
300,LH,402,2010-09-13,88342,2286,O,AIRPORT,
300,AA,0064,2010-06-11,00068023,00003454,O,AIRPORT,0000
300,AZ,789,2011-01-12,92726,2286,O,AIRPORT,
300,DL,1984,2010-06-07,00078437,00003454,O,AIRPORT,0000
300,DL,1984,2011-01-31,92949,2286,O,AIRPORT,
300,DL,1984,2010-05-31,00077930,00003454,O,AIRPORT,0000
300,AZ,789,2011-02-02,93828,2286,O,AIRPORT,
300,LH,0401,2012-01-20,00078044,00003454,O,AIRPORT,0000
300,AZ,789,2011-01-26,93630,2286,O,AIRPORT,
300,AZ,0789,2010-05-19,00077996,00003454,O,AIRPORT,0000
300,DL,1984,2010-11-08,88063,2286,O,AIRPORT,
300,DL,1984,2010-06-14,00078993,00003454,O,AIRPORT,0000
300,DL,1984,2011-05-23,99965,2286,O,AIRPORT,
300,DL,1984,2011-03-14,95583,2286,O,AIRPORT,
300,AA,0064,2011-10-28,00085803,00003454,O,AIRPORT,0000
300,AZ,789,2011-02-09,94670,2286,O,AIRPORT,
300,DL,1984,2010-09-20,00084867,00003454,O,AIRPORT,0000
300,UA,3516,2010-07-27,95182,2286,O,AIRPORT,
300,DL,1984,2010-11-01,00087547,00003454,O,AIRPORT,0000
300,DL,1984,2011-03-07,95130,2286,O,AIRPORT,
300,DL,1984,2010-10-25,00087234,00003454,O,AIRPORT,0000
300,LH,402,2011-03-07,99071,2286,O,AIRPORT,
300,LH,402,2011-02-07,97339,2286,O,AIRPORT,
300,DL,1984,2010-07-19,00081046,00003454,O,AIRPORT,0000
300,LH,454,2010-07-31,122408,2286,O,AIRPORT,
300,DL,1984,2011-08-15,00105096,00003454,O,AIRPORT,0000
300,AZ,790,2011-03-02,128242,2286,O,AIRPORT,
300,LH,0402,2011-06-13,00105075,00003454,O,AIRPORT,0000
300,UA,3517,2010-04-26,128615,2286,O,AIRPORT,
300,UA,3516,2011-01-25,00106781,00003454,O,AIRPORT,0000
300,AZ,790,2011-03-30,129606,2286,O,AIRPORT,
300,DL,1984,2011-09-12,00107094,00003454,O,AIRPORT,0000
300,LH,454,2011-01-01,129035,2286,O,AIRPORT,
300,AZ,790,2011-02-02,127212,2286,O,AIRPORT,
300,LH,0402,2011-07-04,00106241,00003454,O,AIRPORT,0000
300,LH,402,2011-11-14,115525,2286,O,AIRPORT,
300,UA,3516,2011-01-11,00105942,00003454,O,AIRPORT,0000
300,AZ,790,2010-06-16,116736,2286,O,AIRPORT,
300,UA,3516,2010-11-09,00102035,00003454,O,AIRPORT,0000
300,LH,402,2011-10-24,114148,2286,O,AIRPORT,
300,AZ,0789,2011-07-06,00103586,00003454,O,AIRPORT,0000
300,AZ,790,2010-06-30,117603,2286,O,AIRPORT,
300,UA,3516,2010-11-30,00103365,00003454,O,AIRPORT,0000
300,AZ,790,2010-08-18,119682,2286,O,AIRPORT,
300,LH,0402,2011-09-19,00111469,00003454,O,AIRPORT,0000
300,AZ,791,2011-02-03,151716,2286,O,AIRPORT,
300,UA,3516,2011-04-05,00110848,00003454,O,AIRPORT,0000
300,LH,455,2010-12-06,153864,2286,O,AIRPORT,
300,AZ,791,2011-04-21,154390,2286,O,AIRPORT,
300,LH,0402,2011-10-10,00113217,00003454,O,AIRPORT,0000
300,UA,3517,2011-05-30,153284,2286,O,AIRPORT,
300,UA,3516,2010-07-13,00094523,00003454,O,AIRPORT,0000
300,LH,455,2010-08-30,150426,2286,O,AIRPORT,
300,AZ,0789,2010-12-08,00090672,00003454,O,AIRPORT,0000
300,LH,455,2010-08-09,149566,2286,O,AIRPORT,
300,DL,1984,2011-01-10,00091757,00003454,O,AIRPORT,0000
300,AZ,791,2011-10-13,160547,2286,O,AIRPORT,
300,DL,1984,2011-01-17,00092345,00003454,O,AIRPORT,0000
300,UA,3517,2011-09-19,160657,2286,O,AIRPORT,
300,DL,1984,2011-02-14,00093987,00003454,O,AIRPORT,0000
300,LH,455,2011-02-28,156877,2286,O,AIRPORT,
300,AZ,791,2011-06-30,156852,2286,O,AIRPORT,
300,LH,0402,2010-10-04,00089509,00003454,O,AIRPORT,0000
300,AZ,791,2011-07-21,157555,2286,O,AIRPORT,
300,UA,3516,2010-04-20,00089373,00003454,O,AIRPORT,0000
300,UA,3517,2010-08-16,135576,2286,O,AIRPORT,
300,LH,0402,2011-01-24,00096484,00003454,O,AIRPORT,0000
300,LH,454,2011-06-04,135988,2286,O,AIRPORT,
300,DL,1984,2011-05-23,00100096,00003454,O,AIRPORT,0000
300,UA,3517,2010-09-06,136603,2286,O,AIRPORT,
300,UA,3517,2011-02-14,00146800,00003454,O,AIRPORT,0000
300,LH,454,2011-06-25,136761,2286,O,AIRPORT,
300,AZ,0791,2010-07-29,00145085,00003454,O,AIRPORT,0000
300,AZ,790,2011-06-29,133687,2286,O,AIRPORT,
300,AZ,0791,2010-07-29,00145123,00003454,O,AIRPORT,0000
300,UA,3517,2010-07-19,133809,2286,O,AIRPORT,
300,AZ,791,2010-08-19,145860,2286,O,AIRPORT,
300,AZ,0791,2010-12-23,00150303,00003454,O,AIRPORT,0000
300,LH,455,2010-05-03,146102,2286,O,AIRPORT,
300,AZ,0790,2012-03-07,00141137,00003454,O,AIRPORT,0000
300,UA,3517,2011-02-07,146195,2286,O,AIRPORT,
300,UA,3517,2010-12-20,00143281,00003454,O,AIRPORT,0000
300,UA,3517,2010-11-29,141912,2286,O,AIRPORT,
300,LH,0454,2011-12-24,00144752,00003454,O,AIRPORT,0000
300,AZ,791,2010-05-06,142109,2286,O,AIRPORT,
300,LH,0454,2011-10-29,00142929,00003454,O,AIRPORT,0000
300,LH,455,2011-09-19,164164,2286,O,AIRPORT,
300,LH,0455,2011-04-25,00158905,00003454,O,AIRPORT,0000
300,LH,2462,2011-08-12,262723,2286,O,AIRPORT,
300,AZ,0791,2011-08-04,00158123,00003454,O,AIRPORT,0000
300,LH,2462,2011-09-16,264128,2286,O,AIRPORT,
300,LH,2462,2011-09-02,263574,2286,O,AIRPORT,
300,AZ,0791,2012-04-26,00163179,00003454,O,AIRPORT,0000
300,LH,2462,2011-10-07,265131,2286,O,AIRPORT,
300,LH,0455,2011-06-27,00161016,00003454,O,AIRPORT,0000
300,LH,2463,2010-11-13,275209,2286,O,AIRPORT,
300,AZ,0791,2011-10-27,00161205,00003454,O,AIRPORT,0000
300,LH,2463,2011-03-12,279617,2286,O,AIRPORT,
300,UA,3517,2011-05-16,00152461,00003454,O,AIRPORT,0000
300,LH,2463,2010-06-26,270195,2286,O,AIRPORT,
300,LH,0455,2010-10-25,00152414,00003454,O,AIRPORT,0000
300,LH,2463,2010-05-22,269083,2286,O,AIRPORT,
300,LH,0455,2011-02-21,00156652,00003454,O,AIRPORT,0000
300,LH,2436,2010-09-25,235687,2286,O,AIRPORT,
300,LH,3577,2011-08-06,307688,2286,O,AIRPORT,
300,AZ,0791,2011-04-28,00154553,00003454,O,AIRPORT,0000
300,LH,3577,2012-01-07,312564,2286,O,AIRPORT,
300,LH,0455,2011-01-17,00155434,00003454,O,AIRPORT,0000
300,LH,2463,2011-12-24,289807,2286,O,AIRPORT,
300,UA,3517,2011-06-27,00155055,00003454,O,AIRPORT,0000
300,LH,2463,2011-04-16,280936,2286,O,AIRPORT,
300,AZ,0790,2010-10-13,00122200,00003454,O,AIRPORT,0000
300,LH,2463,2011-04-30,281413,2286,O,AIRPORT,
300,UA,3516,2011-09-28,00122852,00003454,O,AIRPORT,0000
300,LH,2463,2011-09-17,286654,2286,O,AIRPORT,
300,LH,0454,2010-10-09,00125237,00003454,O,AIRPORT,0000
300,LH,2463,2011-07-16,284122,2286,O,AIRPORT,
300,LH,0454,2010-09-25,00124734,00003454,O,AIRPORT,0000
300,LH,3577,2011-06-25,306170,2286,O,AIRPORT,
300,UA,3516,2011-10-18,00124108,00003454,O,AIRPORT,0000
300,LH,3577,2010-08-07,294676,2286,O,AIRPORT,
300,LH,2407,2011-01-01,199742,2286,O,AIRPORT,
300,LH,0402,2011-10-31,00114762,00003454,O,AIRPORT,0000
300,LH,2407,2011-03-12,202267,2286,O,AIRPORT,
300,LH,0402,2011-11-14,00115450,00003454,O,AIRPORT,0000
300,LH,2407,2011-04-09,203271,2286,O,AIRPORT,
300,AZ,0790,2010-05-12,00115303,00003454,O,AIRPORT,0000
300,LH,2407,2010-06-26,193020,2286,O,AIRPORT,
300,LH,0402,2012-03-05,00117454,00003454,O,AIRPORT,0000
300,LH,2415,2011-01-21,221579,2286,O,AIRPORT,
300,UA,3516,2011-08-09,00118680,00003454,O,AIRPORT,0000
300,LH,2407,2011-09-10,208956,2286,O,AIRPORT,
300,AZ,0790,2010-07-21,00118560,00003454,O,AIRPORT,0000
300,LH,2407,2011-09-10,209178,2286,O,AIRPORT,
300,LH,0454,2011-07-23,00138019,00003454,O,AIRPORT,0000
300,LH,2407,2011-11-19,211920,2286,O,AIRPORT,
300,UA,3516,2012-03-06,00127993,00003454,O,AIRPORT,0000
300,LH,2415,2010-05-07,213530,2286,O,AIRPORT,
300,LH,0454,2011-01-08,00129312,00003454,O,AIRPORT,0000
300,LH,455,2011-11-28,166870,2286,O,AIRPORT,
300,UA,3517,2010-05-03,00129038,00003454,O,AIRPORT,0000
300,LH,2402,2011-04-23,181271,2286,O,AIRPORT,
300,LH,2402,2011-01-29,178278,2286,O,AIRPORT,
300,AZ,0790,2011-01-26,00126613,00003454,O,AIRPORT,0000
300,LH,2402,2011-01-29,178231,2286,O,AIRPORT,
300,LH,0454,2011-02-05,00130711,00003454,O,AIRPORT,0000
300,LH,2402,2011-03-12,179716,2286,O,AIRPORT,
300,LH,0455,2011-10-17,00165540,00003454,O,AIRPORT,0000
300,LH,2402,2011-08-06,185109,2286,O,AIRPORT,
300,LH,0455,2011-10-03,00165017,00003454,O,AIRPORT,0000
300,LH,2402,2011-09-17,186855,2286,O,AIRPORT,
300,LH,2402,2011-06-11,183109,2286,O,AIRPORT,
300,LH,2407,2011-01-01,00199858,00003454,O,AIRPORT,0000
300,LH,2402,2011-01-01,177368,2286,O,AIRPORT,
300,LH,2402,2011-11-05,00188879,00003454,O,AIRPORT,0000
300,AZ,555,2011-03-09,20102,3983,O,AIRPORT,
300,LH,2402,2011-05-14,00182033,00003454,O,AIRPORT,0000
300,LH,400,2010-05-22,2117,3983,O,AIRPORT,
300,LH,400,2011-04-02,21618,3983,O,AIRPORT,
300,LH,2402,2011-07-02,00183786,00003454,O,AIRPORT,0000
300,AZ,555,2011-01-26,17575,3983,O,AIRPORT,
300,LH,2402,2011-02-12,00178894,00003454,O,AIRPORT,0000
300,DL,106,2011-01-31,17822,3983,O,AIRPORT,
300,LH,2402,2011-02-12,00178724,00003454,O,AIRPORT,0000
300,AZ,555,2011-02-16,18880,3983,O,AIRPORT,
300,LH,2402,2011-04-23,00181323,00003454,O,AIRPORT,0000
300,DL,106,2010-05-24,1921,3983,O,AIRPORT,
300,LH,2402,2011-04-23,00181269,00003454,O,AIRPORT,0000
300,QF,5,2011-02-11,18607,3983,O,AIRPORT,
300,LH,2402,2010-10-09,00174242,00003454,O,AIRPORT,0000
300,AZ,555,2011-05-18,24472,3983,O,AIRPORT,
300,LH,2402,2011-01-15,00177845,00003454,O,AIRPORT,0000
300,UA,7,2011-10-22,24956,3983,O,AIRPORT,
300,LH,2462,2010-12-17,00254249,00003454,O,AIRPORT,0000
300,AZ,788,2010-09-28,48176,3983,O,AIRPORT,
300,AZ,555,2011-04-13,22515,3983,O,AIRPORT,
300,LH,2462,2011-04-01,00258000,00003454,O,AIRPORT,0000
300,UA,7,2011-09-10,22715,3983,O,AIRPORT,
300,LH,2462,2011-05-06,00259184,00003454,O,AIRPORT,0000
300,UA,7,2011-09-28,23666,3983,O,AIRPORT,
300,LH,2462,2011-03-11,00257153,00003454,O,AIRPORT,0000
300,DL,106,2011-05-09,23778,3983,O,AIRPORT,
300,LH,2462,2010-11-05,00252699,00003454,O,AIRPORT,0000
300,JL,407,2011-09-30,23202,3983,O,AIRPORT,
300,LH,2462,2011-08-19,00263034,00003454,O,AIRPORT,0000
300,LH,400,2011-04-30,23540,3983,O,AIRPORT,
300,LH,2436,2010-07-24,00234460,00003454,O,AIRPORT,0000
300,JL,407,2010-12-10,10389,3983,O,AIRPORT,
300,LH,2415,2011-07-15,00227065,00003454,O,AIRPORT,0000
300,JL,407,2010-10-08,7439,3983,O,AIRPORT,
300,LH,2463,2012-01-28,00290188,00003454,O,AIRPORT,0000
300,AZ,555,2010-09-29,10202,3983,O,AIRPORT,
300,LH,2463,2011-03-26,00280074,00003454,O,AIRPORT,0000
300,UA,7,2011-01-08,11608,3983,O,AIRPORT,
300,LH,2463,2011-03-19,00279702,00003454,O,AIRPORT,0000
300,DL,106,2010-10-11,10500,3983,O,AIRPORT,
300,LH,2463,2011-07-30,00284553,00003454,O,AIRPORT,0000
300,AZ,555,2010-09-08,9118,3983,O,AIRPORT,
300,LH,2463,2010-09-04,00272792,00003454,O,AIRPORT,0000
300,QF,5,2010-09-24,9733,3983,O,AIRPORT,
300,LH,3577,2011-02-19,00301629,00003454,O,AIRPORT,0000
300,AZ,555,2010-09-29,10146,3983,O,AIRPORT,
300,LH,3577,2011-06-11,00305724,00003454,O,AIRPORT,0000
300,QF,5,2010-08-20,7733,3983,O,AIRPORT,
300,LH,2407,2011-11-19,00211938,00003454,O,AIRPORT,0000
300,AZ,555,2010-08-25,7860,3983,O,AIRPORT,
300,LH,2415,2010-05-14,00213752,00003454,O,AIRPORT,0000
300,JL,407,2010-10-29,8569,3983,O,AIRPORT,
300,LH,2407,2011-07-16,00206717,00003454,O,AIRPORT,0000
300,AZ,555,2010-05-12,1523,3983,O,AIRPORT,
300,LH,2407,2011-10-15,00210597,00003454,O,AIRPORT,0000
300,JL,407,2011-04-01,15309,3983,O,AIRPORT,
300,LH,2415,2011-05-20,00225304,00003454,O,AIRPORT,0000
300,AZ,555,2010-12-22,15264,3983,O,AIRPORT,
300,LH,2415,2010-11-12,00219525,00003454,O,AIRPORT,0000
300,QF,5,2011-01-14,16521,3983,O,AIRPORT,
300,AZ,555,2011-02-23,19528,2765,O,AIRPORT,
300,JL,407,2010-09-03,5892,3983,O,AIRPORT,
300,LH,400,2010-07-17,5478,2765,O,AIRPORT,
300,JL,407,2010-09-10,6280,3983,O,AIRPORT,
300,JL,407,2011-05-20,17361,2765,O,AIRPORT,
300,QF,5,2010-11-05,12187,3983,O,AIRPORT,
300,UA,7,2011-05-21,17437,2765,O,AIRPORT,
300,AZ,555,2010-10-27,12148,3983,O,AIRPORT,
300,AZ,555,2011-02-02,17914,2765,O,AIRPORT,
300,JL,407,2011-02-25,13819,3983,O,AIRPORT,
300,LH,400,2011-01-29,17813,2765,O,AIRPORT,
300,DL,106,2010-11-29,13665,3983,O,AIRPORT,
300,AA,17,2011-01-19,17262,2765,O,AIRPORT,
300,LH,400,2010-11-27,13609,3983,O,AIRPORT,
300,JL,407,2011-05-13,17063,2765,O,AIRPORT,
300,LH,400,2011-02-05,18266,2765,O,AIRPORT,
300,LH,400,2010-11-27,13684,3983,O,AIRPORT,
300,JL,407,2011-06-03,18006,2765,O,AIRPORT,
300,DL,106,2010-05-24,1858,2765,O,AIRPORT,
300,UA,941,2010-08-26,32291,3983,O,AIRPORT,
300,DL,106,2010-05-24,1859,2765,O,AIRPORT,
300,LH,400,2011-09-28,33177,3983,O,AIRPORT,
300,UA,941,2010-09-23,33313,3983,O,AIRPORT,
300,LH,400,2011-02-12,18443,2765,O,AIRPORT,
300,AZ,555,2011-09-28,32822,3983,O,AIRPORT,
300,JL,407,2011-11-04,24923,2765,O,AIRPORT,
300,DL,106,2011-11-21,35835,3983,O,AIRPORT,
300,AA,17,2011-05-18,24547,2765,O,AIRPORT,
300,UA,941,2010-10-07,33927,3983,O,AIRPORT,
300,QF,5,2011-10-14,33639,3983,O,AIRPORT,
300,AZ,555,2011-05-11,24362,2765,O,AIRPORT,
300,AZ,555,2011-10-12,33611,3983,O,AIRPORT,
300,QF,5,2011-05-27,24811,2765,O,AIRPORT,
300,LH,400,2011-06-25,26687,3983,O,AIRPORT,
300,DL,106,2011-07-04,27232,3983,O,AIRPORT,
300,QF,6,2010-11-24,47633,2765,O,AIRPORT,
300,AZ,555,2011-06-01,25556,3983,O,AIRPORT,
300,UA,7,2011-11-19,25976,3983,O,AIRPORT,
300,AA,17,2010-06-30,4727,2765,O,AIRPORT,
300,LH,400,2011-06-11,25936,3983,O,AIRPORT,
300,DL,106,2011-04-25,22671,2765,O,AIRPORT,
300,AA,17,2011-08-10,29610,3983,O,AIRPORT,
300,UA,941,2010-07-01,30432,3983,O,AIRPORT,
300,DL,106,2011-04-25,22852,2765,O,AIRPORT,
300,QF,5,2011-07-22,28544,3983,O,AIRPORT,
300,LH,400,2011-04-09,22203,2765,O,AIRPORT,
300,AZ,555,2011-07-06,27934,3983,O,AIRPORT,
300,QF,5,2010-06-04,2916,3983,O,AIRPORT,
300,JL,407,2010-06-11,2366,2765,O,AIRPORT,
300,QF,6,2010-09-01,44032,3983,O,AIRPORT,
300,QF,5,2011-05-13,24001,2765,O,AIRPORT,
300,DL,1699,2010-08-09,44180,3983,O,AIRPORT,
300,UA,941,2011-07-07,43661,3983,O,AIRPORT,
300,DL,106,2010-05-31,2305,2765,O,AIRPORT,
300,DL,1699,2010-07-19,42746,3983,O,AIRPORT,
300,LH,401,2010-08-06,46232,3983,O,AIRPORT,
300,LH,400,2011-04-30,23478,2765,O,AIRPORT,
300,AA,26,2010-10-13,46561,3983,O,AIRPORT,
300,AA,17,2010-06-30,4433,3983,O,AIRPORT,
300,AZ,555,2010-08-11,7176,2765,O,AIRPORT,
300,DL,1699,2010-08-23,45157,3983,O,AIRPORT,
300,UA,7,2010-07-17,3779,3983,O,AIRPORT,
300,AA,17,2010-10-20,11306,2765,O,AIRPORT,
300,DL,1699,2010-04-26,37800,3983,O,AIRPORT,
300,QF,5,2011-12-02,36144,3983,O,AIRPORT,
300,LH,400,2010-10-16,11031,2765,O,AIRPORT,
300,AZ,555,2012-02-08,37327,3983,O,AIRPORT,
300,JL,408,2011-01-15,36847,3983,O,AIRPORT,
300,QF,5,2010-09-10,9116,2765,O,AIRPORT,
300,JL,408,2011-04-30,40555,3983,O,AIRPORT,
300,DL,1699,2010-06-14,40737,3983,O,AIRPORT,
300,JL,407,2010-10-15,7968,2765,O,AIRPORT,
300,QF,6,2010-06-16,40421,3983,O,AIRPORT,
300,AZ,788,2010-06-15,41430,3983,O,AIRPORT,
300,JL,407,2010-11-05,8685,2765,O,AIRPORT,
300,DL,1699,2010-06-07,40151,3983,O,AIRPORT,
300,LH,401,2010-04-23,39553,3983,O,AIRPORT,
300,UA,3504,2010-09-24,60111,3983,O,AIRPORT,
300,DL,106,2010-12-13,14532,2765,O,AIRPORT,
300,UA,3504,2010-09-24,60053,3983,O,AIRPORT,
300,AZ,788,2011-03-29,59272,3983,O,AIRPORT,
300,DL,106,2011-01-10,16342,2765,O,AIRPORT,
300,UA,3504,2010-08-20,57996,3983,O,AIRPORT,
300,AA,26,2011-07-06,58418,3983,O,AIRPORT,
300,JL,407,2011-04-22,16369,2765,O,AIRPORT,
300,QF,6,2011-07-27,58489,3983,O,AIRPORT,
300,AA,26,2011-07-13,58479,3983,O,AIRPORT,
300,JL,407,2010-08-27,5867,2765,O,AIRPORT,
300,AA,26,2011-11-02,63480,3983,O,AIRPORT,
300,UA,7,2010-08-28,5810,2765,O,AIRPORT,
300,AZ,788,2011-05-31,63413,3983,O,AIRPORT,
300,DL,106,2010-05-03,738,3983,O,AIRPORT,
300,AZ,555,2010-12-29,15775,2765,O,AIRPORT,
300,UA,3504,2010-12-10,64831,3983,O,AIRPORT,
300,AZ,788,2011-05-10,62039,3983,O,AIRPORT,
300,LH,400,2010-12-25,15562,2765,O,AIRPORT,
300,UA,3504,2010-10-22,61577,3983,O,AIRPORT,
300,AA,17,2010-11-03,12419,2765,O,AIRPORT,
300,DL,1699,2011-06-06,62938,3983,O,AIRPORT,
300,AA,26,2011-02-09,51773,3983,O,AIRPORT,
300,AA,17,2011-09-21,32404,2765,O,AIRPORT,
300,UA,941,2010-07-08,30664,2765,O,AIRPORT,
300,QF,6,2011-03-02,51803,3983,O,AIRPORT,
300,DL,106,2011-09-12,31459,2765,O,AIRPORT,
300,LH,401,2010-11-05,51982,3983,O,AIRPORT,
300,QF,6,2011-03-09,52316,3983,O,AIRPORT,
300,QF,5,2011-09-09,31555,2765,O,AIRPORT,
300,AZ,788,2010-11-09,50482,3983,O,AIRPORT,
300,AA,26,2011-01-12,50699,3983,O,AIRPORT,
300,QF,5,2011-10-21,33940,2765,O,AIRPORT,
300,AZ,788,2010-10-26,49980,3983,O,AIRPORT,
300,AA,17,2011-10-26,34500,2765,O,AIRPORT,
300,DL,1699,2010-11-15,50257,3983,O,AIRPORT,
300,UA,3504,2010-07-09,55090,3983,O,AIRPORT,
300,UA,941,2010-10-28,34538,2765,O,AIRPORT,
300,AA,26,2011-04-27,55287,3983,O,AIRPORT,
300,DL,106,2010-06-07,2778,2765,O,AIRPORT,
300,LH,401,2010-12-31,55262,3983,O,AIRPORT,
300,QF,6,2011-06-08,56208,3983,O,AIRPORT,
300,AZ,555,2011-06-29,27287,2765,O,AIRPORT,
300,AA,26,2011-05-25,56292,3983,O,AIRPORT,
300,QF,6,2011-06-08,56337,3983,O,AIRPORT,
300,JL,408,2010-05-01,27530,2765,O,AIRPORT,
300,LH,401,2010-12-10,53916,3983,O,AIRPORT,
300,UA,7,2011-11-05,25569,2765,O,AIRPORT,
300,DL,1699,2010-12-27,52933,3983,O,AIRPORT,
300,DL,1699,2011-01-24,54762,3983,O,AIRPORT,
300,UA,7,2011-11-05,25570,2765,O,AIRPORT,
300,DL,1699,2011-01-17,54323,3983,O,AIRPORT,
300,QF,5,2011-08-19,30124,2765,O,AIRPORT,
300,AA,64,2010-07-02,68610,3983,O,AIRPORT,
300,LH,401,2011-08-19,69791,3983,O,AIRPORT,
300,DL,106,2010-06-07,2874,2765,O,AIRPORT,
300,DL,1699,2011-10-03,70297,3983,O,AIRPORT,
300,DL,1699,2011-09-12,69064,3983,O,AIRPORT,
300,AA,26,2010-08-18,44065,2765,O,AIRPORT,
300,UA,3504,2010-12-24,65519,3983,O,AIRPORT,
300,AZ,789,2010-09-15,85158,3983,O,AIRPORT,
300,LH,402,2010-07-19,84909,3983,O,AIRPORT,
300,LH,401,2010-07-02,44263,2765,O,AIRPORT,
300,LH,402,2010-08-02,85685,3983,O,AIRPORT,
300,LH,402,2010-08-02,85675,3983,O,AIRPORT,
300,UA,941,2011-07-07,43662,2765,O,AIRPORT,
300,AA,64,2011-10-21,85704,3983,O,AIRPORT,
300,DL,1699,2010-07-05,41742,2765,O,AIRPORT,
300,UA,3504,2011-11-11,86661,3983,O,AIRPORT,
300,AA,64,2012-02-03,87515,3983,O,AIRPORT,
300,AA,26,2010-07-21,42861,2765,O,AIRPORT,
300,UA,3504,2011-05-20,74983,3983,O,AIRPORT,
300,AA,64,2011-02-04,76388,3983,O,AIRPORT,
300,QF,6,2010-10-27,46234,2765,O,AIRPORT,
300,LH,401,2011-08-28,70544,3983,O,AIRPORT,
300,AZ,788,2011-11-08,73425,3983,O,AIRPORT,
300,JL,408,2011-10-15,46378,2765,O,AIRPORT,
300,LH,402,2010-06-07,82125,3983,O,AIRPORT,
300,DL,1699,2010-08-30,45608,2765,O,AIRPORT,
300,LH,402,2010-06-07,82140,3983,O,AIRPORT,
300,UA,3504,2011-09-30,83915,3983,O,AIRPORT,
300,AZ,788,2010-08-10,45018,2765,O,AIRPORT,
300,AZ,789,2010-05-12,77611,3983,O,AIRPORT,
300,AA,64,2011-04-01,78449,3983,O,AIRPORT,
300,DL,106,2012-01-30,36836,2765,O,AIRPORT,
300,AZ,789,2010-06-30,80436,3983,O,AIRPORT,
300,DL,1984,2012-01-30,112594,3983,O,AIRPORT,
300,DL,1699,2010-06-14,40652,2765,O,AIRPORT,
300,UA,3516,2011-05-03,112541,3983,O,AIRPORT,
300,DL,1699,2010-06-28,41309,2765,O,AIRPORT,
300,LH,402,2011-09-28,112391,3983,O,AIRPORT,
300,UA,3516,2011-05-03,112937,3983,O,AIRPORT,
300,AA,26,2010-06-16,41422,2765,O,AIRPORT,
300,AZ,789,2011-07-20,104285,3983,O,AIRPORT,
300,UA,3516,2011-01-18,105997,3983,O,AIRPORT,
300,UA,941,2011-02-24,38854,2765,O,AIRPORT,
300,UA,3516,2010-11-23,102662,3983,O,AIRPORT,
300,UA,941,2011-03-17,39609,2765,O,AIRPORT,
300,UA,3516,2010-11-16,102174,3983,O,AIRPORT,
300,DL,1984,2011-11-07,110541,3983,O,AIRPORT,
300,JL,407,2010-04-23,182,2765,O,AIRPORT,
300,LH,402,2011-09-12,111317,3983,O,AIRPORT,
300,DL,1984,2011-09-12,106779,3983,O,AIRPORT,
300,JL,407,2010-04-23,228,2765,O,AIRPORT,
300,AZ,789,2011-09-21,108193,3983,O,AIRPORT,
300,AZ,555,2010-04-28,604,2765,O,AIRPORT,
300,AZ,789,2010-11-03,88315,3983,O,AIRPORT,
300,DL,1984,2010-11-29,89347,3983,O,AIRPORT,
300,AZ,788,2011-03-08,58062,2765,O,AIRPORT,
300,DL,1984,2011-05-16,99652,3983,O,AIRPORT,
300,UA,3516,2010-09-28,99190,3983,O,AIRPORT,
300,LH,401,2011-02-25,59074,2765,O,AIRPORT,
300,DL,1984,2011-03-28,96655,3983,O,AIRPORT,
300,QF,6,2012-03-14,64877,2765,O,AIRPORT,
300,AZ,789,2011-04-20,98813,3983,O,AIRPORT,
300,LH,402,2011-02-07,97268,3983,O,AIRPORT,
300,AZ,788,2011-06-28,64896,2765,O,AIRPORT,
300,UA,3516,2011-10-11,123475,3983,O,AIRPORT,
300,AZ,790,2010-10-20,122362,3983,O,AIRPORT,
300,QF,6,2011-10-12,61884,2765,O,AIRPORT,
300,UA,3516,2011-10-18,124292,3983,O,AIRPORT,
300,QF,6,2011-10-19,62090,2765,O,AIRPORT,
300,UA,3517,2010-04-26,128630,3983,O,AIRPORT,
300,LH,454,2010-12-11,128036,3983,O,AIRPORT,
300,DL,1699,2011-05-16,61465,2765,O,AIRPORT,
300,AZ,790,2011-02-23,127937,3983,O,AIRPORT,
300,LH,454,2010-10-23,125815,3983,O,AIRPORT,
300,QF,6,2011-11-09,63014,2765,O,AIRPORT,
300,UA,3516,2011-06-14,115351,3983,O,AIRPORT,
300,DL,1699,2011-06-06,62796,2765,O,AIRPORT,
300,AZ,789,2012-03-14,113841,3983,O,AIRPORT,
300,LH,454,2010-07-03,121127,3983,O,AIRPORT,
300,DL,1699,2011-06-06,62797,2765,O,AIRPORT,
300,LH,454,2010-04-24,118031,3983,O,AIRPORT,
300,AZ,790,2010-08-11,119230,3983,O,AIRPORT,
300,UA,3504,2010-05-21,51990,2765,O,AIRPORT,
300,LH,455,2010-10-11,151754,3983,O,AIRPORT,
300,UA,941,2011-11-24,49039,2765,O,AIRPORT,
300,AZ,791,2011-01-06,150800,3983,O,AIRPORT,
300,LH,455,2010-09-13,150954,3983,O,AIRPORT,
300,DL,1699,2010-11-15,50354,2765,O,AIRPORT,
300,AZ,791,2011-01-13,150859,3983,O,AIRPORT,
300,QF,6,2011-02-02,50590,2765,O,AIRPORT,
300,AZ,791,2011-03-24,153306,3983,O,AIRPORT,
300,AZ,791,2010-12-23,150179,3983,O,AIRPORT,
300,QF,6,2011-06-01,55947,2765,O,AIRPORT,
300,AZ,791,2010-11-18,149046,3983,O,AIRPORT,
300,UA,3504,2010-07-09,55036,2765,O,AIRPORT,
300,LH,455,2011-06-06,160325,3983,O,AIRPORT,
300,UA,3517,2011-09-05,159926,3983,O,AIRPORT,
300,LH,401,2011-01-21,56588,2765,O,AIRPORT,
300,AZ,791,2011-12-29,162594,3983,O,AIRPORT,
300,QF,6,2011-06-22,56988,2765,O,AIRPORT,
300,LH,455,2011-08-22,162941,3983,O,AIRPORT,
300,AZ,791,2011-08-25,158767,3983,O,AIRPORT,
300,AZ,788,2011-02-15,56864,2765,O,AIRPORT,
300,LH,455,2011-03-07,157046,3983,O,AIRPORT,
300,AA,26,2011-06-01,56826,2765,O,AIRPORT,
300,LH,454,2011-06-04,135923,3983,O,AIRPORT,
300,AZ,790,2011-07-27,134756,3983,O,AIRPORT,
300,QF,6,2011-06-15,56487,2765,O,AIRPORT,
300,AZ,790,2011-09-28,137719,3983,O,AIRPORT,
300,UA,3504,2010-06-04,53143,2765,O,AIRPORT,
300,UA,3517,2010-05-31,130562,3983,O,AIRPORT,
300,AA,26,2011-03-09,52969,2765,O,AIRPORT,
300,AZ,790,2011-06-01,132261,3983,O,AIRPORT,
300,LH,454,2011-11-26,144188,3983,O,AIRPORT,
300,UA,3504,2010-06-25,54351,2765,O,AIRPORT,
300,AZ,791,2010-05-20,142568,3983,O,AIRPORT,
300,LH,401,2010-12-10,54267,2765,O,AIRPORT,
300,AZ,791,2010-06-17,143414,3983,O,AIRPORT,
300,LH,454,2011-12-10,144545,3983,O,AIRPORT,
300,DL,1699,2011-09-26,69751,2765,O,AIRPORT,
300,LH,454,2011-09-17,140860,3983,O,AIRPORT,
300,AZ,788,2011-06-28,65180,2765,O,AIRPORT,
300,LH,455,2011-09-12,163952,3983,O,AIRPORT,
300,AA,64,2010-05-21,67205,2765,O,AIRPORT,
300,LH,455,2011-09-28,164899,3983,O,AIRPORT,
300,LH,2462,2011-08-12,262605,3983,O,AIRPORT,
300,AZ,789,2010-09-22,85936,2765,O,AIRPORT,
300,LH,2462,2011-10-07,265181,3983,O,AIRPORT,
300,UA,3504,2011-10-28,85892,2765,O,AIRPORT,
300,LH,2462,2011-07-01,261073,3983,O,AIRPORT,
300,LH,2436,2010-10-02,235799,3983,O,AIRPORT,
300,AA,64,2011-09-30,85039,2765,O,AIRPORT,
300,LH,2436,2010-06-19,233764,3983,O,AIRPORT,
300,DL,1984,2010-10-04,85711,2765,O,AIRPORT,
300,LH,2436,2011-05-14,240458,3983,O,AIRPORT,
300,LH,2462,2010-06-25,248003,3983,O,AIRPORT,
300,AZ,789,2010-09-15,85465,2765,O,AIRPORT,
300,LH,2462,2010-12-31,254710,3983,O,AIRPORT,
300,UA,3504,2011-11-11,86663,2765,O,AIRPORT,
300,LH,2462,2010-05-21,246766,3983,O,AIRPORT,
300,LH,3577,2011-10-15,310592,3983,O,AIRPORT,
300,LH,401,2011-10-28,75153,2765,O,AIRPORT,
300,LH,3577,2010-08-21,295079,3983,O,AIRPORT,
300,UA,3504,2011-05-27,75297,2765,O,AIRPORT,
300,LH,2407,2011-03-19,202517,3983,O,AIRPORT,
300,LH,2407,2011-03-12,202332,3983,O,AIRPORT,
300,UA,3504,2011-06-03,75691,2765,O,AIRPORT,
300,LH,2402,2012-01-28,190185,3983,O,AIRPORT,
300,AZ,789,2010-05-12,77518,2765,O,AIRPORT,
300,LH,2407,2010-08-21,195073,3983,O,AIRPORT,
300,UA,3504,2011-06-17,76537,2765,O,AIRPORT,
300,LH,2407,2010-07-17,193899,3983,O,AIRPORT,
300,AA,64,2011-02-04,76576,2765,O,AIRPORT,
300,LH,2407,2011-11-12,211599,3983,O,AIRPORT,
300,LH,401,2011-09-09,71528,2765,O,AIRPORT,
300,LH,2415,2010-06-11,214677,3983,O,AIRPORT,
300,UA,3504,2011-04-08,71984,2765,O,AIRPORT,
300,LH,455,2012-01-09,167438,3983,O,AIRPORT,
300,DL,1699,2011-10-31,71980,2765,O,AIRPORT,
300,LH,2402,2010-07-03,170865,3983,O,AIRPORT,
300,UA,3504,2011-04-29,73493,2765,O,AIRPORT,
300,LH,2402,2010-05-08,168693,3983,O,AIRPORT,
300,AA,64,2010-10-08,72318,2765,O,AIRPORT,
300,LH,400,2011-03-12,20323,3985,O,AIRPORT,
300,AA,64,2011-03-18,78002,2765,O,AIRPORT,
300,QF,5,2010-07-16,5301,3985,O,AIRPORT,
300,UA,3504,2011-08-26,80724,2765,O,AIRPORT,
300,QF,5,2011-04-01,21409,3985,O,AIRPORT,
300,UA,3504,2011-08-19,80404,2765,O,AIRPORT,
300,UA,7,2011-08-27,21619,3985,O,AIRPORT,
300,UA,7,2010-06-05,2143,3985,O,AIRPORT,
300,DL,1984,2010-07-19,81136,2765,O,AIRPORT,
300,UA,7,2011-08-20,21467,3985,O,AIRPORT,
300,DL,1984,2010-06-28,79767,2765,O,AIRPORT,
300,AA,17,2010-07-14,5282,3985,O,AIRPORT,
300,DL,1984,2010-06-28,79766,2765,O,AIRPORT,
300,UA,7,2011-08-06,20845,3985,O,AIRPORT,
300,UA,3504,2011-08-05,79463,2765,O,AIRPORT,
300,JL,407,2011-05-27,17778,3985,O,AIRPORT,
300,UA,3504,2011-08-05,79483,2765,O,AIRPORT,
300,AA,17,2011-01-19,17140,3985,O,AIRPORT,
300,AA,64,2011-05-13,79929,2765,O,AIRPORT,
300,AZ,555,2010-07-14,5636,3985,O,AIRPORT,
300,AZ,789,2011-11-23,112085,2765,O,AIRPORT,
300,DL,106,2011-02-07,18051,3985,O,AIRPORT,
300,LH,402,2011-10-03,113112,2765,O,AIRPORT,
300,LH,400,2010-07-17,5606,3985,O,AIRPORT,
300,DL,1984,2011-08-01,104560,2765,O,AIRPORT,
300,LH,401,2010-09-10,48298,3985,O,AIRPORT,
300,AZ,789,2011-08-17,106321,2765,O,AIRPORT,
300,AA,17,2011-04-13,22410,3985,O,AIRPORT,
300,LH,402,2011-04-18,101541,2765,O,AIRPORT,
300,UA,7,2011-09-10,22712,3985,O,AIRPORT,
300,UA,3516,2010-10-12,100176,2765,O,AIRPORT,
300,AA,17,2010-09-29,10406,3985,O,AIRPORT,
300,DL,1984,2011-05-30,100551,2765,O,AIRPORT,
300,QF,5,2010-08-13,7338,3985,O,AIRPORT,
300,DL,1984,2011-07-04,102466,2765,O,AIRPORT,
300,QF,5,2010-10-22,11553,3985,O,AIRPORT,
300,AZ,789,2011-10-26,110562,2765,O,AIRPORT,
300,UA,7,2010-12-25,11011,3985,O,AIRPORT,
300,LH,400,2010-09-18,9548,3985,O,AIRPORT,
300,DL,1984,2011-09-19,107362,2765,O,AIRPORT,
300,AA,17,2010-09-15,9315,3985,O,AIRPORT,
300,AZ,789,2011-09-07,107358,2765,O,AIRPORT,
300,LH,400,2010-09-18,9251,3985,O,AIRPORT,
300,UA,3516,2011-02-01,107193,2765,O,AIRPORT,
300,LH,400,2010-12-04,14283,3985,O,AIRPORT,
300,UA,3516,2011-03-08,109044,2765,O,AIRPORT,
300,UA,7,2010-09-04,6019,3985,O,AIRPORT,
300,LH,402,2011-07-25,107883,2765,O,AIRPORT,
300,LH,400,2011-01-08,16310,3985,O,AIRPORT,
300,UA,3516,2010-05-11,90446,2765,O,AIRPORT,
300,UA,7,2011-04-30,16604,3985,O,AIRPORT,
300,LH,402,2010-09-20,88446,2765,O,AIRPORT,
300,AZ,555,2011-01-12,16596,3985,O,AIRPORT,
300,UA,3516,2010-07-06,94002,2765,O,AIRPORT,
300,UA,7,2011-02-12,12955,3985,O,AIRPORT,
300,LH,402,2010-11-08,91710,2765,O,AIRPORT,
300,UA,941,2010-08-26,32286,3985,O,AIRPORT,
300,DL,1984,2011-05-16,99798,2765,O,AIRPORT,
300,DL,106,2011-10-03,32797,3985,O,AIRPORT,
300,UA,3516,2010-08-10,96070,2765,O,AIRPORT,
300,AA,17,2011-08-31,31088,3985,O,AIRPORT,
300,AZ,789,2011-03-02,95689,2765,O,AIRPORT,
300,AA,17,2011-08-24,30807,3985,O,AIRPORT,
300,UA,3516,2010-07-13,94437,2765,O,AIRPORT,
300,QF,5,2011-09-09,31580,3985,O,AIRPORT,
300,AZ,789,2011-02-16,94885,2765,O,AIRPORT,
300,LH,400,2011-05-28,25076,3985,O,AIRPORT,
300,DL,1984,2011-04-04,97173,2765,O,AIRPORT,
300,QF,5,2011-10-21,33949,3985,O,AIRPORT,
300,UA,3516,2011-11-01,124771,2765,O,AIRPORT,
300,LH,400,2011-06-25,26994,3985,O,AIRPORT,
300,DL,106,2011-06-27,26987,3985,O,AIRPORT,
300,UA,3516,2012-03-27,128169,2765,O,AIRPORT,
300,AA,17,2011-06-22,26925,3985,O,AIRPORT,
300,LH,454,2010-10-23,126090,2765,O,AIRPORT,
300,QF,5,2011-06-24,26641,3985,O,AIRPORT,
300,UA,3516,2011-07-05,116438,2765,O,AIRPORT,
300,AA,17,2011-06-15,26290,3985,O,AIRPORT,
300,UA,3516,2011-09-20,121749,2765,O,AIRPORT,
300,LH,400,2011-06-18,26307,3985,O,AIRPORT,
300,AZ,790,2010-09-29,121459,2765,O,AIRPORT,
300,QF,5,2011-06-24,26534,3985,O,AIRPORT,
300,LH,402,2012-03-05,117479,2765,O,AIRPORT,
300,JL,408,2010-06-26,29548,3985,O,AIRPORT,
300,LH,454,2010-04-24,117934,2765,O,AIRPORT,
300,UA,941,2010-07-01,30426,3985,O,AIRPORT,
300,LH,454,2010-05-22,119023,2765,O,AIRPORT,
300,UA,941,2010-04-29,28062,3985,O,AIRPORT,
300,QF,5,2011-07-29,29079,3985,O,AIRPORT,
300,UA,3517,2011-05-23,152867,2765,O,AIRPORT,
300,LH,400,2011-07-30,29161,3985,O,AIRPORT,
300,UA,3517,2011-04-18,150474,2765,O,AIRPORT,
300,LH,400,2011-07-23,28668,3985,O,AIRPORT,
300,UA,941,2011-06-30,43409,3985,O,AIRPORT,
300,UA,3517,2011-08-15,157804,2765,O,AIRPORT,
300,UA,941,2011-07-07,43602,3985,O,AIRPORT,
300,AZ,790,2011-07-27,134761,2765,O,AIRPORT,
300,QF,6,2010-07-28,42232,3985,O,AIRPORT,
300,LH,400,2010-06-26,4212,3985,O,AIRPORT,
300,UA,3517,2010-09-13,137400,2765,O,AIRPORT,
300,LH,401,2010-06-11,42751,3985,O,AIRPORT,
300,UA,7,2010-07-31,4576,3985,O,AIRPORT,
300,AZ,791,2010-07-01,143935,2765,O,AIRPORT,
300,JL,408,2011-10-15,46593,3985,O,AIRPORT,
300,UA,3517,2011-01-24,145570,2765,O,AIRPORT,
300,AZ,788,2010-08-03,44781,3985,O,AIRPORT,
300,UA,941,2011-08-04,44495,3985,O,AIRPORT,
300,UA,3517,2010-10-11,139105,2765,O,AIRPORT,
300,AZ,788,2010-08-17,45317,3985,O,AIRPORT,
300,AZ,790,2011-10-26,138903,2765,O,AIRPORT,
300,UA,941,2011-02-17,38641,3985,O,AIRPORT,
300,LH,454,2011-09-10,140556,2765,O,AIRPORT,
300,UA,941,2011-02-24,38783,3985,O,AIRPORT,
300,LH,2462,2011-09-09,263869,2765,O,AIRPORT,
300,LH,400,2010-06-19,3674,3985,O,AIRPORT,
300,LH,2462,2011-09-09,263958,2765,O,AIRPORT,
300,DL,106,2012-01-16,36644,3985,O,AIRPORT,
300,LH,2462,2011-03-04,257012,2765,O,AIRPORT,
300,UA,941,2011-01-13,37391,3985,O,AIRPORT,
300,LH,2463,2010-09-18,273196,2765,O,AIRPORT,
300,LH,400,2011-12-03,37298,3985,O,AIRPORT,
300,DL,106,2012-03-12,37099,3985,O,AIRPORT,
300,LH,2436,2011-03-19,239404,2765,O,AIRPORT,
300,JL,408,2011-04-30,40437,3985,O,AIRPORT,
300,UA,7,2010-07-24,4041,3985,O,AIRPORT,
300,LH,2462,2010-06-04,247217,2765,O,AIRPORT,
300,LH,401,2010-05-21,41407,3985,O,AIRPORT,
300,LH,3577,2011-08-20,308279,2765,O,AIRPORT,
300,QF,6,2010-06-30,41208,3985,O,AIRPORT,
300,QF,6,2010-05-19,39181,3985,O,AIRPORT,
300,QF,6,2010-06-09,40117,3985,O,AIRPORT,
300,LH,3577,2011-08-20,308280,2765,O,AIRPORT,
300,QF,6,2011-08-24,59728,3985,O,AIRPORT,
300,LH,401,2011-02-04,57769,3985,O,AIRPORT,
300,LH,2463,2011-05-14,281920,2765,O,AIRPORT,
300,QF,6,2011-07-13,57820,3985,O,AIRPORT,
300,AZ,788,2011-03-08,58069,3985,O,AIRPORT,
300,LH,3577,2011-05-07,304389,2765,O,AIRPORT,
300,LH,401,2011-02-25,58881,3985,O,AIRPORT,
300,AZ,788,2011-03-22,59127,3985,O,AIRPORT,
300,LH,3577,2010-07-24,294106,2765,O,AIRPORT,
300,UA,3504,2010-12-10,64994,3985,O,AIRPORT,
300,AZ,788,2011-06-21,64421,3985,O,AIRPORT,
300,LH,3577,2010-11-06,297875,2765,O,AIRPORT,
300,DL,1699,2011-05-23,62160,3985,O,AIRPORT,
300,LH,2407,2010-11-06,197833,2765,O,AIRPORT,
300,AA,26,2011-09-21,61766,3985,O,AIRPORT,
300,AZ,788,2011-05-31,63311,3985,O,AIRPORT,
300,LH,2407,2010-10-02,196537,2765,O,AIRPORT,
300,AA,26,2011-10-26,63133,3985,O,AIRPORT,
300,DL,1699,2010-11-29,50999,3985,O,AIRPORT,
300,LH,2407,2010-07-31,194402,2765,O,AIRPORT,
300,AA,26,2011-01-26,51116,3985,O,AIRPORT,
300,LH,2415,2011-04-22,224488,2765,O,AIRPORT,
300,QF,6,2011-03-09,52099,3985,O,AIRPORT,
300,UA,3504,2010-04-23,50350,3985,O,AIRPORT,
300,LH,2407,2011-08-28,208505,2765,O,AIRPORT,
300,QF,6,2011-01-19,49959,3985,O,AIRPORT,
300,UA,3504,2010-07-16,55777,3985,O,AIRPORT,
300,LH,2415,2010-08-13,216563,2765,O,AIRPORT,
300,UA,3504,2010-07-30,56460,3985,O,AIRPORT,
300,DL,1699,2011-08-29,68226,3985,O,AIRPORT,
300,LH,2415,2010-07-09,215531,2765,O,AIRPORT,
300,LH,401,2011-08-12,69535,3985,O,AIRPORT,
300,LH,2402,2010-07-17,171180,2765,O,AIRPORT,
300,DL,1699,2011-10-03,70112,3985,O,AIRPORT,
300,AZ,788,2011-08-09,67742,3985,O,AIRPORT,
300,LH,2402,2010-07-24,171601,2765,O,AIRPORT,
300,AZ,788,2011-08-02,66978,3985,O,AIRPORT,
300,DL,1699,2011-08-15,67085,3985,O,AIRPORT,
300,JL,407,2011-07-01,19238,1621,O,AIRPORT,
300,DL,1984,2010-09-20,85004,3985,O,AIRPORT,
300,UA,7,2011-08-20,21423,1621,O,AIRPORT,
300,DL,1984,2010-11-01,87575,3985,O,AIRPORT,
300,AA,64,2011-01-14,75647,3985,O,AIRPORT,
300,DL,106,2011-04-04,21739,1621,O,AIRPORT,
300,UA,3504,2011-06-03,75680,3985,O,AIRPORT,
300,AA,64,2011-02-11,76788,3985,O,AIRPORT,
300,LH,400,2011-04-02,21488,1621,O,AIRPORT,
300,LH,401,2011-11-18,76591,3985,O,AIRPORT,
300,DL,1699,2011-12-05,73874,3985,O,AIRPORT,
300,UA,7,2011-08-20,21433,1621,O,AIRPORT,
300,AZ,789,2010-07-14,81317,3985,O,AIRPORT,
300,AZ,789,2010-07-21,81697,3985,O,AIRPORT,
300,AA,17,2011-01-26,17549,1621,O,AIRPORT,
300,DL,1984,2010-09-13,84317,3985,O,AIRPORT,
300,LH,402,2010-07-05,83960,3985,O,AIRPORT,
300,LH,400,2011-01-15,16972,1621,O,AIRPORT,
300,DL,1984,2010-09-13,84557,3985,O,AIRPORT,
300,UA,3504,2011-09-28,83610,3985,O,AIRPORT,
300,QF,5,2011-01-21,17086,1621,O,AIRPORT,
300,DL,1984,2010-06-14,78697,3985,O,AIRPORT,
300,QF,5,2011-02-18,18935,1621,O,AIRPORT,
300,AZ,789,2010-05-19,77921,3985,O,AIRPORT,
300,UA,3504,2011-07-08,77665,3985,O,AIRPORT,
300,AA,17,2011-02-09,18551,1621,O,AIRPORT,
300,DL,1984,2010-06-07,78301,3985,O,AIRPORT,
300,LH,401,2010-09-17,48649,1621,O,AIRPORT,
300,AA,64,2011-03-25,78086,3985,O,AIRPORT,
300,DL,1984,2011-07-25,104126,3985,O,AIRPORT,
300,LH,400,2011-05-21,24469,1621,O,AIRPORT,
300,AZ,789,2011-08-10,105690,3985,O,AIRPORT,
300,UA,3516,2010-10-19,100419,3985,O,AIRPORT,
300,JL,408,2011-11-05,47312,1621,O,AIRPORT,
300,UA,3516,2010-11-23,102759,3985,O,AIRPORT,
300,AA,26,2010-11-24,48356,1621,O,AIRPORT,
300,AZ,789,2011-11-16,111697,3985,O,AIRPORT,
300,DL,1984,2011-10-17,109206,3985,O,AIRPORT,
300,LH,401,2010-09-03,47938,1621,O,AIRPORT,
300,AZ,789,2011-09-28,108923,3985,O,AIRPORT,
300,UA,7,2011-09-10,22644,1621,O,AIRPORT,
300,DL,1984,2010-12-27,91131,3985,O,AIRPORT,
300,LH,402,2010-09-20,88794,3985,O,AIRPORT,
300,DL,106,2011-05-09,23686,1621,O,AIRPORT,
300,AA,17,2011-04-27,23365,1621,O,AIRPORT,
300,AZ,555,2011-04-27,23361,1621,O,AIRPORT,
300,JL,407,2010-09-24,6826,1621,O,AIRPORT,
300,DL,106,2010-10-04,10306,1621,O,AIRPORT,
300,LH,400,2010-08-14,7210,1621,O,AIRPORT,
300,QF,5,2010-10-08,10665,1621,O,AIRPORT,
300,JL,407,2010-12-10,10461,1621,O,AIRPORT,
300,AA,17,2010-10-06,10793,1621,O,AIRPORT,
300,DL,106,2010-09-13,9050,1621,O,AIRPORT,
300,JL,407,2010-11-19,9304,1621,O,AIRPORT,
300,DL,106,2010-09-20,9291,1621,O,AIRPORT,
300,UA,7,2010-11-06,8923,1621,O,AIRPORT,
300,AZ,789,2011-02-02,93967,3985,O,AIRPORT,
300,DL,1984,2011-01-10,91721,3985,O,AIRPORT,
300,AZ,789,2011-05-04,99559,3985,O,AIRPORT,
300,UA,3516,2010-10-12,99875,3985,O,AIRPORT,
300,UA,3516,2010-08-03,95887,3985,O,AIRPORT,
300,AZ,789,2011-03-02,95631,3985,O,AIRPORT,
300,DL,1984,2011-02-14,94112,3985,O,AIRPORT,
300,UA,3516,2010-07-20,94909,3985,O,AIRPORT,
300,DL,1984,2011-04-11,97345,3985,O,AIRPORT,
300,UA,3516,2011-09-28,122789,3985,O,AIRPORT,
300,UA,3517,2010-05-17,129693,3985,O,AIRPORT,
300,LH,454,2010-10-23,126004,3985,O,AIRPORT,
300,LH,454,2010-11-13,126811,3985,O,AIRPORT,
300,UA,3516,2011-05-31,114431,3985,O,AIRPORT,
300,AZ,790,2010-04-21,114401,3985,O,AIRPORT,
300,AZ,790,2010-09-01,120363,3985,O,AIRPORT,
300,LH,454,2010-07-03,121150,3985,O,AIRPORT,
300,LH,454,2010-07-17,121548,3985,O,AIRPORT,
300,UA,3516,2011-07-26,117890,3985,O,AIRPORT,
300,AZ,791,2011-03-03,152643,3985,O,AIRPORT,
300,UA,3517,2011-05-23,152906,3985,O,AIRPORT,
300,LH,455,2010-11-22,153316,3985,O,AIRPORT,
300,AZ,791,2010-09-30,147158,3985,O,AIRPORT,
300,UA,3517,2011-03-21,148989,3985,O,AIRPORT,
300,AZ,791,2010-11-11,148653,3985,O,AIRPORT,
300,LH,455,2011-07-11,161611,3985,O,AIRPORT,
300,AZ,791,2011-11-03,161361,3985,O,AIRPORT,
300,AZ,791,2011-11-10,161675,3985,O,AIRPORT,
300,LH,455,2011-02-14,156256,3985,O,AIRPORT,
300,UA,3517,2011-06-27,155153,3985,O,AIRPORT,
300,LH,455,2011-04-25,158838,3985,O,AIRPORT,
300,UA,3517,2011-08-28,158729,3985,O,AIRPORT,
300,LH,455,2011-03-28,157894,3985,O,AIRPORT,
300,AZ,790,2011-08-24,136019,3985,O,AIRPORT,
300,UA,3517,2010-07-26,134288,3985,O,AIRPORT,
300,AZ,790,2011-09-21,137292,3985,O,AIRPORT,
300,AZ,790,2011-09-21,137253,3985,O,AIRPORT,
300,AZ,790,2011-04-20,130340,3985,O,AIRPORT,
300,AZ,790,2011-04-27,130929,3985,O,AIRPORT,
300,UA,3517,2010-05-31,130598,3985,O,AIRPORT,
300,LH,454,2011-04-16,133646,3985,O,AIRPORT,
300,UA,3517,2010-07-19,133566,3985,O,AIRPORT,
300,AZ,791,2010-07-01,143909,3985,O,AIRPORT,
300,LH,454,2011-12-03,144471,3985,O,AIRPORT,
300,UA,3517,2010-12-20,143387,3985,O,AIRPORT,
300,LH,454,2011-12-24,144769,3985,O,AIRPORT,
300,LH,454,2011-08-20,139429,3985,O,AIRPORT,
300,LH,454,2011-08-06,138781,3985,O,AIRPORT,
300,AZ,790,2011-10-26,138996,3985,O,AIRPORT,
300,LH,454,2011-09-10,140406,3985,O,AIRPORT,
300,LH,454,2011-09-10,140440,3985,O,AIRPORT,
300,UA,3517,2012-01-30,165856,3985,O,AIRPORT,
300,UA,3517,2011-11-07,164187,3985,O,AIRPORT,
300,LH,2462,2011-08-19,262802,3985,O,AIRPORT,
300,LH,2462,2011-10-28,265977,3985,O,AIRPORT,
300,LH,2462,2011-08-28,263325,3985,O,AIRPORT,
300,LH,2462,2011-05-20,259590,3985,O,AIRPORT,
300,LH,2463,2010-11-06,274944,3985,O,AIRPORT,
300,LH,2463,2010-09-18,273225,3985,O,AIRPORT,
300,LH,2463,2010-08-14,272043,3985,O,AIRPORT,
300,LH,2436,2010-06-26,233856,3985,O,AIRPORT,
300,LH,2462,2010-08-20,249891,3985,O,AIRPORT,
300,LH,3577,2011-08-20,308137,3985,O,AIRPORT,
300,LH,3577,2011-08-28,308619,3985,O,AIRPORT,
300,LH,2463,2011-10-29,288249,3985,O,AIRPORT,
300,LH,2463,2011-06-25,283420,3985,O,AIRPORT,
300,LH,2463,2011-08-20,285446,3985,O,AIRPORT,
300,LH,3577,2011-04-16,303562,3985,O,AIRPORT,
300,LH,2407,2011-05-14,204490,3985,O,AIRPORT,
300,LH,2407,2011-07-09,206679,3985,O,AIRPORT,
300,LH,2402,2012-02-04,190320,3985,O,AIRPORT,
300,LH,2407,2010-10-02,196661,3985,O,AIRPORT,
300,LH,2415,2011-02-25,222560,3985,O,AIRPORT,
300,LH,2415,2011-01-28,221891,3985,O,AIRPORT,
300,LH,2407,2011-10-15,210578,3985,O,AIRPORT,
300,LH,2407,2011-10-15,210594,3985,O,AIRPORT,
300,LH,2407,2011-07-30,207308,3985,O,AIRPORT,
300,LH,2407,2011-09-10,208974,3985,O,AIRPORT,
300,LH,2407,2011-09-03,208711,3985,O,AIRPORT,
300,LH,2415,2010-07-30,216270,3985,O,AIRPORT,
300,LH,2402,2011-02-19,178956,3985,O,AIRPORT,
300,LH,2402,2010-04-24,168227,3985,O,AIRPORT,
300,LH,2402,2010-10-23,174712,3985,O,AIRPORT,
300,LH,2402,2010-10-30,175000,3985,O,AIRPORT,
300,LH,400,2011-02-26,19236,3904,O,AIRPORT,
300,JL,407,2011-07-08,19564,3904,O,AIRPORT,
300,QF,5,2011-03-18,20530,3904,O,AIRPORT,
300,LH,400,2011-02-05,17880,3904,O,AIRPORT,
300,QF,5,2011-01-14,16845,3904,O,AIRPORT,
300,JL,407,2011-06-17,18656,3904,O,AIRPORT,
300,DL,1699,2010-10-18,48399,3904,O,AIRPORT,
300,JL,407,2011-11-04,24778,3904,O,AIRPORT,
300,QF,5,2011-05-20,24588,3904,O,AIRPORT,
300,DL,1699,2010-09-27,47324,3904,O,AIRPORT,
300,AA,26,2010-11-17,48160,3904,O,AIRPORT,
300,DL,106,2011-04-25,22864,3904,O,AIRPORT,
300,JL,407,2011-08-26,21857,3904,O,AIRPORT,
300,AZ,555,2011-04-13,22336,3904,O,AIRPORT,
300,QF,5,2010-07-09,4995,3904,O,AIRPORT,
300,LH,400,2010-07-10,5066,3904,O,AIRPORT,
300,JL,407,2010-09-17,6702,3904,O,AIRPORT,
300,AA,17,2010-10-06,10769,3904,O,AIRPORT,
300,LH,400,2010-10-09,10541,3904,O,AIRPORT,
300,QF,5,2010-05-07,993,3904,O,AIRPORT,
300,QF,5,2010-08-27,8130,3904,O,AIRPORT,
300,QF,5,2010-10-01,10046,3904,O,AIRPORT,
300,LH,400,2010-09-11,9029,3904,O,AIRPORT,
300,AZ,555,2010-12-29,15998,3904,O,AIRPORT,
300,QF,5,2010-11-05,12576,3904,O,AIRPORT,
300,AZ,555,2010-11-03,12355,3904,O,AIRPORT,
300,QF,5,2010-07-23,6092,3904,O,AIRPORT,
300,QF,5,2010-11-26,13498,3904,O,AIRPORT,
300,DL,106,2010-11-22,13364,3904,O,AIRPORT,
300,QF,5,2011-09-23,32448,3904,O,AIRPORT,
300,AZ,555,2011-09-28,33175,3904,O,AIRPORT,
300,LH,400,2011-09-24,32838,3904,O,AIRPORT,
300,JL,408,2010-09-25,32766,3904,O,AIRPORT,
300,LH,400,2010-06-12,3077,3904,O,AIRPORT,
300,DL,106,2011-09-05,30973,3904,O,AIRPORT,
300,AZ,555,2011-10-26,34835,3904,O,AIRPORT,
300,DL,106,2011-10-31,34762,3904,O,AIRPORT,
300,JL,408,2010-10-16,33494,3904,O,AIRPORT,
300,JL,408,2010-11-20,34717,3904,O,AIRPORT,
300,QF,5,2011-10-28,34379,3904,O,AIRPORT,
300,LH,400,2011-10-08,34289,3904,O,AIRPORT,
300,JL,407,2010-06-18,2703,3904,O,AIRPORT,
300,QF,5,2011-06-24,26930,3904,O,AIRPORT,
300,JL,407,2012-03-09,26805,3904,O,AIRPORT,
300,DL,106,2011-07-11,27440,3904,O,AIRPORT,
300,LH,400,2011-06-04,25628,3904,O,AIRPORT,
300,AA,17,2011-06-15,26442,3904,O,AIRPORT,
300,UA,7,2011-12-10,26427,3904,O,AIRPORT,
300,JL,407,2010-06-25,3055,3904,O,AIRPORT,
300,JL,408,2010-07-17,30215,3904,O,AIRPORT,
300,AA,17,2011-07-20,28508,3904,O,AIRPORT,
300,AA,17,2010-06-02,2856,3904,O,AIRPORT,
300,LH,400,2011-07-30,29155,3904,O,AIRPORT,
300,QF,5,2010-06-25,4343,3904,O,AIRPORT,
300,JL,408,2011-07-09,42934,3904,O,AIRPORT,
300,AZ,788,2010-07-13,43180,3904,O,AIRPORT,
300,QF,6,2010-09-01,43971,3904,O,AIRPORT,
300,UA,941,2011-05-26,42020,3904,O,AIRPORT,
300,JL,408,2011-06-11,42103,3904,O,AIRPORT,
300,UA,941,2011-05-19,41781,3904,O,AIRPORT,
300,LH,401,2010-06-11,42830,3904,O,AIRPORT,
300,JL,408,2011-10-01,46062,3904,O,AIRPORT,
300,QF,5,2010-07-02,4677,3904,O,AIRPORT,
300,QF,5,2012-04-06,37784,3904,O,AIRPORT,
300,DL,1699,2010-05-10,38603,3904,O,AIRPORT,
300,QF,6,2010-04-21,38164,3904,O,AIRPORT,
300,AZ,555,2011-12-14,36551,3904,O,AIRPORT,
300,LH,400,2011-11-12,36587,3904,O,AIRPORT,
300,AZ,555,2012-02-08,37182,3904,O,AIRPORT,
300,AZ,788,2010-06-08,40871,3904,O,AIRPORT,
300,UA,941,2011-04-07,40405,3904,O,AIRPORT,
300,UA,7,2010-07-24,4148,3904,O,AIRPORT,
300,QF,6,2010-06-02,39926,3904,O,AIRPORT,
300,LH,401,2011-03-25,60844,3904,O,AIRPORT,
300,DL,1699,2011-03-14,57487,3904,O,AIRPORT,
300,AZ,788,2011-03-22,59126,3904,O,AIRPORT,
300,AZ,788,2011-03-15,58396,3904,O,AIRPORT,
300,QF,6,2011-12-07,63748,3904,O,AIRPORT,
300,QF,6,2011-10-05,61557,3904,O,AIRPORT,
300,LH,401,2011-05-06,63149,3904,O,AIRPORT,
300,QF,6,2011-02-16,51365,3904,O,AIRPORT,
300,AA,26,2011-02-09,51814,3904,O,AIRPORT,
300,QF,6,2011-03-23,52715,3904,O,AIRPORT,
300,QF,6,2011-03-02,51926,3904,O,AIRPORT,
300,DL,1699,2010-11-08,49868,3904,O,AIRPORT,
300,AZ,788,2011-01-25,55519,3904,O,AIRPORT,
300,DL,1699,2011-02-14,55904,3904,O,AIRPORT,
300,QF,6,2011-06-08,56229,3904,O,AIRPORT,
300,AZ,788,2011-02-08,56441,3904,O,AIRPORT,
300,AZ,788,2011-01-18,54961,3904,O,AIRPORT,
300,AZ,788,2011-09-13,69794,3904,O,AIRPORT,
300,DL,1699,2011-09-12,69043,3904,O,AIRPORT,
300,DL,1699,2011-09-19,69265,3904,O,AIRPORT,
300,AA,26,2012-04-11,66041,3904,O,AIRPORT,
300,UA,3504,2010-12-17,65131,3904,O,AIRPORT,
300,AZ,788,2011-08-09,67524,3904,O,AIRPORT,
300,AA,64,2010-05-21,67145,3904,O,AIRPORT,
300,AZ,788,2012-02-21,75395,3904,O,AIRPORT,
300,LH,401,2011-10-14,74261,3904,O,AIRPORT,
300,DL,1699,2012-02-13,74733,3904,O,AIRPORT,
300,DL,1699,2012-02-13,74732,3904,O,AIRPORT,
300,LH,401,2011-12-30,77485,3904,O,AIRPORT,
300,LH,401,2011-11-18,76480,3904,O,AIRPORT,
300,DL,1699,2011-10-24,71521,3904,O,AIRPORT,
300,DL,1699,2011-10-24,71712,3904,O,AIRPORT,
300,UA,3504,2011-03-11,70356,3904,O,AIRPORT,
300,AA,64,2010-11-19,73701,3904,O,AIRPORT,
300,AA,64,2010-10-29,72999,3904,O,AIRPORT,
300,DL,1984,2010-08-09,82170,3904,O,AIRPORT,
300,AZ,789,2010-07-14,81572,3904,O,AIRPORT,
300,LH,402,2010-06-28,83455,3904,O,AIRPORT,
300,AA,64,2011-08-12,83132,3904,O,AIRPORT,
300,LH,401,2012-03-09,78917,3904,O,AIRPORT,
300,UA,3504,2011-07-22,78559,3904,O,AIRPORT,
300,LH,401,2012-04-06,79189,3904,O,AIRPORT,
300,AZ,789,2010-06-09,79054,3904,O,AIRPORT,
300,LH,402,2010-05-10,80476,3904,O,AIRPORT,
300,AA,64,2011-05-06,79645,3904,O,AIRPORT,
300,LH,402,2010-05-03,79743,3904,O,AIRPORT,
300,AZ,789,2011-11-23,112113,3904,O,AIRPORT,
300,LH,402,2011-10-03,112773,3904,O,AIRPORT,
300,DL,1984,2011-08-22,105757,3904,O,AIRPORT,
300,UA,3516,2010-12-28,105009,3904,O,AIRPORT,
300,UA,3516,2010-10-26,100807,3904,O,AIRPORT,
300,AZ,789,2011-05-25,100901,3904,O,AIRPORT,
300,AZ,789,2011-05-18,100432,3904,O,AIRPORT,
300,LH,402,2011-08-29,110475,3904,O,AIRPORT,
300,LH,402,2011-09-05,110628,3904,O,AIRPORT,
300,AZ,789,2011-10-05,109411,3904,O,AIRPORT,
300,UA,3516,2011-04-12,111554,3904,O,AIRPORT,
300,AZ,789,2011-11-16,111711,3904,O,AIRPORT,
300,LH,402,2011-07-11,106881,3904,O,AIRPORT,
300,DL,1984,2011-10-17,109062,3904,O,AIRPORT,
300,AZ,789,2011-09-14,108092,3904,O,AIRPORT,
300,AZ,789,2011-09-21,108306,3904,O,AIRPORT,
300,AZ,789,2010-12-01,90268,3904,O,AIRPORT,
300,LH,402,2010-10-25,90856,3904,O,AIRPORT,
300,AZ,789,2011-01-19,93284,3904,O,AIRPORT,
300,AZ,789,2011-01-12,92737,3904,O,AIRPORT,
300,LH,402,2010-11-15,91860,3904,O,AIRPORT,
300,DL,1984,2011-01-17,92327,3904,O,AIRPORT,
300,DL,1984,2011-01-10,92043,3904,O,AIRPORT,
300,LH,402,2011-03-21,99909,3904,O,AIRPORT,
300,UA,3516,2010-07-13,94457,3904,O,AIRPORT,
300,DL,1984,2011-02-21,94646,3904,O,AIRPORT,
300,AZ,789,2011-02-23,95289,3904,O,AIRPORT,
300,AZ,789,2011-04-13,98374,3904,O,AIRPORT,
300,LH,402,2011-01-31,96748,3904,O,AIRPORT,
300,LH,454,2010-12-04,127729,3904,O,AIRPORT,
300,AZ,790,2011-01-19,126323,3904,O,AIRPORT,
300,UA,3516,2011-06-28,116095,3904,O,AIRPORT,
300,UA,3516,2011-05-17,113498,3904,O,AIRPORT,
300,LH,402,2011-10-24,114128,3904,O,AIRPORT,
300,LH,454,2010-07-10,121187,3904,O,AIRPORT,
300,LH,454,2010-07-10,121182,3904,O,AIRPORT,
300,LH,454,2010-05-01,118208,3904,O,AIRPORT,
300,LH,454,2010-05-01,118260,3904,O,AIRPORT,
300,UA,3517,2011-06-06,153730,3904,O,AIRPORT,
300,UA,3517,2011-02-28,147620,3904,O,AIRPORT,
300,AZ,791,2010-10-28,148209,3904,O,AIRPORT,
300,UA,3517,2011-02-14,146648,3904,O,AIRPORT,
300,LH,455,2010-07-26,149212,3904,O,AIRPORT,
300,LH,455,2011-05-09,159444,3904,O,AIRPORT,
300,LH,455,2011-05-16,159469,3904,O,AIRPORT,
300,AZ,791,2011-06-16,156443,3904,O,AIRPORT,
300,AZ,791,2011-08-25,158869,3904,O,AIRPORT,
300,AZ,791,2011-07-07,157077,3904,O,AIRPORT,
300,LH,455,2011-03-21,157564,3904,O,AIRPORT,
300,UA,3517,2010-07-26,134267,3904,O,AIRPORT,
300,LH,454,2011-07-16,137681,3904,O,AIRPORT,
300,UA,3517,2010-06-07,131308,3904,O,AIRPORT,
300,UA,3517,2010-06-21,131963,3904,O,AIRPORT,
300,AZ,790,2011-05-18,131693,3904,O,AIRPORT,
300,AZ,790,2011-04-27,130803,3904,O,AIRPORT,
300,UA,3517,2011-01-03,144355,3904,O,AIRPORT,
300,LH,455,2010-05-03,146223,3904,O,AIRPORT,
300,LH,454,2011-08-13,139086,3904,O,AIRPORT,
300,AZ,790,2011-10-26,138878,3904,O,AIRPORT,
300,UA,3517,2012-03-26,166463,3904,O,AIRPORT,
300,LH,455,2011-09-26,164450,3904,O,AIRPORT,
300,LH,2462,2011-10-28,265993,3904,O,AIRPORT,
300,LH,2462,2012-02-24,267635,3904,O,AIRPORT,
300,LH,2462,2011-02-25,256581,3904,O,AIRPORT,
300,LH,2462,2011-04-22,258742,3904,O,AIRPORT,
300,LH,2462,2011-05-06,259259,3904,O,AIRPORT,
300,LH,2463,2010-10-09,274027,3904,O,AIRPORT,
300,LH,2436,2010-12-04,237160,3904,O,AIRPORT,
300,LH,2415,2011-07-15,227083,3904,O,AIRPORT,
300,LH,2462,2010-09-03,250388,3904,O,AIRPORT,
300,LH,3577,2011-08-27,308339,3904,O,AIRPORT,
300,LH,3577,2011-01-29,300961,3904,O,AIRPORT,
300,LH,3577,2011-01-08,300084,3904,O,AIRPORT,
300,LH,2407,2010-10-23,197412,3904,O,AIRPORT,
300,LH,2407,2011-04-30,204032,3904,O,AIRPORT,
300,LH,2415,2011-03-18,223404,3904,O,AIRPORT,
300,LH,2415,2011-03-04,222897,3904,O,AIRPORT,
300,LH,2407,2011-09-24,209663,3904,O,AIRPORT,
300,LH,2407,2011-11-05,211289,3904,O,AIRPORT,
300,LH,2407,2011-10-22,210777,3904,O,AIRPORT,
300,LH,2407,2011-10-22,210924,3904,O,AIRPORT,
300,LH,2407,2011-11-26,211973,3904,O,AIRPORT,
300,LH,2402,2011-04-09,180667,3904,O,AIRPORT,
300,LH,2402,2011-05-14,181956,3904,O,AIRPORT,
300,LH,2402,2011-09-24,187160,3904,O,AIRPORT,
300,LH,2402,2010-12-11,176428,3904,O,AIRPORT,
300,LH,2402,2010-11-13,175526,3904,O,AIRPORT,
300,LH,2402,2010-10-23,174768,3904,O,AIRPORT,
300,LH,2402,2010-10-30,175085,3904,O,AIRPORT,
300,QF,5,2011-02-25,19460,3894,O,AIRPORT,
300,UA,7,2011-08-27,21701,3894,O,AIRPORT,
300,AA,17,2011-01-26,17800,3894,O,AIRPORT,
300,UA,7,2011-05-28,17772,3894,O,AIRPORT,
300,DL,106,2011-02-21,18761,3894,O,AIRPORT,
300,UA,7,2010-06-05,1906,3894,O,AIRPORT,
300,QF,5,2011-02-04,18183,3894,O,AIRPORT,
300,UA,7,2010-08-28,5637,3894,O,AIRPORT,
300,JL,407,2011-06-17,18576,3894,O,AIRPORT,
300,AA,26,2010-12-01,48614,3894,O,AIRPORT,
300,AA,17,2011-05-18,24542,3894,O,AIRPORT,
300,QF,6,2010-11-17,47420,3894,O,AIRPORT,
300,LH,400,2011-04-02,21799,3894,O,AIRPORT,
300,LH,400,2011-05-07,23744,3894,O,AIRPORT,
300,UA,7,2011-10-08,24123,3894,O,AIRPORT,
300,AA,17,2011-05-11,24205,3894,O,AIRPORT,
300,AA,17,2011-04-27,23248,3894,O,AIRPORT,
300,UA,7,2011-09-28,23554,3894,O,AIRPORT,
300,AZ,555,2010-08-04,6834,3894,O,AIRPORT,
300,JL,407,2010-10-01,7382,3894,O,AIRPORT,
300,DL,106,2010-10-18,11160,3894,O,AIRPORT,
300,AA,17,2010-08-25,8137,3894,O,AIRPORT,
300,JL,407,2010-11-05,8930,3894,O,AIRPORT,
300,LH,400,2010-09-04,8498,3894,O,AIRPORT,
300,UA,7,2010-10-30,8422,3894,O,AIRPORT,
300,DL,106,2010-05-17,1512,3894,O,AIRPORT,
300,DL,106,2010-07-26,5943,3894,O,AIRPORT,
300,AZ,555,2010-12-22,15433,3894,O,AIRPORT,
300,JL,407,2011-04-29,16627,3894,O,AIRPORT,
300,DL,106,2011-01-03,15744,3894,O,AIRPORT,
300,QF,5,2010-12-24,15506,3894,O,AIRPORT,
300,JL,407,2011-04-15,15814,3894,O,AIRPORT,
300,DL,106,2010-11-08,12547,3894,O,AIRPORT,
300,AZ,555,2010-11-03,12607,3894,O,AIRPORT,
300,DL,106,2010-07-26,6089,3894,O,AIRPORT,
300,UA,7,2011-02-26,13584,3894,O,AIRPORT,
300,JL,408,2010-09-18,32624,3894,O,AIRPORT,
300,AA,17,2011-09-28,32608,3894,O,AIRPORT,
300,JL,408,2010-09-25,32743,3894,O,AIRPORT,
300,QF,5,2011-09-09,31714,3894,O,AIRPORT,
300,AZ,555,2011-10-12,33955,3894,O,AIRPORT,
300,QF,5,2011-10-28,34533,3894,O,AIRPORT,
300,JL,407,2012-03-23,26978,3894,O,AIRPORT,
300,LH,400,2011-07-09,27618,3894,O,AIRPORT,
300,UA,941,2010-04-29,28144,3894,O,AIRPORT,
300,QF,6,2010-08-18,43204,3894,O,AIRPORT,
300,LH,401,2010-07-02,44025,3894,O,AIRPORT,
300,AZ,788,2010-07-20,43704,3894,O,AIRPORT,
300,AZ,788,2010-07-27,43930,3894,O,AIRPORT,
300,JL,408,2011-06-11,41996,3894,O,AIRPORT,
300,JL,408,2011-06-11,42046,3894,O,AIRPORT,
300,AZ,788,2010-06-22,42117,3894,O,AIRPORT,
300,AZ,788,2010-06-22,41863,3894,O,AIRPORT,
300,QF,6,2010-10-20,46054,3894,O,AIRPORT,
300,AZ,788,2010-07-27,44296,3894,O,AIRPORT,
300,AZ,555,2010-06-30,4436,3894,O,AIRPORT,
300,AZ,788,2010-08-03,44598,3894,O,AIRPORT,
300,JL,408,2011-09-17,45451,3894,O,AIRPORT,
300,LH,401,2010-07-23,45455,3894,O,AIRPORT,
300,DL,1699,2010-05-03,38164,3894,O,AIRPORT,
300,LH,400,2012-01-07,38323,3894,O,AIRPORT,
300,AZ,555,2011-11-16,36177,3894,O,AIRPORT,
300,DL,106,2011-12-19,36311,3894,O,AIRPORT,
300,JL,408,2011-01-22,37070,3894,O,AIRPORT,
300,AA,26,2010-06-09,40877,3894,O,AIRPORT,
300,AA,26,2010-05-26,40436,3894,O,AIRPORT,
300,JL,408,2011-04-30,40419,3894,O,AIRPORT,
300,LH,401,2011-03-11,59878,3894,O,AIRPORT,
300,AZ,788,2011-03-29,59324,3894,O,AIRPORT,
300,LH,401,2011-03-11,59649,3894,O,AIRPORT,
300,LH,401,2011-03-04,59543,3894,O,AIRPORT,
300,QF,6,2011-09-14,60471,3894,O,AIRPORT,
300,AA,26,2011-06-15,57216,3894,O,AIRPORT,
300,UA,3504,2010-12-03,64232,3894,O,AIRPORT,
300,AZ,555,2010-04-28,834,3894,O,AIRPORT,
300,LH,401,2011-05-27,64746,3894,O,AIRPORT,
300,DL,1699,2011-05-16,61694,3894,O,AIRPORT,
300,DL,1699,2011-05-30,62489,3894,O,AIRPORT,
300,QF,6,2011-02-23,51558,3894,O,AIRPORT,
300,AA,26,2011-02-09,51765,3894,O,AIRPORT,
300,UA,3504,2010-05-28,52559,3894,O,AIRPORT,
300,QF,6,2011-03-23,52719,3894,O,AIRPORT,
300,QF,5,2010-04-23,385,3894,O,AIRPORT,
300,QF,6,2011-01-26,50317,3894,O,AIRPORT,
300,LH,401,2010-10-01,49802,3894,O,AIRPORT,
300,AA,26,2011-01-05,50300,3894,O,AIRPORT,
300,AZ,788,2011-02-01,55878,3894,O,AIRPORT,
300,LH,401,2011-01-21,56732,3894,O,AIRPORT,
300,DL,1699,2011-01-03,53144,3894,O,AIRPORT,
300,AA,26,2011-04-20,54880,3894,O,AIRPORT,
300,DL,1699,2011-01-24,54748,3894,O,AIRPORT,
300,QF,6,2011-04-20,53975,3894,O,AIRPORT,
300,DL,1699,2011-01-17,54245,3894,O,AIRPORT,
300,DL,1699,2011-01-17,54226,3894,O,AIRPORT,
300,LH,401,2011-08-19,69660,3894,O,AIRPORT,
300,AZ,788,2011-09-06,69328,3894,O,AIRPORT,
300,AZ,788,2011-09-20,70191,3894,O,AIRPORT,
300,AZ,788,2011-09-06,69391,3894,O,AIRPORT,
300,AA,26,2012-03-14,65891,3894,O,AIRPORT,
300,AZ,788,2011-07-19,66483,3894,O,AIRPORT,
300,AZ,788,2011-07-26,66684,3894,O,AIRPORT,
300,UA,3504,2011-01-21,67339,3894,O,AIRPORT,
300,UA,3504,2011-10-21,85275,3894,O,AIRPORT,
300,AA,64,2010-12-31,75141,3894,O,AIRPORT,
300,UA,3504,2011-05-27,75410,3894,O,AIRPORT,
300,LH,401,2011-12-09,77065,3894,O,AIRPORT,
300,AA,64,2010-08-20,70384,3894,O,AIRPORT,
300,DL,1984,2010-07-26,81285,3894,O,AIRPORT,
300,DL,1984,2010-06-14,78886,3894,O,AIRPORT,
300,LH,401,2012-03-02,78871,3894,O,AIRPORT,
300,UA,3504,2011-07-29,79081,3894,O,AIRPORT,
300,AA,64,2011-05-06,79745,3894,O,AIRPORT,
300,AZ,789,2011-12-07,112673,3894,O,AIRPORT,
300,UA,3516,2011-04-26,112444,3894,O,AIRPORT,
300,LH,402,2011-05-16,103485,3894,O,AIRPORT,
300,DL,1984,2011-07-11,103169,3894,O,AIRPORT,
300,UA,3516,2010-12-07,103605,3894,O,AIRPORT,
300,LH,402,2011-06-13,105163,3894,O,AIRPORT,
300,DL,1984,2011-06-20,101643,3894,O,AIRPORT,
300,AZ,789,2011-11-09,111533,3894,O,AIRPORT,
300,UA,3516,2011-02-01,107237,3894,O,AIRPORT,
300,UA,3516,2011-03-01,108595,3894,O,AIRPORT,
300,LH,402,2011-08-15,109010,3894,O,AIRPORT,
300,DL,1984,2010-12-13,90192,3894,O,AIRPORT,
300,DL,1984,2010-12-13,90161,3894,O,AIRPORT,
300,AZ,789,2010-11-10,88721,3894,O,AIRPORT,
300,AZ,789,2010-11-03,88380,3894,O,AIRPORT,
300,UA,3516,2010-06-08,92177,3894,O,AIRPORT,
300,DL,1984,2011-02-21,94613,3894,O,AIRPORT,
300,LH,402,2011-02-14,97635,3894,O,AIRPORT,
300,AZ,789,2011-04-20,98939,3894,O,AIRPORT,
300,DL,1984,2011-05-02,98924,3894,O,AIRPORT,
300,AZ,790,2010-11-17,123623,3894,O,AIRPORT,
300,UA,3516,2011-10-18,124024,3894,O,AIRPORT,
300,UA,3516,2011-07-05,116561,3894,O,AIRPORT,
300,UA,3516,2011-05-31,114513,3894,O,AIRPORT,
300,LH,402,2011-10-31,114781,3894,O,AIRPORT,
300,LH,402,2011-10-24,114177,3894,O,AIRPORT,
300,AZ,790,2010-09-15,120998,3894,O,AIRPORT,
300,LH,454,2010-07-03,121110,3894,O,AIRPORT,
300,AZ,790,2010-07-28,118700,3894,O,AIRPORT,
300,AZ,791,2011-04-21,154439,3894,O,AIRPORT,
300,LH,455,2010-11-08,152975,3894,O,AIRPORT,
300,UA,3517,2011-03-14,148578,3894,O,AIRPORT,
300,LH,455,2010-06-14,147579,3894,O,AIRPORT,
300,LH,455,2010-06-07,147496,3894,O,AIRPORT,
300,LH,455,2010-05-31,147118,3894,O,AIRPORT,
300,UA,3517,2011-09-19,160588,3894,O,AIRPORT,
300,AZ,791,2011-12-15,162303,3894,O,AIRPORT,
300,AZ,791,2012-03-08,163051,3894,O,AIRPORT,
300,UA,3517,2011-10-17,162979,3894,O,AIRPORT,
300,AZ,791,2011-11-10,161626,3894,O,AIRPORT,
300,LH,455,2011-02-21,156608,3894,O,AIRPORT,
300,AZ,791,2011-05-19,155390,3894,O,AIRPORT,
300,AZ,791,2011-08-04,158035,3894,O,AIRPORT,
300,LH,455,2011-03-07,157012,3894,O,AIRPORT,
300,AZ,790,2011-08-10,135605,3894,O,AIRPORT,
300,LH,454,2011-02-19,131259,3894,O,AIRPORT,
300,LH,454,2011-02-05,130722,3894,O,AIRPORT,
300,LH,454,2011-04-09,133317,3894,O,AIRPORT,
300,AZ,790,2011-07-06,133877,3894,O,AIRPORT,
300,AZ,790,2011-07-06,133973,3894,O,AIRPORT,
300,AZ,791,2010-07-08,144280,3894,O,AIRPORT,
300,UA,3517,2010-12-20,143376,3894,O,AIRPORT,
300,LH,455,2010-05-10,146385,3894,O,AIRPORT,
300,UA,3517,2011-01-10,144756,3894,O,AIRPORT,
300,AZ,791,2010-07-15,144512,3894,O,AIRPORT,
300,AZ,791,2010-08-05,145205,3894,O,AIRPORT,
300,AZ,790,2011-11-16,139740,3894,O,AIRPORT,
300,AZ,790,2011-10-19,138493,3894,O,AIRPORT,
300,LH,454,2011-08-13,139061,3894,O,AIRPORT,
300,UA,3517,2012-01-02,165466,3894,O,AIRPORT,
300,LH,455,2011-09-28,164735,3894,O,AIRPORT,
300,LH,2462,2011-09-28,264676,3894,O,AIRPORT,
300,LH,2462,2011-09-28,264615,3894,O,AIRPORT,
300,LH,2462,2011-02-25,256778,3894,O,AIRPORT,
300,LH,2463,2010-10-30,274869,3894,O,AIRPORT,
300,LH,2463,2010-09-25,273547,3894,O,AIRPORT,
300,LH,2436,2010-11-13,236741,3894,O,AIRPORT,
300,LH,2436,2010-11-27,236961,3894,O,AIRPORT,
300,LH,2436,2010-06-19,233761,3894,O,AIRPORT,
300,LH,2415,2012-04-20,232443,3894,O,AIRPORT,
300,LH,2415,2011-12-09,231584,3894,O,AIRPORT,
300,LH,2462,2010-08-13,249818,3894,O,AIRPORT,
300,LH,2462,2010-08-13,249624,3894,O,AIRPORT,
300,LH,2462,2010-09-17,250912,3894,O,AIRPORT,
300,LH,2462,2010-07-09,248403,3894,O,AIRPORT,
300,LH,2436,2011-08-27,242613,3894,O,AIRPORT,
300,LH,3577,2010-06-19,292761,3894,O,AIRPORT,
300,LH,3577,2010-05-01,291026,3894,O,AIRPORT,
300,LH,2463,2011-09-28,287156,3894,O,AIRPORT,
300,LH,2463,2011-07-30,284489,3894,O,AIRPORT,
300,LH,3577,2011-03-05,302129,3894,O,AIRPORT,
300,LH,3577,2011-06-04,305460,3894,O,AIRPORT,
300,LH,3577,2011-01-22,300790,3894,O,AIRPORT,
300,LH,2407,2011-06-11,205547,3894,O,AIRPORT,
300,LH,2407,2011-07-09,206500,3894,O,AIRPORT,
300,LH,2407,2011-04-02,202948,3894,O,AIRPORT,
300,LH,2402,2011-10-01,187560,3894,O,AIRPORT,
300,LH,2402,2011-11-26,189486,3894,O,AIRPORT,
300,LH,2407,2010-09-11,195882,3894,O,AIRPORT,
300,LH,2407,2010-10-16,197136,3894,O,AIRPORT,
300,LH,2407,2011-07-30,207272,3894,O,AIRPORT,
300,LH,2407,2011-08-28,208663,3894,O,AIRPORT,
300,LH,2415,2010-05-21,214124,3894,O,AIRPORT,
300,LH,2402,2011-06-11,182944,3894,O,AIRPORT,
300,LH,2402,2010-07-31,171836,3894,O,AIRPORT,
300,LH,2402,2010-05-15,169142,3894,O,AIRPORT,
300,AA,17,2011-03-02,19936,160,O,AIRPORT,
300,QF,5,2011-03-11,20244,160,O,AIRPORT,
300,JL,407,2010-08-20,5416,160,O,AIRPORT,
300,LH,400,2010-05-22,2173,160,O,AIRPORT,
300,LH,400,2011-03-19,20716,160,O,AIRPORT,
300,QF,5,2011-03-25,21080,160,O,AIRPORT,
300,LH,400,2011-01-29,17836,160,O,AIRPORT,
300,DL,106,2011-01-17,16823,160,O,AIRPORT,
300,UA,7,2011-06-18,18676,160,O,AIRPORT,
300,UA,7,2011-07-02,19162,160,O,AIRPORT,
300,AZ,555,2011-02-16,18952,160,O,AIRPORT,
300,UA,941,2011-11-10,48686,160,O,AIRPORT,
300,UA,941,2011-10-06,47204,160,O,AIRPORT,
300,AZ,788,2010-10-05,48314,160,O,AIRPORT,
300,DL,1699,2010-10-11,47988,160,O,AIRPORT,
300,QF,5,2010-05-28,2297,160,O,AIRPORT,
300,LH,400,2010-05-29,2275,160,O,AIRPORT,
300,LH,400,2011-04-23,22793,160,O,AIRPORT,
300,AZ,555,2010-05-26,2191,160,O,AIRPORT,
300,QF,5,2010-07-16,5231,160,O,AIRPORT,
300,DL,106,2011-04-11,21826,160,O,AIRPORT,
300,LH,400,2011-05-07,23690,160,O,AIRPORT,
300,AA,17,2011-05-04,23769,160,O,AIRPORT,
300,JL,407,2011-09-30,23230,160,O,AIRPORT,
300,AA,17,2010-08-04,6913,160,O,AIRPORT,
300,DL,106,2010-10-18,11027,160,O,AIRPORT,
300,LH,400,2010-09-04,8700,160,O,AIRPORT,
300,DL,106,2010-12-20,14968,160,O,AIRPORT,
300,QF,5,2011-01-14,16629,160,O,AIRPORT,
300,QF,5,2011-01-14,16668,160,O,AIRPORT,
300,LH,400,2010-11-13,12774,160,O,AIRPORT,
300,UA,7,2011-01-15,11728,160,O,AIRPORT,
300,DL,106,2010-11-08,12286,160,O,AIRPORT,
300,JL,407,2011-02-11,13270,160,O,AIRPORT,
300,AZ,555,2010-11-17,13280,160,O,AIRPORT,
300,LH,400,2011-09-10,32125,160,O,AIRPORT,
300,JL,408,2010-09-11,32303,160,O,AIRPORT,
300,QF,5,2011-10-07,33247,160,O,AIRPORT,
300,AZ,555,2011-09-14,31971,160,O,AIRPORT,
300,AZ,555,2011-11-02,35251,160,O,AIRPORT,
300,QF,5,2011-11-11,35558,160,O,AIRPORT,
300,AZ,555,2011-10-19,34441,160,O,AIRPORT,
300,AA,17,2010-06-02,2667,160,O,AIRPORT,
300,QF,5,2011-07-08,27654,160,O,AIRPORT,
300,AA,17,2011-06-29,27352,160,O,AIRPORT,
300,JL,408,2010-04-24,27292,160,O,AIRPORT,
300,AZ,555,2011-06-29,27452,160,O,AIRPORT,
300,UA,7,2011-10-29,25282,160,O,AIRPORT,
300,DL,106,2011-06-06,25424,160,O,AIRPORT,
300,AA,17,2010-05-26,2598,160,O,AIRPORT,
300,QF,5,2011-08-12,29748,160,O,AIRPORT,
300,LH,400,2011-08-13,29669,160,O,AIRPORT,
300,AZ,555,2011-08-10,29790,160,O,AIRPORT,
300,JL,408,2010-07-17,30184,160,O,AIRPORT,
300,QF,5,2011-07-22,28357,160,O,AIRPORT,
300,QF,5,2011-07-22,28499,160,O,AIRPORT,
300,QF,5,2011-07-15,27977,160,O,AIRPORT,
300,AZ,555,2011-07-13,28196,160,O,AIRPORT,
300,UA,941,2010-05-20,28895,160,O,AIRPORT,
300,UA,941,2011-06-30,43320,160,O,AIRPORT,
300,AZ,788,2010-07-20,43716,160,O,AIRPORT,
300,UA,941,2011-05-12,41644,160,O,AIRPORT,
300,AA,26,2010-07-14,42393,160,O,AIRPORT,
300,DL,1699,2010-09-13,46190,160,O,AIRPORT,
300,QF,5,2010-07-02,4566,160,O,AIRPORT,
300,QF,6,2010-10-13,45840,160,O,AIRPORT,
300,AA,26,2010-10-27,46998,160,O,AIRPORT,
300,QF,6,2010-10-27,46390,160,O,AIRPORT,
300,DL,1699,2010-08-16,44552,160,O,AIRPORT,
300,AZ,788,2010-08-10,45163,160,O,AIRPORT,
300,AA,26,2010-05-05,39305,160,O,AIRPORT,
300,LH,401,2010-04-30,40178,160,O,AIRPORT,
300,LH,401,2011-03-18,60299,160,O,AIRPORT,
300,AA,26,2011-08-24,60590,160,O,AIRPORT,
300,LH,401,2011-02-11,57867,160,O,AIRPORT,
300,LH,401,2011-01-28,57101,160,O,AIRPORT,
300,LH,401,2011-02-04,57381,160,O,AIRPORT,
300,DL,1699,2011-04-04,59011,160,O,AIRPORT,
300,DL,1699,2011-03-28,58485,160,O,AIRPORT,
300,AZ,788,2011-06-07,63600,160,O,AIRPORT,
300,AZ,788,2011-06-21,64682,160,O,AIRPORT,
300,UA,3504,2010-10-29,62197,160,O,AIRPORT,
300,LH,401,2011-04-29,62910,160,O,AIRPORT,
300,UA,3504,2010-11-12,63125,160,O,AIRPORT,
300,UA,3504,2010-11-05,62507,160,O,AIRPORT,
300,AZ,788,2010-11-23,51574,160,O,AIRPORT,
300,UA,3504,2010-05-28,52573,160,O,AIRPORT,
300,AZ,788,2010-11-30,51909,160,O,AIRPORT,
300,DL,1699,2010-12-13,52140,160,O,AIRPORT,
300,DL,1699,2010-11-08,49822,160,O,AIRPORT,
300,AZ,788,2011-02-01,55942,160,O,AIRPORT,
300,LH,400,2010-05-01,568,160,O,AIRPORT,
300,AA,26,2011-03-16,53254,160,O,AIRPORT,
300,AZ,788,2011-01-11,54703,160,O,AIRPORT,
300,UA,3504,2010-07-02,54819,160,O,AIRPORT,
300,DL,1699,2011-01-17,54072,160,O,AIRPORT,
300,LH,401,2011-08-05,68775,160,O,AIRPORT,
300,AZ,788,2011-08-30,68840,160,O,AIRPORT,
300,UA,3504,2011-02-18,69086,160,O,AIRPORT,
300,AZ,788,2011-07-19,66139,160,O,AIRPORT,
300,LH,401,2011-06-24,66172,160,O,AIRPORT,
300,AZ,788,2011-08-09,67482,160,O,AIRPORT,
300,UA,3504,2011-01-28,67963,160,O,AIRPORT,
300,AZ,788,2011-08-16,68041,160,O,AIRPORT,
300,AA,64,2010-05-14,66899,160,O,AIRPORT,
300,UA,3504,2011-11-04,86040,160,O,AIRPORT,
300,UA,3504,2011-10-28,85900,160,O,AIRPORT,
300,LH,402,2010-07-26,85126,160,O,AIRPORT,
300,UA,3504,2011-12-30,87765,160,O,AIRPORT,
300,DL,1699,2012-03-12,75195,160,O,AIRPORT,
300,LH,401,2011-10-28,75209,160,O,AIRPORT,
300,DL,1699,2012-03-05,75069,160,O,AIRPORT,
300,DL,1984,2010-05-03,76025,160,O,AIRPORT,
300,AZ,788,2011-10-11,71321,160,O,AIRPORT,
300,LH,401,2011-09-30,73121,160,O,AIRPORT,
300,AA,64,2010-11-05,73233,160,O,AIRPORT,
300,LH,401,2011-10-07,73725,160,O,AIRPORT,
300,DL,1984,2010-08-09,82250,160,O,AIRPORT,
300,AA,64,2011-08-26,83803,160,O,AIRPORT,
300,AA,64,2011-04-01,78537,160,O,AIRPORT,
300,LH,401,2012-01-13,77830,160,O,AIRPORT,
300,AA,64,2011-03-25,78248,160,O,AIRPORT,
300,UA,3516,2011-04-26,112128,160,O,AIRPORT,
300,UA,3516,2011-05-10,112981,160,O,AIRPORT,
300,AZ,789,2011-07-06,103632,160,O,AIRPORT,
300,AZ,789,2011-05-11,100303,160,O,AIRPORT,
300,DL,1984,2011-06-20,101672,160,O,AIRPORT,
300,LH,402,2011-04-18,101604,160,O,AIRPORT,
300,AZ,789,2011-09-07,107571,160,O,AIRPORT,
300,DL,1984,2011-10-17,109069,160,O,AIRPORT,
300,AZ,789,2011-09-28,109016,160,O,AIRPORT,
300,AZ,789,2011-09-14,108135,160,O,AIRPORT,
300,UA,3516,2010-04-27,89807,160,O,AIRPORT,
300,LH,402,2010-12-06,93544,160,O,AIRPORT,
300,AZ,789,2010-12-29,91863,160,O,AIRPORT,
300,AZ,789,2011-01-05,92379,160,O,AIRPORT,
300,DL,1984,2011-01-24,92511,160,O,AIRPORT,
300,DL,1984,2011-03-14,95888,160,O,AIRPORT,
300,UA,3516,2010-08-24,96986,160,O,AIRPORT,
300,LH,454,2010-08-14,122864,160,O,AIRPORT,
300,LH,454,2010-08-07,122514,160,O,AIRPORT,
300,UA,3516,2011-09-28,122577,160,O,AIRPORT,
300,LH,454,2011-01-22,129892,160,O,AIRPORT,
300,AZ,790,2011-04-06,129773,160,O,AIRPORT,
300,LH,454,2010-12-25,128766,160,O,AIRPORT,
300,AZ,790,2011-03-16,128867,160,O,AIRPORT,
300,AZ,790,2011-01-12,126211,160,O,AIRPORT,
300,UA,3516,2011-12-27,126914,160,O,AIRPORT,
300,AZ,790,2010-05-19,115623,160,O,AIRPORT,
300,UA,3516,2011-06-14,115383,160,O,AIRPORT,
300,UA,3516,2011-06-07,114795,160,O,AIRPORT,
300,LH,455,2010-11-22,153356,160,O,AIRPORT,
300,AZ,791,2010-12-30,150526,160,O,AIRPORT,
300,AZ,791,2010-12-30,150479,160,O,AIRPORT,
300,LH,455,2010-07-26,149114,160,O,AIRPORT,
300,UA,3517,2011-08-22,158475,160,O,AIRPORT,
300,LH,455,2011-03-28,157905,160,O,AIRPORT,
300,LH,454,2011-05-07,134507,160,O,AIRPORT,
300,AZ,790,2011-09-28,137597,160,O,AIRPORT,
300,AZ,790,2011-06-29,133479,160,O,AIRPORT,
300,UA,3517,2010-06-28,132249,160,O,AIRPORT,
300,UA,3517,2010-12-27,143901,160,O,AIRPORT,
300,LH,454,2011-11-19,143930,160,O,AIRPORT,
300,LH,454,2011-11-26,144116,160,O,AIRPORT,
300,LH,454,2011-11-05,143389,160,O,AIRPORT,
300,AZ,791,2010-06-03,143061,160,O,AIRPORT,
300,UA,3517,2011-01-31,145737,160,O,AIRPORT,
300,AZ,790,2011-11-16,139817,160,O,AIRPORT,
300,LH,2462,2011-03-11,257176,160,O,AIRPORT,
300,LH,2462,2011-04-08,258135,160,O,AIRPORT,
300,LH,2462,2011-02-04,255859,160,O,AIRPORT,
300,LH,2462,2011-05-06,259167,160,O,AIRPORT,
300,LH,2463,2010-11-20,275480,160,O,AIRPORT,
300,LH,2463,2011-01-15,277621,160,O,AIRPORT,
300,LH,2463,2010-06-12,269833,160,O,AIRPORT,
300,LH,2436,2010-11-13,236696,160,O,AIRPORT,
300,LH,2415,2011-09-30,229776,160,O,AIRPORT,
300,LH,2415,2011-08-19,228046,160,O,AIRPORT,
300,LH,2462,2010-12-03,253790,160,O,AIRPORT,
300,LH,2436,2012-03-31,245545,160,O,AIRPORT,
300,LH,3577,2012-02-25,313046,160,O,AIRPORT,
300,LH,2463,2011-07-09,283851,160,O,AIRPORT,
300,LH,2463,2011-08-20,285433,160,O,AIRPORT,
300,LH,2463,2011-08-13,285112,160,O,AIRPORT,
300,LH,3577,2010-07-31,294363,160,O,AIRPORT,
300,LH,3577,2010-11-13,298262,160,O,AIRPORT,
300,LH,2407,2010-10-30,197473,160,O,AIRPORT,
300,LH,2407,2011-06-25,206131,160,O,AIRPORT,
300,LH,2407,2010-08-14,194759,160,O,AIRPORT,
300,LH,2407,2010-08-21,195173,160,O,AIRPORT,
300,LH,2407,2010-07-10,193476,160,O,AIRPORT,
300,LH,2407,2010-07-17,193725,160,O,AIRPORT,
300,LH,2415,2010-11-26,219838,160,O,AIRPORT,
300,LH,2415,2010-11-05,219261,160,O,AIRPORT,
300,LH,2415,2010-12-24,220822,160,O,AIRPORT,
300,LH,2415,2010-09-24,217829,160,O,AIRPORT,
300,LH,2415,2011-05-20,225298,160,O,AIRPORT,
300,LH,2415,2011-02-11,222285,160,O,AIRPORT,
300,LH,2415,2011-03-25,223552,160,O,AIRPORT,
300,LH,2415,2011-04-08,223883,160,O,AIRPORT,
300,LH,455,2011-11-14,166642,160,O,AIRPORT,
300,LH,2402,2011-02-05,178538,160,O,AIRPORT,
300,LH,2402,2011-02-12,178683,160,O,AIRPORT,
300,LH,2402,2011-02-12,178679,160,O,AIRPORT,
300,LH,2402,2011-02-19,179090,160,O,AIRPORT,
300,LH,2402,2010-05-01,168479,160,O,AIRPORT,
300,LH,2402,2010-12-04,176260,160,O,AIRPORT,
300,LH,2402,2010-12-11,176485,160,O,AIRPORT,
300,AA,17,2011-03-09,20043,3893,O,AIRPORT,
300,DL,106,2010-05-24,1981,3893,O,AIRPORT,
300,JL,407,2011-08-19,21559,3893,O,AIRPORT,
300,DL,106,2011-03-21,20711,3893,O,AIRPORT,
300,AZ,555,2011-01-19,17263,3893,O,AIRPORT,
300,AA,17,2011-02-16,18883,3893,O,AIRPORT,
300,AA,17,2011-02-16,18882,3893,O,AIRPORT,
300,LH,400,2011-02-12,18487,3893,O,AIRPORT,
300,UA,7,2011-06-18,18592,3893,O,AIRPORT,
300,UA,941,2011-11-03,48418,3893,O,AIRPORT,
300,UA,941,2011-11-03,48419,3893,O,AIRPORT,
300,DL,1699,2010-10-18,48576,3893,O,AIRPORT,
300,AZ,555,2011-05-11,24424,3893,O,AIRPORT,
300,JL,407,2011-10-28,24497,3893,O,AIRPORT,
300,JL,407,2011-10-21,24304,3893,O,AIRPORT,
300,UA,7,2011-10-15,24642,3893,O,AIRPORT,
300,AZ,555,2011-05-18,24663,3893,O,AIRPORT,
300,AA,26,2010-11-03,47499,3893,O,AIRPORT,
300,UA,941,2011-10-13,47547,3893,O,AIRPORT,
300,AZ,788,2010-09-28,47874,3893,O,AIRPORT,
300,JL,407,2010-08-06,4792,3893,O,AIRPORT,
300,DL,106,2011-04-11,21847,3893,O,AIRPORT,
300,UA,7,2011-10-01,23909,3893,O,AIRPORT,
300,DL,106,2010-10-04,10317,3893,O,AIRPORT,
300,AZ,555,2010-09-22,9701,3893,O,AIRPORT,
300,AZ,555,2010-09-01,8412,3893,O,AIRPORT,
300,AA,17,2010-07-21,5987,3893,O,AIRPORT,
300,JL,407,2010-09-03,5992,3893,O,AIRPORT,
300,AA,17,2010-12-15,15208,3893,O,AIRPORT,
300,DL,106,2010-05-17,1442,3893,O,AIRPORT,
300,UA,7,2011-04-23,16163,3893,O,AIRPORT,
300,DL,106,2010-07-26,5833,3893,O,AIRPORT,
300,DL,106,2010-12-27,15493,3893,O,AIRPORT,
300,JL,407,2011-04-15,16012,3893,O,AIRPORT,
300,AZ,555,2010-11-03,12501,3893,O,AIRPORT,
300,AZ,555,2010-11-03,12382,3893,O,AIRPORT,
300,AZ,555,2010-11-03,12268,3893,O,AIRPORT,
300,QF,5,2010-11-26,13599,3893,O,AIRPORT,
300,AZ,555,2010-11-10,13050,3893,O,AIRPORT,
300,DL,106,2010-11-22,13284,3893,O,AIRPORT,
300,JL,408,2010-10-09,33308,3893,O,AIRPORT,
300,AA,17,2011-09-28,32803,3893,O,AIRPORT,
300,AA,17,2011-08-31,31073,3893,O,AIRPORT,
300,UA,941,2010-11-18,35361,3893,O,AIRPORT,
300,LH,400,2011-10-22,35324,3893,O,AIRPORT,
300,QF,5,2011-11-18,36000,3893,O,AIRPORT,
300,UA,941,2010-11-25,35571,3893,O,AIRPORT,
300,UA,941,2010-09-23,33394,3893,O,AIRPORT,
300,QF,5,2011-10-21,34114,3893,O,AIRPORT,
300,QF,5,2011-07-01,27156,3893,O,AIRPORT,
300,JL,408,2010-05-08,27664,3893,O,AIRPORT,
300,LH,400,2011-07-09,27672,3893,O,AIRPORT,
300,JL,407,2011-11-25,25746,3893,O,AIRPORT,
300,QF,5,2011-06-17,26352,3893,O,AIRPORT,
300,QF,5,2011-06-17,26342,3893,O,AIRPORT,
300,DL,106,2011-08-08,29303,3893,O,AIRPORT,
300,DL,106,2011-08-22,30339,3893,O,AIRPORT,
300,AZ,555,2011-07-13,28340,3893,O,AIRPORT,
300,LH,400,2010-06-05,2851,3893,O,AIRPORT,
300,UA,941,2010-04-29,28004,3893,O,AIRPORT,
300,UA,941,2010-04-29,28008,3893,O,AIRPORT,
300,LH,400,2011-07-16,28107,3893,O,AIRPORT,
300,LH,400,2010-06-26,4338,3893,O,AIRPORT,
300,UA,7,2010-07-31,4330,3893,O,AIRPORT,
300,JL,408,2011-07-23,43505,3893,O,AIRPORT,
300,AA,26,2010-07-28,43136,3893,O,AIRPORT,
300,AZ,788,2010-06-22,41991,3893,O,AIRPORT,
300,JL,408,2011-06-04,41715,3893,O,AIRPORT,
300,AA,26,2010-07-14,42593,3893,O,AIRPORT,
300,QF,6,2010-10-20,46230,3893,O,AIRPORT,
300,AZ,788,2010-08-10,44887,3893,O,AIRPORT,
300,LH,401,2010-07-16,45142,3893,O,AIRPORT,
300,LH,400,2011-12-17,37821,3893,O,AIRPORT,
300,QF,6,2010-04-21,38065,3893,O,AIRPORT,
300,AZ,788,2010-04-20,38147,3893,O,AIRPORT,
300,AZ,788,2010-04-20,38148,3893,O,AIRPORT,
300,UA,941,2010-12-30,36772,3893,O,AIRPORT,
300,AZ,555,2011-11-30,36295,3893,O,AIRPORT,
300,LH,400,2011-12-10,37440,3893,O,AIRPORT,
300,AZ,788,2010-06-01,40775,3893,O,AIRPORT,
300,JL,408,2011-03-19,39093,3893,O,AIRPORT,
300,QF,6,2010-06-02,39999,3893,O,AIRPORT,
300,DL,1699,2010-06-07,40063,3893,O,AIRPORT,
300,QF,6,2010-05-26,39652,3893,O,AIRPORT,
300,QF,6,2011-08-17,59246,3893,O,AIRPORT,
300,DL,1699,2011-04-11,59553,3893,O,AIRPORT,
300,DL,1699,2011-03-07,57079,3893,O,AIRPORT,
300,DL,1699,2011-04-04,59102,3893,O,AIRPORT,
300,UA,3504,2010-09-03,58531,3893,O,AIRPORT,
300,LH,401,2011-04-15,62129,3893,O,AIRPORT,
300,UA,3504,2010-10-22,61522,3893,O,AIRPORT,
300,AZ,788,2011-05-03,61617,3893,O,AIRPORT,
300,LH,401,2011-04-22,62543,3893,O,AIRPORT,
300,QF,6,2011-03-02,51978,3893,O,AIRPORT,
300,DL,1699,2010-12-13,51994,3893,O,AIRPORT,
300,AA,26,2011-01-12,50665,3893,O,AIRPORT,
300,LH,401,2010-10-01,49847,3893,O,AIRPORT,
300,AA,26,2011-05-18,56000,3893,O,AIRPORT,
300,AZ,788,2011-02-01,55785,3893,O,AIRPORT,
300,AZ,788,2011-01-18,55187,3893,O,AIRPORT,
300,DL,1699,2011-01-10,53654,3893,O,AIRPORT,
300,AA,26,2011-03-16,53362,3893,O,AIRPORT,
300,AZ,788,2011-08-23,68351,3893,O,AIRPORT,
300,DL,1699,2011-10-03,70197,3893,O,AIRPORT,
300,DL,1699,2011-10-03,70198,3893,O,AIRPORT,
300,AA,64,2010-06-11,67957,3893,O,AIRPORT,
300,AA,64,2011-09-30,84840,3893,O,AIRPORT,
300,DL,1984,2010-10-25,86991,3893,O,AIRPORT,
300,AA,64,2012-01-20,87385,3893,O,AIRPORT,
300,LH,402,2010-08-30,87103,3893,O,AIRPORT,
300,LH,401,2011-10-14,74262,3893,O,AIRPORT,
300,LH,401,2011-10-21,74583,3893,O,AIRPORT,
300,AZ,788,2011-12-13,74565,3893,O,AIRPORT,
300,AZ,788,2011-12-13,74564,3893,O,AIRPORT,
300,AA,64,2011-01-14,75787,3893,O,AIRPORT,
300,LH,401,2011-11-18,76433,3893,O,AIRPORT,
300,UA,3504,2011-03-25,71251,3893,O,AIRPORT,
300,UA,3504,2011-04-01,71964,3893,O,AIRPORT,
300,AZ,788,2011-09-27,70615,3893,O,AIRPORT,
300,LH,401,2011-09-28,73095,3893,O,AIRPORT,
300,UA,3504,2011-09-02,81881,3893,O,AIRPORT,
300,LH,402,2010-05-31,81726,3893,O,AIRPORT,
300,AZ,789,2010-08-18,83643,3893,O,AIRPORT,
300,LH,401,2012-04-20,79213,3893,O,AIRPORT,
300,AZ,789,2012-01-04,113097,3893,O,AIRPORT,
300,DL,1984,2011-08-15,105223,3893,O,AIRPORT,
300,LH,402,2011-04-11,100983,3893,O,AIRPORT,
300,DL,1984,2011-06-13,101371,3893,O,AIRPORT,
300,DL,1984,2011-05-30,100373,3893,O,AIRPORT,
300,AZ,789,2011-06-15,102138,3893,O,AIRPORT,
300,UA,3516,2011-03-29,110518,3893,O,AIRPORT,
300,UA,3516,2011-03-15,109765,3893,O,AIRPORT,
300,AZ,789,2011-09-07,107356,3893,O,AIRPORT,
300,DL,1984,2011-09-05,106549,3893,O,AIRPORT,
300,UA,3516,2011-02-15,108155,3893,O,AIRPORT,
300,UA,3516,2010-05-18,90947,3893,O,AIRPORT,
300,AZ,789,2010-11-03,88299,3893,O,AIRPORT,
300,UA,3516,2010-06-01,91836,3893,O,AIRPORT,
300,UA,3516,2010-06-01,91835,3893,O,AIRPORT,
300,LH,402,2010-11-15,91884,3893,O,AIRPORT,
300,AZ,789,2011-05-11,99981,3893,O,AIRPORT,
300,LH,402,2011-03-21,99903,3893,O,AIRPORT,
300,AZ,789,2011-03-02,95784,3893,O,AIRPORT,
300,UA,3516,2010-08-10,96232,3893,O,AIRPORT,
300,UA,3516,2010-07-13,94515,3893,O,AIRPORT,
300,DL,1984,2011-05-02,98937,3893,O,AIRPORT,
300,DL,1984,2011-05-09,99054,3893,O,AIRPORT,
300,UA,3516,2012-04-17,128276,3893,O,AIRPORT,
300,LH,402,2011-11-07,115014,3893,O,AIRPORT,
300,UA,3516,2011-05-31,114430,3893,O,AIRPORT,
300,AZ,789,2012-04-04,114099,3893,O,AIRPORT,
300,UA,3516,2011-08-30,120475,3893,O,AIRPORT,
300,LH,455,2010-10-18,152082,3893,O,AIRPORT,
300,AZ,791,2011-04-07,153936,3893,O,AIRPORT,
300,UA,3517,2011-06-06,153553,3893,O,AIRPORT,
300,UA,3517,2011-02-21,147208,3893,O,AIRPORT,
300,UA,3517,2011-04-18,150502,3893,O,AIRPORT,
300,UA,3517,2011-09-19,160423,3893,O,AIRPORT,
300,AZ,791,2011-09-15,159589,3893,O,AIRPORT,
300,LH,455,2011-08-22,162913,3893,O,AIRPORT,
300,LH,455,2011-08-15,162895,3893,O,AIRPORT,
300,UA,3517,2011-08-08,157647,3893,O,AIRPORT,
300,LH,454,2011-03-05,131958,3893,O,AIRPORT,
300,LH,454,2011-03-05,131954,3893,O,AIRPORT,
300,UA,3517,2010-05-24,130232,3893,O,AIRPORT,
300,UA,3517,2011-02-07,146313,3893,O,AIRPORT,
300,LH,454,2011-09-28,141596,3893,O,AIRPORT,
300,UA,3517,2010-11-29,141903,3893,O,AIRPORT,
300,LH,455,2011-11-14,166605,3893,O,AIRPORT,
300,LH,2462,2012-01-20,267278,3893,O,AIRPORT,
300,LH,2463,2010-12-11,276418,3893,O,AIRPORT,
300,LH,2463,2010-10-23,274656,3893,O,AIRPORT,
300,LH,2463,2010-06-05,269440,3893,O,AIRPORT,
300,LH,2463,2010-10-02,273769,3893,O,AIRPORT,
300,LH,2463,2010-10-09,273977,3893,O,AIRPORT,
300,LH,2463,2010-07-31,271460,3893,O,AIRPORT,
300,LH,2415,2011-07-22,227137,3893,O,AIRPORT,
300,LH,2415,2011-11-11,231145,3893,O,AIRPORT,
300,LH,2462,2010-10-29,252381,3893,O,AIRPORT,
300,LH,2462,2010-05-14,246529,3893,O,AIRPORT,
300,LH,2436,2011-11-05,244491,3893,O,AIRPORT,
300,LH,2436,2011-11-12,244521,3893,O,AIRPORT,
300,LH,2463,2011-11-05,288506,3893,O,AIRPORT,
300,LH,3577,2010-05-29,292033,3893,O,AIRPORT,
300,LH,2463,2011-09-10,286255,3893,O,AIRPORT,
300,LH,2463,2011-09-17,286605,3893,O,AIRPORT,
300,LH,2463,2011-08-20,285265,3893,O,AIRPORT,
300,LH,3577,2011-03-05,302072,3893,O,AIRPORT,
300,LH,3577,2011-02-26,301929,3893,O,AIRPORT,
300,LH,3577,2011-07-30,307467,3893,O,AIRPORT,
300,LH,3577,2011-05-07,304324,3893,O,AIRPORT,
300,LH,3577,2011-06-04,305428,3893,O,AIRPORT,
300,LH,2407,2011-07-16,206718,3893,O,AIRPORT,
300,LH,2407,2010-09-11,195831,3893,O,AIRPORT,
300,LH,2407,2010-06-26,192939,3893,O,AIRPORT,
300,LH,2407,2010-06-05,192408,3893,O,AIRPORT,
300,LH,2407,2010-06-05,192407,3893,O,AIRPORT,
300,LH,2415,2010-12-31,221032,3893,O,AIRPORT,
300,LH,2415,2010-10-22,218873,3893,O,AIRPORT,
300,LH,2415,2010-09-24,217893,3893,O,AIRPORT,
300,LH,2415,2010-10-08,218301,3893,O,AIRPORT,
300,LH,2407,2011-09-17,209357,3893,O,AIRPORT,
300,LH,2415,2010-04-23,213227,3893,O,AIRPORT,
300,LH,2402,2010-06-26,170596,3893,O,AIRPORT,
300,LH,455,2012-03-26,168096,3893,O,AIRPORT,
300,LH,2402,2011-01-15,177690,3893,O,AIRPORT,
300,LH,2402,2010-12-25,177036,3893,O,AIRPORT,
300,LH,2402,2010-08-28,172881,3893,O,AIRPORT,
300,LH,400,2011-03-05,19818,930,O,AIRPORT,
300,LH,400,2011-02-26,19599,930,O,AIRPORT,
300,AZ,555,2011-03-16,20718,930,O,AIRPORT,
300,DL,106,2011-03-21,20826,930,O,AIRPORT,
300,AA,17,2010-07-21,5704,930,O,AIRPORT,
300,JL,407,2011-05-27,17825,930,O,AIRPORT,
300,UA,7,2011-05-14,17043,930,O,AIRPORT,
300,LH,400,2011-02-12,18666,930,O,AIRPORT,
300,LH,400,2011-02-19,18932,930,O,AIRPORT,
300,LH,400,2011-02-19,19038,930,O,AIRPORT,
300,AA,17,2011-02-02,18078,930,O,AIRPORT,
300,LH,401,2010-09-17,48969,930,O,AIRPORT,
300,UA,7,2010-06-12,2448,930,O,AIRPORT,
300,LH,401,2010-09-10,48231,930,O,AIRPORT,
300,DL,106,2010-05-31,2245,930,O,AIRPORT,
300,JL,407,2010-06-11,2183,930,O,AIRPORT,
300,AZ,555,2011-04-13,22340,930,O,AIRPORT,
300,AZ,555,2011-04-06,22068,930,O,AIRPORT,
300,DL,106,2011-05-09,23603,930,O,AIRPORT,
300,AA,17,2011-04-27,23368,930,O,AIRPORT,
300,AZ,555,2010-08-11,6975,930,O,AIRPORT,
300,AA,17,2010-09-29,10390,930,O,AIRPORT,
300,LH,400,2010-08-21,7425,930,O,AIRPORT,
300,QF,5,2010-08-20,7671,930,O,AIRPORT,
300,UA,7,2010-12-18,10725,930,O,AIRPORT,
300,JL,407,2010-12-10,10492,930,O,AIRPORT,
300,LH,400,2010-09-18,9494,930,O,AIRPORT,
300,AA,17,2010-09-08,9085,930,O,AIRPORT,
300,DL,106,2010-08-30,8150,930,O,AIRPORT,
300,JL,407,2010-10-15,7769,930,O,AIRPORT,
300,AA,17,2010-12-15,15119,930,O,AIRPORT,
300,LH,400,2010-12-25,15311,930,O,AIRPORT,
300,QF,5,2011-01-07,16337,930,O,AIRPORT,
300,LH,400,2011-01-08,16169,930,O,AIRPORT,
300,LH,400,2011-01-08,16202,930,O,AIRPORT,
300,QF,5,2010-11-05,12352,930,O,AIRPORT,
300,AZ,555,2010-10-27,11849,930,O,AIRPORT,
300,JL,407,2010-05-21,1410,930,O,AIRPORT,
300,AA,17,2010-11-10,13010,930,O,AIRPORT,
300,UA,7,2011-02-12,13064,930,O,AIRPORT,
300,UA,941,2010-08-19,32106,930,O,AIRPORT,
300,LH,400,2011-09-10,32065,930,O,AIRPORT,
300,LH,400,2011-09-17,32327,930,O,AIRPORT,
300,UA,941,2010-08-26,32330,930,O,AIRPORT,
300,AZ,555,2011-09-28,32905,930,O,AIRPORT,
300,JL,408,2010-08-21,31483,930,O,AIRPORT,
300,QF,5,2010-06-18,3513,930,O,AIRPORT,
300,LH,400,2011-10-22,35069,930,O,AIRPORT,
300,QF,5,2011-11-04,35053,930,O,AIRPORT,
300,JL,407,2010-07-02,3359,930,O,AIRPORT,
300,JL,408,2010-11-06,34338,930,O,AIRPORT,
300,JL,408,2010-11-06,34264,930,O,AIRPORT,
300,DL,106,2011-06-27,26762,930,O,AIRPORT,
300,DL,106,2011-06-13,26110,930,O,AIRPORT,
300,JL,408,2010-07-03,29641,930,O,AIRPORT,
300,DL,106,2011-08-15,29939,930,O,AIRPORT,
300,AA,17,2011-08-03,29409,930,O,AIRPORT,
300,DL,106,2011-08-08,29533,930,O,AIRPORT,
300,LH,400,2010-06-12,3056,930,O,AIRPORT,
300,JL,408,2010-05-29,28563,930,O,AIRPORT,
300,AZ,788,2010-06-15,41637,930,O,AIRPORT,
300,AA,17,2010-06-23,4182,930,O,AIRPORT,
300,JL,408,2011-07-02,42830,930,O,AIRPORT,
300,JL,408,2011-06-25,42380,930,O,AIRPORT,
300,JL,408,2011-10-08,46201,930,O,AIRPORT,
300,UA,941,2011-08-28,45692,930,O,AIRPORT,
300,QF,6,2010-10-20,45945,930,O,AIRPORT,
300,QF,6,2010-09-15,44657,930,O,AIRPORT,
300,AA,26,2010-09-08,44859,930,O,AIRPORT,
300,AA,17,2011-11-30,36542,930,O,AIRPORT,
300,AA,17,2011-12-28,37234,930,O,AIRPORT,
300,UA,941,2011-01-06,37123,930,O,AIRPORT,
300,LH,401,2010-04-30,40264,930,O,AIRPORT,
300,QF,6,2010-06-30,41140,930,O,AIRPORT,
300,UA,3504,2010-09-17,59681,930,O,AIRPORT,
300,AA,26,2011-08-03,59426,930,O,AIRPORT,
300,LH,401,2011-04-01,60933,930,O,AIRPORT,
300,AZ,788,2011-04-26,61066,930,O,AIRPORT,
300,QF,6,2011-09-07,60422,930,O,AIRPORT,
300,UA,3504,2010-08-20,57939,930,O,AIRPORT,
300,AZ,788,2011-03-01,57520,930,O,AIRPORT,
300,DL,1699,2011-03-28,58518,930,O,AIRPORT,
300,QF,6,2011-08-03,58585,930,O,AIRPORT,
300,LH,401,2011-05-20,64013,930,O,AIRPORT,
300,AZ,555,2010-04-21,68,930,O,AIRPORT,
300,AA,26,2011-11-30,64528,930,O,AIRPORT,
300,AZ,788,2011-06-28,64827,930,O,AIRPORT,
300,AA,26,2011-09-21,61737,930,O,AIRPORT,
300,UA,3504,2010-11-12,62980,930,O,AIRPORT,
300,AA,26,2011-10-26,63148,930,O,AIRPORT,
300,LH,401,2011-04-22,62607,930,O,AIRPORT,
300,AA,26,2011-02-02,51633,930,O,AIRPORT,
300,AZ,788,2010-12-07,52441,930,O,AIRPORT,
300,AA,26,2011-02-23,52470,930,O,AIRPORT,
300,AA,26,2011-02-23,52335,930,O,AIRPORT,
300,QF,6,2010-12-29,49311,930,O,AIRPORT,
300,DL,1699,2010-11-22,50633,930,O,AIRPORT,
300,AA,26,2010-12-29,49857,930,O,AIRPORT,
300,LH,401,2011-01-07,55648,930,O,AIRPORT,
300,UA,3504,2010-07-30,56617,930,O,AIRPORT,
300,AA,26,2011-06-08,57032,930,O,AIRPORT,
300,AA,26,2011-05-25,56306,930,O,AIRPORT,
300,QF,6,2011-03-30,53139,930,O,AIRPORT,
300,AA,64,2010-07-30,69651,930,O,AIRPORT,
300,AZ,788,2011-07-05,65240,930,O,AIRPORT,
300,LH,401,2011-07-15,67579,930,O,AIRPORT,
300,DL,1699,2011-08-22,67679,930,O,AIRPORT,
300,UA,3504,2011-01-28,67836,930,O,AIRPORT,
300,DL,1699,2011-08-29,67909,930,O,AIRPORT,
300,DL,1699,2011-08-15,67205,930,O,AIRPORT,
300,AZ,789,2010-09-29,86331,930,O,AIRPORT,
300,DL,1984,2010-11-08,87826,930,O,AIRPORT,
300,DL,1984,2010-11-01,87509,930,O,AIRPORT,
300,AA,64,2010-12-24,74976,930,O,AIRPORT,
300,DL,1984,2010-04-26,75549,930,O,AIRPORT,
300,LH,401,2011-11-04,75413,930,O,AIRPORT,
300,LH,401,2011-10-21,74504,930,O,AIRPORT,
300,LH,401,2011-11-18,76517,930,O,AIRPORT,
300,AA,64,2010-10-01,71985,930,O,AIRPORT,
300,AA,64,2010-09-24,71719,930,O,AIRPORT,
300,AZ,788,2011-10-25,72570,930,O,AIRPORT,
300,AA,64,2011-08-26,83568,930,O,AIRPORT,
300,DL,1984,2010-06-07,78523,930,O,AIRPORT,
300,AZ,789,2010-05-12,77577,930,O,AIRPORT,
300,DL,1984,2010-07-19,80949,930,O,AIRPORT,
300,AZ,789,2010-06-23,80081,930,O,AIRPORT,
300,AZ,789,2011-07-20,104308,930,O,AIRPORT,
300,AZ,789,2011-08-17,106010,930,O,AIRPORT,
300,LH,402,2011-04-11,101042,930,O,AIRPORT,
300,DL,1984,2011-06-13,101495,930,O,AIRPORT,
300,UA,3516,2010-10-12,100245,930,O,AIRPORT,
300,UA,3516,2011-03-08,109249,930,O,AIRPORT,
300,DL,1984,2011-09-05,106513,930,O,AIRPORT,
300,UA,3516,2010-05-18,90760,930,O,AIRPORT,
300,LH,402,2010-09-27,88830,930,O,AIRPORT,
300,UA,3516,2010-04-20,89365,930,O,AIRPORT,
300,LH,402,2010-11-01,91278,930,O,AIRPORT,
300,LH,402,2011-03-14,99639,930,O,AIRPORT,
300,DL,1984,2011-05-16,99578,930,O,AIRPORT,
300,UA,3516,2010-09-28,99259,930,O,AIRPORT,
300,AZ,789,2011-05-11,99942,930,O,AIRPORT,
300,LH,402,2011-01-17,95929,930,O,AIRPORT,
300,LH,402,2011-01-24,96412,930,O,AIRPORT,
300,AZ,789,2011-04-27,99133,930,O,AIRPORT,
300,DL,1984,2011-05-02,98650,930,O,AIRPORT,
300,LH,454,2010-10-02,125151,930,O,AIRPORT,
300,UA,3516,2011-11-08,125205,930,O,AIRPORT,
300,LH,454,2010-10-09,125191,930,O,AIRPORT,
300,LH,454,2010-10-02,124922,930,O,AIRPORT,
300,LH,454,2010-08-21,123108,930,O,AIRPORT,
300,AZ,790,2011-03-09,128747,930,O,AIRPORT,
300,UA,3516,2011-08-28,120253,930,O,AIRPORT,
300,AZ,790,2010-10-13,122046,930,O,AIRPORT,
300,LH,454,2010-07-10,121205,930,O,AIRPORT,
300,AZ,790,2010-08-18,119697,930,O,AIRPORT,
300,AZ,791,2011-04-21,154486,930,O,AIRPORT,
300,LH,455,2010-11-22,153257,930,O,AIRPORT,
300,UA,3517,2011-06-06,153511,930,O,AIRPORT,
300,AZ,791,2011-09-22,159889,930,O,AIRPORT,
300,AZ,791,2011-09-15,159555,930,O,AIRPORT,
300,AZ,791,2011-05-05,154877,930,O,AIRPORT,
300,AZ,791,2011-05-05,155026,930,O,AIRPORT,
300,LH,455,2011-01-10,155048,930,O,AIRPORT,
300,AZ,791,2011-08-25,158962,930,O,AIRPORT,
300,UA,3517,2010-08-23,135764,930,O,AIRPORT,
300,LH,454,2011-04-30,134314,930,O,AIRPORT,
300,AZ,790,2011-05-25,132029,930,O,AIRPORT,
300,LH,454,2011-11-05,143422,930,O,AIRPORT,
300,LH,455,2010-05-17,146542,930,O,AIRPORT,
300,UA,3517,2011-01-10,144675,930,O,AIRPORT,
300,LH,2462,2011-11-04,266232,930,O,AIRPORT,
300,LH,2462,2011-01-14,255191,930,O,AIRPORT,
300,LH,2462,2011-05-27,259837,930,O,AIRPORT,
300,LH,2462,2011-04-15,258351,930,O,AIRPORT,
300,LH,2463,2010-10-23,274492,930,O,AIRPORT,
300,LH,2463,2010-05-01,268210,930,O,AIRPORT,
300,LH,2436,2011-03-19,239374,930,O,AIRPORT,
300,LH,2436,2011-04-23,240048,930,O,AIRPORT,
300,LH,2415,2011-08-28,228498,930,O,AIRPORT,
300,LH,2462,2010-09-10,250715,930,O,AIRPORT,
300,LH,2462,2010-10-08,251632,930,O,AIRPORT,
300,LH,2462,2010-10-29,252372,930,O,AIRPORT,
300,LH,2462,2010-05-28,246854,930,O,AIRPORT,
300,LH,2463,2011-12-17,289670,930,O,AIRPORT,
300,LH,2463,2011-10-15,287926,930,O,AIRPORT,
300,LH,2463,2011-10-01,287430,930,O,AIRPORT,
300,LH,3577,2010-07-10,293536,930,O,AIRPORT,
300,LH,3577,2011-03-12,302366,930,O,AIRPORT,
300,LH,3577,2011-02-26,301803,930,O,AIRPORT,
300,LH,3577,2011-07-16,306894,930,O,AIRPORT,
300,LH,3577,2010-12-18,299390,930,O,AIRPORT,
300,LH,3577,2010-11-20,298331,930,O,AIRPORT,
300,LH,2407,2011-02-26,201909,930,O,AIRPORT,
300,LH,2407,2011-01-29,200888,930,O,AIRPORT,
300,LH,2407,2011-04-02,203125,930,O,AIRPORT,
300,LH,2407,2011-03-05,202039,930,O,AIRPORT,
300,LH,2402,2012-01-07,189962,930,O,AIRPORT,
300,LH,2402,2012-02-18,190439,930,O,AIRPORT,
300,LH,2402,2011-10-29,188438,930,O,AIRPORT,
300,LH,2407,2010-10-02,196656,930,O,AIRPORT,
300,LH,2415,2011-06-24,226272,930,O,AIRPORT,
300,LH,2415,2011-05-27,225389,930,O,AIRPORT,
300,LH,2415,2010-08-13,216594,930,O,AIRPORT,
300,LH,2402,2011-04-23,181341,930,O,AIRPORT,
300,LH,2402,2011-09-28,187245,930,O,AIRPORT,
300,LH,2402,2011-07-16,184320,930,O,AIRPORT,
300,LH,2402,2010-05-01,168462,930,O,AIRPORT,
300,LH,2402,2010-09-18,173448,930,O,AIRPORT,
300,QF,5,2011-03-11,20177,929,O,AIRPORT,
300,QF,5,2011-03-11,20265,929,O,AIRPORT,
300,UA,7,2011-08-20,21436,929,O,AIRPORT,
300,UA,7,2011-05-21,17511,929,O,AIRPORT,
300,UA,7,2011-05-07,16916,929,O,AIRPORT,
300,UA,7,2011-05-21,17292,929,O,AIRPORT,
300,AA,17,2011-01-19,17062,929,O,AIRPORT,
300,JL,407,2011-06-24,18860,929,O,AIRPORT,
300,JL,407,2011-06-17,18659,929,O,AIRPORT,
300,JL,407,2011-07-01,19189,929,O,AIRPORT,
300,JL,407,2010-08-13,4966,929,O,AIRPORT,
300,LH,400,2010-07-03,4705,929,O,AIRPORT,
300,JL,408,2011-12-24,48275,929,O,AIRPORT,
300,DL,1699,2010-10-11,47873,929,O,AIRPORT,
300,QF,6,2010-12-01,48036,929,O,AIRPORT,
300,LH,400,2011-04-09,22201,929,O,AIRPORT,
300,AA,17,2010-08-18,7487,929,O,AIRPORT,
300,AZ,555,2010-08-18,7650,929,O,AIRPORT,
300,UA,7,2011-01-08,11551,929,O,AIRPORT,
300,UA,7,2010-12-25,11017,929,O,AIRPORT,
300,DL,106,2010-09-27,9643,929,O,AIRPORT,
300,JL,407,2010-11-12,9083,929,O,AIRPORT,
300,LH,400,2010-08-28,8231,929,O,AIRPORT,
300,UA,7,2010-10-16,7912,929,O,AIRPORT,
300,UA,7,2010-11-06,8809,929,O,AIRPORT,
300,AA,17,2010-09-01,8378,929,O,AIRPORT,
300,LH,400,2011-01-08,16452,929,O,AIRPORT,
300,JL,407,2011-04-08,15690,929,O,AIRPORT,
300,DL,106,2011-01-03,15756,929,O,AIRPORT,
300,AZ,555,2010-11-10,12826,929,O,AIRPORT,
300,AA,17,2010-11-10,12665,929,O,AIRPORT,
300,QF,5,2010-11-12,12751,929,O,AIRPORT,
300,AZ,555,2010-07-28,6295,929,O,AIRPORT,
300,AA,17,2010-11-03,12333,929,O,AIRPORT,
300,DL,106,2010-11-22,13109,929,O,AIRPORT,
300,UA,7,2011-02-12,13048,929,O,AIRPORT,
300,LH,400,2011-09-24,33039,929,O,AIRPORT,
300,UA,941,2010-07-22,31014,929,O,AIRPORT,
300,QF,5,2011-09-02,30961,929,O,AIRPORT,
300,LH,400,2011-10-22,35034,929,O,AIRPORT,
300,AA,17,2011-11-09,35584,929,O,AIRPORT,
300,AA,17,2011-10-12,33811,929,O,AIRPORT,
300,JL,407,2010-07-02,3394,929,O,AIRPORT,
300,DL,106,2011-10-31,34688,929,O,AIRPORT,
300,UA,7,2010-07-10,3407,929,O,AIRPORT,
300,JL,407,2012-04-20,27118,929,O,AIRPORT,
300,AZ,555,2011-06-29,27269,929,O,AIRPORT,
300,LH,400,2011-06-04,25591,929,O,AIRPORT,
300,DL,106,2011-05-30,25177,929,O,AIRPORT,
300,JL,407,2011-11-18,25470,929,O,AIRPORT,
300,LH,400,2011-08-13,29819,929,O,AIRPORT,
300,QF,5,2011-08-05,29514,929,O,AIRPORT,
300,QF,5,2011-08-12,29979,929,O,AIRPORT,
300,DL,106,2011-08-22,30251,929,O,AIRPORT,
300,AZ,555,2010-06-02,2825,929,O,AIRPORT,
300,AA,17,2011-07-20,28586,929,O,AIRPORT,
300,QF,6,2010-09-01,43768,929,O,AIRPORT,
300,LH,401,2010-06-11,42661,929,O,AIRPORT,
300,JL,408,2011-10-08,46337,929,O,AIRPORT,
300,JL,407,2010-08-06,4691,929,O,AIRPORT,
300,AA,26,2010-09-01,44758,929,O,AIRPORT,
300,AZ,788,2010-08-03,44652,929,O,AIRPORT,
300,DL,1699,2010-08-23,44974,929,O,AIRPORT,
300,LH,401,2010-07-23,45180,929,O,AIRPORT,
300,JL,408,2011-02-12,37797,929,O,AIRPORT,
300,QF,6,2010-04-28,38302,929,O,AIRPORT,
300,DL,1699,2010-05-03,38227,929,O,AIRPORT,
300,UA,941,2011-02-10,38208,929,O,AIRPORT,
300,LH,400,2012-01-07,38332,929,O,AIRPORT,
300,AA,17,2012-01-04,37303,929,O,AIRPORT,
300,JL,408,2011-01-29,37305,929,O,AIRPORT,
300,QF,6,2010-06-09,40289,929,O,AIRPORT,
300,JL,408,2011-05-28,41458,929,O,AIRPORT,
300,DL,1699,2010-05-31,39656,929,O,AIRPORT,
300,QF,5,2010-04-23,119,929,O,AIRPORT,
300,UA,3504,2010-09-24,59949,929,O,AIRPORT,
300,AZ,788,2011-03-29,59251,929,O,AIRPORT,
300,DL,1699,2011-07-11,65057,929,O,AIRPORT,
300,LH,401,2011-06-03,65057,929,O,AIRPORT,
300,DL,106,2010-05-03,729,929,O,AIRPORT,
300,AZ,788,2011-06-21,64736,929,O,AIRPORT,
300,DL,1699,2011-05-23,61949,929,O,AIRPORT,
300,QF,6,2011-09-28,61251,929,O,AIRPORT,
300,QF,6,2011-09-28,61328,929,O,AIRPORT,
300,QF,6,2011-11-02,62881,929,O,AIRPORT,
300,LH,401,2011-04-22,62587,929,O,AIRPORT,
300,QF,6,2010-12-22,49009,929,O,AIRPORT,
300,AA,26,2011-05-11,55853,929,O,AIRPORT,
300,DL,1699,2011-02-28,56884,929,O,AIRPORT,
300,UA,3504,2010-07-23,56266,929,O,AIRPORT,
300,QF,6,2011-06-08,56358,929,O,AIRPORT,
300,LH,401,2011-07-29,68645,929,O,AIRPORT,
300,AZ,788,2011-09-13,69719,929,O,AIRPORT,
300,DL,1699,2011-07-25,65892,929,O,AIRPORT,
300,AA,26,2012-03-07,65796,929,O,AIRPORT,
300,LH,401,2011-07-15,67732,929,O,AIRPORT,
300,LH,401,2011-07-22,67932,929,O,AIRPORT,
300,LH,401,2011-07-01,66653,929,O,AIRPORT,
300,LH,401,2011-07-08,67209,929,O,AIRPORT,
300,LH,402,2010-08-30,87093,929,O,AIRPORT,
300,LH,401,2011-11-04,75678,929,O,AIRPORT,
300,AA,64,2010-12-10,74377,929,O,AIRPORT,
300,AZ,788,2011-12-06,74349,929,O,AIRPORT,
300,LH,401,2011-11-11,76155,929,O,AIRPORT,
300,AZ,788,2011-09-20,70396,929,O,AIRPORT,
300,LH,401,2011-09-02,71225,929,O,AIRPORT,
300,AZ,788,2011-11-01,72835,929,O,AIRPORT,
300,AA,64,2011-07-22,82485,929,O,AIRPORT,
300,DL,1984,2010-08-09,82136,929,O,AIRPORT,
300,UA,3504,2011-09-16,82857,929,O,AIRPORT,
300,LH,402,2010-06-21,82856,929,O,AIRPORT,
300,UA,3504,2011-09-28,83419,929,O,AIRPORT,
300,AZ,789,2010-08-18,83484,929,O,AIRPORT,
300,UA,3504,2011-08-12,79924,929,O,AIRPORT,
300,UA,3504,2011-08-12,80035,929,O,AIRPORT,
300,DL,1984,2012-03-19,113255,929,O,AIRPORT,
300,AZ,789,2011-07-27,104697,929,O,AIRPORT,
300,DL,1984,2011-07-25,103811,929,O,AIRPORT,
300,LH,402,2011-05-23,103861,929,O,AIRPORT,
300,DL,1984,2011-08-22,105838,929,O,AIRPORT,
300,LH,402,2011-06-27,105992,929,O,AIRPORT,
300,DL,1984,2011-06-13,101176,929,O,AIRPORT,
300,LH,402,2011-04-11,101111,929,O,AIRPORT,
300,UA,3516,2010-11-02,101540,929,O,AIRPORT,
300,AZ,789,2011-06-08,101893,929,O,AIRPORT,
300,DL,1984,2011-06-20,101776,929,O,AIRPORT,
300,LH,402,2011-05-02,102357,929,O,AIRPORT,
300,DL,1984,2011-10-31,110168,929,O,AIRPORT,
300,LH,402,2011-09-05,110542,929,O,AIRPORT,
300,LH,402,2011-09-26,111925,929,O,AIRPORT,
300,DL,1984,2011-12-19,111763,929,O,AIRPORT,
300,LH,402,2011-07-18,107394,929,O,AIRPORT,
300,UA,3516,2010-06-22,93251,929,O,AIRPORT,
300,UA,3516,2010-06-29,93381,929,O,AIRPORT,
300,LH,402,2010-11-22,92569,929,O,AIRPORT,
300,UA,3516,2010-08-17,96445,929,O,AIRPORT,
300,DL,1984,2011-04-18,98011,929,O,AIRPORT,
300,UA,3516,2010-09-21,98993,929,O,AIRPORT,
300,LH,402,2011-02-07,97156,929,O,AIRPORT,
300,AZ,789,2011-03-16,96813,929,O,AIRPORT,
300,LH,454,2010-10-02,125145,929,O,AIRPORT,
300,UA,3516,2011-10-25,124429,929,O,AIRPORT,
300,AZ,790,2010-12-01,124239,929,O,AIRPORT,
300,UA,3517,2010-04-26,128379,929,O,AIRPORT,
300,UA,3517,2010-05-03,129071,929,O,AIRPORT,
300,UA,3516,2012-01-17,127388,929,O,AIRPORT,
300,AZ,790,2010-06-02,116354,929,O,AIRPORT,
300,LH,402,2011-10-17,113611,929,O,AIRPORT,
300,AZ,790,2010-08-25,120064,929,O,AIRPORT,
300,AZ,790,2010-09-29,121428,929,O,AIRPORT,
300,UA,3516,2011-08-16,119368,929,O,AIRPORT,
300,UA,3517,2011-03-21,149067,929,O,AIRPORT,
300,AZ,791,2011-09-29,160186,929,O,AIRPORT,
300,AZ,791,2011-09-01,159091,929,O,AIRPORT,
300,UA,3517,2011-10-10,162530,929,O,AIRPORT,
300,AZ,791,2011-12-08,162206,929,O,AIRPORT,
300,LH,455,2011-08-15,162753,929,O,AIRPORT,
300,LH,455,2011-07-18,161698,929,O,AIRPORT,
300,LH,455,2011-02-28,156870,929,O,AIRPORT,
300,AZ,790,2011-08-10,135580,929,O,AIRPORT,
300,LH,454,2011-04-30,134445,929,O,AIRPORT,
300,AZ,790,2011-05-11,131315,929,O,AIRPORT,
300,LH,454,2011-02-26,131467,929,O,AIRPORT,
300,UA,3517,2010-06-14,131530,929,O,AIRPORT,
300,UA,3517,2010-05-24,130263,929,O,AIRPORT,
300,UA,3517,2011-01-31,145764,929,O,AIRPORT,
300,UA,3517,2011-01-10,144534,929,O,AIRPORT,
300,AZ,790,2011-12-07,140205,929,O,AIRPORT,
300,AZ,790,2011-11-02,139235,929,O,AIRPORT,
300,LH,454,2011-10-15,142344,929,O,AIRPORT,
300,AZ,790,2012-01-04,140565,929,O,AIRPORT,
300,AZ,790,2011-12-28,140554,929,O,AIRPORT,
300,LH,455,2011-10-17,165465,929,O,AIRPORT,
300,LH,2462,2011-07-08,261414,929,O,AIRPORT,
300,LH,2462,2011-07-29,262144,929,O,AIRPORT,
300,LH,2462,2011-09-23,264338,929,O,AIRPORT,
300,LH,2462,2011-04-01,257983,929,O,AIRPORT,
300,LH,2462,2011-02-11,256223,929,O,AIRPORT,
300,LH,2462,2011-06-10,260310,929,O,AIRPORT,
300,LH,2463,2011-03-19,279857,929,O,AIRPORT,
300,LH,2463,2010-07-17,271058,929,O,AIRPORT,
300,LH,2436,2010-10-09,235961,929,O,AIRPORT,
300,LH,2415,2011-11-18,231234,929,O,AIRPORT,
300,LH,2462,2010-08-27,250261,929,O,AIRPORT,
300,LH,2462,2010-07-23,249012,929,O,AIRPORT,
300,LH,2436,2011-07-23,241933,929,O,AIRPORT,
300,LH,3577,2011-12-03,312092,929,O,AIRPORT,
300,LH,2463,2011-11-19,289183,929,O,AIRPORT,
300,LH,3577,2011-04-09,303342,929,O,AIRPORT,
300,LH,3577,2011-07-09,306535,929,O,AIRPORT,
300,LH,3577,2011-07-02,306512,929,O,AIRPORT,
300,LH,3577,2010-09-25,296334,929,O,AIRPORT,
300,LH,3577,2010-10-09,297015,929,O,AIRPORT,
300,LH,3577,2010-07-31,294467,929,O,AIRPORT,
300,LH,3577,2010-12-25,299572,929,O,AIRPORT,
300,LH,2407,2011-05-07,204410,929,O,AIRPORT,
300,LH,2407,2011-05-07,204385,929,O,AIRPORT,
300,LH,2407,2010-09-04,195500,929,O,AIRPORT,
300,LH,2407,2010-08-14,194750,929,O,AIRPORT,
300,LH,2407,2010-06-26,193147,929,O,AIRPORT,
300,LH,2407,2010-07-31,194277,929,O,AIRPORT,
300,LH,2415,2011-04-29,224618,929,O,AIRPORT,
300,LH,2415,2011-03-04,222876,929,O,AIRPORT,
300,LH,2402,2011-05-07,181841,929,O,AIRPORT,
300,LH,2402,2011-02-26,179392,929,O,AIRPORT,
300,LH,2402,2011-09-10,186592,929,O,AIRPORT,
300,LH,2402,2011-07-30,184917,929,O,AIRPORT,
300,LH,2402,2010-11-13,175499,929,O,AIRPORT,
300,JL,407,2011-07-15,19999,2229,O,AIRPORT,
300,DL,106,2011-03-14,20341,2229,O,AIRPORT,
300,JL,407,2011-08-12,21232,2229,O,AIRPORT,
300,UA,7,2011-08-06,20773,2229,O,AIRPORT,
300,AZ,555,2011-01-26,17690,2229,O,AIRPORT,
300,DL,106,2011-01-17,16824,2229,O,AIRPORT,
300,JL,407,2011-05-06,16821,2229,O,AIRPORT,
300,AA,17,2010-07-21,5739,2229,O,AIRPORT,
300,LH,400,2011-02-05,18247,2229,O,AIRPORT,
300,LH,400,2010-05-29,2449,2229,O,AIRPORT,
300,UA,7,2010-08-07,4927,2229,O,AIRPORT,
300,DL,1699,2010-09-27,47127,2229,O,AIRPORT,
300,DL,106,2010-07-12,5135,2229,O,AIRPORT,
300,JL,407,2010-06-11,2216,2229,O,AIRPORT,
300,UA,7,2011-09-28,23762,2229,O,AIRPORT,
300,QF,5,2011-05-13,24105,2229,O,AIRPORT,
300,JL,407,2011-10-07,23606,2229,O,AIRPORT,
300,UA,7,2010-09-18,6562,2229,O,AIRPORT,
300,DL,106,2010-10-04,10271,2229,O,AIRPORT,
300,AZ,555,2010-08-11,7317,2229,O,AIRPORT,
300,AA,17,2010-09-15,9422,2229,O,AIRPORT,
300,DL,106,2010-09-27,9804,2229,O,AIRPORT,
300,DL,106,2010-08-30,8037,2229,O,AIRPORT,
300,AA,17,2010-09-01,8337,2229,O,AIRPORT,
300,AZ,555,2010-08-25,7906,2229,O,AIRPORT,
300,AZ,555,2010-05-12,1493,2229,O,AIRPORT,
300,QF,5,2010-12-10,14508,2229,O,AIRPORT,
300,AZ,555,2011-01-12,16660,2229,O,AIRPORT,
300,QF,5,2010-12-31,15982,2229,O,AIRPORT,
300,AZ,555,2010-11-24,13818,2229,O,AIRPORT,
300,UA,7,2011-02-12,13152,2229,O,AIRPORT,
300,QF,5,2010-11-26,13561,2229,O,AIRPORT,
300,JL,407,2010-09-03,6153,2229,O,AIRPORT,
300,UA,941,2010-09-02,32622,2229,O,AIRPORT,
300,DL,106,2011-10-10,33296,2229,O,AIRPORT,
300,LH,400,2011-09-24,32992,2229,O,AIRPORT,
300,JL,408,2010-08-14,31340,2229,O,AIRPORT,
300,AA,17,2011-11-02,35195,2229,O,AIRPORT,
300,QF,5,2011-11-04,35010,2229,O,AIRPORT,
300,DL,106,2011-12-05,35920,2229,O,AIRPORT,
300,AZ,555,2011-05-25,25071,2229,O,AIRPORT,
300,JL,408,2010-12-18,35780,2229,O,AIRPORT,
300,AA,17,2011-11-16,36017,2229,O,AIRPORT,
300,AA,17,2010-06-09,3396,2229,O,AIRPORT,
300,AA,17,2011-10-05,33375,2229,O,AIRPORT,
300,JL,408,2010-05-01,27586,2229,O,AIRPORT,
300,AZ,555,2011-06-29,27379,2229,O,AIRPORT,
300,DL,106,2011-06-20,26409,2229,O,AIRPORT,
300,AA,17,2011-08-10,29566,2229,O,AIRPORT,
300,AZ,555,2011-08-24,30610,2229,O,AIRPORT,
300,DL,106,2011-08-15,29984,2229,O,AIRPORT,
300,AZ,555,2011-08-17,30293,2229,O,AIRPORT,
300,AZ,555,2011-07-13,28351,2229,O,AIRPORT,
300,AZ,555,2011-07-13,28378,2229,O,AIRPORT,
300,AZ,788,2010-07-13,43350,2229,O,AIRPORT,
300,DL,1699,2010-08-09,44270,2229,O,AIRPORT,
300,JL,408,2011-08-13,44162,2229,O,AIRPORT,
300,LH,401,2010-06-25,43620,2229,O,AIRPORT,
300,UA,941,2011-05-12,41591,2229,O,AIRPORT,
300,AA,26,2010-06-23,41597,2229,O,AIRPORT,
300,DL,1699,2010-07-12,42429,2229,O,AIRPORT,
300,JL,408,2011-06-25,42479,2229,O,AIRPORT,
300,JL,408,2011-10-22,46796,2229,O,AIRPORT,
300,QF,6,2010-11-10,46949,2229,O,AIRPORT,
300,DL,1699,2010-08-23,44966,2229,O,AIRPORT,
300,AA,17,2010-06-30,4563,2229,O,AIRPORT,
300,LH,401,2010-07-23,45531,2229,O,AIRPORT,
300,JL,408,2011-09-03,45052,2229,O,AIRPORT,
300,AZ,788,2010-04-27,38534,2229,O,AIRPORT,
300,QF,5,2011-12-16,36514,2229,O,AIRPORT,
300,UA,941,2011-01-13,37434,2229,O,AIRPORT,
300,QF,6,2010-05-19,39324,2229,O,AIRPORT,
300,LH,400,2012-04-07,39415,2229,O,AIRPORT,
300,DL,1699,2010-05-24,39144,2229,O,AIRPORT,
300,UA,941,2011-03-31,40057,2229,O,AIRPORT,
300,LH,401,2011-03-11,59871,2229,O,AIRPORT,
300,UA,3504,2010-09-24,60089,2229,O,AIRPORT,
300,QF,6,2011-08-10,59111,2229,O,AIRPORT,
300,AZ,788,2011-03-22,59032,2229,O,AIRPORT,
300,AA,26,2011-11-16,64017,2229,O,AIRPORT,
300,DL,1699,2011-06-20,63904,2229,O,AIRPORT,
300,AA,26,2012-01-04,65094,2229,O,AIRPORT,
300,AA,26,2011-11-30,64516,2229,O,AIRPORT,
300,QF,6,2012-02-08,64687,2229,O,AIRPORT,
300,DL,1699,2011-05-16,61646,2229,O,AIRPORT,
300,QF,6,2011-11-09,63190,2229,O,AIRPORT,
300,AA,26,2011-10-05,62296,2229,O,AIRPORT,
300,QF,6,2011-10-26,62360,2229,O,AIRPORT,
300,AZ,788,2010-10-19,49549,2229,O,AIRPORT,
300,AA,26,2011-01-12,50654,2229,O,AIRPORT,
300,AZ,788,2011-01-18,55074,2229,O,AIRPORT,
300,QF,6,2011-06-15,56511,2229,O,AIRPORT,
300,AA,26,2011-03-09,53044,2229,O,AIRPORT,
300,AA,64,2010-07-02,68663,2229,O,AIRPORT,
300,AZ,788,2011-08-23,68597,2229,O,AIRPORT,
300,LH,401,2011-08-12,69508,2229,O,AIRPORT,
300,AA,64,2010-07-30,69798,2229,O,AIRPORT,
300,UA,3504,2011-02-18,68958,2229,O,AIRPORT,
300,DL,1699,2011-08-01,66219,2229,O,AIRPORT,
300,DL,1699,2011-08-01,66199,2229,O,AIRPORT,
300,LH,401,2011-06-24,66532,2229,O,AIRPORT,
300,LH,401,2011-07-08,67250,2229,O,AIRPORT,
300,DL,1984,2010-10-04,85879,2229,O,AIRPORT,
300,AZ,789,2010-10-13,86991,2229,O,AIRPORT,
300,UA,3504,2011-11-11,86801,2229,O,AIRPORT,
300,UA,3504,2011-12-02,87504,2229,O,AIRPORT,
300,AA,64,2010-12-24,74864,2229,O,AIRPORT,
300,DL,1984,2010-04-26,75585,2229,O,AIRPORT,
300,DL,1699,2012-04-23,75505,2229,O,AIRPORT,
300,DL,1699,2011-12-19,74372,2229,O,AIRPORT,
300,DL,1984,2010-05-10,76844,2229,O,AIRPORT,
300,AA,64,2011-01-21,75949,2229,O,AIRPORT,
300,DL,1984,2010-05-10,76476,2229,O,AIRPORT,
300,LH,401,2011-08-28,70731,2229,O,AIRPORT,
300,AZ,788,2011-10-04,71218,2229,O,AIRPORT,
300,UA,3504,2011-05-06,73754,2229,O,AIRPORT,
300,AA,64,2010-11-19,73729,2229,O,AIRPORT,
300,AA,64,2010-11-19,73671,2229,O,AIRPORT,
300,UA,3504,2011-04-22,72933,2229,O,AIRPORT,
300,LH,402,2010-05-31,81725,2229,O,AIRPORT,
300,LH,402,2010-07-12,84428,2229,O,AIRPORT,
300,DL,1984,2010-06-14,78814,2229,O,AIRPORT,
300,UA,3504,2011-07-22,78808,2229,O,AIRPORT,
300,AZ,789,2010-06-02,78934,2229,O,AIRPORT,
300,DL,1984,2010-05-31,77973,2229,O,AIRPORT,
300,LH,401,2012-01-06,77695,2229,O,AIRPORT,
300,AA,64,2011-06-03,80605,2229,O,AIRPORT,
300,UA,3504,2011-08-19,80497,2229,O,AIRPORT,
300,LH,402,2010-05-03,79765,2229,O,AIRPORT,
300,UA,3516,2010-12-14,104191,2229,O,AIRPORT,
300,LH,402,2011-05-30,104277,2229,O,AIRPORT,
300,DL,1984,2011-07-25,103889,2229,O,AIRPORT,
300,DL,1984,2011-08-29,106024,2229,O,AIRPORT,
300,DL,1984,2011-06-06,101095,2229,O,AIRPORT,
300,LH,402,2011-04-25,101918,2229,O,AIRPORT,
300,AZ,789,2011-10-19,110231,2229,O,AIRPORT,
300,AZ,789,2011-10-05,109327,2229,O,AIRPORT,
300,LH,402,2011-08-22,109608,2229,O,AIRPORT,
300,DL,1984,2011-12-19,111980,2229,O,AIRPORT,
300,LH,402,2011-09-12,111123,2229,O,AIRPORT,
300,LH,402,2011-08-08,108426,2229,O,AIRPORT,
300,DL,1984,2010-12-13,90179,2229,O,AIRPORT,
300,AZ,789,2010-12-08,90642,2229,O,AIRPORT,
300,UA,3504,2012-03-02,88707,2229,O,AIRPORT,
300,UA,3516,2010-04-20,89399,2229,O,AIRPORT,
300,AZ,789,2011-05-04,99660,2229,O,AIRPORT,
300,DL,1984,2011-02-14,94124,2229,O,AIRPORT,
300,DL,1984,2011-03-07,95206,2229,O,AIRPORT,
300,LH,402,2011-02-28,98705,2229,O,AIRPORT,
300,LH,402,2011-02-28,98559,2229,O,AIRPORT,
300,LH,402,2011-02-07,97369,2229,O,AIRPORT,
300,AZ,790,2010-11-03,123137,2229,O,AIRPORT,
300,LH,454,2011-01-08,129428,2229,O,AIRPORT,
300,UA,3517,2010-05-03,129175,2229,O,AIRPORT,
300,LH,454,2010-11-13,126806,2229,O,AIRPORT,
300,AZ,790,2010-09-08,120542,2229,O,AIRPORT,
300,LH,454,2010-05-15,118844,2229,O,AIRPORT,
300,AZ,791,2011-03-03,152720,2229,O,AIRPORT,
300,LH,455,2010-05-24,146805,2229,O,AIRPORT,
300,UA,3517,2011-08-29,159414,2229,O,AIRPORT,
300,UA,3517,2011-07-18,156430,2229,O,AIRPORT,
300,LH,455,2011-03-14,157388,2229,O,AIRPORT,
300,UA,3517,2011-08-08,157781,2229,O,AIRPORT,
300,LH,454,2011-05-28,135566,2229,O,AIRPORT,
300,UA,3517,2010-07-26,134130,2229,O,AIRPORT,
300,AZ,791,2010-07-01,143950,2229,O,AIRPORT,
300,LH,454,2011-12-10,144631,2229,O,AIRPORT,
300,UA,3517,2010-10-11,139142,2229,O,AIRPORT,
300,AZ,791,2010-05-06,142154,2229,O,AIRPORT,
300,LH,455,2011-11-07,166167,2229,O,AIRPORT,
300,LH,2462,2011-08-12,262557,2229,O,AIRPORT,
300,LH,2462,2011-08-05,262535,2229,O,AIRPORT,
300,LH,2462,2011-07-15,261669,2229,O,AIRPORT,
300,LH,2462,2011-07-15,261745,2229,O,AIRPORT,
300,LH,2462,2011-09-16,264152,2229,O,AIRPORT,
300,LH,2462,2011-09-28,264663,2229,O,AIRPORT,
300,LH,2462,2011-04-01,257822,2229,O,AIRPORT,
300,LH,2463,2011-03-19,279716,2229,O,AIRPORT,
300,LH,2436,2010-11-13,236756,2229,O,AIRPORT,
300,LH,2415,2011-08-26,228323,2229,O,AIRPORT,
300,LH,2415,2011-08-26,228370,2229,O,AIRPORT,
300,LH,2415,2011-09-30,229737,2229,O,AIRPORT,
300,LH,2436,2010-05-29,233269,2229,O,AIRPORT,
300,LH,2462,2010-08-27,250239,2229,O,AIRPORT,
300,LH,2462,2010-10-22,252148,2229,O,AIRPORT,
300,LH,2462,2010-06-11,247466,2229,O,AIRPORT,
300,LH,3577,2011-09-17,309330,2229,O,AIRPORT,
300,LH,3577,2011-10-22,310990,2229,O,AIRPORT,
300,LH,3577,2011-10-29,311277,2229,O,AIRPORT,
300,LH,3577,2010-05-08,291363,2229,O,AIRPORT,
300,LH,2463,2011-04-16,280887,2229,O,AIRPORT,
300,LH,2463,2011-05-07,281531,2229,O,AIRPORT,
300,LH,3577,2011-04-02,303091,2229,O,AIRPORT,
300,LH,3577,2010-12-25,299645,2229,O,AIRPORT,
300,LH,3577,2011-01-22,300723,2229,O,AIRPORT,
300,LH,2407,2011-02-26,201710,2229,O,AIRPORT,
300,LH,2407,2010-11-20,198215,2229,O,AIRPORT,
300,LH,2407,2010-11-13,198109,2229,O,AIRPORT,
300,LH,2407,2011-06-25,206030,2229,O,AIRPORT,
300,LH,2407,2011-03-26,202815,2229,O,AIRPORT,
300,LH,2402,2011-12-31,189901,2229,O,AIRPORT,
300,LH,2407,2010-05-01,191116,2229,O,AIRPORT,
300,LH,2402,2011-10-01,187484,2229,O,AIRPORT,
300,LH,2415,2011-06-17,226226,2229,O,AIRPORT,
300,LH,2415,2011-02-11,222303,2229,O,AIRPORT,
300,LH,2407,2011-09-03,208803,2229,O,AIRPORT,
300,LH,2402,2010-12-25,176954,2229,O,AIRPORT,
300,LH,2402,2010-10-09,174298,2229,O,AIRPORT,
300,AZ,555,2010-07-14,5419,906,O,AIRPORT,
300,UA,7,2011-07-23,20184,906,O,AIRPORT,
300,DL,106,2011-03-28,21247,906,O,AIRPORT,
300,DL,106,2011-04-04,21732,906,O,AIRPORT,
300,AZ,555,2010-05-12,1702,906,O,AIRPORT,
300,AA,17,2011-02-16,19073,906,O,AIRPORT,
300,AZ,788,2010-10-05,48530,906,O,AIRPORT,
300,QF,5,2011-05-20,24452,906,O,AIRPORT,
300,JL,407,2010-08-13,4970,906,O,AIRPORT,
300,QF,5,2011-05-13,24326,906,O,AIRPORT,
300,AA,17,2011-05-25,24781,906,O,AIRPORT,
300,AZ,788,2010-09-21,47522,906,O,AIRPORT,
300,UA,7,2010-08-14,5172,906,O,AIRPORT,
300,UA,7,2011-09-17,22886,906,O,AIRPORT,
300,QF,5,2010-05-28,2287,906,O,AIRPORT,
300,QF,5,2011-04-22,22958,906,O,AIRPORT,
300,AA,17,2011-04-06,21915,906,O,AIRPORT,
300,AZ,555,2011-04-06,21934,906,O,AIRPORT,
300,LH,400,2011-04-16,22250,906,O,AIRPORT,
300,AZ,555,2011-04-13,22308,906,O,AIRPORT,
300,LH,400,2011-04-30,23196,906,O,AIRPORT,
300,AZ,555,2011-05-04,23582,906,O,AIRPORT,
300,AZ,555,2011-05-04,23581,906,O,AIRPORT,
300,AZ,555,2010-09-29,10301,906,O,AIRPORT,
300,JL,407,2010-12-31,11365,906,O,AIRPORT,
300,LH,400,2010-10-23,11597,906,O,AIRPORT,
300,AA,17,2010-10-06,10472,906,O,AIRPORT,
300,LH,400,2010-07-31,6488,906,O,AIRPORT,
300,DL,106,2010-09-13,9104,906,O,AIRPORT,
300,UA,7,2010-10-23,8061,906,O,AIRPORT,
300,UA,7,2010-10-23,8062,906,O,AIRPORT,
300,AZ,555,2010-09-08,9000,906,O,AIRPORT,
300,AZ,555,2010-09-01,8528,906,O,AIRPORT,
300,AZ,555,2010-12-22,15413,906,O,AIRPORT,
300,AZ,555,2010-12-15,15206,906,O,AIRPORT,
300,AA,17,2010-07-21,6064,906,O,AIRPORT,
300,DL,106,2011-01-10,16532,906,O,AIRPORT,
300,QF,5,2010-12-31,16017,906,O,AIRPORT,
300,UA,7,2011-01-15,11746,906,O,AIRPORT,
300,AA,17,2011-09-28,32763,906,O,AIRPORT,
300,AZ,555,2011-08-31,31060,906,O,AIRPORT,
300,LH,400,2011-08-28,31227,906,O,AIRPORT,
300,JL,408,2010-12-11,35388,906,O,AIRPORT,
300,JL,408,2010-11-20,34847,906,O,AIRPORT,
300,JL,408,2010-11-20,34853,906,O,AIRPORT,
300,UA,941,2010-11-11,35001,906,O,AIRPORT,
300,LH,400,2011-10-29,35712,906,O,AIRPORT,
300,DL,106,2011-10-17,33839,906,O,AIRPORT,
300,JL,408,2010-11-20,34704,906,O,AIRPORT,
300,JL,408,2010-11-06,34192,906,O,AIRPORT,
300,LH,400,2011-10-08,34055,906,O,AIRPORT,
300,QF,5,2011-07-08,27726,906,O,AIRPORT,
300,UA,941,2010-04-22,27741,906,O,AIRPORT,
300,UA,7,2012-03-03,27421,906,O,AIRPORT,
300,UA,7,2011-11-05,25623,906,O,AIRPORT,
300,UA,7,2011-11-12,25691,906,O,AIRPORT,
300,AZ,555,2011-05-25,25180,906,O,AIRPORT,
300,UA,941,2010-06-17,29889,906,O,AIRPORT,
300,LH,400,2011-07-23,28522,906,O,AIRPORT,
300,LH,400,2011-07-23,28438,906,O,AIRPORT,
300,AA,17,2010-06-02,2810,906,O,AIRPORT,
300,AA,17,2011-07-13,28141,906,O,AIRPORT,
300,JL,408,2010-06-12,28916,906,O,AIRPORT,
300,DL,106,2011-08-01,28903,906,O,AIRPORT,
300,AZ,788,2010-07-13,43160,906,O,AIRPORT,
300,AA,26,2010-07-21,42790,906,O,AIRPORT,
300,JL,408,2011-10-08,46125,906,O,AIRPORT,
300,UA,7,2010-06-19,2497,906,O,AIRPORT,
300,DL,1699,2010-09-20,46580,906,O,AIRPORT,
300,DL,1699,2010-08-23,44799,906,O,AIRPORT,
300,JL,408,2011-08-20,44604,906,O,AIRPORT,
300,AA,17,2012-02-15,37851,906,O,AIRPORT,
300,JL,408,2011-03-12,38645,906,O,AIRPORT,
300,AZ,555,2011-11-30,36287,906,O,AIRPORT,
300,AA,17,2012-01-11,37393,906,O,AIRPORT,
300,LH,401,2010-05-07,40768,906,O,AIRPORT,
300,QF,6,2010-06-09,40197,906,O,AIRPORT,
300,AA,26,2010-06-09,41056,906,O,AIRPORT,
300,LH,400,2012-02-25,39082,906,O,AIRPORT,
300,QF,6,2010-06-09,40065,906,O,AIRPORT,
300,UA,941,2011-03-24,39775,906,O,AIRPORT,
300,JL,408,2011-04-09,39695,906,O,AIRPORT,
300,AA,26,2011-08-17,60007,906,O,AIRPORT,
300,QF,6,2011-08-24,59525,906,O,AIRPORT,
300,AZ,788,2011-04-19,60520,906,O,AIRPORT,
300,LH,401,2011-01-28,57240,906,O,AIRPORT,
300,LH,401,2011-05-27,64426,906,O,AIRPORT,
300,QF,6,2011-10-12,61923,906,O,AIRPORT,
300,AZ,788,2011-05-10,61920,906,O,AIRPORT,
300,AZ,788,2011-05-10,62073,906,O,AIRPORT,
300,AA,26,2011-09-28,62116,906,O,AIRPORT,
300,DL,1699,2011-05-09,61322,906,O,AIRPORT,
300,UA,3504,2010-10-22,61716,906,O,AIRPORT,
300,LH,401,2011-04-22,62386,906,O,AIRPORT,
300,QF,6,2011-11-02,62749,906,O,AIRPORT,
300,AZ,788,2010-11-23,51507,906,O,AIRPORT,
300,AZ,788,2010-11-30,51988,906,O,AIRPORT,
300,LH,401,2010-11-12,52196,906,O,AIRPORT,
300,LH,401,2010-09-24,49440,906,O,AIRPORT,
300,AA,26,2011-01-05,50374,906,O,AIRPORT,
300,DL,1699,2011-02-14,55794,906,O,AIRPORT,
300,UA,3504,2010-07-09,55289,906,O,AIRPORT,
300,DL,1699,2011-01-10,53621,906,O,AIRPORT,
300,UA,3504,2010-06-18,53947,906,O,AIRPORT,
300,DL,1699,2011-07-18,65482,906,O,AIRPORT,
300,DL,1699,2011-08-29,68091,906,O,AIRPORT,
300,LH,401,2011-07-08,67137,906,O,AIRPORT,
300,AZ,789,2010-09-08,85054,906,O,AIRPORT,
300,UA,3504,2011-10-21,85076,906,O,AIRPORT,
300,AZ,789,2010-09-08,85016,906,O,AIRPORT,
300,LH,402,2010-08-30,87205,906,O,AIRPORT,
300,DL,1699,2012-04-23,75539,906,O,AIRPORT,
300,UA,3504,2011-05-20,74653,906,O,AIRPORT,
300,UA,3504,2011-05-13,74582,906,O,AIRPORT,
300,DL,1984,2010-05-03,76104,906,O,AIRPORT,
300,AA,64,2011-02-04,76569,906,O,AIRPORT,
300,DL,1984,2010-05-03,76244,906,O,AIRPORT,
300,LH,401,2011-09-02,71300,906,O,AIRPORT,
300,AZ,788,2011-09-20,70431,906,O,AIRPORT,
300,UA,3504,2011-03-18,70950,906,O,AIRPORT,
300,UA,3504,2011-04-15,72613,906,O,AIRPORT,
300,UA,3504,2011-09-09,82076,906,O,AIRPORT,
300,DL,1984,2010-09-06,84193,906,O,AIRPORT,
300,LH,401,2012-03-02,78896,906,O,AIRPORT,
300,UA,3504,2011-07-29,79185,906,O,AIRPORT,
300,AZ,789,2010-06-30,80536,906,O,AIRPORT,
300,AZ,789,2011-12-21,112778,906,O,AIRPORT,
300,UA,3516,2011-05-10,113001,906,O,AIRPORT,
300,DL,1984,2011-08-08,104882,906,O,AIRPORT,
300,DL,1984,2011-10-31,110228,906,O,AIRPORT,
300,UA,3516,2011-03-29,110528,906,O,AIRPORT,
300,AZ,789,2011-11-02,110856,906,O,AIRPORT,
300,AZ,789,2011-11-02,110855,906,O,AIRPORT,
300,AZ,789,2011-08-31,107165,906,O,AIRPORT,
300,AZ,789,2011-09-21,108255,906,O,AIRPORT,
300,DL,1984,2010-12-06,89495,906,O,AIRPORT,
300,DL,1984,2011-01-31,93093,906,O,AIRPORT,
300,DL,1984,2011-01-24,92712,906,O,AIRPORT,
300,UA,3516,2010-06-15,92692,906,O,AIRPORT,
300,LH,402,2010-12-06,93551,906,O,AIRPORT,
300,LH,402,2011-03-14,99600,906,O,AIRPORT,
300,LH,402,2011-01-17,96015,906,O,AIRPORT,
300,LH,402,2010-12-20,94451,906,O,AIRPORT,
300,UA,3516,2010-07-27,95213,906,O,AIRPORT,
300,LH,402,2011-02-14,97777,906,O,AIRPORT,
300,DL,1984,2011-04-11,97337,906,O,AIRPORT,
300,AZ,790,2010-12-15,124968,906,O,AIRPORT,
300,LH,454,2010-09-04,123693,906,O,AIRPORT,
300,UA,3516,2011-10-11,123462,906,O,AIRPORT,
300,UA,3517,2010-04-26,128449,906,O,AIRPORT,
300,UA,3517,2010-05-03,128878,906,O,AIRPORT,
300,AZ,790,2011-02-02,127115,906,O,AIRPORT,
300,UA,3516,2011-06-21,115631,906,O,AIRPORT,
300,AZ,789,2012-03-21,113963,906,O,AIRPORT,
300,AZ,790,2010-09-15,120857,906,O,AIRPORT,
300,LH,454,2010-06-12,120236,906,O,AIRPORT,
300,LH,454,2010-05-01,118148,906,O,AIRPORT,
300,UA,3516,2011-07-19,117559,906,O,AIRPORT,
300,LH,454,2010-05-08,118661,906,O,AIRPORT,
300,LH,454,2010-05-08,118596,906,O,AIRPORT,
300,AZ,791,2011-04-28,154551,906,O,AIRPORT,
300,UA,3517,2011-05-30,153183,906,O,AIRPORT,
300,AZ,791,2011-03-10,152924,906,O,AIRPORT,
300,AZ,791,2010-12-23,150273,906,O,AIRPORT,
300,UA,3517,2011-04-11,150242,906,O,AIRPORT,
300,LH,455,2010-07-19,148869,906,O,AIRPORT,
300,UA,3517,2011-09-26,160844,906,O,AIRPORT,
300,LH,455,2011-05-23,159710,906,O,AIRPORT,
300,UA,3517,2011-10-03,161725,906,O,AIRPORT,
300,UA,3517,2011-10-03,161726,906,O,AIRPORT,
300,LH,455,2011-01-17,155240,906,O,AIRPORT,
300,LH,455,2011-04-04,158122,906,O,AIRPORT,
300,AZ,791,2011-07-07,157016,906,O,AIRPORT,
300,LH,454,2011-05-21,135207,906,O,AIRPORT,
300,UA,3517,2010-08-23,135937,906,O,AIRPORT,
300,UA,3517,2010-08-23,135869,906,O,AIRPORT,
300,AZ,790,2011-09-28,137533,906,O,AIRPORT,
300,LH,454,2011-06-18,136563,906,O,AIRPORT,
300,AZ,790,2011-12-07,140216,906,O,AIRPORT,
300,UA,3517,2012-01-02,165483,906,O,AIRPORT,
300,UA,3517,2011-11-14,164596,906,O,AIRPORT,
300,LH,2462,2012-02-24,267632,906,O,AIRPORT,
300,LH,2462,2011-04-08,258138,906,O,AIRPORT,
300,LH,2463,2010-12-11,276264,906,O,AIRPORT,
300,LH,2463,2010-11-27,275872,906,O,AIRPORT,
300,LH,2463,2010-09-18,273218,906,O,AIRPORT,
300,LH,2436,2011-04-02,239561,906,O,AIRPORT,
300,LH,2415,2011-08-28,228523,906,O,AIRPORT,
300,LH,2462,2010-08-20,250055,906,O,AIRPORT,
300,LH,2462,2010-06-25,248007,906,O,AIRPORT,
300,LH,2436,2011-07-02,241567,906,O,AIRPORT,
300,LH,2462,2010-06-04,247278,906,O,AIRPORT,
300,LH,3577,2011-09-03,308992,906,O,AIRPORT,
300,LH,2463,2011-10-29,288357,906,O,AIRPORT,
300,LH,3577,2010-06-05,292488,906,O,AIRPORT,
300,LH,3577,2010-05-22,291872,906,O,AIRPORT,
300,LH,3577,2010-05-22,291821,906,O,AIRPORT,
300,LH,2463,2011-06-11,282758,906,O,AIRPORT,
300,LH,3577,2011-03-19,302612,906,O,AIRPORT,
300,LH,3577,2010-12-18,299519,906,O,AIRPORT,
300,LH,2407,2011-03-19,202630,906,O,AIRPORT,
300,LH,2407,2010-07-17,193799,906,O,AIRPORT,
300,LH,2415,2011-01-07,221243,906,O,AIRPORT,
300,LH,2415,2010-09-10,217530,906,O,AIRPORT,
300,LH,2402,2011-07-09,184116,906,O,AIRPORT,
300,LH,2402,2011-01-01,177225,906,O,AIRPORT,
300,LH,2402,2011-01-15,177663,906,O,AIRPORT,
300,LH,2402,2011-01-08,177501,906,O,AIRPORT,
300,LH,400,2011-02-26,19338,402,O,AIRPORT,
300,QF,5,2010-07-16,5492,402,O,AIRPORT,
300,UA,7,2011-05-28,17792,402,O,AIRPORT,
300,QF,5,2011-01-28,17767,402,O,AIRPORT,
300,JL,407,2011-05-13,17009,402,O,AIRPORT,
300,DL,106,2010-05-17,1716,402,O,AIRPORT,
300,LH,400,2011-02-19,18798,402,O,AIRPORT,
300,AZ,555,2011-02-16,19105,402,O,AIRPORT,
300,AZ,555,2011-02-02,18034,402,O,AIRPORT,
300,AZ,555,2011-05-18,24496,402,O,AIRPORT,
300,DL,106,2011-05-30,24838,402,O,AIRPORT,
300,JL,408,2011-11-12,47440,402,O,AIRPORT,
300,AZ,555,2011-04-13,22596,402,O,AIRPORT,
300,UA,7,2011-09-10,22603,402,O,AIRPORT,
300,UA,7,2011-08-27,21801,402,O,AIRPORT,
300,QF,5,2011-04-15,22177,402,O,AIRPORT,
300,QF,5,2011-05-13,23987,402,O,AIRPORT,
300,QF,5,2011-04-29,23145,402,O,AIRPORT,
300,QF,5,2010-10-01,10401,402,O,AIRPORT,
300,LH,400,2010-07-31,6528,402,O,AIRPORT,
300,DL,106,2010-10-04,10228,402,O,AIRPORT,
300,UA,7,2011-01-01,11211,402,O,AIRPORT,
300,AA,17,2010-10-20,11429,402,O,AIRPORT,
300,JL,407,2010-05-14,1077,402,O,AIRPORT,
300,DL,106,2010-08-02,6436,402,O,AIRPORT,
300,DL,106,2010-10-18,11042,402,O,AIRPORT,
300,AA,17,2010-09-22,9840,402,O,AIRPORT,
300,LH,400,2010-09-04,8318,402,O,AIRPORT,
300,LH,400,2010-08-28,7964,402,O,AIRPORT,
300,JL,407,2010-10-29,8418,402,O,AIRPORT,
300,AA,17,2011-01-05,16147,402,O,AIRPORT,
300,JL,407,2011-04-08,15473,402,O,AIRPORT,
300,QF,5,2010-11-12,12635,402,O,AIRPORT,
300,QF,5,2010-11-05,12593,402,O,AIRPORT,
300,DL,106,2010-11-15,12686,402,O,AIRPORT,
300,UA,7,2011-02-05,12764,402,O,AIRPORT,
300,JL,407,2011-02-25,13889,402,O,AIRPORT,
300,JL,407,2011-02-25,13853,402,O,AIRPORT,
300,QF,5,2011-10-07,33132,402,O,AIRPORT,
300,UA,941,2010-07-15,30736,402,O,AIRPORT,
300,LH,400,2011-09-10,32000,402,O,AIRPORT,
300,LH,400,2011-10-29,35383,402,O,AIRPORT,
300,DL,106,2011-11-07,34897,402,O,AIRPORT,
300,UA,941,2010-11-04,34766,402,O,AIRPORT,
300,QF,5,2011-11-04,34782,402,O,AIRPORT,
300,AA,17,2011-11-16,35908,402,O,AIRPORT,
300,JL,408,2010-10-23,33857,402,O,AIRPORT,
300,UA,941,2010-09-23,33402,402,O,AIRPORT,
300,QF,5,2010-06-11,3443,402,O,AIRPORT,
300,AZ,555,2011-06-01,25660,402,O,AIRPORT,
300,QF,5,2011-06-10,25843,402,O,AIRPORT,
300,DL,106,2010-05-31,2543,402,O,AIRPORT,
300,DL,106,2011-06-13,25992,402,O,AIRPORT,
300,UA,941,2010-06-03,29437,402,O,AIRPORT,
300,DL,106,2011-07-25,28498,402,O,AIRPORT,
300,AZ,788,2010-07-20,43535,402,O,AIRPORT,
300,UA,941,2011-07-21,44070,402,O,AIRPORT,
300,AZ,788,2010-07-20,43882,402,O,AIRPORT,
300,AZ,788,2010-06-22,42064,402,O,AIRPORT,
300,LH,401,2010-05-28,41920,402,O,AIRPORT,
300,JL,408,2011-06-11,42104,402,O,AIRPORT,
300,QF,6,2010-10-27,46383,402,O,AIRPORT,
300,QF,6,2010-09-15,44464,402,O,AIRPORT,
300,AA,17,2012-03-14,38334,402,O,AIRPORT,
300,LH,400,2011-11-12,36259,402,O,AIRPORT,
300,AZ,788,2010-06-15,41313,402,O,AIRPORT,
300,AZ,788,2010-06-08,40967,402,O,AIRPORT,
300,AA,26,2010-06-16,41183,402,O,AIRPORT,
300,AA,26,2010-06-09,41097,402,O,AIRPORT,
300,JL,408,2011-04-09,39732,402,O,AIRPORT,
300,LH,401,2011-03-25,60546,402,O,AIRPORT,
300,AA,26,2011-06-22,57769,402,O,AIRPORT,
300,AZ,788,2011-03-15,58684,402,O,AIRPORT,
300,QF,6,2011-12-07,63900,402,O,AIRPORT,
300,QF,6,2011-12-14,63950,402,O,AIRPORT,
300,QF,6,2011-11-16,63371,402,O,AIRPORT,
300,AA,26,2011-11-02,63423,402,O,AIRPORT,
300,QF,5,2010-04-30,764,402,O,AIRPORT,
300,QF,6,2012-02-22,64805,402,O,AIRPORT,
300,LH,401,2011-04-15,61818,402,O,AIRPORT,
300,AZ,788,2011-05-17,62240,402,O,AIRPORT,
300,AZ,788,2011-05-17,62500,402,O,AIRPORT,
300,AZ,788,2010-12-07,52413,402,O,AIRPORT,
300,LH,400,2010-05-01,478,402,O,AIRPORT,
300,AA,26,2010-12-08,49012,402,O,AIRPORT,
300,AA,26,2011-05-11,55943,402,O,AIRPORT,
300,AA,26,2011-03-16,53206,402,O,AIRPORT,
300,DL,1699,2011-01-31,54913,402,O,AIRPORT,
300,DL,1699,2011-09-05,68336,402,O,AIRPORT,
300,AA,64,2010-06-25,68552,402,O,AIRPORT,
300,AA,64,2010-07-02,68690,402,O,AIRPORT,
300,UA,3504,2011-02-18,68923,402,O,AIRPORT,
300,AA,26,2012-02-01,65370,402,O,AIRPORT,
300,AA,64,2010-06-04,67747,402,O,AIRPORT,
300,UA,3504,2011-10-28,85712,402,O,AIRPORT,
300,AA,64,2012-03-30,87922,402,O,AIRPORT,
300,DL,1984,2010-10-18,86782,402,O,AIRPORT,
300,AZ,788,2011-12-13,74601,402,O,AIRPORT,
300,DL,1984,2010-05-24,77550,402,O,AIRPORT,
300,AA,64,2010-09-24,71807,402,O,AIRPORT,
300,UA,3504,2011-04-29,73305,402,O,AIRPORT,
300,LH,401,2011-09-28,72731,402,O,AIRPORT,
300,DL,1984,2010-07-26,81618,402,O,AIRPORT,
300,DL,1984,2010-07-26,81341,402,O,AIRPORT,
300,AA,64,2011-09-02,84009,402,O,AIRPORT,
300,UA,3504,2011-09-28,83601,402,O,AIRPORT,
300,AZ,789,2010-06-09,79092,402,O,AIRPORT,
300,LH,402,2010-04-26,79607,402,O,AIRPORT,
300,UA,3516,2010-12-14,104218,402,O,AIRPORT,
300,LH,402,2011-06-06,104712,402,O,AIRPORT,
300,DL,1984,2011-07-25,103943,402,O,AIRPORT,
300,DL,1984,2011-08-22,105623,402,O,AIRPORT,
300,DL,1984,2011-08-15,105443,402,O,AIRPORT,
300,UA,3516,2010-11-02,101421,402,O,AIRPORT,
300,DL,1984,2011-05-23,100198,402,O,AIRPORT,
300,AZ,789,2011-05-18,100367,402,O,AIRPORT,
300,LH,402,2011-03-28,100352,402,O,AIRPORT,
300,LH,402,2011-07-18,107281,402,O,AIRPORT,
300,DL,1984,2011-10-17,108980,402,O,AIRPORT,
300,AZ,789,2011-09-14,107883,402,O,AIRPORT,
300,DL,1984,2011-10-03,108242,402,O,AIRPORT,
300,UA,3516,2010-05-18,90904,402,O,AIRPORT,
300,AZ,789,2010-11-03,88390,402,O,AIRPORT,
300,AZ,789,2011-01-12,92650,402,O,AIRPORT,
300,AZ,789,2011-02-02,93900,402,O,AIRPORT,
300,AZ,789,2010-10-27,88036,402,O,AIRPORT,
300,LH,402,2011-01-10,95458,402,O,AIRPORT,
300,DL,1984,2011-03-28,96517,402,O,AIRPORT,
300,UA,3516,2010-07-13,94508,402,O,AIRPORT,
300,AZ,789,2011-02-09,94307,402,O,AIRPORT,
300,LH,402,2011-02-28,98653,402,O,AIRPORT,
300,LH,454,2010-09-11,124049,402,O,AIRPORT,
300,LH,454,2010-12-18,128313,402,O,AIRPORT,
300,UA,3517,2010-05-03,129115,402,O,AIRPORT,
300,UA,3516,2012-01-03,127108,402,O,AIRPORT,
300,AZ,790,2010-05-26,116041,402,O,AIRPORT,
300,LH,402,2011-11-07,115230,402,O,AIRPORT,
300,AZ,790,2010-05-12,115366,402,O,AIRPORT,
300,AZ,790,2010-06-16,116959,402,O,AIRPORT,
300,AZ,790,2010-06-02,116367,402,O,AIRPORT,
300,LH,402,2011-10-10,113477,402,O,AIRPORT,
300,UA,3516,2011-05-17,113661,402,O,AIRPORT,
300,LH,402,2011-10-31,114446,402,O,AIRPORT,
300,LH,402,2011-10-24,114430,402,O,AIRPORT,
300,AZ,789,2012-03-14,113892,402,O,AIRPORT,
300,AZ,790,2010-08-25,119993,402,O,AIRPORT,
300,UA,3516,2011-09-20,121961,402,O,AIRPORT,
300,AZ,790,2010-08-11,119368,402,O,AIRPORT,
300,AZ,790,2010-07-28,118718,402,O,AIRPORT,
300,LH,455,2010-09-20,151088,402,O,AIRPORT,
300,UA,3517,2011-04-25,150863,402,O,AIRPORT,
300,LH,455,2010-12-20,154435,402,O,AIRPORT,
300,UA,3517,2011-05-23,152817,402,O,AIRPORT,
300,UA,3517,2011-06-06,153668,402,O,AIRPORT,
300,AZ,791,2010-09-16,146720,402,O,AIRPORT,
300,LH,455,2010-05-31,147130,402,O,AIRPORT,
300,AZ,791,2010-09-30,147277,402,O,AIRPORT,
300,LH,455,2010-08-02,149388,402,O,AIRPORT,
300,LH,455,2011-05-09,159269,402,O,AIRPORT,
300,UA,3517,2011-10-10,162534,402,O,AIRPORT,
300,LH,455,2011-08-01,162348,402,O,AIRPORT,
300,AZ,791,2011-11-10,161540,402,O,AIRPORT,
300,AZ,791,2011-06-16,156456,402,O,AIRPORT,
300,UA,3517,2011-07-04,155231,402,O,AIRPORT,
300,AZ,791,2011-05-19,155376,402,O,AIRPORT,
300,LH,455,2011-04-11,158301,402,O,AIRPORT,
300,AZ,791,2011-07-14,157288,402,O,AIRPORT,
300,LH,455,2011-03-07,157193,402,O,AIRPORT,
300,LH,455,2011-03-21,157667,402,O,AIRPORT,
300,UA,3517,2010-08-23,135861,402,O,AIRPORT,
300,UA,3517,2010-07-26,134330,402,O,AIRPORT,
300,AZ,790,2011-08-31,136529,402,O,AIRPORT,
300,LH,454,2011-06-25,136945,402,O,AIRPORT,
300,LH,454,2011-01-29,130357,402,O,AIRPORT,
300,AZ,790,2011-06-22,133317,402,O,AIRPORT,
300,AZ,790,2011-06-22,133370,402,O,AIRPORT,
300,LH,454,2011-10-22,142679,402,O,AIRPORT,
300,LH,454,2012-02-18,145457,402,O,AIRPORT,
300,LH,454,2011-08-20,139358,402,O,AIRPORT,
300,LH,455,2011-10-10,165334,402,O,AIRPORT,
300,LH,2462,2012-02-10,267541,402,O,AIRPORT,
300,LH,2463,2011-01-01,277053,402,O,AIRPORT,
300,LH,2463,2010-10-23,274549,402,O,AIRPORT,
300,LH,2463,2011-03-19,279943,402,O,AIRPORT,
300,LH,2463,2010-07-03,270646,402,O,AIRPORT,
300,LH,2415,2011-07-22,227203,402,O,AIRPORT,
300,LH,2415,2012-01-13,231972,402,O,AIRPORT,
300,LH,2415,2011-10-21,230344,402,O,AIRPORT,
300,LH,2415,2011-10-14,230161,402,O,AIRPORT,
300,LH,2462,2011-01-07,254880,402,O,AIRPORT,
300,LH,3577,2011-10-08,310534,402,O,AIRPORT,
300,LH,2463,2011-12-17,289669,402,O,AIRPORT,
300,LH,2463,2011-11-26,289297,402,O,AIRPORT,
300,LH,2463,2011-06-18,283161,402,O,AIRPORT,
300,LH,2463,2011-05-14,281740,402,O,AIRPORT,
300,LH,2463,2011-09-17,286505,402,O,AIRPORT,
300,LH,3577,2011-03-19,302731,402,O,AIRPORT,
300,LH,3577,2011-07-16,307004,402,O,AIRPORT,
300,LH,3577,2010-07-24,294114,402,O,AIRPORT,
300,LH,3577,2011-01-22,300785,402,O,AIRPORT,
300,LH,3577,2010-12-11,299146,402,O,AIRPORT,
300,LH,2402,2011-11-05,188682,402,O,AIRPORT,
300,LH,2407,2010-09-25,196295,402,O,AIRPORT,
300,LH,2415,2010-09-17,217692,402,O,AIRPORT,
300,LH,2415,2011-03-18,223369,402,O,AIRPORT,
300,LH,2407,2011-10-22,210813,402,O,AIRPORT,
300,LH,2407,2011-09-10,209138,402,O,AIRPORT,
300,LH,2415,2010-08-06,216455,402,O,AIRPORT,
300,QF,5,2011-02-25,19483,2225,O,AIRPORT,
300,AA,17,2011-02-23,19289,2225,O,AIRPORT,
300,UA,7,2011-08-20,21322,2225,O,AIRPORT,
300,JL,407,2010-06-04,2134,2225,O,AIRPORT,
300,LH,400,2011-03-26,21350,2225,O,AIRPORT,
300,UA,7,2010-08-21,5314,2225,O,AIRPORT,
300,UA,7,2011-08-27,21688,2225,O,AIRPORT,
300,LH,400,2011-03-19,20807,2225,O,AIRPORT,
300,AZ,555,2011-01-19,17198,2225,O,AIRPORT,
300,AZ,555,2011-02-16,19030,2225,O,AIRPORT,
300,AA,26,2010-12-08,48942,2225,O,AIRPORT,
300,AA,17,2010-07-07,4870,2225,O,AIRPORT,
300,JL,407,2011-10-21,24351,2225,O,AIRPORT,
300,JL,407,2011-10-28,24700,2225,O,AIRPORT,
300,AA,17,2010-07-07,4807,2225,O,AIRPORT,
300,UA,7,2011-09-03,22378,2225,O,AIRPORT,
300,AZ,555,2011-04-20,22804,2225,O,AIRPORT,
300,AZ,555,2011-04-06,22115,2225,O,AIRPORT,
300,UA,7,2011-10-01,23808,2225,O,AIRPORT,
300,AZ,555,2010-08-11,7006,2225,O,AIRPORT,
300,QF,5,2010-08-13,7265,2225,O,AIRPORT,
300,QF,5,2010-08-13,7199,2225,O,AIRPORT,
300,LH,400,2010-09-25,9643,2225,O,AIRPORT,
300,UA,7,2010-11-27,9712,2225,O,AIRPORT,
300,DL,106,2010-08-23,7809,2225,O,AIRPORT,
300,AZ,555,2010-09-08,8990,2225,O,AIRPORT,
300,JL,407,2010-10-29,8424,2225,O,AIRPORT,
300,JL,407,2010-11-05,8650,2225,O,AIRPORT,
300,AZ,555,2010-12-15,15020,2225,O,AIRPORT,
300,QF,5,2010-12-03,14242,2225,O,AIRPORT,
300,UA,7,2011-03-19,14623,2225,O,AIRPORT,
300,DL,106,2011-01-10,16297,2225,O,AIRPORT,
300,UA,7,2011-04-23,16276,2225,O,AIRPORT,
300,JL,407,2011-04-22,16117,2225,O,AIRPORT,
300,DL,106,2011-01-03,16111,2225,O,AIRPORT,
300,JL,407,2011-04-15,15775,2225,O,AIRPORT,
300,AZ,555,2010-12-29,15861,2225,O,AIRPORT,
300,JL,407,2011-04-15,15915,2225,O,AIRPORT,
300,JL,407,2011-01-28,12511,2225,O,AIRPORT,
300,JL,407,2011-01-28,12652,2225,O,AIRPORT,
300,QF,5,2010-11-12,12638,2225,O,AIRPORT,
300,LH,400,2010-11-06,12359,2225,O,AIRPORT,
300,QF,5,2010-11-05,12190,2225,O,AIRPORT,
300,AZ,555,2010-12-01,14083,2225,O,AIRPORT,
300,AZ,555,2011-09-21,32538,2225,O,AIRPORT,
300,AZ,555,2011-09-21,32558,2225,O,AIRPORT,
300,QF,5,2011-09-23,32187,2225,O,AIRPORT,
300,DL,106,2011-09-05,31082,2225,O,AIRPORT,
300,AA,17,2011-08-31,31206,2225,O,AIRPORT,
300,AZ,555,2011-08-31,31410,2225,O,AIRPORT,
300,QF,5,2011-11-18,35788,2225,O,AIRPORT,
300,DL,106,2011-12-12,36064,2225,O,AIRPORT,
300,AA,17,2011-10-12,33642,2225,O,AIRPORT,
300,AA,17,2011-10-26,34448,2225,O,AIRPORT,
300,JL,408,2010-11-20,34651,2225,O,AIRPORT,
300,UA,7,2012-01-21,26928,2225,O,AIRPORT,
300,AZ,555,2011-06-29,27127,2225,O,AIRPORT,
300,DL,106,2011-06-27,26581,2225,O,AIRPORT,
300,DL,106,2011-07-11,27721,2225,O,AIRPORT,
300,DL,106,2011-06-06,25573,2225,O,AIRPORT,
300,AA,17,2011-06-15,26238,2225,O,AIRPORT,
300,UA,941,2010-06-17,29774,2225,O,AIRPORT,
300,AZ,555,2011-08-10,29886,2225,O,AIRPORT,
300,JL,408,2010-06-26,29574,2225,O,AIRPORT,
300,UA,941,2010-07-08,30605,2225,O,AIRPORT,
300,AZ,555,2011-08-10,29986,2225,O,AIRPORT,
300,DL,106,2011-07-18,28289,2225,O,AIRPORT,
300,DL,1699,2010-07-26,43337,2225,O,AIRPORT,
300,AZ,788,2010-07-13,43137,2225,O,AIRPORT,
300,AA,17,2010-06-23,4310,2225,O,AIRPORT,
300,DL,1699,2010-08-02,43612,2225,O,AIRPORT,
300,JL,408,2011-10-15,46516,2225,O,AIRPORT,
300,AA,26,2010-08-25,44522,2225,O,AIRPORT,
300,UA,941,2011-01-20,37698,2225,O,AIRPORT,
300,AA,17,2012-03-14,38416,2225,O,AIRPORT,
300,AZ,788,2010-06-01,40630,2225,O,AIRPORT,
300,DL,106,2010-06-28,4139,2225,O,AIRPORT,
300,JL,408,2011-03-19,38929,2225,O,AIRPORT,
300,DL,1699,2010-05-17,38965,2225,O,AIRPORT,
300,AZ,788,2010-05-04,39090,2225,O,AIRPORT,
300,JL,408,2011-03-19,39045,2225,O,AIRPORT,
300,DL,1699,2011-04-11,59541,2225,O,AIRPORT,
300,LH,401,2011-02-18,58480,2225,O,AIRPORT,
300,QF,6,2011-11-16,63419,2225,O,AIRPORT,
300,LH,401,2011-05-13,63777,2225,O,AIRPORT,
300,QF,6,2011-10-12,61843,2225,O,AIRPORT,
300,LH,401,2011-04-01,61313,2225,O,AIRPORT,
300,UA,3504,2010-11-12,62963,2225,O,AIRPORT,
300,AZ,788,2011-05-17,62457,2225,O,AIRPORT,
300,AA,26,2011-10-19,62789,2225,O,AIRPORT,
300,AA,26,2011-02-02,51389,2225,O,AIRPORT,
300,QF,6,2011-02-09,51156,2225,O,AIRPORT,
300,AZ,0789,2011-01-05,00092079,00001052,O,AIRPORT,0000
300,UA,3516,2010-06-15,00092601,00001052,O,AIRPORT,0000
300,LH,0402,2010-12-13,00093956,00001052,O,AIRPORT,0000
300,AZ,0789,2011-02-02,00094100,00001052,O,AIRPORT,0000
300,LH,0402,2011-02-21,00098158,00001052,O,AIRPORT,0000
300,UA,3516,2010-10-26,00100934,00001052,O,AIRPORT,0000
300,AZ,0791,2010-09-09,00146529,00001052,O,AIRPORT,0000
300,LH,0455,2010-05-17,00146573,00001052,O,AIRPORT,0000
300,LH,0454,2011-12-24,00144910,00001052,O,AIRPORT,0000
300,AZ,0791,2010-12-09,00149597,00001052,O,AIRPORT,0000
300,AZ,0791,2010-10-28,00148321,00001052,O,AIRPORT,0000
300,LH,0455,2010-06-21,00147891,00001052,O,AIRPORT,0000
300,AZ,0790,2011-10-26,00138755,00001052,O,AIRPORT,0000
300,UA,3517,2010-10-25,00139691,00001052,O,AIRPORT,0000
300,UA,3517,2010-12-06,00142351,00001052,O,AIRPORT,0000
300,AZ,0791,2010-05-27,00142840,00001052,O,AIRPORT,0000
300,LH,0455,2011-05-16,00159648,00001052,O,AIRPORT,0000
300,LH,0455,2011-04-04,00158150,00001052,O,AIRPORT,0000
300,UA,3517,2011-10-17,00162776,00001052,O,AIRPORT,0000
300,LH,0455,2011-06-20,00160807,00001052,O,AIRPORT,0000
300,UA,3517,2011-09-19,00160723,00001052,O,AIRPORT,0000
300,UA,3517,2011-09-19,00160395,00001052,O,AIRPORT,0000
300,AZ,0791,2011-02-24,00152425,00001052,O,AIRPORT,0000
300,LH,0455,2010-10-11,00151769,00001052,O,AIRPORT,0000
300,AZ,0791,2011-06-16,00156504,00001052,O,AIRPORT,0000
300,AZ,0790,2010-09-15,00120779,00001052,O,AIRPORT,0000
300,UA,3516,2011-09-06,00120998,00001052,O,AIRPORT,0000
300,LH,0454,2010-09-11,00124038,00001052,O,AIRPORT,0000
300,LH,0454,2010-09-11,00124255,00001052,O,AIRPORT,0000
300,AZ,0790,2010-05-19,00115775,00001052,O,AIRPORT,0000
300,AZ,0789,2012-04-25,00114235,00001052,O,AIRPORT,0000
300,LH,0454,2010-05-15,00118834,00001052,O,AIRPORT,0000
300,AZ,0790,2010-08-25,00119888,00001052,O,AIRPORT,0000
300,AZ,0790,2010-08-25,00119889,00001052,O,AIRPORT,0000
300,UA,3517,2010-07-26,00134320,00001052,O,AIRPORT,0000
300,AZ,0790,2011-08-10,00135402,00001052,O,AIRPORT,0000
300,AZ,0790,2011-07-27,00134823,00001052,O,AIRPORT,0000
300,LH,0454,2011-03-19,00132545,00001052,O,AIRPORT,0000
300,AZ,0790,2011-10-19,00138456,00001052,O,AIRPORT,0000
300,LH,0454,2011-01-29,00130327,00001052,O,AIRPORT,0000
300,LH,0455,2011-11-07,00166287,00001052,O,AIRPORT,0000
300,UA,3517,2012-01-30,00165896,00001052,O,AIRPORT,0000
300,LH,2407,2010-09-18,00196082,00001052,O,AIRPORT,0000
300,LH,2407,2010-10-30,00197489,00001052,O,AIRPORT,0000
300,LH,2402,2011-07-30,00184806,00001052,O,AIRPORT,0000
300,LH,2402,2010-08-14,00172271,00001052,O,AIRPORT,0000
300,LH,0455,2012-02-06,00167707,00001052,O,AIRPORT,0000
300,LH,2402,2010-05-08,00168789,00001052,O,AIRPORT,0000
300,LH,2402,2011-03-05,00179424,00001052,O,AIRPORT,0000
300,LH,2402,2011-03-05,00179520,00001052,O,AIRPORT,0000
300,LH,2462,2011-11-04,00266264,00001052,O,AIRPORT,0000
300,LH,2462,2011-06-24,00261006,00001052,O,AIRPORT,0000
300,LH,2462,2011-07-29,00262078,00001052,O,AIRPORT,0000
300,LH,2436,2010-09-18,00235529,00001052,O,AIRPORT,0000
300,LH,2436,2010-10-16,00236158,00001052,O,AIRPORT,0000
300,LH,2436,2012-01-28,00245371,00001052,O,AIRPORT,0000
300,LH,2436,2011-01-01,00237686,00001052,O,AIRPORT,0000
300,LH,2436,2011-01-01,00237687,00001052,O,AIRPORT,0000
300,LH,2436,2011-06-11,00241060,00001052,O,AIRPORT,0000
300,LH,3577,2010-05-01,00291185,00001052,O,AIRPORT,0000
300,LH,2463,2011-12-03,00289451,00001052,O,AIRPORT,0000
300,LH,3577,2010-10-09,00296990,00001052,O,AIRPORT,0000
300,LH,3577,2011-03-12,00302397,00001052,O,AIRPORT,0000
300,LH,3577,2011-04-23,00303882,00001052,O,AIRPORT,0000
300,LH,3577,2011-07-23,00307071,00001052,O,AIRPORT,0000
300,LH,3577,2011-06-18,00305915,00001052,O,AIRPORT,0000
300,LH,2407,2011-11-19,00211913,00001052,O,AIRPORT,0000
300,LH,2415,2011-04-15,00224079,00001052,O,AIRPORT,0000
300,LH,2415,2011-04-29,00224714,00001052,O,AIRPORT,0000
300,LH,2415,2010-09-10,00217508,00001052,O,AIRPORT,0000
300,LH,2415,2010-11-05,00219165,00001052,O,AIRPORT,0000
300,LH,2415,2010-11-26,00219932,00001052,O,AIRPORT,0000
300,LH,2407,2011-06-04,00205395,00001052,O,AIRPORT,0000
300,LH,2407,2011-06-04,00205321,00001052,O,AIRPORT,0000
300,LH,2407,2011-06-04,00205301,00001052,O,AIRPORT,0000
300,AZ,0555,2011-01-12,00016640,00003066,O,AIRPORT,0000
300,AZ,0555,2010-12-22,00015552,00003066,O,AIRPORT,0000
300,DL,0106,2010-12-27,00015298,00003066,O,AIRPORT,0000
300,AZ,0555,2011-02-02,00018228,00003066,O,AIRPORT,0000
300,UA,0007,2011-02-26,00013632,00003066,O,AIRPORT,0000
300,LH,0400,2010-11-13,00012647,00003066,O,AIRPORT,0000
300,UA,0007,2011-03-26,00015022,00003066,O,AIRPORT,0000
300,LH,0400,2011-04-16,00022492,00003066,O,AIRPORT,0000
300,QF,0005,2011-04-01,00021506,00003066,O,AIRPORT,0000
300,LH,0400,2011-04-23,00022972,00003066,O,AIRPORT,0000
300,QF,0005,2011-02-11,00018269,00003066,O,AIRPORT,0000
300,AA,0017,2011-03-16,00020707,00003066,O,AIRPORT,0000
300,AA,0017,2011-03-16,00020706,00003066,O,AIRPORT,0000
300,UA,0007,2011-07-16,00019872,00003066,O,AIRPORT,0000
300,UA,0007,2011-07-30,00020482,00003066,O,AIRPORT,0000
300,UA,0007,2011-07-23,00020232,00003066,O,AIRPORT,0000
300,DL,0106,2010-07-05,00004445,00003066,O,AIRPORT,0000
300,AZ,0555,2010-06-09,00003304,00003066,O,AIRPORT,0000
300,LH,0400,2010-07-24,00005690,00003066,O,AIRPORT,0000
300,AA,0017,2010-06-30,00004717,00003066,O,AIRPORT,0000
300,JL,0407,2010-08-13,00004995,00003066,O,AIRPORT,0000
300,AZ,0555,2010-05-26,00002317,00003066,O,AIRPORT,0000
300,AZ,0555,2010-10-13,00011015,00003066,O,AIRPORT,0000
300,DL,0106,2010-10-11,00010753,00003066,O,AIRPORT,0000
300,AZ,0555,2010-10-06,00010792,00003066,O,AIRPORT,0000
300,AA,0017,2010-08-18,00007422,00003066,O,AIRPORT,0000
300,AA,0017,2010-08-11,00007357,00003066,O,AIRPORT,0000
300,JL,0407,2010-09-10,00006454,00003066,O,AIRPORT,0000
300,UA,0007,2010-11-13,00009077,00003066,O,AIRPORT,0000
300,LH,0400,2010-08-28,00008064,00003066,O,AIRPORT,0000
300,DL,1699,2010-06-14,00040728,00003066,O,AIRPORT,0000
300,DL,1699,2010-05-31,00039575,00003066,O,AIRPORT,0000
300,AA,0026,2010-05-19,00040123,00003066,O,AIRPORT,0000
300,QF,0006,2010-06-02,00039889,00003066,O,AIRPORT,0000
300,UA,0941,2011-03-24,00039954,00003066,O,AIRPORT,0000
300,LH,0401,2010-06-04,00042331,00003066,O,AIRPORT,0000
300,AZ,0788,2010-06-29,00042228,00003066,O,AIRPORT,0000
300,DL,1699,2010-06-28,00041612,00003066,O,AIRPORT,0000
300,UA,0941,2011-01-20,00037489,00003066,O,AIRPORT,0000
300,DL,0106,2012-01-16,00036623,00003066,O,AIRPORT,0000
300,QF,0005,2011-12-30,00036725,00003066,O,AIRPORT,0000
300,AA,0017,2011-12-07,00036587,00003066,O,AIRPORT,0000
300,AA,0017,2011-12-07,00036586,00003066,O,AIRPORT,0000
300,UA,0941,2010-12-23,00036538,00003066,O,AIRPORT,0000
300,UA,0941,2010-12-23,00036537,00003066,O,AIRPORT,0000
300,DL,1699,2010-05-17,00038879,00003066,O,AIRPORT,0000
300,LH,0401,2010-08-13,00046593,00003066,O,AIRPORT,0000
300,AA,0026,2010-10-20,00046857,00003066,O,AIRPORT,0000
300,AZ,0788,2010-09-14,00046965,00003066,O,AIRPORT,0000
300,LH,0401,2010-08-13,00046793,00003066,O,AIRPORT,0000
300,LH,0401,2010-07-23,00045588,00003066,O,AIRPORT,0000
300,UA,0941,2011-10-27,00048157,00003066,O,AIRPORT,0000
300,UA,0941,2011-11-03,00048283,00003066,O,AIRPORT,0000
300,AZ,0788,2010-09-14,00047185,00003066,O,AIRPORT,0000
300,UA,0941,2011-10-13,00047564,00003066,O,AIRPORT,0000
300,QF,0006,2010-08-25,00043711,00003066,O,AIRPORT,0000
300,LH,0401,2010-06-11,00042561,00003066,O,AIRPORT,0000
300,LH,0401,2010-06-18,00043176,00003066,O,AIRPORT,0000
300,LH,0401,2010-06-11,00042902,00003066,O,AIRPORT,0000
300,AA,0026,2010-07-21,00042929,00003066,O,AIRPORT,0000
300,QF,0006,2010-09-29,00045021,00003066,O,AIRPORT,0000
300,UA,0941,2011-08-28,00045477,00003066,O,AIRPORT,0000
300,LH,0401,2010-07-23,00045253,00003066,O,AIRPORT,0000
300,QF,0005,2011-07-15,00027827,00003066,O,AIRPORT,0000
300,AA,0017,2011-08-10,00029846,00003066,O,AIRPORT,0000
300,AA,0017,2011-08-17,00030068,00003066,O,AIRPORT,0000
300,UA,0941,2010-06-24,00030181,00003066,O,AIRPORT,0000
300,AZ,0555,2011-07-27,00029051,00003066,O,AIRPORT,0000
300,UA,0941,2010-06-03,00029407,00003066,O,AIRPORT,0000
300,JL,0407,2011-11-11,00025174,00003066,O,AIRPORT,0000
300,UA,0007,2011-11-12,00025794,00003066,O,AIRPORT,0000
300,UA,0007,2011-11-05,00025498,00003066,O,AIRPORT,0000
300,DL,0106,2011-10-24,00034282,00003066,O,AIRPORT,0000
300,JL,0408,2010-11-20,00034708,00003066,O,AIRPORT,0000
300,UA,0941,2010-09-30,00033618,00003066,O,AIRPORT,0000
300,AA,0017,2011-10-05,00033408,00003066,O,AIRPORT,0000
300,QF,0005,2011-10-14,00033871,00003066,O,AIRPORT,0000
300,UA,0941,2010-10-07,00033862,00003066,O,AIRPORT,0000
300,UA,0941,2010-10-07,00033861,00003066,O,AIRPORT,0000
300,AA,0017,2011-11-23,00036129,00003066,O,AIRPORT,0000
300,DL,0106,2011-09-12,00031709,00003066,O,AIRPORT,0000
300,UA,0941,2010-07-22,00031128,00003066,O,AIRPORT,0000
300,AA,0026,2011-11-16,00064018,00003066,O,AIRPORT,0000
300,LH,0401,2011-05-27,00064536,00003066,O,AIRPORT,0000
300,LH,0401,2011-05-27,00064537,00003066,O,AIRPORT,0000
300,DL,1699,2011-06-27,00064317,00003066,O,AIRPORT,0000
300,LH,0401,2011-01-21,00056740,00003066,O,AIRPORT,0000
300,UA,3504,2010-09-10,00059143,00003066,O,AIRPORT,0000
300,AZ,0788,2011-03-29,00059313,00003066,O,AIRPORT,0000
300,QF,0006,2011-08-17,00059230,00003066,O,AIRPORT,0000
300,QF,0006,2011-08-10,00058963,00003066,O,AIRPORT,0000
300,UA,3504,2010-08-13,00057553,00003066,O,AIRPORT,0000
300,UA,3504,2010-08-27,00058316,00003066,O,AIRPORT,0000
300,AZ,0788,2010-12-14,00052957,00003066,O,AIRPORT,0000
300,DL,1699,2011-01-03,00053198,00003066,O,AIRPORT,0000
300,UA,3504,2010-07-02,00054835,00003066,O,AIRPORT,0000
300,AA,0026,2011-04-20,00054803,00003066,O,AIRPORT,0000
300,DL,1699,2011-02-07,00055443,00003066,O,AIRPORT,0000
300,LH,0401,2010-10-01,00049839,00003066,O,AIRPORT,0000
300,AZ,0788,2011-01-04,00054294,00003066,O,AIRPORT,0000
300,QF,0006,2011-04-13,00053814,00003066,O,AIRPORT,0000
300,DL,1699,2011-01-10,00053772,00003066,O,AIRPORT,0000
300,DL,1699,2011-01-17,00054123,00003066,O,AIRPORT,0000
300,AZ,0788,2011-01-04,00054163,00003066,O,AIRPORT,0000
300,UA,3504,2011-04-15,00072756,00003066,O,AIRPORT,0000
300,UA,3504,2011-04-29,00073423,00003066,O,AIRPORT,0000
300,LH,0401,2011-09-30,00073460,00003066,O,AIRPORT,0000
300,AA,0064,2011-01-14,00075707,00003066,O,AIRPORT,0000
300,AZ,0788,2012-04-03,00075866,00003066,O,AIRPORT,0000
300,AA,0064,2011-01-21,00075885,00003066,O,AIRPORT,0000
300,LH,0401,2011-10-28,00075009,00003066,O,AIRPORT,0000
300,DL,1699,2012-03-26,00075281,00003066,O,AIRPORT,0000
300,AA,0064,2010-05-14,00066965,00003066,O,AIRPORT,0000
300,AZ,0788,2011-07-05,00065244,00003066,O,AIRPORT,0000
300,DL,1699,2011-08-01,00066481,00003066,O,AIRPORT,0000
300,AZ,0788,2011-07-19,00066453,00003066,O,AIRPORT,0000
300,UA,3504,2011-07-15,00078129,00003066,O,AIRPORT,0000
300,AA,0064,2011-04-15,00078859,00003066,O,AIRPORT,0000
300,DL,1984,2010-05-24,00077725,00003066,O,AIRPORT,0000
300,AZ,0789,2010-06-23,00080286,00003066,O,AIRPORT,0000
300,AZ,0789,2010-06-16,00079824,00003066,O,AIRPORT,0000
300,LH,0402,2010-08-02,00085454,00003066,O,AIRPORT,0000
300,AZ,0789,2010-10-27,00087908,00003066,O,AIRPORT,0000
300,UA,3504,2011-11-04,00086320,00003066,O,AIRPORT,0000
300,AA,0064,2011-09-02,00084004,00003066,O,AIRPORT,0000
300,DL,1984,2011-08-22,00105567,00003066,O,AIRPORT,0000
300,DL,1984,2011-09-05,00106707,00003066,O,AIRPORT,0000
300,DL,1984,2011-06-20,00101733,00003066,O,AIRPORT,0000
300,AZ,0789,2011-06-29,00103200,00003066,O,AIRPORT,0000
300,AZ,0789,2011-10-26,00110602,00003066,O,AIRPORT,0000
300,DL,1984,2011-10-10,00108749,00003066,O,AIRPORT,0000
300,UA,3516,2011-02-15,00108043,00003066,O,AIRPORT,0000
300,UA,3516,2011-03-22,00110203,00003066,O,AIRPORT,0000
300,UA,3516,2011-03-22,00110026,00003066,O,AIRPORT,0000
300,UA,3516,2010-06-22,00093093,00003066,O,AIRPORT,0000
300,UA,3516,2010-05-18,00091036,00003066,O,AIRPORT,0000
300,AZ,0789,2010-12-08,00090677,00003066,O,AIRPORT,0000
300,DL,1984,2010-12-20,00090723,00003066,O,AIRPORT,0000
300,DL,1984,2010-12-20,00090722,00003066,O,AIRPORT,0000
300,UA,3516,2010-06-08,00092205,00003066,O,AIRPORT,0000
300,LH,0402,2010-11-08,00091667,00003066,O,AIRPORT,0000
300,LH,0402,2010-09-20,00088769,00003066,O,AIRPORT,0000
300,LH,0402,2010-10-04,00089373,00003066,O,AIRPORT,0000
300,UA,3516,2010-08-24,00097130,00003066,O,AIRPORT,0000
300,AZ,0789,2011-03-30,00097410,00003066,O,AIRPORT,0000
300,DL,1984,2011-03-21,00096079,00003066,O,AIRPORT,0000
300,LH,0402,2011-01-10,00095668,00003066,O,AIRPORT,0000
300,LH,0402,2011-03-28,00100273,00003066,O,AIRPORT,0000
300,UA,3516,2010-09-28,00099366,00003066,O,AIRPORT,0000
300,LH,0402,2011-03-07,00099116,00003066,O,AIRPORT,0000
300,UA,3516,2010-07-20,00094973,00003066,O,AIRPORT,0000
300,AZ,0789,2011-02-23,00095499,00003066,O,AIRPORT,0000
300,AZ,0789,2012-03-21,00113977,00003066,O,AIRPORT,0000
300,LH,0402,2011-10-17,00113788,00003066,O,AIRPORT,0000
300,LH,0455,2010-06-14,00147675,00003066,O,AIRPORT,0000
300,UA,3517,2011-03-14,00148309,00003066,O,AIRPORT,0000
300,LH,0455,2010-07-19,00148942,00003066,O,AIRPORT,0000
300,UA,3517,2010-11-08,00140666,00003066,O,AIRPORT,0000
300,UA,3517,2010-12-20,00143380,00003066,O,AIRPORT,0000
300,LH,0454,2011-12-03,00144386,00003066,O,AIRPORT,0000
300,AZ,0791,2010-07-08,00144286,00003066,O,AIRPORT,0000
300,LH,0455,2011-05-09,00159297,00003066,O,AIRPORT,0000
300,AZ,0791,2011-09-15,00159629,00003066,O,AIRPORT,0000
300,AZ,0791,2011-10-20,00160793,00003066,O,AIRPORT,0000
300,UA,3517,2011-09-19,00160702,00003066,O,AIRPORT,0000
300,UA,3517,2011-09-28,00161418,00003066,O,AIRPORT,0000
300,UA,3517,2011-07-25,00156517,00003066,O,AIRPORT,0000
300,AZ,0790,2010-09-08,00120608,00003066,O,AIRPORT,0000
300,UA,3516,2011-09-13,00121261,00003066,O,AIRPORT,0000
300,UA,3516,2011-11-01,00124748,00003066,O,AIRPORT,0000
300,LH,0402,2011-11-21,00115754,00003066,O,AIRPORT,0000
300,LH,0402,2011-10-31,00114528,00003066,O,AIRPORT,0000
300,LH,0402,2011-10-24,00114319,00003066,O,AIRPORT,0000
300,UA,3516,2011-06-21,00115563,00003066,O,AIRPORT,0000
300,LH,0454,2010-05-08,00118543,00003066,O,AIRPORT,0000
300,AZ,0790,2010-07-14,00118118,00003066,O,AIRPORT,0000
300,AZ,0790,2011-07-13,00134184,00003066,O,AIRPORT,0000
300,AZ,0790,2011-07-06,00133927,00003066,O,AIRPORT,0000
300,LH,0454,2011-05-28,00135588,00003066,O,AIRPORT,0000
300,UA,3516,2011-12-27,00126935,00003066,O,AIRPORT,0000
300,LH,0454,2011-01-22,00130074,00003066,O,AIRPORT,0000
300,LH,0454,2011-01-22,00130075,00003066,O,AIRPORT,0000
300,LH,0454,2011-02-05,00130528,00003066,O,AIRPORT,0000
300,UA,3517,2011-10-24,00163305,00003066,O,AIRPORT,0000
300,LH,2402,2011-10-22,00188389,00003066,O,AIRPORT,0000
300,LH,2402,2011-10-08,00187687,00003066,O,AIRPORT,0000
300,LH,2402,2011-08-06,00185107,00003066,O,AIRPORT,0000
300,LH,2402,2011-05-07,00181676,00003066,O,AIRPORT,0000
300,LH,2402,2011-05-07,00181675,00003066,O,AIRPORT,0000
300,LH,2407,2010-07-03,00193189,00003066,O,AIRPORT,0000
300,LH,2462,2011-02-04,00256055,00003066,O,AIRPORT,0000
300,LH,2462,2011-04-15,00258383,00003066,O,AIRPORT,0000
300,LH,2463,2010-05-29,00269382,00003066,O,AIRPORT,0000
300,LH,2463,2010-06-05,00269589,00003066,O,AIRPORT,0000
300,LH,2462,2011-08-28,00263364,00003066,O,AIRPORT,0000
300,LH,2462,2011-07-22,00262013,00003066,O,AIRPORT,0000
300,LH,2436,2010-10-30,00236393,00003066,O,AIRPORT,0000
300,LH,2436,2010-12-18,00237502,00003066,O,AIRPORT,0000
300,LH,2436,2010-09-18,00235507,00003066,O,AIRPORT,0000
300,LH,2415,2011-08-19,00228022,00003066,O,AIRPORT,0000
300,LH,2415,2011-11-04,00230932,00003066,O,AIRPORT,0000
300,LH,2463,2011-09-03,00286181,00003066,O,AIRPORT,0000
300,LH,3577,2011-10-15,00310781,00003066,O,AIRPORT,0000
300,LH,3577,2011-10-01,00310151,00003066,O,AIRPORT,0000
300,LH,2463,2010-07-17,00271031,00003066,O,AIRPORT,0000
300,LH,2463,2010-09-25,00273489,00003066,O,AIRPORT,0000
300,LH,3577,2011-05-14,00304659,00003066,O,AIRPORT,0000
300,LH,2407,2011-02-26,00201732,00003066,O,AIRPORT,0000
300,LH,2407,2011-03-05,00201981,00003066,O,AIRPORT,0000
300,LH,2415,2010-04-23,00213209,00003066,O,AIRPORT,0000
300,LH,2415,2010-05-21,00213993,00003066,O,AIRPORT,0000
300,LH,2407,2011-09-28,00209918,00003066,O,AIRPORT,0000
300,LH,2407,2011-08-28,00208469,00003066,O,AIRPORT,0000
300,LH,2415,2011-03-18,00223345,00003066,O,AIRPORT,0000
300,LH,2415,2011-05-13,00225018,00003066,O,AIRPORT,0000
300,LH,2407,2011-06-04,00205351,00003066,O,AIRPORT,0000
300,AA,17,2011-03-02,19763,3722,O,AIRPORT,
300,DL,106,2011-04-04,21683,3722,O,AIRPORT,
300,AZ,555,2010-07-14,5282,3722,O,AIRPORT,
300,AZ,555,2011-01-26,17614,3722,O,AIRPORT,
300,AZ,555,2011-01-26,17697,3722,O,AIRPORT,
300,UA,7,2011-05-07,16746,3722,O,AIRPORT,
300,JL,407,2011-05-20,17327,3722,O,AIRPORT,
300,UA,7,2011-06-25,18921,3722,O,AIRPORT,
300,DL,106,2011-02-07,18275,3722,O,AIRPORT,
300,LH,400,2011-05-14,24273,3722,O,AIRPORT,
300,DL,106,2011-05-23,24783,3722,O,AIRPORT,
300,AZ,555,2011-05-18,24812,3722,O,AIRPORT,
300,AA,17,2011-05-18,24641,3722,O,AIRPORT,
300,JL,407,2010-08-06,4708,3722,O,AIRPORT,
300,UA,941,2011-11-03,48211,3722,O,AIRPORT,
300,AZ,788,2010-09-28,47959,3722,O,AIRPORT,
300,QF,5,2011-04-08,22032,3722,O,AIRPORT,
300,QF,5,2010-07-09,5202,3722,O,AIRPORT,
300,UA,7,2010-06-12,2394,3722,O,AIRPORT,
300,AZ,555,2011-04-27,23386,3722,O,AIRPORT,
300,UA,7,2010-10-09,7676,3722,O,AIRPORT,
300,AA,17,2010-10-13,11115,3722,O,AIRPORT,
300,JL,407,2010-12-17,10701,3722,O,AIRPORT,
300,DL,106,2010-10-18,11028,3722,O,AIRPORT,
300,JL,407,2010-11-19,9519,3722,O,AIRPORT,
300,AZ,555,2010-09-22,9614,3722,O,AIRPORT,
300,AZ,555,2010-09-15,9256,3722,O,AIRPORT,
300,AZ,555,2010-08-25,8111,3722,O,AIRPORT,
300,UA,7,2010-12-04,10097,3722,O,AIRPORT,
300,DL,106,2010-08-30,7891,3722,O,AIRPORT,
300,LH,400,2010-09-11,9030,3722,O,AIRPORT,
300,LH,400,2010-09-11,8957,3722,O,AIRPORT,
300,UA,7,2010-10-30,8465,3722,O,AIRPORT,
300,DL,106,2011-01-17,16654,3722,O,AIRPORT,
300,DL,106,2010-11-01,12099,3722,O,AIRPORT,
300,UA,941,2010-08-19,32182,3722,O,AIRPORT,
300,QF,5,2011-10-07,33251,3722,O,AIRPORT,
300,QF,5,2010-06-11,3282,3722,O,AIRPORT,
300,JL,408,2010-07-31,30777,3722,O,AIRPORT,
300,DL,106,2010-06-14,3194,3722,O,AIRPORT,
300,UA,941,2010-11-11,35085,3722,O,AIRPORT,
300,DL,106,2011-11-07,35314,3722,O,AIRPORT,
300,AA,17,2011-10-26,34739,3722,O,AIRPORT,
300,AZ,555,2011-11-02,35004,3722,O,AIRPORT,
300,UA,941,2010-12-09,35979,3722,O,AIRPORT,
300,AA,17,2011-11-09,35543,3722,O,AIRPORT,
300,AA,17,2011-11-09,35418,3722,O,AIRPORT,
300,UA,941,2010-10-07,33871,3722,O,AIRPORT,
300,UA,941,2010-10-07,33872,3722,O,AIRPORT,
300,LH,400,2010-06-12,3411,3722,O,AIRPORT,
300,LH,400,2011-06-25,26761,3722,O,AIRPORT,
300,LH,400,2011-06-25,26762,3722,O,AIRPORT,
300,UA,941,2010-05-06,28453,3722,O,AIRPORT,
300,DL,106,2011-07-25,28697,3722,O,AIRPORT,
300,AA,26,2010-08-04,43498,3722,O,AIRPORT,
300,LH,401,2010-07-02,43869,3722,O,AIRPORT,
300,LH,400,2010-06-26,4207,3722,O,AIRPORT,
300,JL,408,2011-06-18,42118,3722,O,AIRPORT,
300,AZ,788,2010-06-15,41693,3722,O,AIRPORT,
300,LH,401,2010-06-11,42844,3722,O,AIRPORT,
300,QF,6,2010-08-04,42765,3722,O,AIRPORT,
300,QF,6,2010-08-04,42766,3722,O,AIRPORT,
300,DL,1699,2010-07-19,42828,3722,O,AIRPORT,
300,LH,401,2010-06-04,42310,3722,O,AIRPORT,
300,AA,26,2010-10-06,46160,3722,O,AIRPORT,
300,QF,5,2011-05-27,24971,3722,O,AIRPORT,
300,QF,5,2011-05-27,24970,3722,O,AIRPORT,
300,QF,6,2010-10-13,45819,3722,O,AIRPORT,
300,QF,6,2010-11-03,46798,3722,O,AIRPORT,
300,UA,941,2011-09-15,46376,3722,O,AIRPORT,
300,LH,400,2010-07-03,4478,3722,O,AIRPORT,
300,QF,5,2010-07-02,4496,3722,O,AIRPORT,
300,QF,6,2010-05-05,38593,3722,O,AIRPORT,
300,AA,17,2012-03-28,38541,3722,O,AIRPORT,
300,LH,400,2011-12-31,38310,3722,O,AIRPORT,
300,JL,407,2010-07-16,3833,3722,O,AIRPORT,
300,UA,941,2011-04-07,40460,3722,O,AIRPORT,
300,UA,7,2010-07-24,4149,3722,O,AIRPORT,
300,AA,26,2010-05-05,39476,3722,O,AIRPORT,
300,AA,26,2010-05-19,40142,3722,O,AIRPORT,
300,UA,7,2010-04-24,180,3722,O,AIRPORT,
300,QF,6,2011-09-28,61218,3722,O,AIRPORT,
300,AA,26,2011-08-24,60439,3722,O,AIRPORT,
300,DL,1699,2011-03-07,57408,3722,O,AIRPORT,
300,AZ,788,2011-03-22,58965,3722,O,AIRPORT,
300,AZ,788,2011-03-15,58429,3722,O,AIRPORT,
300,AA,26,2011-07-06,58407,3722,O,AIRPORT,
300,AA,26,2011-09-21,61590,3722,O,AIRPORT,
300,UA,3504,2010-11-19,63256,3722,O,AIRPORT,
300,DL,1699,2011-06-06,62772,3722,O,AIRPORT,
300,UA,3504,2010-06-04,52800,3722,O,AIRPORT,
300,LH,401,2010-10-01,49704,3722,O,AIRPORT,
300,QF,6,2011-01-19,49951,3722,O,AIRPORT,
300,LH,401,2010-12-31,55307,3722,O,AIRPORT,
300,DL,1699,2011-01-10,53626,3722,O,AIRPORT,
300,LH,400,2010-05-01,537,3722,O,AIRPORT,
300,QF,6,2011-04-20,53972,3722,O,AIRPORT,
300,AA,26,2011-03-30,54056,3722,O,AIRPORT,
300,AZ,788,2011-09-20,70027,3722,O,AIRPORT,
300,AA,26,2012-04-04,66015,3722,O,AIRPORT,
300,AZ,788,2011-07-19,66518,3722,O,AIRPORT,
300,DL,1699,2011-08-15,67267,3722,O,AIRPORT,
300,UA,3504,2011-10-21,85398,3722,O,AIRPORT,
300,LH,401,2011-10-28,75083,3722,O,AIRPORT,
300,AZ,788,2012-02-28,75645,3722,O,AIRPORT,
300,AA,64,2010-12-17,74638,3722,O,AIRPORT,
300,AA,64,2010-12-17,74773,3722,O,AIRPORT,
300,DL,1984,2010-05-10,76830,3722,O,AIRPORT,
300,AA,64,2011-01-28,76190,3722,O,AIRPORT,
300,DL,1984,2010-04-26,75821,3722,O,AIRPORT,
300,DL,1984,2010-04-26,75820,3722,O,AIRPORT,
300,AA,64,2010-10-01,71940,3722,O,AIRPORT,
300,LH,401,2011-09-09,71700,3722,O,AIRPORT,
300,LH,401,2011-08-28,70756,3722,O,AIRPORT,
300,DL,1699,2011-10-03,70411,3722,O,AIRPORT,
300,UA,3504,2011-04-29,73280,3722,O,AIRPORT,
300,DL,1699,2011-11-28,73453,3722,O,AIRPORT,
300,AA,64,2010-10-15,72555,3722,O,AIRPORT,
300,AZ,789,2010-07-28,82302,3722,O,AIRPORT,
300,LH,402,2010-05-24,81420,3722,O,AIRPORT,
300,DL,1984,2010-09-06,83930,3722,O,AIRPORT,
300,DL,1984,2010-06-14,78746,3722,O,AIRPORT,
300,DL,1984,2010-06-21,79318,3722,O,AIRPORT,
300,UA,3504,2011-07-22,78936,3722,O,AIRPORT,
300,AZ,789,2010-06-02,78971,3722,O,AIRPORT,
300,AA,64,2011-05-27,80526,3722,O,AIRPORT,
300,AZ,789,2010-06-16,79755,3722,O,AIRPORT,
300,AZ,789,2011-07-20,104400,3722,O,AIRPORT,
300,AZ,789,2011-07-13,103858,3722,O,AIRPORT,
300,DL,1984,2011-08-22,105897,3722,O,AIRPORT,
300,AZ,789,2011-11-16,111938,3722,O,AIRPORT,
300,LH,402,2011-07-04,106398,3722,O,AIRPORT,
300,UA,3516,2011-03-01,108707,3722,O,AIRPORT,
300,DL,1984,2011-10-10,108659,3722,O,AIRPORT,
300,LH,402,2010-10-11,90005,3722,O,AIRPORT,
300,LH,402,2010-11-01,91009,3722,O,AIRPORT,
300,UA,3516,2010-04-20,89429,3722,O,AIRPORT,
300,LH,402,2010-11-29,93091,3722,O,AIRPORT,
300,DL,1984,2011-02-07,93519,3722,O,AIRPORT,
300,DL,1984,2011-02-07,93655,3722,O,AIRPORT,
300,AZ,789,2011-05-04,99830,3722,O,AIRPORT,
300,AZ,789,2011-02-16,94866,3722,O,AIRPORT,
300,UA,3516,2010-07-20,94805,3722,O,AIRPORT,
300,DL,1984,2011-04-18,98029,3722,O,AIRPORT,
300,DL,1984,2011-05-02,98785,3722,O,AIRPORT,
300,UA,3516,2010-09-28,99002,3722,O,AIRPORT,
300,UA,3516,2010-09-21,98618,3722,O,AIRPORT,
300,UA,3516,2011-11-01,124850,3722,O,AIRPORT,
300,AZ,790,2010-11-03,123085,3722,O,AIRPORT,
300,AZ,790,2010-05-05,114853,3722,O,AIRPORT,
300,AZ,790,2010-09-15,120868,3722,O,AIRPORT,
300,UA,3516,2011-07-19,117437,3722,O,AIRPORT,
300,LH,455,2010-12-27,154529,3722,O,AIRPORT,
300,UA,3517,2011-05-23,152850,3722,O,AIRPORT,
300,LH,455,2010-08-16,149937,3722,O,AIRPORT,
300,AZ,791,2010-11-25,149117,3722,O,AIRPORT,
300,UA,3517,2011-03-28,149421,3722,O,AIRPORT,
300,AZ,791,2011-10-20,160995,3722,O,AIRPORT,
300,UA,3517,2011-09-19,160641,3722,O,AIRPORT,
300,LH,455,2011-05-09,159403,3722,O,AIRPORT,
300,UA,3517,2011-10-10,162165,3722,O,AIRPORT,
300,LH,455,2011-01-17,155335,3722,O,AIRPORT,
300,AZ,791,2011-05-26,155753,3722,O,AIRPORT,
300,UA,3517,2011-08-01,157220,3722,O,AIRPORT,
300,UA,3517,2011-08-08,157547,3722,O,AIRPORT,
300,AZ,791,2011-07-14,157490,3722,O,AIRPORT,
300,AZ,790,2011-07-27,134860,3722,O,AIRPORT,
300,UA,3517,2010-09-13,137422,3722,O,AIRPORT,
300,UA,3517,2010-09-20,137459,3722,O,AIRPORT,
300,LH,454,2011-07-02,137115,3722,O,AIRPORT,
300,UA,3517,2011-01-24,145580,3722,O,AIRPORT,
300,AZ,791,2010-09-09,146421,3722,O,AIRPORT,
300,AZ,791,2010-09-02,146126,3722,O,AIRPORT,
300,AZ,791,2010-07-15,144568,3722,O,AIRPORT,
300,LH,454,2011-12-10,144616,3722,O,AIRPORT,
300,AZ,791,2010-08-12,145388,3722,O,AIRPORT,
300,AZ,790,2011-11-09,139571,3722,O,AIRPORT,
300,LH,454,2011-08-28,139758,3722,O,AIRPORT,
300,AZ,790,2011-11-16,139879,3722,O,AIRPORT,
300,LH,454,2011-10-15,142386,3722,O,AIRPORT,
300,LH,455,2011-10-31,165971,3722,O,AIRPORT,
300,LH,2462,2011-11-11,266383,3722,O,AIRPORT,
300,LH,2462,2011-09-23,264341,3722,O,AIRPORT,
300,LH,2462,2011-05-13,259499,3722,O,AIRPORT,
300,LH,2463,2011-03-12,279611,3722,O,AIRPORT,
300,LH,2436,2010-07-31,234604,3722,O,AIRPORT,
300,LH,2415,2011-09-30,229830,3722,O,AIRPORT,
300,LH,2436,2010-05-22,233138,3722,O,AIRPORT,
300,LH,2415,2011-11-11,231098,3722,O,AIRPORT,
300,LH,2436,2011-08-27,242612,3722,O,AIRPORT,
300,LH,2436,2011-08-20,242491,3722,O,AIRPORT,
300,LH,2463,2011-12-17,289651,3722,O,AIRPORT,
300,LH,2463,2011-04-16,280926,3722,O,AIRPORT,
300,LH,2463,2011-05-07,281491,3722,O,AIRPORT,
300,LH,2463,2011-05-07,281494,3722,O,AIRPORT,
300,LH,2463,2011-09-10,286339,3722,O,AIRPORT,
300,LH,2463,2011-08-20,285289,3722,O,AIRPORT,
300,LH,3577,2011-03-05,302094,3722,O,AIRPORT,
300,LH,3577,2011-06-25,306122,3722,O,AIRPORT,
300,LH,3577,2010-11-20,298404,3722,O,AIRPORT,
300,LH,2407,2011-02-05,200946,3722,O,AIRPORT,
300,LH,2407,2010-12-04,198884,3722,O,AIRPORT,
300,LH,2407,2011-05-14,204521,3722,O,AIRPORT,
300,LH,2407,2011-04-23,203722,3722,O,AIRPORT,
300,LH,2402,2011-11-19,189192,3722,O,AIRPORT,
300,LH,2407,2010-10-09,196750,3722,O,AIRPORT,
300,LH,2407,2010-07-24,193990,3722,O,AIRPORT,
300,LH,2415,2011-05-20,225370,3722,O,AIRPORT,
300,LH,2415,2011-01-21,221589,3722,O,AIRPORT,
300,LH,2407,2011-09-10,209074,3722,O,AIRPORT,
300,LH,2415,2010-07-23,215855,3722,O,AIRPORT,
300,LH,455,2011-11-21,166714,3722,O,AIRPORT,
300,LH,2402,2011-04-23,181279,3722,O,AIRPORT,
300,LH,2402,2011-08-13,185359,3722,O,AIRPORT,
300,LH,2402,2011-06-18,183391,3722,O,AIRPORT,
300,LH,2402,2010-06-05,169906,3722,O,AIRPORT,
300,JL,0407,2011-05-06,00016722,00001759,O,AIRPORT,0000
300,JL,0407,2011-04-29,00016492,00001759,O,AIRPORT,0000
300,JL,0407,2011-01-21,00012258,00001759,O,AIRPORT,0000
300,QF,0005,2010-11-12,00012770,00001759,O,AIRPORT,0000
300,AA,0017,2010-11-10,00012712,00001759,O,AIRPORT,0000
300,AA,0017,2010-12-08,00014692,00001759,O,AIRPORT,0000
300,QF,0005,2010-12-17,00014886,00001759,O,AIRPORT,0000
300,AA,0017,2010-12-08,00014356,00001759,O,AIRPORT,0000
300,AZ,0555,2010-12-08,00014447,00001759,O,AIRPORT,0000
300,AZ,0555,2011-03-30,00021460,00001759,O,AIRPORT,0000
300,AZ,0555,2011-03-30,00021495,00001759,O,AIRPORT,0000
300,QF,0005,2011-04-01,00021410,00001759,O,AIRPORT,0000
300,QF,0005,2011-05-13,00024040,00001759,O,AIRPORT,0000
300,UA,0007,2011-09-17,00023133,00001759,O,AIRPORT,0000
300,DL,0106,2011-04-25,00022923,00001759,O,AIRPORT,0000
300,DL,0106,2011-05-02,00023387,00001759,O,AIRPORT,0000
300,DL,0106,2011-02-14,00018519,00001759,O,AIRPORT,0000
300,JL,0407,2011-07-15,00019968,00001759,O,AIRPORT,0000
300,DL,0106,2011-03-07,00019913,00001759,O,AIRPORT,0000
300,DL,0106,2011-03-21,00020531,00001759,O,AIRPORT,0000
300,AA,0017,2010-06-23,00004237,00001759,O,AIRPORT,0000
300,JL,0407,2010-07-02,00003159,00001759,O,AIRPORT,0000
300,JL,0407,2010-08-20,00005342,00001759,O,AIRPORT,0000
300,LH,0400,2010-07-17,00005471,00001759,O,AIRPORT,0000
300,QF,0005,2010-07-02,00004639,00001759,O,AIRPORT,0000
300,LH,0400,2010-07-17,00005288,00001759,O,AIRPORT,0000
300,DL,0106,2010-07-19,00005326,00001759,O,AIRPORT,0000
300,DL,0106,2010-04-26,00000238,00001759,O,AIRPORT,0000
300,AA,0017,2010-05-26,00002290,00001759,O,AIRPORT,0000
300,QF,0005,2010-05-28,00002468,00001759,O,AIRPORT,0000
300,AA,0017,2010-05-26,00002464,00001759,O,AIRPORT,0000
300,DL,0106,2010-06-07,00002673,00001759,O,AIRPORT,0000
300,AZ,0555,2010-05-19,00001786,00001759,O,AIRPORT,0000
300,UA,0007,2010-05-29,00001716,00001759,O,AIRPORT,0000
300,DL,0106,2010-05-24,00001956,00001759,O,AIRPORT,0000
300,LH,0400,2010-05-22,00002032,00001759,O,AIRPORT,0000
300,JL,0407,2010-12-17,00010599,00001759,O,AIRPORT,0000
300,AA,0017,2010-09-15,00009364,00001759,O,AIRPORT,0000
300,AA,0017,2010-10-20,00011724,00001759,O,AIRPORT,0000
300,LH,0400,2010-10-09,00010710,00001759,O,AIRPORT,0000
300,AA,0017,2010-10-13,00011223,00001759,O,AIRPORT,0000
300,LH,0400,2010-10-16,00011170,00001759,O,AIRPORT,0000
300,JL,0407,2010-09-24,00006908,00001759,O,AIRPORT,0000
300,UA,0007,2010-10-09,00007540,00001759,O,AIRPORT,0000
300,AA,0017,2010-08-11,00007379,00001759,O,AIRPORT,0000
300,JL,0407,2010-11-05,00008662,00001759,O,AIRPORT,0000
300,DL,0106,2010-09-06,00008542,00001759,O,AIRPORT,0000
300,LH,0400,2010-08-28,00008192,00001759,O,AIRPORT,0000
300,JL,0408,2011-06-11,00041889,00001759,O,AIRPORT,0000
300,LH,0401,2010-05-14,00040972,00001759,O,AIRPORT,0000
300,JL,0408,2011-02-05,00037388,00001759,O,AIRPORT,0000
300,DL,0106,2012-03-05,00037000,00001759,O,AIRPORT,0000
300,AZ,0788,2010-05-04,00038951,00001759,O,AIRPORT,0000
300,UA,0941,2011-02-24,00038856,00001759,O,AIRPORT,0000
300,QF,0006,2010-10-20,00046059,00001759,O,AIRPORT,0000
300,QF,0006,2010-12-01,00047981,00001759,O,AIRPORT,0000
300,DL,1699,2010-08-02,00043635,00001759,O,AIRPORT,0000
300,JL,0408,2011-07-09,00042987,00001759,O,AIRPORT,0000
300,AA,0026,2010-08-18,00044067,00001759,O,AIRPORT,0000
300,LH,0401,2010-07-02,00043998,00001759,O,AIRPORT,0000
300,AZ,0555,2011-07-13,00028243,00001759,O,AIRPORT,0000
300,AA,0017,2011-07-27,00028698,00001759,O,AIRPORT,0000
300,UA,0941,2010-06-17,00029899,00001759,O,AIRPORT,0000
300,AZ,0555,2011-08-17,00030232,00001759,O,AIRPORT,0000
300,QF,0005,2011-06-03,00025216,00001759,O,AIRPORT,0000
300,DL,0106,2011-06-27,00026710,00001759,O,AIRPORT,0000
300,AZ,0555,2011-06-29,00027187,00001759,O,AIRPORT,0000
300,JL,0407,2011-12-09,00025892,00001759,O,AIRPORT,0000
300,AA,0017,2011-06-15,00026500,00001759,O,AIRPORT,0000
300,AZ,0555,2011-06-15,00026556,00001759,O,AIRPORT,0000
300,QF,0005,2011-10-28,00034479,00001759,O,AIRPORT,0000
300,DL,0106,2011-10-31,00034522,00001759,O,AIRPORT,0000
300,JL,0408,2010-11-20,00034641,00001759,O,AIRPORT,0000
300,JL,0408,2010-10-16,00033621,00001759,O,AIRPORT,0000
300,AA,0017,2011-11-16,00035899,00001759,O,AIRPORT,0000
300,JL,0408,2010-08-14,00031190,00001759,O,AIRPORT,0000
300,JL,0408,2010-08-21,00031627,00001759,O,AIRPORT,0000
300,JL,0408,2010-07-24,00030443,00001759,O,AIRPORT,0000
300,LH,0400,2011-09-10,00032213,00001759,O,AIRPORT,0000
300,UA,0941,2010-08-19,00032148,00001759,O,AIRPORT,0000
300,UA,3504,2010-04-23,00050404,00001759,O,AIRPORT,0000
300,AZ,0788,2011-06-14,00064017,00001759,O,AIRPORT,0000
300,AZ,0788,2011-05-24,00062757,00001759,O,AIRPORT,0000
300,LH,0401,2011-01-07,00055978,00001759,O,AIRPORT,0000
300,AA,0026,2011-01-05,00050285,00001759,O,AIRPORT,0000
300,LH,0401,2010-10-08,00050238,00001759,O,AIRPORT,0000
300,LH,0401,2011-01-28,00057074,00001759,O,AIRPORT,0000
300,QF,0006,2011-08-03,00058858,00001759,O,AIRPORT,0000
300,QF,0006,2011-07-20,00058235,00001759,O,AIRPORT,0000
300,AA,0026,2011-01-26,00051047,00001759,O,AIRPORT,0000
300,AZ,0788,2010-11-09,00050724,00001759,O,AIRPORT,0000
300,QF,0006,2011-10-19,00062094,00001759,O,AIRPORT,0000
300,AA,0026,2011-08-31,00060750,00001759,O,AIRPORT,0000
300,QF,0006,2011-03-23,00053009,00001759,O,AIRPORT,0000
300,UA,3504,2010-05-21,00051936,00001759,O,AIRPORT,0000
300,DL,1699,2010-11-01,00049551,00001759,O,AIRPORT,0000
300,LH,0401,2010-12-24,00054790,00001759,O,AIRPORT,0000
300,QF,0006,2011-04-27,00054550,00001759,O,AIRPORT,0000
300,LH,0401,2011-01-07,00055653,00001759,O,AIRPORT,0000
300,UA,0941,2012-03-29,00050053,00001759,O,AIRPORT,0000
300,AA,0026,2011-04-06,00054241,00001759,O,AIRPORT,0000
300,QF,0006,2011-04-06,00053626,00001759,O,AIRPORT,0000
300,AZ,0788,2010-12-28,00053594,00001759,O,AIRPORT,0000
300,AA,0026,2011-04-06,00054315,00001759,O,AIRPORT,0000
300,LH,0401,2011-10-07,00073616,00001759,O,AIRPORT,0000
300,DL,1699,2011-11-28,00073390,00001759,O,AIRPORT,0000
300,LH,0401,2011-11-18,00076357,00001759,O,AIRPORT,0000
300,AZ,0788,2011-07-12,00065861,00001759,O,AIRPORT,0000
300,DL,1699,2011-10-10,00070729,00001759,O,AIRPORT,0000
300,AA,0064,2010-08-13,00070288,00001759,O,AIRPORT,0000
300,LH,0401,2012-01-06,00077644,00001759,O,AIRPORT,0000
300,LH,0402,2010-05-03,00079713,00001759,O,AIRPORT,0000
300,AZ,0789,2010-06-16,00079864,00001759,O,AIRPORT,0000
300,AZ,0789,2010-06-09,00079431,00001759,O,AIRPORT,0000
300,UA,3504,2011-08-05,00079451,00001759,O,AIRPORT,0000
300,UA,3504,2011-06-24,00076995,00001759,O,AIRPORT,0000
300,DL,1984,2010-10-04,00085550,00001759,O,AIRPORT,0000
300,AA,0064,2011-10-14,00085444,00001759,O,AIRPORT,0000
300,LH,0402,2010-07-19,00084707,00001759,O,AIRPORT,0000
300,AA,0064,2012-02-10,00087580,00001759,O,AIRPORT,0000
300,AA,0064,2011-11-11,00086513,00001759,O,AIRPORT,0000
300,UA,3504,2011-11-11,00086721,00001759,O,AIRPORT,0000
300,AA,0064,2011-07-15,00082185,00001759,O,AIRPORT,0000
300,AA,0064,2011-06-24,00081410,00001759,O,AIRPORT,0000
300,AZ,0789,2010-08-25,00084205,00001759,O,AIRPORT,0000
300,AA,0064,2011-08-05,00083004,00001759,O,AIRPORT,0000
300,DL,1984,2011-08-15,00105239,00001759,O,AIRPORT,0000
300,AZ,0789,2011-08-03,00105234,00001759,O,AIRPORT,0000
300,AZ,0789,2011-07-27,00104832,00001759,O,AIRPORT,0000
300,AZ,0789,2011-06-22,00102697,00001759,O,AIRPORT,0000
300,UA,3516,2010-11-30,00103213,00001759,O,AIRPORT,0000
300,AZ,0789,2011-07-06,00103508,00001759,O,AIRPORT,0000
300,AZ,0789,2011-07-06,00103623,00001759,O,AIRPORT,0000
300,LH,0402,2011-09-28,00112406,00001759,O,AIRPORT,0000
300,LH,0402,2011-08-08,00108416,00001759,O,AIRPORT,0000
300,AZ,0789,2011-10-12,00109899,00001759,O,AIRPORT,0000
300,LH,0402,2011-08-28,00109748,00001759,O,AIRPORT,0000
300,LH,0402,2010-12-27,00094866,00001759,O,AIRPORT,0000
300,AZ,0789,2011-02-16,00094934,00001759,O,AIRPORT,0000
300,UA,3516,2010-05-11,00090497,00001759,O,AIRPORT,0000
300,LH,0402,2010-12-06,00093359,00001759,O,AIRPORT,0000
300,AZ,0789,2010-12-29,00091764,00001759,O,AIRPORT,0000
300,LH,0402,2010-10-18,00090117,00001759,O,AIRPORT,0000
300,LH,0402,2010-10-04,00089614,00001759,O,AIRPORT,0000
300,UA,3516,2010-08-31,00097504,00001759,O,AIRPORT,0000
300,DL,1984,2011-05-16,00099708,00001759,O,AIRPORT,0000
300,UA,3516,2010-09-21,00098686,00001759,O,AIRPORT,0000
300,LH,0402,2011-03-28,00100464,00001759,O,AIRPORT,0000
300,DL,1984,2011-05-09,00099084,00001759,O,AIRPORT,0000
300,LH,0402,2011-02-21,00098033,00001759,O,AIRPORT,0000
300,AZ,0789,2011-04-27,00099040,00001759,O,AIRPORT,0000
300,LH,0402,2011-10-24,00114090,00001759,O,AIRPORT,0000
300,AZ,0791,2010-08-05,00145301,00001759,O,AIRPORT,0000
300,LH,0454,2012-02-18,00145396,00001759,O,AIRPORT,0000
300,LH,0454,2011-12-31,00144976,00001759,O,AIRPORT,0000
300,AZ,0791,2010-12-16,00150013,00001759,O,AIRPORT,0000
300,AZ,0791,2010-11-18,00148924,00001759,O,AIRPORT,0000
300,AZ,0790,2012-02-22,00140946,00001759,O,AIRPORT,0000
300,UA,3517,2010-11-01,00140299,00001759,O,AIRPORT,0000
300,AZ,0791,2010-04-22,00141542,00001759,O,AIRPORT,0000
300,LH,0454,2011-08-20,00139212,00001759,O,AIRPORT,0000
300,LH,0454,2011-08-06,00138774,00001759,O,AIRPORT,0000
300,UA,3517,2010-10-25,00139883,00001759,O,AIRPORT,0000
300,UA,3517,2010-12-20,00143323,00001759,O,AIRPORT,0000
300,LH,0455,2011-07-11,00161638,00001759,O,AIRPORT,0000
300,AZ,0791,2011-10-20,00160941,00001759,O,AIRPORT,0000
300,UA,3517,2011-05-23,00152670,00001759,O,AIRPORT,0000
300,UA,3517,2011-05-02,00151605,00001759,O,AIRPORT,0000
300,LH,0455,2011-01-31,00155928,00001759,O,AIRPORT,0000
300,UA,3517,2011-07-04,00155542,00001759,O,AIRPORT,0000
300,AZ,0790,2010-10-20,00122360,00001759,O,AIRPORT,0000
300,AZ,0790,2010-11-03,00123045,00001759,O,AIRPORT,0000
300,LH,0454,2010-08-14,00122982,00001759,O,AIRPORT,0000
300,AZ,0790,2010-12-29,00125582,00001759,O,AIRPORT,0000
300,AZ,0790,2010-06-02,00116221,00001759,O,AIRPORT,0000
300,UA,3516,2011-06-28,00116003,00001759,O,AIRPORT,0000
300,AZ,0790,2010-04-28,00114588,00001759,O,AIRPORT,0000
300,LH,0402,2011-10-24,00114204,00001759,O,AIRPORT,0000
300,UA,3516,2011-08-09,00119039,00001759,O,AIRPORT,0000
300,LH,0454,2010-06-05,00119912,00001759,O,AIRPORT,0000
300,LH,0454,2011-05-14,00134897,00001759,O,AIRPORT,0000
300,LH,0454,2011-07-02,00137053,00001759,O,AIRPORT,0000
300,AZ,0790,2011-02-02,00127097,00001759,O,AIRPORT,0000
300,UA,3516,2012-01-24,00127467,00001759,O,AIRPORT,0000
300,AZ,0790,2011-05-04,00130960,00001759,O,AIRPORT,0000
300,UA,3517,2012-01-02,00165402,00001759,O,AIRPORT,0000
300,LH,2407,2010-11-20,00198250,00001759,O,AIRPORT,0000
300,LH,2402,2011-08-27,00185911,00001759,O,AIRPORT,0000
300,LH,2402,2011-09-03,00186277,00001759,O,AIRPORT,0000
300,LH,2402,2011-07-16,00184192,00001759,O,AIRPORT,0000
300,LH,2402,2010-07-31,00171717,00001759,O,AIRPORT,0000
300,LH,2402,2010-05-15,00168967,00001759,O,AIRPORT,0000
300,LH,2402,2011-02-05,00178636,00001759,O,AIRPORT,0000
300,LH,2462,2010-12-10,00253985,00001759,O,AIRPORT,0000
300,LH,2462,2010-12-31,00254789,00001759,O,AIRPORT,0000
300,LH,2462,2011-02-25,00256609,00001759,O,AIRPORT,0000
300,LH,2462,2010-08-06,00249566,00001759,O,AIRPORT,0000
300,LH,2462,2010-12-03,00253775,00001759,O,AIRPORT,0000
300,LH,2462,2010-11-26,00253465,00001759,O,AIRPORT,0000
300,LH,2462,2010-10-22,00252266,00001759,O,AIRPORT,0000
300,LH,2462,2011-11-25,00266851,00001759,O,AIRPORT,0000
300,LH,2436,2010-10-09,00236044,00001759,O,AIRPORT,0000
300,LH,2415,2011-07-22,00227277,00001759,O,AIRPORT,0000
300,LH,2436,2011-12-31,00245169,00001759,O,AIRPORT,0000
300,LH,3577,2010-10-30,00297585,00001759,O,AIRPORT,0000
300,LH,3577,2010-09-11,00295996,00001759,O,AIRPORT,0000
300,LH,2463,2011-01-29,00278136,00001759,O,AIRPORT,0000
300,LH,2463,2011-02-26,00278949,00001759,O,AIRPORT,0000
300,LH,2463,2011-08-28,00285930,00001759,O,AIRPORT,0000
300,LH,2463,2011-07-16,00283995,00001759,O,AIRPORT,0000
300,LH,3577,2011-12-10,00312203,00001759,O,AIRPORT,0000
300,LH,3577,2011-03-12,00302389,00001759,O,AIRPORT,0000
300,LH,3577,2010-12-18,00299469,00001759,O,AIRPORT,0000
300,LH,3577,2011-07-23,00307191,00001759,O,AIRPORT,0000
300,LH,3577,2011-05-28,00305270,00001759,O,AIRPORT,0000
300,LH,2407,2011-10-01,00210051,00001759,O,AIRPORT,0000
300,AZ,0555,2011-01-05,00016393,00001741,O,AIRPORT,0000
300,AA,0017,2010-12-22,00015310,00001741,O,AIRPORT,0000
300,QF,0005,2010-12-31,00015975,00001741,O,AIRPORT,0000
300,QF,0005,2011-01-28,00017768,00001741,O,AIRPORT,0000
300,QF,0005,2011-01-21,00017015,00001741,O,AIRPORT,0000
300,LH,0400,2010-12-11,00014368,00001741,O,AIRPORT,0000
300,AZ,0555,2010-12-01,00014260,00001741,O,AIRPORT,0000
300,AZ,0555,2011-04-13,00022550,00001741,O,AIRPORT,0000
300,AA,0017,2011-05-04,00023887,00001741,O,AIRPORT,0000
300,AA,0017,2011-05-11,00024231,00001741,O,AIRPORT,0000
300,UA,0007,2011-09-17,00022964,00001741,O,AIRPORT,0000
300,LH,0400,2011-04-30,00023295,00001741,O,AIRPORT,0000
300,AZ,0555,2011-02-23,00019309,00001741,O,AIRPORT,0000
300,AZ,0555,2011-03-02,00019724,00001741,O,AIRPORT,0000
300,UA,0007,2011-06-18,00018710,00001741,O,AIRPORT,0000
300,LH,0400,2011-02-12,00018668,00001741,O,AIRPORT,0000
300,AA,0017,2011-03-16,00020797,00001741,O,AIRPORT,0000
300,UA,0007,2011-08-06,00020752,00001741,O,AIRPORT,0000
300,AZ,0555,2011-03-16,00020855,00001741,O,AIRPORT,0000
300,AZ,0555,2011-03-16,00020658,00001741,O,AIRPORT,0000
300,UA,0007,2011-07-30,00020359,00001741,O,AIRPORT,0000
300,JL,0407,2011-07-22,00020248,00001741,O,AIRPORT,0000
300,QF,0005,2010-06-18,00003795,00001741,O,AIRPORT,0000
300,LH,0400,2010-06-19,00003788,00001741,O,AIRPORT,0000
300,AA,0017,2010-07-14,00005529,00001741,O,AIRPORT,0000
300,AZ,0555,2010-07-14,00005406,00001741,O,AIRPORT,0000
300,AA,0017,2010-06-30,00004778,00001741,O,AIRPORT,0000
300,DL,0106,2010-05-17,00001349,00001741,O,AIRPORT,0000
300,JL,0407,2010-04-23,00000088,00001741,O,AIRPORT,0000
300,UA,0007,2010-05-08,00000744,00001741,O,AIRPORT,0000
300,UA,0007,2010-11-20,00009432,00001741,O,AIRPORT,0000
300,JL,0407,2010-11-12,00009220,00001741,O,AIRPORT,0000
300,UA,0007,2011-01-08,00011552,00001741,O,AIRPORT,0000
300,AA,0017,2010-10-06,00010789,00001741,O,AIRPORT,0000
300,LH,0400,2010-08-07,00006969,00001741,O,AIRPORT,0000
300,UA,0007,2010-09-11,00006250,00001741,O,AIRPORT,0000
300,JL,0407,2010-10-15,00007850,00001741,O,AIRPORT,0000
300,QF,0005,2010-08-27,00007962,00001741,O,AIRPORT,0000
300,AZ,0788,2010-05-18,00039578,00001741,O,AIRPORT,0000
300,QF,0006,2010-06-02,00039921,00001741,O,AIRPORT,0000
300,AZ,0788,2010-06-22,00042074,00001741,O,AIRPORT,0000
300,UA,0941,2011-05-05,00041266,00001741,O,AIRPORT,0000
300,JL,0408,2011-05-14,00041049,00001741,O,AIRPORT,0000
300,AZ,0788,2010-06-15,00041403,00001741,O,AIRPORT,0000
300,JL,0408,2011-05-21,00041359,00001741,O,AIRPORT,0000
300,AA,0017,2012-01-04,00037332,00001741,O,AIRPORT,0000
300,QF,0005,2011-12-23,00036586,00001741,O,AIRPORT,0000
300,QF,0006,2010-11-03,00046662,00001741,O,AIRPORT,0000
300,AA,0026,2010-10-20,00046818,00001741,O,AIRPORT,0000
300,AZ,0788,2010-09-28,00047851,00001741,O,AIRPORT,0000
300,UA,0941,2011-11-03,00048397,00001741,O,AIRPORT,0000
300,AZ,0788,2010-09-14,00047351,00001741,O,AIRPORT,0000
300,UA,0941,2011-10-06,00047306,00001741,O,AIRPORT,0000
300,AZ,0788,2010-07-20,00043622,00001741,O,AIRPORT,0000
300,JL,0408,2011-07-02,00042626,00001741,O,AIRPORT,0000
300,LH,0401,2010-06-18,00043035,00001741,O,AIRPORT,0000
300,QF,0006,2010-08-11,00043028,00001741,O,AIRPORT,0000
300,AA,0026,2010-07-21,00042942,00001741,O,AIRPORT,0000
300,QF,0006,2010-09-29,00045182,00001741,O,AIRPORT,0000
300,LH,0400,2011-07-23,00028455,00001741,O,AIRPORT,0000
300,LH,0400,2011-07-23,00028561,00001741,O,AIRPORT,0000
300,AA,0017,2011-07-13,00027861,00001741,O,AIRPORT,0000
300,UA,0941,2010-05-27,00029149,00001741,O,AIRPORT,0000
300,LH,0400,2011-06-04,00025693,00001741,O,AIRPORT,0000
300,LH,0400,2011-06-04,00025554,00001741,O,AIRPORT,0000
300,UA,0007,2011-12-17,00026648,00001741,O,AIRPORT,0000
300,QF,0005,2011-06-10,00025928,00001741,O,AIRPORT,0000
300,UA,0007,2011-12-03,00026356,00001741,O,AIRPORT,0000
300,QF,0005,2011-11-04,00034769,00001741,O,AIRPORT,0000
300,QF,0005,2011-10-28,00034682,00001741,O,AIRPORT,0000
300,AA,0017,2011-11-02,00034993,00001741,O,AIRPORT,0000
300,DL,0106,2011-09-05,00031165,00001741,O,AIRPORT,0000
300,JL,0408,2010-08-07,00030877,00001741,O,AIRPORT,0000
300,UA,0941,2010-09-16,00033176,00001741,O,AIRPORT,0000
300,AA,0017,2011-10-05,00033214,00001741,O,AIRPORT,0000
300,QF,0005,2011-09-23,00032552,00001741,O,AIRPORT,0000
300,DL,1699,2011-06-20,00063859,00001741,O,AIRPORT,0000
300,AZ,0788,2011-05-24,00062932,00001741,O,AIRPORT,0000
300,AA,0026,2011-10-26,00063383,00001741,O,AIRPORT,0000
300,QF,0006,2011-11-09,00063093,00001741,O,AIRPORT,0000
300,UA,3504,2010-07-23,00056268,00001741,O,AIRPORT,0000
300,LH,0401,2011-02-25,00058897,00001741,O,AIRPORT,0000
300,AZ,0788,2011-04-05,00059760,00001741,O,AIRPORT,0000
300,DL,1699,2011-05-16,00061483,00001741,O,AIRPORT,0000
300,DL,1699,2011-05-09,00061190,00001741,O,AIRPORT,0000
300,DL,1699,2011-05-02,00060582,00001741,O,AIRPORT,0000
300,DL,1699,2010-12-27,00052940,00001741,O,AIRPORT,0000
300,UA,0941,2011-11-24,00049071,00001741,O,AIRPORT,0000
300,AA,0026,2010-12-08,00049052,00001741,O,AIRPORT,0000
300,DL,1699,2010-11-01,00049399,00001741,O,AIRPORT,0000
300,LH,0401,2010-11-12,00052190,00001741,O,AIRPORT,0000
300,AA,0026,2011-04-20,00054792,00001741,O,AIRPORT,0000
300,LH,0401,2010-12-24,00054965,00001741,O,AIRPORT,0000
300,LH,0401,2010-12-17,00054486,00001741,O,AIRPORT,0000
300,DL,1699,2011-02-14,00055704,00001741,O,AIRPORT,0000
300,DL,1699,2011-01-17,00054022,00001741,O,AIRPORT,0000
300,DL,1699,2011-11-14,00072943,00001741,O,AIRPORT,0000
300,AZ,0788,2011-10-25,00072360,00001741,O,AIRPORT,0000
300,AA,0064,2011-01-07,00075552,00001741,O,AIRPORT,0000
300,AZ,0788,2011-12-06,00074205,00001741,O,AIRPORT,0000
300,AZ,0788,2011-11-22,00073967,00001741,O,AIRPORT,0000
300,AA,0064,2010-11-26,00073999,00001741,O,AIRPORT,0000
300,UA,3504,2011-05-06,00074008,00001741,O,AIRPORT,0000
300,UA,3504,2011-05-20,00074904,00001741,O,AIRPORT,0000
300,UA,3504,2011-01-21,00067181,00001741,O,AIRPORT,0000
300,UA,3504,2011-01-21,00067304,00001741,O,AIRPORT,0000
300,DL,1699,2011-08-22,00067624,00001741,O,AIRPORT,0000
300,UA,3504,2011-03-04,00070149,00001741,O,AIRPORT,0000
300,AZ,0788,2011-09-13,00069621,00001741,O,AIRPORT,0000
300,LH,0401,2011-08-19,00069780,00001741,O,AIRPORT,0000
300,AZ,0788,2011-09-27,00070653,00001741,O,AIRPORT,0000
300,DL,1699,2011-10-10,00070747,00001741,O,AIRPORT,0000
300,AA,0064,2011-04-01,00078525,00001741,O,AIRPORT,0000
300,DL,1984,2010-06-14,00078703,00001741,O,AIRPORT,0000
300,DL,1984,2010-05-24,00077644,00001741,O,AIRPORT,0000
300,LH,0402,2010-05-10,00080184,00001741,O,AIRPORT,0000
300,UA,3504,2011-07-29,00078970,00001741,O,AIRPORT,0000
300,AZ,0789,2010-04-28,00076818,00001741,O,AIRPORT,0000
300,UA,3504,2011-10-21,00085357,00001741,O,AIRPORT,0000
300,UA,3504,2011-12-30,00087776,00001741,O,AIRPORT,0000
300,LH,0402,2010-08-23,00086927,00001741,O,AIRPORT,0000
300,AZ,0789,2010-07-14,00081509,00001741,O,AIRPORT,0000
300,UA,3504,2011-08-28,00081394,00001741,O,AIRPORT,0000
300,AZ,0789,2010-08-04,00082834,00001741,O,AIRPORT,0000
300,LH,0402,2011-06-27,00105843,00001741,O,AIRPORT,0000
300,DL,1984,2011-08-29,00106328,00001741,O,AIRPORT,0000
300,DL,1984,2011-08-29,00106271,00001741,O,AIRPORT,0000
300,LH,0402,2011-05-23,00103783,00001741,O,AIRPORT,0000
300,UA,3516,2010-12-14,00104127,00001741,O,AIRPORT,0000
300,LH,0402,2011-05-09,00103099,00001741,O,AIRPORT,0000
300,AZ,0789,2011-06-29,00103171,00001741,O,AIRPORT,0000
300,UA,3516,2011-04-19,00111799,00001741,O,AIRPORT,0000
300,UA,3516,2011-05-10,00113296,00001741,O,AIRPORT,0000
300,AZ,0789,2010-12-08,00090604,00001741,O,AIRPORT,0000
300,DL,1984,2010-11-29,00089148,00001741,O,AIRPORT,0000
300,AZ,0789,2010-12-01,00090318,00001741,O,AIRPORT,0000
300,DL,1984,2010-12-06,00089716,00001741,O,AIRPORT,0000
300,LH,0402,2010-10-11,00089751,00001741,O,AIRPORT,0000
300,AZ,0789,2011-03-02,00095885,00001741,O,AIRPORT,0000
300,UA,3516,2010-09-07,00098066,00001741,O,AIRPORT,0000
300,UA,3516,2010-10-12,00099966,00001741,O,AIRPORT,0000
300,LH,0402,2011-01-03,00095125,00001741,O,AIRPORT,0000
300,LH,0402,2011-01-03,00095292,00001741,O,AIRPORT,0000
300,AZ,0791,2010-10-07,00147364,00001741,O,AIRPORT,0000
300,UA,3517,2011-01-24,00145518,00001741,O,AIRPORT,0000
300,UA,3517,2011-01-31,00145940,00001741,O,AIRPORT,0000
300,LH,0454,2012-03-31,00145672,00001741,O,AIRPORT,0000
300,AZ,0791,2010-11-04,00148398,00001741,O,AIRPORT,0000
300,UA,3517,2011-03-07,00147941,00001741,O,AIRPORT,0000
300,LH,0455,2010-06-28,00148172,00001741,O,AIRPORT,0000
300,LH,0454,2011-09-28,00141607,00001741,O,AIRPORT,0000
300,UA,3517,2010-10-18,00139294,00001741,O,AIRPORT,0000
300,LH,0454,2011-10-15,00142433,00001741,O,AIRPORT,0000
300,LH,0454,2011-10-15,00142447,00001741,O,AIRPORT,0000
300,UA,3517,2010-12-13,00142642,00001741,O,AIRPORT,0000
300,AZ,0791,2011-07-21,00157770,00001741,O,AIRPORT,0000
300,UA,3517,2011-08-22,00158400,00001741,O,AIRPORT,0000
300,UA,3517,2011-08-15,00158016,00001741,O,AIRPORT,0000
300,AZ,0791,2011-03-31,00153578,00001741,O,AIRPORT,0000
300,AZ,0791,2011-06-09,00156176,00001741,O,AIRPORT,0000
300,UA,3517,2011-06-27,00155132,00001741,O,AIRPORT,0000
300,UA,3516,2011-09-28,00122632,00001741,O,AIRPORT,0000
300,LH,0454,2010-10-02,00125013,00001741,O,AIRPORT,0000
300,LH,0402,2011-10-24,00114216,00001741,O,AIRPORT,0000
300,AZ,0790,2010-07-07,00117758,00001741,O,AIRPORT,0000
300,AZ,0790,2011-06-15,00133021,00001741,O,AIRPORT,0000
300,UA,3517,2010-09-13,00137234,00001741,O,AIRPORT,0000
300,UA,3516,2012-04-17,00128272,00001741,O,AIRPORT,0000
300,UA,3516,2012-04-17,00128283,00001741,O,AIRPORT,0000
300,LH,0454,2011-01-08,00129222,00001741,O,AIRPORT,0000
300,AZ,0790,2011-02-16,00127792,00001741,O,AIRPORT,0000
300,UA,3517,2010-06-21,00131859,00001741,O,AIRPORT,0000
300,AZ,0790,2011-04-13,00130184,00001741,O,AIRPORT,0000
300,LH,0454,2011-01-15,00129571,00001741,O,AIRPORT,0000
300,AZ,0790,2011-04-20,00130369,00001741,O,AIRPORT,0000
300,UA,3517,2012-01-23,00165833,00001741,O,AIRPORT,0000
300,LH,2407,2010-12-18,00199379,00001741,O,AIRPORT,0000
300,LH,2407,2010-12-25,00199514,00001741,O,AIRPORT,0000
300,LH,2407,2010-11-13,00198047,00001741,O,AIRPORT,0000
300,LH,2402,2011-08-28,00186133,00001741,O,AIRPORT,0000
300,LH,2402,2012-02-04,00190319,00001741,O,AIRPORT,0000
300,LH,2402,2010-07-24,00171663,00001741,O,AIRPORT,0000
300,LH,2402,2010-06-19,00170201,00001741,O,AIRPORT,0000
300,LH,2402,2010-10-23,00174820,00001741,O,AIRPORT,0000
300,LH,2402,2011-01-01,00177333,00001741,O,AIRPORT,0000
300,LH,2462,2011-04-01,00257998,00001741,O,AIRPORT,0000
300,LH,2462,2010-07-23,00248910,00001741,O,AIRPORT,0000
300,LH,2462,2010-10-15,00251978,00001741,O,AIRPORT,0000
300,LH,2462,2012-01-20,00267283,00001741,O,AIRPORT,0000
300,LH,2462,2011-10-21,00265689,00001741,O,AIRPORT,0000
300,LH,2462,2011-06-03,00260074,00001741,O,AIRPORT,0000
300,LH,2436,2010-05-29,00233231,00001741,O,AIRPORT,0000
300,LH,2462,2010-06-11,00247406,00001741,O,AIRPORT,0000
300,LH,2436,2011-04-02,00239572,00001741,O,AIRPORT,0000
300,LH,2463,2011-11-19,00289134,00001741,O,AIRPORT,0000
300,LH,3577,2010-12-04,00298806,00001741,O,AIRPORT,0000
300,LH,3577,2010-08-28,00295412,00001741,O,AIRPORT,0000
300,LH,2463,2011-02-05,00278301,00001741,O,AIRPORT,0000
300,LH,2463,2011-01-15,00277677,00001741,O,AIRPORT,0000
300,LH,2463,2011-02-26,00278963,00001741,O,AIRPORT,0000
300,LH,2463,2011-09-17,00286512,00001741,O,AIRPORT,0000
300,LH,2463,2011-08-27,00285591,00001741,O,AIRPORT,0000
300,LH,2463,2011-07-16,00284007,00001741,O,AIRPORT,0000
300,LH,3577,2012-02-18,00312970,00001741,O,AIRPORT,0000
300,LH,2463,2010-12-25,00276690,00001741,O,AIRPORT,0000
300,LH,2463,2010-11-20,00275456,00001741,O,AIRPORT,0000
300,LH,3577,2011-04-23,00303829,00001741,O,AIRPORT,0000
300,LH,3577,2011-02-05,00301064,00001741,O,AIRPORT,0000
300,LH,2415,2010-04-23,00213098,00001741,O,AIRPORT,0000
300,LH,2407,2012-03-31,00212973,00001741,O,AIRPORT,0000
300,LH,2407,2011-08-06,00207518,00001741,O,AIRPORT,0000
300,LH,2407,2011-10-01,00210133,00001741,O,AIRPORT,0000
300,LH,2415,2011-04-08,00223948,00001741,O,AIRPORT,0000
300,LH,2415,2011-02-25,00222646,00001741,O,AIRPORT,0000
300,LH,2415,2011-06-10,00225968,00001741,O,AIRPORT,0000
300,LH,2407,2011-06-25,00206164,00001741,O,AIRPORT,0000
300,UA,7,2010-08-21,5302,3152,O,AIRPORT,
300,LH,400,2011-04-02,21373,3152,O,AIRPORT,
300,UA,7,2011-05-21,17510,3152,O,AIRPORT,
300,AZ,555,2011-01-12,16834,3152,O,AIRPORT,
300,UA,7,2010-08-21,5527,3152,O,AIRPORT,
300,JL,408,2012-03-10,48837,3152,O,AIRPORT,
300,JL,408,2011-11-05,47171,3152,O,AIRPORT,
300,AA,17,2010-06-30,4731,3152,O,AIRPORT,
300,DL,106,2010-07-12,4821,3152,O,AIRPORT,
300,DL,106,2011-04-25,22837,3152,O,AIRPORT,
300,LH,400,2011-05-07,23623,3152,O,AIRPORT,
300,UA,7,2011-09-24,23297,3152,O,AIRPORT,
300,UA,7,2011-09-24,23427,3152,O,AIRPORT,
300,QF,5,2010-08-06,6666,3152,O,AIRPORT,
300,JL,407,2010-12-10,10355,3152,O,AIRPORT,
300,UA,7,2010-09-18,6576,3152,O,AIRPORT,
300,QF,5,2010-08-13,7147,3152,O,AIRPORT,
300,QF,5,2010-10-15,11035,3152,O,AIRPORT,
300,AA,17,2010-09-22,9929,3152,O,AIRPORT,
300,AZ,555,2010-09-29,10052,3152,O,AIRPORT,
300,AA,17,2010-09-08,8899,3152,O,AIRPORT,
300,DL,106,2010-09-06,8554,3152,O,AIRPORT,
300,QF,5,2010-12-17,14907,3152,O,AIRPORT,
300,JL,407,2011-04-01,15243,3152,O,AIRPORT,
300,DL,106,2010-12-13,14744,3152,O,AIRPORT,
300,LH,400,2010-12-11,14636,3152,O,AIRPORT,
300,JL,407,2010-08-27,5835,3152,O,AIRPORT,
300,DL,106,2010-07-26,5820,3152,O,AIRPORT,
300,QF,5,2010-05-14,1577,3152,O,AIRPORT,
300,UA,7,2011-02-05,12894,3152,O,AIRPORT,
300,LH,400,2010-10-30,11962,3152,O,AIRPORT,
300,DL,106,2010-11-01,12040,3152,O,AIRPORT,
300,DL,106,2010-08-02,6306,3152,O,AIRPORT,
300,LH,400,2010-11-20,13166,3152,O,AIRPORT,
300,JL,407,2011-02-11,13274,3152,O,AIRPORT,
300,UA,941,2010-08-26,32450,3152,O,AIRPORT,
300,AA,17,2011-10-05,33327,3152,O,AIRPORT,
300,AA,17,2011-11-09,35305,3152,O,AIRPORT,
300,JL,408,2010-10-30,33974,3152,O,AIRPORT,
300,DL,106,2011-10-24,34024,3152,O,AIRPORT,
300,UA,941,2010-09-23,33399,3152,O,AIRPORT,
300,QF,5,2011-10-28,34537,3152,O,AIRPORT,
300,QF,5,2011-06-24,26573,3152,O,AIRPORT,
300,DL,106,2011-06-27,26600,3152,O,AIRPORT,
300,JL,407,2012-03-09,26814,3152,O,AIRPORT,
300,JL,408,2010-05-08,27642,3152,O,AIRPORT,
300,AA,17,2011-06-08,25888,3152,O,AIRPORT,
300,LH,400,2011-08-13,29862,3152,O,AIRPORT,
300,AZ,555,2011-08-03,29378,3152,O,AIRPORT,
300,UA,941,2010-06-03,29276,3152,O,AIRPORT,
300,LH,400,2011-08-13,30055,3152,O,AIRPORT,
300,AA,17,2010-06-02,2829,3152,O,AIRPORT,
300,JL,408,2010-05-22,28249,3152,O,AIRPORT,
300,JL,408,2010-06-12,29126,3152,O,AIRPORT,
300,QF,6,2010-08-18,43412,3152,O,AIRPORT,
300,QF,6,2010-09-01,43753,3152,O,AIRPORT,
300,UA,7,2010-07-31,4389,3152,O,AIRPORT,
300,LH,401,2010-06-04,42142,3152,O,AIRPORT,
300,AA,17,2010-06-23,4184,3152,O,AIRPORT,
300,LH,401,2010-05-28,41750,3152,O,AIRPORT,
300,LH,401,2010-06-04,42434,3152,O,AIRPORT,
300,QF,6,2010-10-27,46293,3152,O,AIRPORT,
300,QF,6,2010-10-27,46379,3152,O,AIRPORT,
300,QF,6,2010-09-22,44875,3152,O,AIRPORT,
300,JL,408,2011-08-27,44849,3152,O,AIRPORT,
300,UA,941,2011-07-28,44310,3152,O,AIRPORT,
300,DL,1699,2010-08-16,44516,3152,O,AIRPORT,
300,AZ,555,2010-06-30,4541,3152,O,AIRPORT,
300,AZ,555,2011-05-25,25050,3152,O,AIRPORT,
300,UA,941,2011-01-20,37566,3152,O,AIRPORT,
300,AZ,555,2012-02-29,37608,3152,O,AIRPORT,
300,QF,6,2010-05-05,38752,3152,O,AIRPORT,
300,JL,408,2011-02-26,38353,3152,O,AIRPORT,
300,JL,408,2011-01-15,36731,3152,O,AIRPORT,
300,DL,1699,2010-06-14,40805,3152,O,AIRPORT,
300,UA,941,2011-04-07,40274,3152,O,AIRPORT,
300,QF,6,2010-06-30,41278,3152,O,AIRPORT,
300,AZ,788,2010-05-11,39270,3152,O,AIRPORT,
300,AZ,788,2010-05-11,39225,3152,O,AIRPORT,
300,JL,408,2011-03-19,38967,3152,O,AIRPORT,
300,QF,6,2011-08-03,58772,3152,O,AIRPORT,
300,AA,26,2011-07-13,58609,3152,O,AIRPORT,
300,AZ,788,2011-06-07,63790,3152,O,AIRPORT,
300,QF,5,2010-04-30,851,3152,O,AIRPORT,
300,QF,6,2011-11-16,63275,3152,O,AIRPORT,
300,AZ,788,2011-05-24,62789,3152,O,AIRPORT,
300,LH,401,2010-11-05,51693,3152,O,AIRPORT,
300,DL,1699,2010-11-29,51014,3152,O,AIRPORT,
300,LH,401,2010-09-24,49268,3152,O,AIRPORT,
300,LH,401,2010-10-01,49575,3152,O,AIRPORT,
300,LH,401,2010-12-31,55621,3152,O,AIRPORT,
300,UA,3504,2010-07-09,55019,3152,O,AIRPORT,
300,UA,3504,2010-07-30,56601,3152,O,AIRPORT,
300,AA,26,2011-03-30,53946,3152,O,AIRPORT,
300,AZ,788,2011-01-18,54963,3152,O,AIRPORT,
300,AZ,788,2011-01-04,54275,3152,O,AIRPORT,
300,LH,401,2011-07-22,68203,3152,O,AIRPORT,
300,UA,3504,2011-02-11,68794,3152,O,AIRPORT,
300,UA,3504,2010-12-17,65307,3152,O,AIRPORT,
300,DL,1699,2011-08-22,67556,3152,O,AIRPORT,
300,DL,1984,2010-10-11,86171,3152,O,AIRPORT,
300,AA,64,2011-11-11,86435,3152,O,AIRPORT,
300,AZ,789,2010-10-20,87674,3152,O,AIRPORT,
300,LH,402,2010-08-30,87386,3152,O,AIRPORT,
300,DL,1984,2010-05-17,77090,3152,O,AIRPORT,
300,DL,1984,2010-05-10,76571,3152,O,AIRPORT,
300,LH,401,2011-11-18,76302,3152,O,AIRPORT,
300,DL,1984,2010-05-03,76345,3152,O,AIRPORT,
300,LH,401,2011-08-28,70921,3152,O,AIRPORT,
300,UA,3504,2011-04-22,73103,3152,O,AIRPORT,
300,LH,401,2011-09-30,73229,3152,O,AIRPORT,
300,AA,64,2010-11-26,73885,3152,O,AIRPORT,
300,AA,64,2010-10-22,72724,3152,O,AIRPORT,
300,UA,3504,2011-04-15,72760,3152,O,AIRPORT,
300,DL,1984,2010-09-06,83963,3152,O,AIRPORT,
300,AZ,789,2010-08-25,84113,3152,O,AIRPORT,
300,AZ,789,2010-08-18,83666,3152,O,AIRPORT,
300,AZ,789,2010-07-07,80799,3152,O,AIRPORT,
300,LH,402,2010-05-17,80866,3152,O,AIRPORT,
300,UA,3504,2011-08-05,79814,3152,O,AIRPORT,
300,LH,402,2011-09-28,112364,3152,O,AIRPORT,
300,UA,3516,2011-05-10,113089,3152,O,AIRPORT,
300,UA,3516,2010-12-21,104388,3152,O,AIRPORT,
300,UA,3516,2011-01-18,106006,3152,O,AIRPORT,
300,AZ,789,2011-05-25,100833,3152,O,AIRPORT,
300,AZ,789,2011-06-29,103086,3152,O,AIRPORT,
300,UA,3516,2010-11-09,101789,3152,O,AIRPORT,
300,AZ,789,2011-10-26,110585,3152,O,AIRPORT,
300,LH,402,2011-08-28,109856,3152,O,AIRPORT,
300,LH,402,2011-08-15,109177,3152,O,AIRPORT,
300,LH,402,2011-08-15,108910,3152,O,AIRPORT,
300,DL,1984,2010-12-20,90411,3152,O,AIRPORT,
300,UA,3516,2010-04-27,89812,3152,O,AIRPORT,
300,UA,3516,2010-05-18,90875,3152,O,AIRPORT,
300,AZ,789,2010-12-08,90554,3152,O,AIRPORT,
300,AZ,789,2010-11-17,89256,3152,O,AIRPORT,
300,AZ,789,2010-11-17,89322,3152,O,AIRPORT,
300,UA,3516,2010-06-22,93240,3152,O,AIRPORT,
300,UA,3516,2010-06-01,91641,3152,O,AIRPORT,
300,UA,3516,2010-05-25,91230,3152,O,AIRPORT,
300,LH,402,2010-11-22,92509,3152,O,AIRPORT,
300,DL,1984,2010-11-08,88119,3152,O,AIRPORT,
300,UA,3516,2010-08-31,97664,3152,O,AIRPORT,
300,LH,454,2010-09-04,123640,3152,O,AIRPORT,
300,AZ,790,2010-11-17,123698,3152,O,AIRPORT,
300,AZ,790,2011-02-16,127607,3152,O,AIRPORT,
300,UA,3517,2010-05-17,129774,3152,O,AIRPORT,
300,LH,454,2010-10-30,126334,3152,O,AIRPORT,
300,UA,3516,2011-06-21,115784,3152,O,AIRPORT,
300,LH,402,2011-11-14,115609,3152,O,AIRPORT,
300,LH,402,2012-01-23,117225,3152,O,AIRPORT,
300,UA,3516,2011-07-05,116686,3152,O,AIRPORT,
300,UA,3516,2011-05-17,113508,3152,O,AIRPORT,
300,LH,402,2011-10-10,113534,3152,O,AIRPORT,
300,AZ,790,2010-09-08,120576,3152,O,AIRPORT,
300,AZ,790,2010-09-15,120795,3152,O,AIRPORT,
300,UA,3516,2011-09-27,122167,3152,O,AIRPORT,
300,UA,3516,2011-08-02,118272,3152,O,AIRPORT,
300,UA,3516,2011-08-02,118512,3152,O,AIRPORT,
300,AZ,790,2010-08-18,119713,3152,O,AIRPORT,
300,UA,3517,2011-05-09,152015,3152,O,AIRPORT,
300,UA,3517,2011-06-06,153884,3152,O,AIRPORT,
300,LH,455,2010-12-20,154369,3152,O,AIRPORT,
300,LH,455,2010-11-15,153128,3152,O,AIRPORT,
300,AZ,791,2010-10-28,148091,3152,O,AIRPORT,
300,UA,3517,2011-02-14,146843,3152,O,AIRPORT,
300,LH,455,2010-08-30,150388,3152,O,AIRPORT,
300,UA,3517,2011-09-19,160452,3152,O,AIRPORT,
300,LH,455,2011-06-27,161087,3152,O,AIRPORT,
300,AZ,791,2011-11-24,162103,3152,O,AIRPORT,
300,AZ,791,2011-11-24,162059,3152,O,AIRPORT,
300,LH,455,2011-01-17,155400,3152,O,AIRPORT,
300,AZ,791,2011-07-28,157948,3152,O,AIRPORT,
300,LH,454,2011-05-14,135049,3152,O,AIRPORT,
300,UA,3517,2010-09-13,137418,3152,O,AIRPORT,
300,LH,454,2011-02-05,130654,3152,O,AIRPORT,
300,LH,454,2011-04-02,133154,3152,O,AIRPORT,
300,AZ,790,2011-06-22,133222,3152,O,AIRPORT,
300,LH,454,2011-03-19,132367,3152,O,AIRPORT,
300,UA,3517,2010-06-28,132550,3152,O,AIRPORT,
300,UA,3517,2010-07-05,132721,3152,O,AIRPORT,
300,AZ,791,2010-07-08,144333,3152,O,AIRPORT,
300,AZ,791,2010-05-20,142505,3152,O,AIRPORT,
300,LH,455,2010-05-10,146297,3152,O,AIRPORT,
300,LH,454,2011-12-10,144596,3152,O,AIRPORT,
300,UA,3517,2010-10-04,138598,3152,O,AIRPORT,
300,AZ,790,2011-11-02,139104,3152,O,AIRPORT,
300,UA,3517,2011-10-24,163319,3152,O,AIRPORT,
300,LH,2462,2011-07-29,262169,3152,O,AIRPORT,
300,LH,2463,2011-03-26,279996,3152,O,AIRPORT,
300,LH,2436,2010-08-28,235146,3152,O,AIRPORT,
300,LH,2462,2010-09-24,251230,3152,O,AIRPORT,
300,LH,2436,2011-07-23,242009,3152,O,AIRPORT,
300,LH,3577,2011-10-22,310971,3152,O,AIRPORT,
300,LH,3577,2010-07-03,293504,3152,O,AIRPORT,
300,LH,3577,2010-05-22,291866,3152,O,AIRPORT,
300,LH,2463,2011-05-07,281624,3152,O,AIRPORT,
300,LH,3577,2011-05-07,304434,3152,O,AIRPORT,
300,LH,3577,2010-11-13,298110,3152,O,AIRPORT,
300,LH,3577,2010-11-27,298647,3152,O,AIRPORT,
300,LH,2407,2011-04-09,203203,3152,O,AIRPORT,
300,LH,2407,2010-09-11,195734,3152,O,AIRPORT,
300,LH,2407,2010-10-02,196571,3152,O,AIRPORT,
300,LH,2407,2010-06-05,192365,3152,O,AIRPORT,
300,LH,2415,2010-12-10,220229,3152,O,AIRPORT,
300,LH,2415,2010-12-17,220590,3152,O,AIRPORT,
300,LH,2415,2010-09-17,217598,3152,O,AIRPORT,
300,LH,2415,2010-10-08,218244,3152,O,AIRPORT,
300,LH,2407,2011-09-10,208934,3152,O,AIRPORT,
300,LH,2407,2011-09-03,208781,3152,O,AIRPORT,
300,LH,2402,2011-02-05,178454,3152,O,AIRPORT,
300,LH,2402,2011-07-16,184390,3152,O,AIRPORT,
300,LH,2402,2011-07-09,183982,3152,O,AIRPORT,
300,LH,2402,2010-07-10,170990,3152,O,AIRPORT,
300,LH,2402,2010-06-12,170038,3152,O,AIRPORT,
300,LH,2402,2010-11-20,175803,3152,O,AIRPORT,
300,AA,17,2011-03-09,20322,654,O,AIRPORT,
300,AA,17,2011-02-23,19290,654,O,AIRPORT,
300,AZ,555,2011-03-23,21011,654,O,AIRPORT,
300,UA,7,2011-08-13,21111,654,O,AIRPORT,
300,UA,7,2011-06-04,17897,654,O,AIRPORT,
300,UA,7,2010-05-29,1835,654,O,AIRPORT,
300,AA,26,2010-11-24,48453,654,O,AIRPORT,
300,UA,7,2011-10-08,24313,654,O,AIRPORT,
300,AA,17,2011-05-18,24607,654,O,AIRPORT,
300,AA,26,2010-11-10,47852,654,O,AIRPORT,
300,AA,26,2010-11-10,47889,654,O,AIRPORT,
300,DL,106,2011-04-11,21852,654,O,AIRPORT,
300,LH,400,2011-05-07,23622,654,O,AIRPORT,
300,UA,7,2011-09-24,23183,654,O,AIRPORT,
300,UA,7,2011-09-24,23285,654,O,AIRPORT,
300,AA,17,2011-04-27,23114,654,O,AIRPORT,
300,AA,17,2010-08-04,6753,654,O,AIRPORT,
300,LH,400,2010-10-09,10758,654,O,AIRPORT,
300,JL,407,2010-11-19,9546,654,O,AIRPORT,
300,QF,5,2010-08-27,8018,654,O,AIRPORT,
300,AA,17,2010-12-15,14993,654,O,AIRPORT,
300,AA,17,2010-12-29,15744,654,O,AIRPORT,
300,DL,106,2011-01-03,15975,654,O,AIRPORT,
300,DL,106,2010-07-26,5889,654,O,AIRPORT,
300,LH,400,2010-11-06,12631,654,O,AIRPORT,
300,AA,17,2010-11-10,12617,654,O,AIRPORT,
300,LH,400,2010-10-30,12178,654,O,AIRPORT,
300,JL,407,2011-02-25,13717,654,O,AIRPORT,
300,JL,407,2011-03-04,14181,654,O,AIRPORT,
300,QF,5,2010-11-12,13027,654,O,AIRPORT,
300,QF,5,2010-07-30,6203,654,O,AIRPORT,
300,AZ,555,2010-11-17,13417,654,O,AIRPORT,
300,JL,408,2010-09-18,32474,654,O,AIRPORT,
300,DL,106,2010-06-14,3220,654,O,AIRPORT,
300,LH,400,2010-06-12,3315,654,O,AIRPORT,
300,LH,400,2011-09-24,32894,654,O,AIRPORT,
300,LH,400,2011-08-28,31173,654,O,AIRPORT,
300,JL,408,2010-07-31,30695,654,O,AIRPORT,
300,LH,400,2011-09-03,31503,654,O,AIRPORT,
300,UA,941,2010-11-18,35360,654,O,AIRPORT,
300,AZ,555,2011-10-26,34745,654,O,AIRPORT,
300,QF,5,2011-11-11,35440,654,O,AIRPORT,
300,DL,106,2011-10-17,33690,654,O,AIRPORT,
300,AA,17,2011-10-26,34720,654,O,AIRPORT,
300,JL,408,2010-11-06,34153,654,O,AIRPORT,
300,AZ,555,2010-06-02,2680,654,O,AIRPORT,
300,AZ,555,2011-06-22,26815,654,O,AIRPORT,
300,AZ,555,2011-07-06,27627,654,O,AIRPORT,
300,DL,106,2011-07-11,27542,654,O,AIRPORT,
300,DL,106,2011-07-04,27397,654,O,AIRPORT,
300,JL,407,2011-11-25,25662,654,O,AIRPORT,
300,DL,106,2011-08-29,30553,654,O,AIRPORT,
300,DL,1699,2010-07-26,43447,654,O,AIRPORT,
300,JL,408,2011-08-06,43948,654,O,AIRPORT,
300,DL,1699,2010-09-06,46075,654,O,AIRPORT,
300,QF,6,2010-10-20,46225,654,O,AIRPORT,
300,AZ,788,2010-09-07,46776,654,O,AIRPORT,
300,LH,401,2010-08-13,46723,654,O,AIRPORT,
300,AZ,788,2010-09-07,46701,654,O,AIRPORT,
300,QF,6,2010-09-15,44669,654,O,AIRPORT,
300,QF,6,2010-09-29,45003,654,O,AIRPORT,
300,LH,401,2010-07-16,45015,654,O,AIRPORT,
300,AZ,788,2010-08-10,45015,654,O,AIRPORT,
300,JL,408,2011-09-10,45284,654,O,AIRPORT,
300,JL,408,2011-01-15,36674,654,O,AIRPORT,
300,AA,17,2012-01-04,37263,654,O,AIRPORT,
300,DL,1699,2010-04-26,37434,654,O,AIRPORT,
300,JL,408,2011-02-05,37443,654,O,AIRPORT,
300,LH,401,2010-05-07,40717,654,O,AIRPORT,
300,DL,1699,2010-06-21,41160,654,O,AIRPORT,
300,QF,6,2010-06-30,41199,654,O,AIRPORT,
300,UA,7,2010-07-24,4113,654,O,AIRPORT,
300,QF,5,2011-05-27,25032,654,O,AIRPORT,
300,QF,6,2011-08-31,59953,654,O,AIRPORT,
300,DL,1699,2011-05-09,60950,654,O,AIRPORT,
300,LH,401,2011-03-18,60319,654,O,AIRPORT,
300,UA,3504,2010-08-27,58411,654,O,AIRPORT,
300,DL,1699,2011-06-27,64239,654,O,AIRPORT,
300,AA,26,2011-11-02,63453,654,O,AIRPORT,
300,UA,7,2010-05-08,699,654,O,AIRPORT,
300,DL,1699,2011-07-04,64653,654,O,AIRPORT,
300,UA,3504,2010-10-29,62009,654,O,AIRPORT,
300,QF,6,2011-03-16,52602,654,O,AIRPORT,
300,AZ,788,2010-11-30,52141,654,O,AIRPORT,
300,AA,26,2011-02-16,52247,654,O,AIRPORT,
300,QF,6,2011-05-25,55801,654,O,AIRPORT,
300,QF,6,2011-04-13,53815,654,O,AIRPORT,
300,AZ,788,2010-12-21,53191,654,O,AIRPORT,
300,AA,64,2010-08-13,70122,654,O,AIRPORT,
300,DL,1699,2011-09-26,69983,654,O,AIRPORT,
300,AZ,788,2011-07-19,66118,654,O,AIRPORT,
300,AA,64,2010-04-23,66262,654,O,AIRPORT,
300,LH,401,2011-06-03,65256,654,O,AIRPORT,
300,LH,401,2011-06-17,65779,654,O,AIRPORT,
300,AA,64,2011-10-28,86021,654,O,AIRPORT,
300,AA,64,2011-09-30,84982,654,O,AIRPORT,
300,AA,64,2011-10-21,85583,654,O,AIRPORT,
300,UA,3504,2011-10-21,85333,654,O,AIRPORT,
300,AZ,789,2010-10-27,87905,654,O,AIRPORT,
300,AZ,789,2010-10-27,88010,654,O,AIRPORT,
300,DL,1984,2010-10-25,86937,654,O,AIRPORT,
300,AA,64,2010-12-24,74870,654,O,AIRPORT,
300,UA,3504,2011-06-03,75591,654,O,AIRPORT,
300,LH,401,2011-11-11,76072,654,O,AIRPORT,
300,AA,64,2011-01-14,75821,654,O,AIRPORT,
300,LH,401,2011-11-11,75944,654,O,AIRPORT,
300,AZ,789,2010-04-28,76623,654,O,AIRPORT,
300,DL,1984,2010-05-03,76414,654,O,AIRPORT,
300,UA,3504,2011-03-25,71460,654,O,AIRPORT,
300,DL,1699,2011-10-24,71807,654,O,AIRPORT,
300,UA,3504,2011-03-18,71050,654,O,AIRPORT,
300,LH,401,2011-10-07,73800,654,O,AIRPORT,
300,DL,1699,2011-12-05,73671,654,O,AIRPORT,
300,UA,3504,2011-09-16,82622,654,O,AIRPORT,
300,UA,3504,2011-09-16,82767,654,O,AIRPORT,
300,UA,3504,2011-09-02,82005,654,O,AIRPORT,
300,AZ,789,2010-05-26,78484,654,O,AIRPORT,
300,DL,1984,2010-06-21,79061,654,O,AIRPORT,
300,DL,1984,2010-05-31,78138,654,O,AIRPORT,
300,DL,1984,2010-07-19,80876,654,O,AIRPORT,
300,UA,3504,2011-08-05,79539,654,O,AIRPORT,
300,DL,1984,2010-07-05,80091,654,O,AIRPORT,
300,DL,1984,2012-01-23,112463,654,O,AIRPORT,
300,AZ,789,2011-07-20,104303,654,O,AIRPORT,
300,DL,1984,2011-08-01,104626,654,O,AIRPORT,
300,UA,3516,2011-01-04,105135,654,O,AIRPORT,
300,UA,3516,2010-12-28,105055,654,O,AIRPORT,
300,LH,402,2011-04-11,101207,654,O,AIRPORT,
300,UA,3516,2010-11-09,101803,654,O,AIRPORT,
300,UA,3516,2011-03-15,109713,654,O,AIRPORT,
300,AZ,789,2011-11-02,111155,654,O,AIRPORT,
300,LH,402,2011-08-01,108012,654,O,AIRPORT,
300,UA,3516,2010-05-11,90567,654,O,AIRPORT,
300,DL,1984,2010-11-22,88877,654,O,AIRPORT,
300,LH,402,2010-09-27,88846,654,O,AIRPORT,
300,LH,402,2010-12-06,93539,654,O,AIRPORT,
300,AZ,789,2010-12-29,91813,654,O,AIRPORT,
300,DL,1984,2011-01-17,92388,654,O,AIRPORT,
300,DL,1984,2011-01-17,92137,654,O,AIRPORT,
300,DL,1984,2011-03-28,96629,654,O,AIRPORT,
300,LH,402,2011-01-17,96112,654,O,AIRPORT,
300,DL,1984,2011-02-14,94101,654,O,AIRPORT,
300,DL,1984,2011-03-07,95299,654,O,AIRPORT,
300,AZ,789,2011-02-16,94912,654,O,AIRPORT,
300,UA,3516,2011-10-25,124633,654,O,AIRPORT,
300,AZ,790,2010-11-24,123837,654,O,AIRPORT,
300,AZ,790,2010-12-01,124403,654,O,AIRPORT,
300,AZ,790,2011-03-09,128490,654,O,AIRPORT,
300,LH,454,2010-12-11,128156,654,O,AIRPORT,
300,UA,3516,2011-12-06,126431,654,O,AIRPORT,
300,AZ,790,2010-05-19,115551,654,O,AIRPORT,
300,LH,402,2011-12-26,116679,654,O,AIRPORT,
300,UA,3516,2011-05-17,113616,654,O,AIRPORT,
300,AZ,790,2010-04-21,114479,654,O,AIRPORT,
300,LH,402,2011-10-17,113827,654,O,AIRPORT,
300,UA,3516,2011-09-06,120967,654,O,AIRPORT,
300,LH,454,2010-06-12,120151,654,O,AIRPORT,
300,LH,454,2010-06-12,120194,654,O,AIRPORT,
300,LH,454,2010-05-08,118526,654,O,AIRPORT,
300,UA,3516,2011-08-16,119237,654,O,AIRPORT,
300,UA,3516,2011-08-23,119699,654,O,AIRPORT,
300,AZ,790,2010-07-28,118684,654,O,AIRPORT,
300,UA,3516,2011-08-09,118976,654,O,AIRPORT,
300,AZ,791,2011-04-07,153887,654,O,AIRPORT,
300,AZ,791,2010-12-16,149996,654,O,AIRPORT,
300,AZ,791,2011-09-08,159295,654,O,AIRPORT,
300,UA,3517,2011-09-05,159549,654,O,AIRPORT,
300,AZ,791,2011-09-22,159799,654,O,AIRPORT,
300,UA,3517,2011-10-17,162933,654,O,AIRPORT,
300,UA,3517,2011-08-28,158809,654,O,AIRPORT,
300,AZ,790,2011-08-24,136022,654,O,AIRPORT,
300,AZ,790,2011-08-17,135673,654,O,AIRPORT,
300,UA,3517,2010-05-24,130422,654,O,AIRPORT,
300,LH,454,2011-02-05,130688,654,O,AIRPORT,
300,UA,3517,2010-06-21,132135,654,O,AIRPORT,
300,AZ,790,2011-06-01,132219,654,O,AIRPORT,
300,UA,3517,2011-01-03,144297,654,O,AIRPORT,
300,AZ,791,2010-05-20,142459,654,O,AIRPORT,
300,AZ,790,2012-01-18,140791,654,O,AIRPORT,
300,LH,455,2011-09-19,164271,654,O,AIRPORT,
300,LH,2462,2011-07-08,261512,654,O,AIRPORT,
300,LH,2462,2011-10-28,265898,654,O,AIRPORT,
300,LH,2462,2011-07-01,261194,654,O,AIRPORT,
300,LH,2463,2010-07-03,270421,654,O,AIRPORT,
300,LH,2436,2011-03-05,239012,654,O,AIRPORT,
300,LH,2415,2011-07-15,226917,654,O,AIRPORT,
300,LH,2415,2011-07-15,226957,654,O,AIRPORT,
300,LH,2462,2010-10-08,251606,654,O,AIRPORT,
300,LH,2436,2011-11-12,244529,654,O,AIRPORT,
300,LH,3577,2010-05-22,291928,654,O,AIRPORT,
300,LH,2463,2011-08-28,285910,654,O,AIRPORT,
300,LH,3577,2011-03-12,302313,654,O,AIRPORT,
300,LH,3577,2011-06-04,305394,654,O,AIRPORT,
300,LH,2407,2010-12-04,198698,654,O,AIRPORT,
300,LH,2407,2011-04-02,202995,654,O,AIRPORT,
300,LH,2402,2012-01-07,190006,654,O,AIRPORT,
300,LH,2402,2012-01-28,190236,654,O,AIRPORT,
300,LH,2407,2010-05-29,191993,654,O,AIRPORT,
300,LH,2407,2010-09-18,196112,654,O,AIRPORT,
300,LH,2407,2010-07-24,194134,654,O,AIRPORT,
300,LH,2407,2010-07-24,194007,654,O,AIRPORT,
300,LH,2415,2011-04-29,224615,654,O,AIRPORT,
300,LH,2415,2011-06-17,226233,654,O,AIRPORT,
300,LH,2415,2011-01-28,221869,654,O,AIRPORT,
300,LH,2407,2011-11-05,211295,654,O,AIRPORT,
300,LH,2407,2011-11-05,211207,654,O,AIRPORT,
300,LH,2407,2011-11-26,211971,654,O,AIRPORT,
300,LH,2407,2012-01-07,212343,654,O,AIRPORT,
300,LH,2415,2010-05-21,214037,654,O,AIRPORT,
300,LH,2402,2011-04-02,180504,654,O,AIRPORT,
300,LH,2402,2011-03-12,179750,654,O,AIRPORT,
300,LH,2402,2011-02-19,179082,654,O,AIRPORT,
300,LH,2402,2011-08-27,185885,654,O,AIRPORT,
300,LH,2402,2011-07-23,184645,654,O,AIRPORT,
300,LH,2402,2010-05-22,169208,654,O,AIRPORT,
300,LH,2402,2010-10-16,174521,654,O,AIRPORT,
300,AZ,0555,2011-01-05,00016564,00000439,O,AIRPORT,0000
300,LH,0400,2011-01-08,00016517,00000439,O,AIRPORT,0000
300,LH,0400,2010-12-25,00015342,00000439,O,AIRPORT,0000
300,QF,0005,2010-12-31,00015812,00000439,O,AIRPORT,0000
300,JL,0407,2011-04-15,00015913,00000439,O,AIRPORT,0000
300,AA,0017,2011-02-02,00017852,00000439,O,AIRPORT,0000
300,UA,0007,2011-05-14,00017116,00000439,O,AIRPORT,0000
300,UA,0007,2011-05-07,00016860,00000439,O,AIRPORT,0000
300,QF,0005,2011-01-21,00017225,00000439,O,AIRPORT,0000
300,LH,0400,2010-11-27,00013688,00000439,O,AIRPORT,0000
300,JL,0407,2011-02-25,00013688,00000439,O,AIRPORT,0000
300,AZ,0555,2010-11-03,00012242,00000439,O,AIRPORT,0000
300,UA,0007,2011-03-19,00014682,00000439,O,AIRPORT,0000
300,QF,0005,2010-12-17,00015082,00000439,O,AIRPORT,0000
300,QF,0005,2010-12-17,00015112,00000439,O,AIRPORT,0000
300,LH,0400,2010-12-18,00014894,00000439,O,AIRPORT,0000
300,AA,0017,2010-11-24,00013751,00000439,O,AIRPORT,0000
300,UA,0007,2011-02-26,00013812,00000439,O,AIRPORT,0000
300,AZ,0555,2010-11-24,00013839,00000439,O,AIRPORT,0000
300,AZ,0555,2011-04-13,00022443,00000439,O,AIRPORT,0000
300,AZ,0555,2011-03-30,00021707,00000439,O,AIRPORT,0000
300,UA,0007,2011-08-27,00021871,00000439,O,AIRPORT,0000
300,UA,0007,2011-08-27,00021819,00000439,O,AIRPORT,0000
300,JL,0407,2011-10-14,00023856,00000439,O,AIRPORT,0000
300,AZ,0555,2011-04-20,00023057,00000439,O,AIRPORT,0000
300,DL,0106,2011-05-02,00023423,00000439,O,AIRPORT,0000
300,AA,0017,2011-04-27,00023412,00000439,O,AIRPORT,0000
300,AZ,0555,2011-03-02,00019781,00000439,O,AIRPORT,0000
300,JL,0407,2011-06-10,00018274,00000439,O,AIRPORT,0000
300,UA,0007,2011-07-30,00020654,00000439,O,AIRPORT,0000
300,JL,0407,2010-07-16,00004030,00000439,O,AIRPORT,0000
300,JL,0407,2010-07-09,00003578,00000439,O,AIRPORT,0000
300,UA,0007,2010-08-21,00005502,00000439,O,AIRPORT,0000
300,AZ,0555,2010-07-07,00004798,00000439,O,AIRPORT,0000
300,DL,0106,2010-07-12,00004984,00000439,O,AIRPORT,0000
300,LH,0400,2010-05-08,00001093,00000439,O,AIRPORT,0000
300,QF,0005,2010-05-14,00001432,00000439,O,AIRPORT,0000
300,UA,0007,2010-04-24,00000211,00000439,O,AIRPORT,0000
300,JL,0407,2010-06-11,00002286,00000439,O,AIRPORT,0000
300,QF,0005,2010-05-21,00002093,00000439,O,AIRPORT,0000
300,AZ,0555,2010-09-29,00010037,00000439,O,AIRPORT,0000
300,QF,0005,2010-09-17,00009381,00000439,O,AIRPORT,0000
300,AA,0017,2010-09-22,00009773,00000439,O,AIRPORT,0000
300,LH,0400,2010-10-23,00011600,00000439,O,AIRPORT,0000
300,AA,0017,2010-10-06,00010856,00000439,O,AIRPORT,0000
300,JL,0407,2010-10-01,00007139,00000439,O,AIRPORT,0000
300,DL,0106,2010-08-09,00006934,00000439,O,AIRPORT,0000
300,AA,0017,2010-08-11,00006961,00000439,O,AIRPORT,0000
300,UA,0007,2010-10-30,00008521,00000439,O,AIRPORT,0000
300,UA,0007,2010-10-16,00007758,00000439,O,AIRPORT,0000
300,LH,0401,2010-04-30,00040221,00000439,O,AIRPORT,0000
300,AZ,0788,2010-06-08,00040867,00000439,O,AIRPORT,0000
300,LH,0401,2010-04-30,00040081,00000439,O,AIRPORT,0000
300,UA,0941,2011-06-02,00042318,00000439,O,AIRPORT,0000
300,AA,0017,2012-01-25,00037471,00000439,O,AIRPORT,0000
300,AA,0026,2010-10-13,00046599,00000439,O,AIRPORT,0000
300,DL,1699,2010-09-06,00045825,00000439,O,AIRPORT,0000
300,JL,0408,2011-12-10,00048083,00000439,O,AIRPORT,0000
300,DL,1699,2010-08-02,00043672,00000439,O,AIRPORT,0000
300,JL,0408,2011-07-30,00043738,00000439,O,AIRPORT,0000
300,DL,1699,2010-07-26,00043195,00000439,O,AIRPORT,0000
300,LH,0401,2010-07-16,00045104,00000439,O,AIRPORT,0000
300,AZ,0788,2010-07-27,00044007,00000439,O,AIRPORT,0000
300,UA,0007,2012-03-10,00027465,00000439,O,AIRPORT,0000
300,UA,0941,2010-04-29,00028045,00000439,O,AIRPORT,0000
300,DL,0106,2011-07-11,00027829,00000439,O,AIRPORT,0000
300,AZ,0555,2011-08-10,00029799,00000439,O,AIRPORT,0000
300,LH,0400,2011-07-30,00028992,00000439,O,AIRPORT,0000
300,AZ,0555,2011-08-03,00029645,00000439,O,AIRPORT,0000
300,UA,0941,2010-06-03,00029378,00000439,O,AIRPORT,0000
300,AA,0017,2011-06-01,00025448,00000439,O,AIRPORT,0000
300,UA,0007,2011-10-29,00025279,00000439,O,AIRPORT,0000
300,UA,0007,2011-11-05,00025551,00000439,O,AIRPORT,0000
300,AZ,0555,2011-05-25,00025065,00000439,O,AIRPORT,0000
300,UA,0007,2011-12-10,00026430,00000439,O,AIRPORT,0000
300,DL,0106,2011-10-31,00034798,00000439,O,AIRPORT,0000
300,UA,0941,2010-10-14,00034020,00000439,O,AIRPORT,0000
300,LH,0400,2011-11-05,00035954,00000439,O,AIRPORT,0000
300,AZ,0555,2011-11-02,00035047,00000439,O,AIRPORT,0000
300,AA,0017,2011-09-07,00031468,00000439,O,AIRPORT,0000
300,JL,0408,2010-08-14,00031255,00000439,O,AIRPORT,0000
300,JL,0408,2010-09-25,00032765,00000439,O,AIRPORT,0000
300,DL,0106,2011-10-10,00033223,00000439,O,AIRPORT,0000
300,AZ,0555,2011-10-05,00033285,00000439,O,AIRPORT,0000
300,UA,0941,2010-09-23,00033310,00000439,O,AIRPORT,0000
300,AA,0017,2011-10-05,00033114,00000439,O,AIRPORT,0000
300,UA,0941,2010-09-02,00032566,00000439,O,AIRPORT,0000
300,QF,0006,2012-02-01,00064570,00000439,O,AIRPORT,0000
300,LH,0401,2011-05-27,00064627,00000439,O,AIRPORT,0000
300,LH,0401,2011-05-06,00063311,00000439,O,AIRPORT,0000
300,QF,0006,2011-06-01,00056070,00000439,O,AIRPORT,0000
300,AA,0026,2011-12-21,00064806,00000439,O,AIRPORT,0000
300,QF,0006,2012-02-22,00064812,00000439,O,AIRPORT,0000
300,LH,0401,2011-01-28,00057119,00000439,O,AIRPORT,0000
300,LH,0401,2011-03-04,00059267,00000439,O,AIRPORT,0000
300,QF,0006,2011-07-13,00057844,00000439,O,AIRPORT,0000
300,AA,0026,2011-09-21,00061571,00000439,O,AIRPORT,0000
300,AZ,0788,2011-04-12,00060162,00000439,O,AIRPORT,0000
300,AA,0026,2011-01-19,00050769,00000439,O,AIRPORT,0000
300,QF,0006,2011-03-16,00052639,00000439,O,AIRPORT,0000
300,UA,3504,2010-05-21,00052053,00000439,O,AIRPORT,0000
300,UA,3504,2010-05-28,00052733,00000439,O,AIRPORT,0000
300,UA,3504,2010-07-02,00054908,00000439,O,AIRPORT,0000
300,UA,3504,2010-07-09,00055064,00000439,O,AIRPORT,0000
300,AA,0064,2010-10-15,00072582,00000439,O,AIRPORT,0000
300,AA,0064,2010-10-08,00072102,00000439,O,AIRPORT,0000
300,UA,3504,2011-06-10,00076119,00000439,O,AIRPORT,0000
300,LH,0401,2011-10-21,00074536,00000439,O,AIRPORT,0000
300,DL,1699,2011-12-05,00073895,00000439,O,AIRPORT,0000
300,UA,3504,2011-01-21,00067283,00000439,O,AIRPORT,0000
300,AZ,0788,2011-07-12,00065674,00000439,O,AIRPORT,0000
300,AA,0026,2012-03-14,00065882,00000439,O,AIRPORT,0000
300,UA,3504,2011-02-25,00069642,00000439,O,AIRPORT,0000
300,AA,0064,2010-07-23,00069558,00000439,O,AIRPORT,0000
300,AZ,0788,2011-08-23,00068678,00000439,O,AIRPORT,0000
300,DL,1699,2011-09-19,00069347,00000439,O,AIRPORT,0000
300,AA,0064,2011-03-25,00078199,00000439,O,AIRPORT,0000
300,AA,0064,2011-03-04,00077415,00000439,O,AIRPORT,0000
300,UA,3504,2011-07-01,00077293,00000439,O,AIRPORT,0000
300,LH,0402,2010-07-19,00084680,00000439,O,AIRPORT,0000
300,AZ,0789,2010-09-08,00084846,00000439,O,AIRPORT,0000
300,DL,1984,2010-09-13,00084413,00000439,O,AIRPORT,0000
300,LH,0402,2010-07-26,00085247,00000439,O,AIRPORT,0000
300,UA,3504,2012-01-06,00087961,00000439,O,AIRPORT,0000
300,LH,0402,2010-08-16,00086293,00000439,O,AIRPORT,0000
300,LH,0402,2010-08-30,00087081,00000439,O,AIRPORT,0000
300,UA,3504,2011-09-30,00083950,00000439,O,AIRPORT,0000
300,DL,1984,2010-09-06,00084081,00000439,O,AIRPORT,0000
300,AZ,0789,2011-08-10,00105709,00000439,O,AIRPORT,0000
300,AZ,0789,2011-09-07,00107326,00000439,O,AIRPORT,0000
300,UA,3516,2010-11-16,00102351,00000439,O,AIRPORT,0000
300,LH,0402,2011-09-19,00111651,00000439,O,AIRPORT,0000
300,AZ,0789,2011-11-16,00111668,00000439,O,AIRPORT,0000
300,LH,0402,2011-09-26,00111954,00000439,O,AIRPORT,0000
300,DL,1984,2011-12-26,00112045,00000439,O,AIRPORT,0000
300,DL,1984,2011-10-31,00110069,00000439,O,AIRPORT,0000
300,LH,0402,2011-08-15,00109078,00000439,O,AIRPORT,0000
300,UA,3516,2010-07-20,00094745,00000439,O,AIRPORT,0000
300,UA,3516,2010-07-20,00094721,00000439,O,AIRPORT,0000
300,DL,1984,2011-01-31,00093076,00000439,O,AIRPORT,0000
300,UA,3516,2010-06-29,00093393,00000439,O,AIRPORT,0000
300,UA,3516,2010-06-08,00092378,00000439,O,AIRPORT,0000
300,LH,0402,2010-10-11,00090097,00000439,O,AIRPORT,0000
300,LH,0402,2011-01-31,00096959,00000439,O,AIRPORT,0000
300,DL,1984,2011-04-11,00097405,00000439,O,AIRPORT,0000
300,DL,1984,2011-04-11,00097355,00000439,O,AIRPORT,0000
300,DL,1984,2011-03-14,00095703,00000439,O,AIRPORT,0000
300,AZ,0789,2011-04-20,00098860,00000439,O,AIRPORT,0000
300,LH,0402,2011-03-28,00100485,00000439,O,AIRPORT,0000
300,AZ,0789,2011-05-25,00100792,00000439,O,AIRPORT,0000
300,AZ,0789,2011-04-06,00098021,00000439,O,AIRPORT,0000
300,AZ,0791,2010-08-26,00146026,00000439,O,AIRPORT,0000
300,UA,3517,2011-03-21,00148970,00000439,O,AIRPORT,0000
300,UA,3517,2010-10-25,00139919,00000439,O,AIRPORT,0000
300,AZ,0790,2011-11-16,00139667,00000439,O,AIRPORT,0000
300,AZ,0791,2010-06-10,00143286,00000439,O,AIRPORT,0000
300,UA,3517,2011-08-28,00158954,00000439,O,AIRPORT,0000
300,AZ,0791,2011-08-04,00158140,00000439,O,AIRPORT,0000
300,AZ,0791,2011-08-04,00158023,00000439,O,AIRPORT,0000
300,AZ,0791,2011-10-13,00160712,00000439,O,AIRPORT,0000
300,UA,3517,2011-09-12,00160144,00000439,O,AIRPORT,0000
300,UA,3517,2011-09-12,00160149,00000439,O,AIRPORT,0000
300,LH,0455,2011-06-06,00160411,00000439,O,AIRPORT,0000
300,LH,0455,2011-07-04,00161252,00000439,O,AIRPORT,0000
300,LH,0455,2011-06-27,00161090,00000439,O,AIRPORT,0000
300,LH,0455,2011-06-27,00161142,00000439,O,AIRPORT,0000
300,AZ,0791,2011-02-24,00152497,00000439,O,AIRPORT,0000
300,UA,3517,2011-05-09,00151882,00000439,O,AIRPORT,0000
300,AZ,0791,2011-05-26,00155659,00000439,O,AIRPORT,0000
300,AZ,0791,2011-05-26,00155608,00000439,O,AIRPORT,0000
300,AZ,0790,2010-10-13,00122139,00000439,O,AIRPORT,0000
300,UA,3516,2011-08-30,00120452,00000439,O,AIRPORT,0000
300,AZ,0790,2010-05-26,00115967,00000439,O,AIRPORT,0000
300,LH,0402,2011-11-07,00114965,00000439,O,AIRPORT,0000
300,AZ,0790,2010-07-21,00118493,00000439,O,AIRPORT,0000
300,UA,3517,2010-08-16,00135528,00000439,O,AIRPORT,0000
300,LH,0454,2011-04-02,00133046,00000439,O,AIRPORT,0000
300,AZ,0790,2011-06-15,00133057,00000439,O,AIRPORT,0000
300,UA,3517,2010-08-16,00135591,00000439,O,AIRPORT,0000
300,UA,3517,2010-05-03,00128822,00000439,O,AIRPORT,0000
300,LH,0454,2011-02-12,00130835,00000439,O,AIRPORT,0000
300,LH,0455,2011-09-28,00164806,00000439,O,AIRPORT,0000
300,UA,3517,2012-03-12,00166403,00000439,O,AIRPORT,0000
300,LH,0455,2011-09-19,00164302,00000439,O,AIRPORT,0000
300,LH,2407,2010-08-07,00194592,00000439,O,AIRPORT,0000
300,LH,2402,2011-10-29,00188569,00000439,O,AIRPORT,0000
300,LH,2402,2011-07-23,00184437,00000439,O,AIRPORT,0000
300,LH,2402,2011-01-29,00178319,00000439,O,AIRPORT,0000
300,LH,2402,2010-11-27,00176029,00000439,O,AIRPORT,0000
300,LH,2402,2010-10-23,00174891,00000439,O,AIRPORT,0000
300,LH,2462,2011-01-21,00255399,00000439,O,AIRPORT,0000
300,LH,2462,2010-11-19,00253239,00000439,O,AIRPORT,0000
300,LH,2462,2010-10-22,00252239,00000439,O,AIRPORT,0000
300,LH,2463,2010-06-12,00269913,00000439,O,AIRPORT,0000
300,LH,2462,2011-07-08,00261376,00000439,O,AIRPORT,0000
300,LH,2462,2011-05-06,00259281,00000439,O,AIRPORT,0000
300,LH,2462,2011-07-29,00262087,00000439,O,AIRPORT,0000
300,LH,2436,2010-06-26,00233828,00000439,O,AIRPORT,0000
300,LH,2415,2011-10-07,00229917,00000439,O,AIRPORT,0000
300,LH,2415,2011-10-07,00229952,00000439,O,AIRPORT,0000
300,LH,2415,2011-09-28,00229656,00000439,O,AIRPORT,0000
300,LH,2462,2010-06-18,00247629,00000439,O,AIRPORT,0000
300,LH,2462,2010-06-25,00247869,00000439,O,AIRPORT,0000
300,LH,3577,2010-11-20,00298397,00000439,O,AIRPORT,0000
300,LH,2463,2011-02-12,00278498,00000439,O,AIRPORT,0000
300,LH,2463,2011-10-08,00287596,00000439,O,AIRPORT,0000
300,LH,2463,2010-08-28,00272565,00000439,O,AIRPORT,0000
300,LH,3577,2011-02-26,00302004,00000439,O,AIRPORT,0000
300,LH,3577,2011-01-01,00299914,00000439,O,AIRPORT,0000
300,LH,3577,2011-05-14,00304736,00000439,O,AIRPORT,0000
300,LH,2407,2011-03-26,00202783,00000439,O,AIRPORT,0000
300,LH,2407,2011-03-05,00202146,00000439,O,AIRPORT,0000
300,LH,2407,2011-07-30,00207402,00000439,O,AIRPORT,0000
300,LH,2407,2011-09-10,00209070,00000439,O,AIRPORT,0000
300,LH,2415,2011-04-01,00223695,00000439,O,AIRPORT,0000
300,LH,2415,2011-05-27,00225542,00000439,O,AIRPORT,0000
300,QF,5,2011-03-11,20374,923,O,AIRPORT,
300,AA,17,2010-05-19,2045,923,O,AIRPORT,
300,QF,5,2011-04-01,21444,923,O,AIRPORT,
300,QF,5,2011-03-18,20732,923,O,AIRPORT,
300,AZ,555,2010-07-21,5670,923,O,AIRPORT,
300,UA,7,2011-05-28,17795,923,O,AIRPORT,
300,QF,5,2011-02-18,18925,923,O,AIRPORT,
300,AZ,788,2010-10-12,48741,923,O,AIRPORT,
300,QF,5,2011-05-20,24610,923,O,AIRPORT,
300,AZ,788,2010-09-14,47198,923,O,AIRPORT,
300,JL,407,2011-09-23,22892,923,O,AIRPORT,
300,QF,5,2011-04-22,22718,923,O,AIRPORT,
300,AZ,555,2011-04-06,22041,923,O,AIRPORT,
300,QF,5,2010-08-06,6589,923,O,AIRPORT,
300,AZ,555,2010-08-18,7423,923,O,AIRPORT,
300,DL,106,2010-10-04,10163,923,O,AIRPORT,
300,QF,5,2010-08-20,7583,923,O,AIRPORT,
300,AA,17,2010-08-11,7290,923,O,AIRPORT,
300,AZ,555,2010-08-11,7311,923,O,AIRPORT,
300,JL,407,2010-10-01,7215,923,O,AIRPORT,
300,JL,407,2011-01-07,11628,923,O,AIRPORT,
300,QF,5,2010-10-22,11563,923,O,AIRPORT,
300,LH,400,2010-10-16,10952,923,O,AIRPORT,
300,DL,106,2010-10-11,10779,923,O,AIRPORT,
300,JL,407,2010-10-22,8198,923,O,AIRPORT,
300,DL,106,2010-08-30,7887,923,O,AIRPORT,
300,AA,17,2010-08-25,7912,923,O,AIRPORT,
300,QF,5,2010-09-10,8730,923,O,AIRPORT,
300,LH,400,2010-09-04,8462,923,O,AIRPORT,
300,AA,17,2010-12-22,15309,923,O,AIRPORT,
300,DL,106,2011-01-17,16617,923,O,AIRPORT,
300,QF,5,2010-07-23,5833,923,O,AIRPORT,
300,AZ,555,2010-07-21,5834,923,O,AIRPORT,
300,AA,17,2010-11-03,12478,923,O,AIRPORT,
300,AA,17,2010-10-27,12001,923,O,AIRPORT,
300,AZ,555,2010-10-27,12069,923,O,AIRPORT,
300,LH,400,2010-11-13,12998,923,O,AIRPORT,
300,DL,106,2010-08-02,6206,923,O,AIRPORT,
300,DL,106,2010-11-22,13069,923,O,AIRPORT,
300,UA,7,2011-02-19,13383,923,O,AIRPORT,
300,UA,941,2010-08-19,32189,923,O,AIRPORT,
300,LH,400,2011-08-28,31126,923,O,AIRPORT,
300,LH,400,2011-08-27,30842,923,O,AIRPORT,
300,LH,400,2011-09-03,31816,923,O,AIRPORT,
300,UA,941,2010-11-11,35168,923,O,AIRPORT,
300,QF,5,2011-11-18,35799,923,O,AIRPORT,
300,LH,400,2011-07-02,27121,923,O,AIRPORT,
300,AZ,555,2011-07-06,27765,923,O,AIRPORT,
300,LH,400,2011-07-09,27798,923,O,AIRPORT,
300,LH,400,2010-06-05,2749,923,O,AIRPORT,
300,AZ,555,2011-06-15,26429,923,O,AIRPORT,
300,AA,17,2011-08-03,29444,923,O,AIRPORT,
300,DL,106,2011-08-22,30207,923,O,AIRPORT,
300,DL,106,2010-06-07,2840,923,O,AIRPORT,
300,AA,17,2011-07-13,27999,923,O,AIRPORT,
300,QF,5,2011-08-05,29240,923,O,AIRPORT,
300,LH,400,2010-06-26,4367,923,O,AIRPORT,
300,JL,408,2011-06-11,41964,923,O,AIRPORT,
300,QF,6,2010-07-14,41706,923,O,AIRPORT,
300,LH,401,2010-08-06,46109,923,O,AIRPORT,
300,JL,408,2011-10-22,46829,923,O,AIRPORT,
300,JL,408,2011-10-15,46374,923,O,AIRPORT,
300,AZ,788,2010-07-27,44297,923,O,AIRPORT,
300,DL,1699,2010-08-30,45396,923,O,AIRPORT,
300,JL,408,2011-02-19,37954,923,O,AIRPORT,
300,AA,17,2012-02-22,38014,923,O,AIRPORT,
300,UA,941,2011-02-17,38552,923,O,AIRPORT,
300,QF,5,2011-12-16,36449,923,O,AIRPORT,
300,QF,6,2010-06-23,40956,923,O,AIRPORT,
300,LH,401,2010-04-30,40186,923,O,AIRPORT,
300,AZ,555,2010-04-28,600,923,O,AIRPORT,
300,LH,401,2011-03-18,60245,923,O,AIRPORT,
300,AA,26,2011-06-08,57129,923,O,AIRPORT,
300,AA,26,2011-06-15,57467,923,O,AIRPORT,
300,AZ,788,2011-03-22,58731,923,O,AIRPORT,
300,AA,26,2011-07-27,59087,923,O,AIRPORT,
300,DL,1699,2011-03-28,58508,923,O,AIRPORT,
300,DL,1699,2011-06-27,64036,923,O,AIRPORT,
300,AZ,788,2011-06-14,64333,923,O,AIRPORT,
300,AA,26,2011-11-16,64150,923,O,AIRPORT,
300,LH,401,2011-05-13,63539,923,O,AIRPORT,
300,AA,26,2011-12-07,64712,923,O,AIRPORT,
300,AA,26,2011-09-28,61993,923,O,AIRPORT,
300,QF,6,2011-10-26,62326,923,O,AIRPORT,
300,LH,401,2010-10-22,50992,923,O,AIRPORT,
300,QF,6,2011-03-16,52645,923,O,AIRPORT,
300,QF,6,2011-05-11,55006,923,O,AIRPORT,
300,QF,6,2011-06-08,56187,923,O,AIRPORT,
300,AZ,788,2011-02-15,56537,923,O,AIRPORT,
300,AZ,788,2010-12-28,53604,923,O,AIRPORT,
300,QF,6,2011-04-20,54113,923,O,AIRPORT,
300,AZ,788,2011-09-06,69480,923,O,AIRPORT,
300,AZ,788,2011-09-06,69479,923,O,AIRPORT,
300,LH,401,2011-08-12,69392,923,O,AIRPORT,
300,AZ,788,2011-09-06,69217,923,O,AIRPORT,
300,AZ,788,2011-09-06,69234,923,O,AIRPORT,
300,LH,401,2011-06-17,66007,923,O,AIRPORT,
300,AZ,788,2011-07-19,66426,923,O,AIRPORT,
300,UA,3504,2010-12-17,65328,923,O,AIRPORT,
300,LH,401,2011-06-10,65656,923,O,AIRPORT,
300,DL,1699,2011-08-29,67958,923,O,AIRPORT,
300,UA,3504,2011-11-04,86271,923,O,AIRPORT,
300,AZ,789,2010-09-08,84957,923,O,AIRPORT,
300,DL,1984,2010-09-27,85495,923,O,AIRPORT,
300,DL,1984,2010-09-27,85484,923,O,AIRPORT,
300,UA,3504,2011-11-18,86867,923,O,AIRPORT,
300,AZ,788,2012-02-14,75366,923,O,AIRPORT,
300,DL,1699,2012-02-13,74836,923,O,AIRPORT,
300,LH,401,2011-12-30,77446,923,O,AIRPORT,
300,DL,1699,2011-10-31,71953,923,O,AIRPORT,
300,AA,64,2010-08-20,70361,923,O,AIRPORT,
300,AZ,788,2011-11-08,73278,923,O,AIRPORT,
300,DL,1699,2011-12-05,73739,923,O,AIRPORT,
300,LH,402,2010-06-14,82626,923,O,AIRPORT,
300,LH,402,2010-06-21,82753,923,O,AIRPORT,
300,AZ,789,2010-08-25,84234,923,O,AIRPORT,
300,LH,402,2010-07-19,84587,923,O,AIRPORT,
300,LH,401,2012-01-06,77752,923,O,AIRPORT,
300,DL,1984,2010-07-12,80401,923,O,AIRPORT,
300,UA,3504,2011-08-26,81121,923,O,AIRPORT,
300,UA,3516,2011-04-26,112268,923,O,AIRPORT,
300,UA,3516,2011-04-26,112132,923,O,AIRPORT,
300,DL,1984,2011-08-08,104718,923,O,AIRPORT,
300,UA,3516,2011-01-18,106094,923,O,AIRPORT,
300,LH,402,2011-08-28,109708,923,O,AIRPORT,
300,AZ,789,2011-11-09,111630,923,O,AIRPORT,
300,LH,402,2011-07-25,107918,923,O,AIRPORT,
300,DL,1984,2011-10-03,108337,923,O,AIRPORT,
300,LH,402,2010-10-18,90195,923,O,AIRPORT,
300,DL,1984,2011-01-03,91507,923,O,AIRPORT,
300,UA,3516,2010-05-25,91412,923,O,AIRPORT,
300,DL,1984,2011-01-17,92218,923,O,AIRPORT,
300,DL,1984,2011-02-28,94684,923,O,AIRPORT,
300,UA,3516,2010-07-13,94342,923,O,AIRPORT,
300,DL,1984,2011-04-18,97896,923,O,AIRPORT,
300,UA,3516,2011-11-01,124896,923,O,AIRPORT,
300,UA,3516,2011-10-18,124111,923,O,AIRPORT,
300,UA,3516,2011-10-25,124323,923,O,AIRPORT,
300,AZ,790,2011-03-30,129403,923,O,AIRPORT,
300,UA,3516,2011-11-15,125872,923,O,AIRPORT,
300,LH,454,2010-11-13,127037,923,O,AIRPORT,
300,LH,402,2012-01-23,117140,923,O,AIRPORT,
300,AZ,790,2010-04-28,114589,923,O,AIRPORT,
300,AZ,789,2012-04-04,114073,923,O,AIRPORT,
300,LH,454,2010-05-01,118093,923,O,AIRPORT,
300,UA,3516,2011-08-23,119759,923,O,AIRPORT,
300,AZ,790,2010-08-18,119561,923,O,AIRPORT,
300,LH,455,2010-09-20,151135,923,O,AIRPORT,
300,LH,455,2010-10-04,151572,923,O,AIRPORT,
300,LH,455,2010-12-27,154707,923,O,AIRPORT,
300,LH,455,2010-12-06,153807,923,O,AIRPORT,
300,AZ,791,2010-12-23,150107,923,O,AIRPORT,
300,UA,3517,2011-04-11,150368,923,O,AIRPORT,
300,LH,455,2010-07-12,148728,923,O,AIRPORT,
300,UA,3517,2011-03-28,149476,923,O,AIRPORT,
300,UA,3517,2011-10-17,162655,923,O,AIRPORT,
300,UA,3517,2011-09-28,161432,923,O,AIRPORT,
300,AZ,791,2011-11-10,161661,923,O,AIRPORT,
300,AZ,791,2011-06-30,156878,923,O,AIRPORT,
300,UA,3517,2011-06-27,154923,923,O,AIRPORT,
300,LH,455,2011-01-24,155518,923,O,AIRPORT,
300,AZ,791,2011-08-04,158026,923,O,AIRPORT,
300,AZ,791,2011-07-07,157040,923,O,AIRPORT,
300,LH,455,2011-03-07,157013,923,O,AIRPORT,
300,AZ,790,2011-08-17,135626,923,O,AIRPORT,
300,UA,3517,2010-08-23,135880,923,O,AIRPORT,
300,UA,3517,2010-08-23,135783,923,O,AIRPORT,
300,LH,454,2011-04-30,134279,923,O,AIRPORT,
300,AZ,790,2011-09-28,137652,923,O,AIRPORT,
300,UA,3517,2010-09-06,136733,923,O,AIRPORT,
300,UA,3517,2010-06-14,131576,923,O,AIRPORT,
300,AZ,790,2011-05-11,131502,923,O,AIRPORT,
300,UA,3517,2010-05-24,130370,923,O,AIRPORT,
300,UA,3517,2010-05-31,130609,923,O,AIRPORT,
300,AZ,790,2011-06-15,133043,923,O,AIRPORT,
300,UA,3517,2010-10-18,139522,923,O,AIRPORT,
300,LH,454,2011-09-03,140198,923,O,AIRPORT,
300,UA,3517,2010-11-15,141336,923,O,AIRPORT,
300,LH,455,2011-10-10,165222,923,O,AIRPORT,
300,LH,455,2011-09-05,163798,923,O,AIRPORT,
300,LH,2462,2011-11-25,266780,923,O,AIRPORT,
300,LH,2462,2011-04-01,257979,923,O,AIRPORT,
300,LH,2462,2011-04-22,258706,923,O,AIRPORT,
300,LH,2463,2011-01-08,277214,923,O,AIRPORT,
300,LH,2463,2010-10-30,274710,923,O,AIRPORT,
300,LH,2463,2010-10-30,274752,923,O,AIRPORT,
300,LH,2463,2010-10-23,274443,923,O,AIRPORT,
300,LH,2463,2010-06-26,270238,923,O,AIRPORT,
300,LH,2463,2010-05-29,269234,923,O,AIRPORT,
300,LH,2463,2010-09-18,273398,923,O,AIRPORT,
300,LH,2436,2010-07-03,233946,923,O,AIRPORT,
300,LH,2436,2010-07-17,234277,923,O,AIRPORT,
300,LH,2436,2011-05-14,240506,923,O,AIRPORT,
300,LH,2436,2011-07-02,241591,923,O,AIRPORT,
300,LH,2463,2011-10-29,288427,923,O,AIRPORT,
300,LH,2463,2011-05-14,281741,923,O,AIRPORT,
300,LH,3577,2011-03-12,302379,923,O,AIRPORT,
300,LH,3577,2011-06-04,305301,923,O,AIRPORT,
300,LH,3577,2010-10-16,297128,923,O,AIRPORT,
300,LH,3577,2010-08-07,294531,923,O,AIRPORT,
300,LH,3577,2011-01-22,300751,923,O,AIRPORT,
300,LH,3577,2011-01-01,300006,923,O,AIRPORT,
300,LH,2407,2010-10-09,196851,923,O,AIRPORT,
300,LH,2407,2010-06-26,193155,923,O,AIRPORT,
300,LH,2415,2010-12-03,220122,923,O,AIRPORT,
300,LH,2407,2011-11-05,211407,923,O,AIRPORT,
300,LH,2407,2011-11-12,211677,923,O,AIRPORT,
300,LH,2407,2011-10-22,210734,923,O,AIRPORT,
300,LH,2407,2011-10-29,211068,923,O,AIRPORT,
300,LH,2407,2011-08-13,207708,923,O,AIRPORT,
300,LH,2407,2011-11-19,211804,923,O,AIRPORT,
300,LH,2407,2012-01-07,212332,923,O,AIRPORT,
300,LH,2407,2011-11-26,212042,923,O,AIRPORT,
300,LH,2402,2011-08-28,186068,923,O,AIRPORT,
300,LH,2402,2010-05-15,168932,923,O,AIRPORT,
300,LH,2402,2010-04-24,168371,923,O,AIRPORT,
300,QF,0005,2011-01-07,00016271,00001721,O,AIRPORT,0000
300,QF,0005,2010-12-31,00015998,00001721,O,AIRPORT,0000
300,QF,0005,2011-02-04,00018226,00001721,O,AIRPORT,0000
300,JL,0407,2011-06-03,00017916,00001721,O,AIRPORT,0000
300,JL,0407,2011-06-03,00018037,00001721,O,AIRPORT,0000
300,AA,0017,2011-01-12,00016779,00001721,O,AIRPORT,0000
300,AA,0017,2011-01-12,00016777,00001721,O,AIRPORT,0000
300,QF,0005,2010-11-26,00013521,00001721,O,AIRPORT,0000
300,JL,0407,2011-01-28,00012379,00001721,O,AIRPORT,0000
300,QF,0005,2010-11-05,00012407,00001721,O,AIRPORT,0000
300,AA,0017,2010-12-15,00015113,00001721,O,AIRPORT,0000
300,LH,0400,2010-12-18,00015009,00001721,O,AIRPORT,0000
300,AZ,0555,2010-12-01,00014195,00001721,O,AIRPORT,0000
300,QF,0005,2010-12-03,00014211,00001721,O,AIRPORT,0000
300,QF,0005,2011-05-13,00023973,00001721,O,AIRPORT,0000
300,JL,0407,2011-10-21,00024155,00001721,O,AIRPORT,0000
300,JL,0407,2011-06-10,00018398,00001721,O,AIRPORT,0000
300,UA,0007,2011-06-25,00018997,00001721,O,AIRPORT,0000
300,LH,0400,2011-03-19,00020799,00001721,O,AIRPORT,0000
300,AA,0017,2011-03-23,00021194,00001721,O,AIRPORT,0000
300,AZ,0555,2010-06-23,00004047,00001721,O,AIRPORT,0000
300,LH,0400,2010-06-26,00004141,00001721,O,AIRPORT,0000
300,UA,0007,2010-08-28,00005695,00001721,O,AIRPORT,0000
300,UA,0007,2010-08-21,00005340,00001721,O,AIRPORT,0000
300,UA,0007,2010-05-01,00000326,00001721,O,AIRPORT,0000
300,DL,0106,2010-05-24,00001857,00001721,O,AIRPORT,0000
300,AA,0017,2010-05-19,00002002,00001721,O,AIRPORT,0000
300,UA,0007,2010-12-18,00010602,00001721,O,AIRPORT,0000
300,UA,0007,2010-11-13,00009257,00001721,O,AIRPORT,0000
300,DL,0106,2010-09-27,00009686,00001721,O,AIRPORT,0000
300,AZ,0555,2010-10-27,00012040,00001721,O,AIRPORT,0000
300,DL,0106,2010-10-18,00011176,00001721,O,AIRPORT,0000
300,JL,0407,2010-09-17,00006713,00001721,O,AIRPORT,0000
300,AZ,0555,2010-08-25,00008067,00001721,O,AIRPORT,0000
300,QF,0006,2010-06-16,00040389,00001721,O,AIRPORT,0000
300,DL,1699,2010-06-07,00040309,00001721,O,AIRPORT,0000
300,UA,0941,2011-03-31,00040019,00001721,O,AIRPORT,0000
300,AZ,0788,2010-05-25,00040146,00001721,O,AIRPORT,0000
300,JL,0408,2011-05-21,00041220,00001721,O,AIRPORT,0000
300,UA,0941,2011-04-28,00041065,00001721,O,AIRPORT,0000
300,LH,0401,2010-05-21,00041460,00001721,O,AIRPORT,0000
300,QF,0005,2012-04-20,00037848,00001721,O,AIRPORT,0000
300,JL,0408,2011-02-05,00037628,00001721,O,AIRPORT,0000
300,LH,0400,2011-11-12,00036630,00001721,O,AIRPORT,0000
300,DL,0106,2011-12-26,00036423,00001721,O,AIRPORT,0000
300,JL,0408,2011-01-22,00037081,00001721,O,AIRPORT,0000
300,DL,1699,2010-05-03,00038181,00001721,O,AIRPORT,0000
300,JL,0408,2011-02-26,00038135,00001721,O,AIRPORT,0000
300,DL,1699,2010-09-20,00046539,00001721,O,AIRPORT,0000
300,LH,0401,2010-08-06,00046335,00001721,O,AIRPORT,0000
300,AA,0026,2010-09-22,00045564,00001721,O,AIRPORT,0000
300,DL,1699,2010-09-06,00046015,00001721,O,AIRPORT,0000
300,DL,1699,2010-10-04,00047780,00001721,O,AIRPORT,0000
300,DL,1699,2010-10-04,00047612,00001721,O,AIRPORT,0000
300,DL,1699,2010-10-04,00047719,00001721,O,AIRPORT,0000
300,JL,0408,2011-11-12,00047412,00001721,O,AIRPORT,0000
300,AZ,0788,2010-07-06,00042613,00001721,O,AIRPORT,0000
300,JL,0408,2011-08-27,00044769,00001721,O,AIRPORT,0000
300,QF,0006,2010-09-15,00044517,00001721,O,AIRPORT,0000
300,LH,0400,2011-07-09,00027522,00001721,O,AIRPORT,0000
300,AA,0017,2011-07-13,00027928,00001721,O,AIRPORT,0000
300,UA,0007,2011-11-26,00026258,00001721,O,AIRPORT,0000
300,JL,0408,2010-10-09,00033363,00001721,O,AIRPORT,0000
300,UA,0941,2010-12-09,00036051,00001721,O,AIRPORT,0000
300,AA,0017,2011-11-09,00035421,00001721,O,AIRPORT,0000
300,UA,0941,2010-11-18,00035401,00001721,O,AIRPORT,0000
300,JL,0408,2010-08-07,00031024,00001721,O,AIRPORT,0000
300,DL,0106,2011-08-29,00030901,00001721,O,AIRPORT,0000
300,DL,0106,2011-10-03,00032915,00001721,O,AIRPORT,0000
300,JL,0408,2010-09-18,00032522,00001721,O,AIRPORT,0000
300,UA,3504,2010-11-19,00063608,00001721,O,AIRPORT,0000
300,QF,0006,2011-12-07,00063725,00001721,O,AIRPORT,0000
300,AA,0026,2011-01-05,00050152,00001721,O,AIRPORT,0000
300,LH,0401,2010-10-29,00051328,00001721,O,AIRPORT,0000
300,LH,0401,2011-02-04,00057384,00001721,O,AIRPORT,0000
300,DL,1699,2011-03-07,00057288,00001721,O,AIRPORT,0000
300,UA,3504,2010-09-10,00059109,00001721,O,AIRPORT,0000
300,AA,0026,2011-07-27,00059269,00001721,O,AIRPORT,0000
300,LH,0401,2010-10-22,00051091,00001721,O,AIRPORT,0000
300,QF,0006,2011-07-20,00058243,00001721,O,AIRPORT,0000
300,AZ,0788,2011-03-15,00058285,00001721,O,AIRPORT,0000
300,UA,3504,2010-10-15,00061144,00001721,O,AIRPORT,0000
300,DL,1699,2011-05-23,00062079,00001721,O,AIRPORT,0000
300,AA,0026,2011-01-12,00050647,00001721,O,AIRPORT,0000
300,UA,3504,2010-10-22,00061856,00001721,O,AIRPORT,0000
300,AA,0026,2011-09-28,00061934,00001721,O,AIRPORT,0000
300,AZ,0788,2011-04-12,00060145,00001721,O,AIRPORT,0000
300,LH,0401,2011-04-01,00060904,00001721,O,AIRPORT,0000
300,AA,0026,2011-02-16,00052237,00001721,O,AIRPORT,0000
300,AA,0026,2011-03-16,00053198,00001721,O,AIRPORT,0000
300,AZ,0788,2011-01-18,00054854,00001721,O,AIRPORT,0000
300,AA,0026,2011-02-02,00051446,00001721,O,AIRPORT,0000
300,AA,0026,2011-05-04,00055580,00001721,O,AIRPORT,0000
300,AZ,0788,2011-01-18,00055218,00001721,O,AIRPORT,0000
300,DL,1699,2011-01-31,00055100,00001721,O,AIRPORT,0000
300,AZ,0788,2010-10-26,00049875,00001721,O,AIRPORT,0000
300,AA,0064,2011-02-11,00076695,00001721,O,AIRPORT,0000
300,LH,0401,2011-06-03,00065245,00001721,O,AIRPORT,0000
300,DL,1699,2011-08-01,00066269,00001721,O,AIRPORT,0000
300,AZ,0789,2010-05-26,00078425,00001721,O,AIRPORT,0000
300,DL,1984,2010-06-14,00078841,00001721,O,AIRPORT,0000
300,AZ,0789,2010-05-26,00078517,00001721,O,AIRPORT,0000
300,LH,0401,2012-02-17,00078669,00001721,O,AIRPORT,0000
300,UA,3504,2011-08-05,00079417,00001721,O,AIRPORT,0000
300,AZ,0789,2010-06-02,00078991,00001721,O,AIRPORT,0000
300,AZ,0789,2010-05-05,00077153,00001721,O,AIRPORT,0000
300,UA,3504,2011-11-25,00087348,00001721,O,AIRPORT,0000
300,AZ,0789,2010-10-13,00087268,00001721,O,AIRPORT,0000
300,DL,1984,2010-11-08,00087895,00001721,O,AIRPORT,0000
300,AZ,0789,2010-10-27,00087784,00001721,O,AIRPORT,0000
300,DL,1984,2010-08-02,00081984,00001721,O,AIRPORT,0000
300,UA,3504,2011-09-02,00081964,00001721,O,AIRPORT,0000
300,LH,0402,2010-05-24,00081060,00001721,O,AIRPORT,0000
300,AZ,0789,2010-07-07,00080905,00001721,O,AIRPORT,0000
300,UA,3504,2011-08-28,00081289,00001721,O,AIRPORT,0000
300,AA,0064,2011-09-09,00084228,00001721,O,AIRPORT,0000
300,DL,1984,2010-08-16,00082609,00001721,O,AIRPORT,0000
300,DL,1984,2010-08-16,00082645,00001721,O,AIRPORT,0000
300,DL,1984,2010-08-23,00083308,00001721,O,AIRPORT,0000
300,LH,0402,2010-06-21,00083117,00001721,O,AIRPORT,0000
300,LH,0402,2011-06-20,00105674,00001721,O,AIRPORT,0000
300,AZ,0789,2011-07-20,00104574,00001721,O,AIRPORT,0000
300,UA,3516,2011-01-25,00106599,00001721,O,AIRPORT,0000
300,LH,0402,2011-05-02,00102307,00001721,O,AIRPORT,0000
300,AZ,0789,2011-06-15,00102094,00001721,O,AIRPORT,0000
300,AZ,0789,2011-07-13,00104027,00001721,O,AIRPORT,0000
300,UA,3516,2011-03-29,00110761,00001721,O,AIRPORT,0000
300,UA,3516,2011-03-15,00109577,00001721,O,AIRPORT,0000
300,LH,0402,2010-12-27,00094869,00001721,O,AIRPORT,0000
300,UA,3516,2010-05-18,00091073,00001721,O,AIRPORT,0000
300,DL,1984,2010-12-20,00090602,00001721,O,AIRPORT,0000
300,AZ,0789,2011-01-19,00093326,00001721,O,AIRPORT,0000
300,UA,3516,2010-06-15,00092721,00001721,O,AIRPORT,0000
300,DL,1984,2010-11-22,00088818,00001721,O,AIRPORT,0000
300,DL,1984,2011-03-28,00096458,00001721,O,AIRPORT,0000
300,DL,1984,2011-06-13,00101231,00001721,O,AIRPORT,0000
300,AZ,0789,2011-04-27,00099449,00001721,O,AIRPORT,0000
300,DL,1984,2011-05-23,00100264,00001721,O,AIRPORT,0000
300,UA,3517,2011-02-28,00147795,00001721,O,AIRPORT,0000
300,AZ,0791,2010-09-30,00147194,00001721,O,AIRPORT,0000
300,UA,3517,2011-02-07,00146287,00001721,O,AIRPORT,0000
300,UA,3517,2011-01-31,00145709,00001721,O,AIRPORT,0000
300,UA,3517,2011-04-11,00150213,00001721,O,AIRPORT,0000
300,UA,3517,2011-04-11,00150217,00001721,O,AIRPORT,0000
300,LH,0455,2010-07-05,00148498,00001721,O,AIRPORT,0000
300,UA,3517,2010-11-22,00141396,00001721,O,AIRPORT,0000
300,LH,0454,2011-09-24,00141029,00001721,O,AIRPORT,0000
300,LH,0454,2011-11-19,00144013,00001721,O,AIRPORT,0000
300,LH,0454,2011-10-01,00141842,00001721,O,AIRPORT,0000
300,LH,0454,2011-10-01,00141745,00001721,O,AIRPORT,0000
300,AZ,0791,2011-09-22,00159844,00001721,O,AIRPORT,0000
300,UA,3517,2011-08-01,00157211,00001721,O,AIRPORT,0000
300,LH,0455,2011-03-28,00157873,00001721,O,AIRPORT,0000
300,LH,0455,2011-07-25,00162092,00001721,O,AIRPORT,0000
300,AZ,0791,2011-02-03,00151631,00001721,O,AIRPORT,0000
300,LH,0455,2010-10-18,00152068,00001721,O,AIRPORT,0000
300,UA,3517,2011-05-16,00152429,00001721,O,AIRPORT,0000
300,UA,3517,2011-07-11,00155617,00001721,O,AIRPORT,0000
300,UA,3517,2011-06-20,00154402,00001721,O,AIRPORT,0000
300,AZ,0791,2011-04-14,00154083,00001721,O,AIRPORT,0000
300,LH,0455,2011-01-10,00155146,00001721,O,AIRPORT,0000
300,LH,0454,2010-08-07,00122440,00001721,O,AIRPORT,0000
300,UA,3516,2011-08-28,00120322,00001721,O,AIRPORT,0000
300,LH,0402,2011-12-19,00116481,00001721,O,AIRPORT,0000
300,UA,3516,2011-05-31,00114497,00001721,O,AIRPORT,0000
300,LH,0402,2011-10-24,00114397,00001721,O,AIRPORT,0000
300,AZ,0790,2010-08-04,00119029,00001721,O,AIRPORT,0000
300,UA,3516,2011-07-26,00118075,00001721,O,AIRPORT,0000
300,AZ,0790,2010-07-14,00117963,00001721,O,AIRPORT,0000
300,AZ,0790,2011-08-03,00135054,00001721,O,AIRPORT,0000
300,AZ,0790,2011-07-06,00133765,00001721,O,AIRPORT,0000
300,LH,0454,2011-06-11,00136224,00001721,O,AIRPORT,0000
300,AZ,0790,2011-03-02,00128455,00001721,O,AIRPORT,0000
300,LH,0454,2010-11-06,00126557,00001721,O,AIRPORT,0000
300,AZ,0790,2011-05-11,00131414,00001721,O,AIRPORT,0000
300,LH,0454,2011-02-19,00131293,00001721,O,AIRPORT,0000
300,UA,3517,2010-06-21,00132188,00001721,O,AIRPORT,0000
300,UA,3517,2011-11-14,00164566,00001721,O,AIRPORT,0000
300,LH,2407,2010-10-02,00196525,00001721,O,AIRPORT,0000
300,LH,2402,2011-02-26,00179184,00001721,O,AIRPORT,0000
300,LH,2402,2011-04-02,00180500,00001721,O,AIRPORT,0000
300,LH,2402,2010-12-11,00176472,00001721,O,AIRPORT,0000
300,LH,2402,2010-11-27,00176143,00001721,O,AIRPORT,0000
300,LH,2462,2011-01-21,00255354,00001721,O,AIRPORT,0000
300,LH,2462,2010-12-24,00254334,00001721,O,AIRPORT,0000
300,LH,2462,2010-08-20,00249869,00001721,O,AIRPORT,0000
300,LH,2462,2010-09-17,00251041,00001721,O,AIRPORT,0000
300,LH,2462,2010-10-29,00252442,00001721,O,AIRPORT,0000
300,LH,2462,2011-10-07,00265063,00001721,O,AIRPORT,0000
300,LH,2463,2010-05-08,00268652,00001721,O,AIRPORT,0000
300,LH,2463,2010-05-01,00268333,00001721,O,AIRPORT,0000
300,LH,2462,2011-07-08,00261538,00001721,O,AIRPORT,0000
300,LH,2436,2010-10-23,00236321,00001721,O,AIRPORT,0000
300,LH,2415,2011-09-02,00228674,00001721,O,AIRPORT,0000
300,LH,2436,2011-12-03,00244859,00001721,O,AIRPORT,0000
300,LH,2462,2010-05-21,00246759,00001721,O,AIRPORT,0000
300,LH,2436,2011-02-19,00238799,00001721,O,AIRPORT,0000
300,LH,2436,2011-02-12,00238560,00001721,O,AIRPORT,0000
300,LH,2463,2011-11-12,00288808,00001721,O,AIRPORT,0000
300,LH,2463,2011-11-26,00289349,00001721,O,AIRPORT,0000
300,LH,3577,2010-09-18,00296242,00001721,O,AIRPORT,0000
300,LH,2463,2011-04-30,00281213,00001721,O,AIRPORT,0000
300,LH,2463,2011-03-26,00280140,00001721,O,AIRPORT,0000
300,LH,2463,2011-01-08,00277416,00001721,O,AIRPORT,0000
300,LH,2463,2011-10-22,00288087,00001721,O,AIRPORT,0000
300,LH,2463,2011-07-09,00283749,00001721,O,AIRPORT,0000
300,LH,3577,2012-01-07,00312590,00001721,O,AIRPORT,0000
300,LH,3577,2011-11-12,00311679,00001721,O,AIRPORT,0000
300,LH,3577,2011-01-01,00299971,00001721,O,AIRPORT,0000
300,LH,3577,2011-05-14,00304738,00001721,O,AIRPORT,0000
300,LH,2407,2012-01-07,00212327,00001721,O,AIRPORT,0000
300,LH,2407,2011-10-29,00211155,00001721,O,AIRPORT,0000
300,LH,2407,2011-09-28,00209910,00001721,O,AIRPORT,0000
300,LH,2407,2011-10-01,00210083,00001721,O,AIRPORT,0000
300,LH,2415,2010-08-20,00216827,00001721,O,AIRPORT,0000
300,LH,2407,2011-06-04,00205303,00001721,O,AIRPORT,0000
300,JL,407,2011-07-22,20318,2036,O,AIRPORT,
300,DL,106,2011-03-07,19831,2036,O,AIRPORT,
300,AA,17,2011-03-23,21280,2036,O,AIRPORT,
300,DL,106,2011-03-21,20725,2036,O,AIRPORT,
300,QF,5,2011-01-28,17514,2036,O,AIRPORT,
300,LH,400,2011-01-29,17492,2036,O,AIRPORT,
300,QF,5,2010-07-23,5674,2036,O,AIRPORT,
300,JL,407,2011-05-27,17683,2036,O,AIRPORT,
300,JL,407,2011-05-06,16769,2036,O,AIRPORT,
300,AZ,555,2011-01-19,17138,2036,O,AIRPORT,
300,AZ,555,2011-02-16,18994,2036,O,AIRPORT,
300,JL,407,2011-06-10,18276,2036,O,AIRPORT,
300,UA,7,2011-06-04,18085,2036,O,AIRPORT,
300,AA,26,2010-12-08,48939,2036,O,AIRPORT,
300,AZ,555,2011-05-11,24430,2036,O,AIRPORT,
300,UA,941,2011-09-29,47160,2036,O,AIRPORT,
300,AZ,788,2010-09-28,48220,2036,O,AIRPORT,
300,AZ,555,2011-04-06,22099,2036,O,AIRPORT,
300,AZ,555,2011-04-06,22185,2036,O,AIRPORT,
300,JL,407,2011-09-30,23203,2036,O,AIRPORT,
300,AZ,555,2010-09-29,10375,2036,O,AIRPORT,
300,AZ,555,2010-08-04,6589,2036,O,AIRPORT,
300,AA,17,2010-08-04,6617,2036,O,AIRPORT,
300,JL,407,2010-09-10,6367,2036,O,AIRPORT,
300,AA,17,2010-10-20,11505,2036,O,AIRPORT,
300,UA,7,2010-09-11,6459,2036,O,AIRPORT,
300,UA,7,2010-11-27,9639,2036,O,AIRPORT,
300,AZ,555,2010-09-15,9230,2036,O,AIRPORT,
300,UA,7,2010-10-30,8409,2036,O,AIRPORT,
300,DL,106,2010-09-06,8539,2036,O,AIRPORT,
300,DL,106,2010-10-04,10069,2036,O,AIRPORT,
300,DL,106,2010-12-27,15394,2036,O,AIRPORT,
300,QF,5,2011-01-07,16335,2036,O,AIRPORT,
300,AA,17,2010-07-21,5829,2036,O,AIRPORT,
300,UA,7,2011-04-09,15716,2036,O,AIRPORT,
300,JL,407,2011-02-04,12908,2036,O,AIRPORT,
300,AA,17,2010-11-17,13405,2036,O,AIRPORT,
300,AZ,555,2010-06-09,3265,2036,O,AIRPORT,
300,DL,106,2011-05-30,25106,2036,O,AIRPORT,
300,LH,400,2011-09-10,32270,2036,O,AIRPORT,
300,AZ,555,2011-08-24,30855,2036,O,AIRPORT,
300,AZ,555,2011-09-07,31829,2036,O,AIRPORT,
300,DL,106,2011-09-12,31614,2036,O,AIRPORT,
300,LH,400,2011-10-22,34952,2036,O,AIRPORT,
300,AA,17,2011-10-19,34032,2036,O,AIRPORT,
300,AA,17,2011-10-12,33537,2036,O,AIRPORT,
300,UA,941,2010-09-30,33634,2036,O,AIRPORT,
300,JL,407,2010-07-09,3449,2036,O,AIRPORT,
300,AZ,555,2011-06-29,27107,2036,O,AIRPORT,
300,JL,407,2012-02-24,26711,2036,O,AIRPORT,
300,JL,408,2010-05-08,27820,2036,O,AIRPORT,
300,LH,400,2010-06-05,2856,2036,O,AIRPORT,
300,AZ,788,2010-07-13,43459,2036,O,AIRPORT,
300,AA,26,2010-08-18,43996,2036,O,AIRPORT,
300,JL,408,2011-07-02,42811,2036,O,AIRPORT,
300,AZ,788,2010-06-29,42382,2036,O,AIRPORT,
300,UA,941,2011-09-08,46058,2036,O,AIRPORT,
300,AA,26,2010-10-20,46898,2036,O,AIRPORT,
300,UA,941,2011-09-22,46631,2036,O,AIRPORT,
300,UA,941,2011-08-11,44767,2036,O,AIRPORT,
300,DL,1699,2010-08-23,44971,2036,O,AIRPORT,
300,QF,6,2010-09-08,44305,2036,O,AIRPORT,
300,UA,941,2011-07-28,44339,2036,O,AIRPORT,
300,JL,408,2011-02-19,37924,2036,O,AIRPORT,
300,QF,5,2012-03-02,37502,2036,O,AIRPORT,
300,QF,6,2010-05-05,38529,2036,O,AIRPORT,
300,AZ,555,2011-11-16,36113,2036,O,AIRPORT,
300,AZ,555,2012-01-25,36949,2036,O,AIRPORT,
300,QF,6,2010-06-23,40745,2036,O,AIRPORT,
300,AA,26,2010-06-16,41346,2036,O,AIRPORT,
300,AZ,788,2010-05-18,39984,2036,O,AIRPORT,
300,AZ,555,2010-06-23,3959,2036,O,AIRPORT,
300,LH,401,2011-03-11,59866,2036,O,AIRPORT,
300,QF,6,2011-09-21,61039,2036,O,AIRPORT,
300,QF,6,2011-09-14,60551,2036,O,AIRPORT,
300,AZ,788,2011-03-01,57813,2036,O,AIRPORT,
300,AZ,788,2011-03-22,58897,2036,O,AIRPORT,
300,AA,26,2011-07-06,58173,2036,O,AIRPORT,
300,QF,6,2011-12-28,64091,2036,O,AIRPORT,
300,AZ,788,2011-05-10,62166,2036,O,AIRPORT,
300,QF,6,2011-10-19,62242,2036,O,AIRPORT,
300,QF,6,2011-10-05,61378,2036,O,AIRPORT,
300,DL,1699,2011-05-30,62301,2036,O,AIRPORT,
300,UA,3504,2010-04-30,50841,2036,O,AIRPORT,
300,LH,401,2010-10-29,51254,2036,O,AIRPORT,
300,AA,26,2011-05-18,56036,2036,O,AIRPORT,
300,QF,6,2011-06-08,56146,2036,O,AIRPORT,
300,DL,1699,2011-01-24,54484,2036,O,AIRPORT,
300,LH,401,2010-12-17,54572,2036,O,AIRPORT,
300,AA,26,2011-04-13,54465,2036,O,AIRPORT,
300,AZ,788,2011-08-23,68665,2036,O,AIRPORT,
300,AA,64,2010-07-23,69549,2036,O,AIRPORT,
300,LH,401,2011-08-19,69989,2036,O,AIRPORT,
300,AZ,788,2011-08-30,69086,2036,O,AIRPORT,
300,AZ,788,2011-09-20,70165,2036,O,AIRPORT,
300,DL,1699,2011-07-18,65505,2036,O,AIRPORT,
300,UA,3504,2010-12-24,65602,2036,O,AIRPORT,
300,AZ,789,2010-09-29,86034,2036,O,AIRPORT,
300,LH,402,2010-08-16,86470,2036,O,AIRPORT,
300,UA,3504,2011-11-18,86918,2036,O,AIRPORT,
300,AZ,789,2010-10-13,87100,2036,O,AIRPORT,
300,AZ,788,2011-12-13,74496,2036,O,AIRPORT,
300,AZ,789,2010-04-28,76751,2036,O,AIRPORT,
300,AZ,788,2011-10-11,71389,2036,O,AIRPORT,
300,AA,64,2010-08-27,70669,2036,O,AIRPORT,
300,UA,3504,2011-03-11,70526,2036,O,AIRPORT,
300,UA,3504,2011-03-18,70977,2036,O,AIRPORT,
300,LH,402,2010-06-14,82540,2036,O,AIRPORT,
300,LH,402,2010-07-12,84134,2036,O,AIRPORT,
300,LH,402,2010-07-12,84448,2036,O,AIRPORT,
300,DL,1984,2010-08-30,83751,2036,O,AIRPORT,
300,AA,64,2011-04-15,78936,2036,O,AIRPORT,
300,DL,1984,2010-05-31,77915,2036,O,AIRPORT,
300,UA,3504,2011-08-26,81046,2036,O,AIRPORT,
300,LH,402,2010-05-03,79820,2036,O,AIRPORT,
300,LH,402,2011-05-30,104238,2036,O,AIRPORT,
300,UA,3516,2010-12-21,104311,2036,O,AIRPORT,
300,AZ,789,2011-07-13,103959,2036,O,AIRPORT,
300,UA,3516,2011-01-11,105723,2036,O,AIRPORT,
300,DL,1984,2011-06-06,101107,2036,O,AIRPORT,
300,LH,402,2011-04-11,101330,2036,O,AIRPORT,
300,AZ,789,2011-05-11,100206,2036,O,AIRPORT,
300,DL,1984,2011-05-23,100123,2036,O,AIRPORT,
300,AZ,789,2011-06-29,103006,2036,O,AIRPORT,
300,DL,1984,2011-10-31,110100,2036,O,AIRPORT,
300,UA,3516,2011-03-15,109660,2036,O,AIRPORT,
300,AZ,789,2011-11-16,112016,2036,O,AIRPORT,
300,LH,402,2011-07-25,107783,2036,O,AIRPORT,
300,UA,3516,2011-02-08,107537,2036,O,AIRPORT,
300,UA,3516,2011-01-25,106842,2036,O,AIRPORT,
300,AZ,789,2011-09-14,107946,2036,O,AIRPORT,
300,UA,3516,2010-05-11,90728,2036,O,AIRPORT,
300,UA,3516,2010-06-22,93165,2036,O,AIRPORT,
300,AZ,789,2010-12-22,91636,2036,O,AIRPORT,
300,DL,1984,2011-01-17,92405,2036,O,AIRPORT,
300,UA,3504,2012-01-20,88110,2036,O,AIRPORT,
300,DL,1984,2011-03-14,95576,2036,O,AIRPORT,
300,DL,1984,2011-04-18,98127,2036,O,AIRPORT,
300,AZ,789,2011-04-13,98365,2036,O,AIRPORT,
300,AZ,790,2010-10-13,122227,2036,O,AIRPORT,
300,AZ,790,2011-01-19,126571,2036,O,AIRPORT,
300,LH,402,2011-12-26,116744,2036,O,AIRPORT,
300,AZ,790,2010-09-01,120218,2036,O,AIRPORT,
300,LH,454,2010-06-12,120198,2036,O,AIRPORT,
300,AZ,790,2010-10-06,121780,2036,O,AIRPORT,
300,AZ,790,2010-10-06,121670,2036,O,AIRPORT,
300,LH,454,2010-07-03,121030,2036,O,AIRPORT,
300,UA,3517,2011-05-09,151862,2036,O,AIRPORT,
300,AZ,791,2011-03-24,153470,2036,O,AIRPORT,
300,UA,3517,2011-10-10,162524,2036,O,AIRPORT,
300,UA,3517,2011-06-27,154989,2036,O,AIRPORT,
300,UA,3517,2010-08-16,135280,2036,O,AIRPORT,
300,LH,454,2011-07-23,138194,2036,O,AIRPORT,
300,LH,454,2011-07-16,137794,2036,O,AIRPORT,
300,AZ,790,2011-09-14,137042,2036,O,AIRPORT,
300,AZ,790,2011-06-29,133486,2036,O,AIRPORT,
300,LH,454,2011-04-02,133147,2036,O,AIRPORT,
300,LH,454,2011-04-16,133570,2036,O,AIRPORT,
300,LH,454,2011-03-12,132309,2036,O,AIRPORT,
300,UA,3517,2011-01-03,144024,2036,O,AIRPORT,
300,UA,3517,2010-12-13,143047,2036,O,AIRPORT,
300,UA,3517,2011-01-10,144782,2036,O,AIRPORT,
300,AZ,790,2011-12-07,140284,2036,O,AIRPORT,
300,UA,3517,2010-10-25,139828,2036,O,AIRPORT,
300,UA,3517,2011-12-12,165129,2036,O,AIRPORT,
300,LH,455,2011-10-31,165938,2036,O,AIRPORT,
300,LH,455,2011-08-29,163588,2036,O,AIRPORT,
300,LH,2462,2012-01-06,267084,2036,O,AIRPORT,
300,LH,2462,2011-07-01,261063,2036,O,AIRPORT,
300,LH,2463,2010-12-25,276816,2036,O,AIRPORT,
300,LH,2463,2011-02-05,278197,2036,O,AIRPORT,
300,LH,2463,2010-10-09,274044,2036,O,AIRPORT,
300,LH,2436,2010-11-27,236944,2036,O,AIRPORT,
300,LH,2436,2010-06-19,233678,2036,O,AIRPORT,
300,LH,2436,2011-04-30,240169,2036,O,AIRPORT,
300,LH,2436,2010-12-25,237571,2036,O,AIRPORT,
300,LH,2436,2010-12-18,237436,2036,O,AIRPORT,
300,LH,2415,2011-09-30,229861,2036,O,AIRPORT,
300,LH,2415,2011-07-22,227106,2036,O,AIRPORT,
300,LH,2436,2010-05-15,233043,2036,O,AIRPORT,
300,LH,2415,2011-10-14,230132,2036,O,AIRPORT,
300,LH,2462,2010-09-03,250540,2036,O,AIRPORT,
300,LH,2462,2010-07-23,249034,2036,O,AIRPORT,
300,LH,2436,2011-07-23,241942,2036,O,AIRPORT,
300,LH,2463,2012-01-28,290215,2036,O,AIRPORT,
300,LH,2463,2011-05-28,282361,2036,O,AIRPORT,
300,LH,2463,2011-07-02,283584,2036,O,AIRPORT,
300,LH,2463,2011-04-30,281218,2036,O,AIRPORT,
300,LH,2463,2011-09-10,286427,2036,O,AIRPORT,
300,LH,2463,2011-09-24,286888,2036,O,AIRPORT,
300,LH,3577,2011-04-23,303815,2036,O,AIRPORT,
300,LH,3577,2011-07-16,306955,2036,O,AIRPORT,
300,LH,3577,2011-06-11,305777,2036,O,AIRPORT,
300,LH,3577,2010-10-16,297170,2036,O,AIRPORT,
300,LH,3577,2010-10-09,296808,2036,O,AIRPORT,
300,LH,3577,2010-10-30,297533,2036,O,AIRPORT,
300,LH,2407,2010-11-06,197703,2036,O,AIRPORT,
300,LH,2407,2011-07-02,206198,2036,O,AIRPORT,
300,LH,2402,2012-02-11,190409,2036,O,AIRPORT,
300,LH,2402,2011-10-08,187840,2036,O,AIRPORT,
300,LH,2402,2011-10-08,187821,2036,O,AIRPORT,
300,LH,2407,2010-07-03,193353,2036,O,AIRPORT,
300,LH,2415,2010-12-03,220105,2036,O,AIRPORT,
300,LH,2415,2011-01-07,221130,2036,O,AIRPORT,
300,LH,2415,2011-01-21,221491,2036,O,AIRPORT,
300,LH,2415,2011-04-01,223690,2036,O,AIRPORT,
300,LH,2407,2011-10-15,210668,2036,O,AIRPORT,
300,LH,2407,2011-10-29,211083,2036,O,AIRPORT,
300,LH,2407,2011-08-13,207702,2036,O,AIRPORT,
300,LH,2415,2010-06-04,214419,2036,O,AIRPORT,
300,LH,2402,2011-04-16,181028,2036,O,AIRPORT,
300,LH,2402,2011-08-28,186115,2036,O,AIRPORT,
300,LH,2402,2011-07-09,184006,2036,O,AIRPORT,
300,LH,2402,2011-07-09,184137,2036,O,AIRPORT,
300,LH,2402,2010-06-05,169722,2036,O,AIRPORT,
300,LH,2402,2010-10-30,175001,2036,O,AIRPORT,
300,AA,17,2011-03-09,20012,648,O,AIRPORT,
300,UA,7,2011-07-30,20392,648,O,AIRPORT,
300,UA,7,2011-07-30,20439,648,O,AIRPORT,
300,UA,7,2011-07-02,19353,648,O,AIRPORT,
300,LH,400,2010-07-17,5511,648,O,AIRPORT,
300,AA,17,2011-03-23,20973,648,O,AIRPORT,
300,QF,5,2011-02-04,17923,648,O,AIRPORT,
300,DL,106,2010-07-12,4903,648,O,AIRPORT,
300,AZ,788,2010-10-12,48905,648,O,AIRPORT,
300,DL,1699,2010-10-18,48424,648,O,AIRPORT,
300,UA,7,2011-10-15,24406,648,O,AIRPORT,
300,DL,1699,2010-10-04,47439,648,O,AIRPORT,
300,AZ,788,2010-09-14,47032,648,O,AIRPORT,
300,JL,407,2011-09-16,22600,648,O,AIRPORT,
300,AA,17,2011-04-20,22609,648,O,AIRPORT,
300,AZ,555,2011-04-06,22009,648,O,AIRPORT,
300,AA,17,2011-04-13,22212,648,O,AIRPORT,
300,DL,106,2011-05-02,23175,648,O,AIRPORT,
300,JL,407,2010-12-10,10320,648,O,AIRPORT,
300,AZ,555,2010-08-11,7149,648,O,AIRPORT,
300,LH,400,2010-08-14,7038,648,O,AIRPORT,
300,AZ,555,2010-10-13,11039,648,O,AIRPORT,
300,DL,106,2010-09-20,9317,648,O,AIRPORT,
300,JL,407,2010-10-22,8046,648,O,AIRPORT,
300,DL,106,2010-09-06,8370,648,O,AIRPORT,
300,AZ,555,2010-09-01,8429,648,O,AIRPORT,
300,UA,7,2010-10-30,8618,648,O,AIRPORT,
300,QF,5,2010-12-10,14400,648,O,AIRPORT,
300,LH,400,2010-05-15,1435,648,O,AIRPORT,
300,JL,407,2011-04-22,16156,648,O,AIRPORT,
300,UA,7,2011-04-16,15932,648,O,AIRPORT,
300,QF,5,2010-11-12,12695,648,O,AIRPORT,
300,LH,400,2010-11-27,13593,648,O,AIRPORT,
300,DL,106,2010-05-17,1316,648,O,AIRPORT,
300,UA,941,2010-08-26,32303,648,O,AIRPORT,
300,DL,106,2011-10-03,33036,648,O,AIRPORT,
300,JL,408,2010-08-14,31155,648,O,AIRPORT,
300,QF,5,2011-08-26,30768,648,O,AIRPORT,
300,DL,106,2011-09-12,31688,648,O,AIRPORT,
300,AA,17,2011-09-07,31698,648,O,AIRPORT,
300,AA,17,2011-09-14,32000,648,O,AIRPORT,
300,JL,408,2010-08-21,31606,648,O,AIRPORT,
300,JL,408,2010-12-18,35729,648,O,AIRPORT,
300,AZ,555,2011-10-05,33391,648,O,AIRPORT,
300,QF,5,2011-10-14,33677,648,O,AIRPORT,
300,UA,7,2012-01-07,26885,648,O,AIRPORT,
300,QF,5,2011-06-24,26763,648,O,AIRPORT,
300,AA,17,2010-06-02,2726,648,O,AIRPORT,
300,LH,400,2011-06-04,25699,648,O,AIRPORT,
300,JL,407,2011-12-30,26096,648,O,AIRPORT,
300,UA,941,2010-06-03,29391,648,O,AIRPORT,
300,DL,106,2011-08-08,29356,648,O,AIRPORT,
300,AA,17,2011-08-10,29589,648,O,AIRPORT,
300,AA,17,2011-07-13,28152,648,O,AIRPORT,
300,DL,106,2011-08-01,29087,648,O,AIRPORT,
300,QF,6,2010-08-18,43309,648,O,AIRPORT,
300,AA,26,2010-07-21,42968,648,O,AIRPORT,
300,QF,6,2010-08-11,42985,648,O,AIRPORT,
300,AZ,788,2010-07-27,44127,648,O,AIRPORT,
300,LH,401,2010-06-25,43717,648,O,AIRPORT,
300,LH,400,2010-06-26,4372,648,O,AIRPORT,
300,DL,1699,2010-08-02,43741,648,O,AIRPORT,
300,UA,941,2011-05-26,42002,648,O,AIRPORT,
300,DL,1699,2010-07-12,42419,648,O,AIRPORT,
300,DL,1699,2010-09-20,46935,648,O,AIRPORT,
300,AA,26,2010-10-13,46473,648,O,AIRPORT,
300,JL,407,2010-08-06,4655,648,O,AIRPORT,
300,JL,408,2011-08-27,44718,648,O,AIRPORT,
300,AA,26,2010-09-08,44880,648,O,AIRPORT,
300,AA,26,2010-09-08,44984,648,O,AIRPORT,
300,DL,1699,2010-04-26,37760,648,O,AIRPORT,
300,AZ,555,2011-12-14,36579,648,O,AIRPORT,
300,UA,941,2010-12-30,36722,648,O,AIRPORT,
300,DL,106,2010-06-21,3612,648,O,AIRPORT,
300,QF,5,2011-12-30,36815,648,O,AIRPORT,
300,AZ,555,2011-05-25,25021,648,O,AIRPORT,
300,AZ,788,2010-05-11,39268,648,O,AIRPORT,
300,QF,6,2011-08-31,59839,648,O,AIRPORT,
300,UA,3504,2010-09-17,59461,648,O,AIRPORT,
300,UA,3504,2010-10-01,60410,648,O,AIRPORT,
300,DL,1699,2011-04-04,58765,648,O,AIRPORT,
300,AA,26,2011-07-20,59040,648,O,AIRPORT,
300,LH,401,2011-02-25,58944,648,O,AIRPORT,
300,AZ,788,2011-03-08,58171,648,O,AIRPORT,
300,DL,1699,2011-03-28,58443,648,O,AIRPORT,
300,QF,6,2011-12-28,64016,648,O,AIRPORT,
300,AZ,788,2011-06-28,65024,648,O,AIRPORT,
300,LH,401,2011-04-08,61367,648,O,AIRPORT,
300,LH,401,2011-04-08,61526,648,O,AIRPORT,
300,AZ,788,2011-05-24,62860,648,O,AIRPORT,
300,DL,1699,2011-05-30,62388,648,O,AIRPORT,
300,QF,6,2011-11-02,62636,648,O,AIRPORT,
300,UA,3504,2010-05-07,51358,648,O,AIRPORT,
300,AZ,788,2010-12-07,52238,648,O,AIRPORT,
300,JL,407,2010-04-30,451,648,O,AIRPORT,
300,AA,26,2011-05-11,55705,648,O,AIRPORT,
300,LH,401,2011-01-28,57062,648,O,AIRPORT,
300,AZ,788,2011-02-15,56861,648,O,AIRPORT,
300,LH,401,2010-12-03,53839,648,O,AIRPORT,
300,DL,1699,2011-10-03,70094,648,O,AIRPORT,
300,AA,64,2010-08-06,69902,648,O,AIRPORT,
300,LH,401,2011-08-05,69047,648,O,AIRPORT,
300,DL,1984,2010-09-27,85339,648,O,AIRPORT,
300,LH,402,2010-09-13,87955,648,O,AIRPORT,
300,UA,3504,2011-12-30,87728,648,O,AIRPORT,
300,UA,3504,2011-11-25,87390,648,O,AIRPORT,
300,AZ,789,2010-04-28,76829,648,O,AIRPORT,
300,AA,64,2010-09-17,71344,648,O,AIRPORT,
300,AA,64,2010-10-01,71835,648,O,AIRPORT,
300,UA,3504,2011-03-25,71174,648,O,AIRPORT,
300,AZ,788,2011-11-15,73553,648,O,AIRPORT,
300,AA,64,2010-10-29,73038,648,O,AIRPORT,
300,AZ,788,2011-11-01,72762,648,O,AIRPORT,
300,DL,1984,2010-08-16,82781,648,O,AIRPORT,
300,AZ,789,2010-08-11,83320,648,O,AIRPORT,
300,LH,402,2010-07-05,83742,648,O,AIRPORT,
300,AZ,789,2010-06-02,78910,648,O,AIRPORT,
300,UA,3504,2011-07-22,78939,648,O,AIRPORT,
300,LH,401,2012-01-06,77711,648,O,AIRPORT,
300,LH,402,2011-10-10,113213,648,O,AIRPORT,
300,UA,3516,2010-12-14,103988,648,O,AIRPORT,
300,DL,1984,2011-07-18,103517,648,O,AIRPORT,
300,AZ,789,2011-06-29,103201,648,O,AIRPORT,
300,LH,402,2011-07-04,106270,648,O,AIRPORT,
300,UA,3516,2011-01-18,106108,648,O,AIRPORT,
300,DL,1984,2011-10-24,109658,648,O,AIRPORT,
300,LH,402,2011-09-12,111019,648,O,AIRPORT,
300,UA,3516,2011-02-08,107385,648,O,AIRPORT,
300,AZ,789,2011-08-24,106510,648,O,AIRPORT,
300,DL,1984,2011-09-12,107056,648,O,AIRPORT,
300,DL,1984,2011-09-12,106999,648,O,AIRPORT,
300,UA,3516,2011-02-22,108197,648,O,AIRPORT,
300,LH,402,2010-10-11,90081,648,O,AIRPORT,
300,AZ,789,2010-11-24,89740,648,O,AIRPORT,
300,AZ,789,2010-12-08,90664,648,O,AIRPORT,
300,LH,402,2010-12-06,93502,648,O,AIRPORT,
300,AZ,789,2011-01-05,92374,648,O,AIRPORT,
300,LH,402,2011-03-14,99637,648,O,AIRPORT,
300,LH,402,2011-03-14,99330,648,O,AIRPORT,
300,AZ,789,2011-03-30,97627,648,O,AIRPORT,
300,DL,1984,2011-05-02,98598,648,O,AIRPORT,
300,AZ,790,2010-11-24,123890,648,O,AIRPORT,
300,AZ,790,2011-03-30,129465,648,O,AIRPORT,
300,LH,454,2011-01-01,128984,648,O,AIRPORT,
300,AZ,790,2011-02-02,127098,648,O,AIRPORT,
300,UA,3516,2011-12-27,126943,648,O,AIRPORT,
300,LH,454,2010-11-13,126782,648,O,AIRPORT,
300,AZ,790,2010-04-28,114633,648,O,AIRPORT,
300,LH,402,2011-10-31,114727,648,O,AIRPORT,
300,UA,3516,2011-05-31,114405,648,O,AIRPORT,
300,LH,454,2010-06-19,120540,648,O,AIRPORT,
300,LH,454,2010-07-24,122057,648,O,AIRPORT,
300,LH,402,2012-03-05,117450,648,O,AIRPORT,
300,AZ,790,2010-06-30,117497,648,O,AIRPORT,
300,UA,3516,2011-08-16,119288,648,O,AIRPORT,
300,LH,454,2010-06-05,119731,648,O,AIRPORT,
300,LH,455,2010-11-08,152961,648,O,AIRPORT,
300,LH,455,2010-06-14,147726,648,O,AIRPORT,
300,LH,455,2010-08-16,149817,648,O,AIRPORT,
300,LH,455,2010-07-12,148708,648,O,AIRPORT,
300,AZ,791,2011-10-13,160560,648,O,AIRPORT,
300,AZ,791,2011-10-06,160461,648,O,AIRPORT,
300,UA,3517,2011-09-12,160006,648,O,AIRPORT,
300,UA,3517,2011-08-01,156915,648,O,AIRPORT,
300,UA,3517,2011-07-11,155808,648,O,AIRPORT,
300,UA,3517,2011-08-28,158855,648,O,AIRPORT,
300,LH,454,2011-05-14,135023,648,O,AIRPORT,
300,LH,454,2011-05-07,134721,648,O,AIRPORT,
300,UA,3517,2010-08-02,134763,648,O,AIRPORT,
300,LH,454,2011-01-29,130311,648,O,AIRPORT,
300,LH,454,2011-04-02,133079,648,O,AIRPORT,
300,LH,454,2011-04-02,132936,648,O,AIRPORT,
300,AZ,790,2011-06-08,132730,648,O,AIRPORT,
300,LH,455,2010-04-26,145977,648,O,AIRPORT,
300,UA,3517,2011-01-24,145541,648,O,AIRPORT,
300,UA,3517,2011-02-07,146191,648,O,AIRPORT,
300,AZ,791,2010-07-22,144875,648,O,AIRPORT,
300,LH,454,2011-12-03,144498,648,O,AIRPORT,
300,AZ,790,2011-11-09,139637,648,O,AIRPORT,
300,AZ,790,2011-11-30,140084,648,O,AIRPORT,
300,LH,455,2011-11-14,166576,648,O,AIRPORT,
300,LH,2462,2011-08-28,263361,648,O,AIRPORT,
300,LH,2462,2011-09-30,264957,648,O,AIRPORT,
300,LH,2462,2011-03-25,257769,648,O,AIRPORT,
300,LH,2462,2011-06-03,260264,648,O,AIRPORT,
300,LH,2462,2011-06-24,260857,648,O,AIRPORT,
300,LH,2463,2011-01-01,277176,648,O,AIRPORT,
300,LH,2436,2010-08-14,234877,648,O,AIRPORT,
300,LH,2436,2010-07-31,234556,648,O,AIRPORT,
300,LH,2436,2011-02-05,238429,648,O,AIRPORT,
300,LH,2415,2011-09-09,228962,648,O,AIRPORT,
300,LH,2415,2011-08-05,227724,648,O,AIRPORT,
300,LH,2415,2011-12-02,231570,648,O,AIRPORT,
300,LH,2436,2011-09-10,243095,648,O,AIRPORT,
300,LH,3577,2011-08-13,307838,648,O,AIRPORT,
300,LH,3577,2010-06-26,293210,648,O,AIRPORT,
300,LH,3577,2010-04-24,290794,648,O,AIRPORT,
300,LH,2463,2011-06-04,282546,648,O,AIRPORT,
300,LH,2463,2011-04-09,280668,648,O,AIRPORT,
300,LH,3577,2011-01-15,300307,648,O,AIRPORT,
300,LH,3577,2010-12-11,299062,648,O,AIRPORT,
300,LH,2407,2010-12-11,199118,648,O,AIRPORT,
300,LH,2407,2011-06-11,205612,648,O,AIRPORT,
300,LH,2407,2011-06-11,205500,648,O,AIRPORT,
300,LH,2407,2011-05-21,204800,648,O,AIRPORT,
300,LH,2407,2011-06-18,205814,648,O,AIRPORT,
300,LH,2407,2010-07-31,194354,648,O,AIRPORT,
300,LH,2415,2010-10-29,219081,648,O,AIRPORT,
300,LH,2415,2011-03-04,222872,648,O,AIRPORT,
300,LH,2415,2010-04-30,213419,648,O,AIRPORT,
300,LH,455,2012-02-27,167818,648,O,AIRPORT,
300,LH,2402,2011-02-19,178922,648,O,AIRPORT,
300,LH,2402,2010-07-17,171253,648,O,AIRPORT,
300,LH,2402,2010-11-13,175413,648,O,AIRPORT,
300,LH,2402,2011-01-01,177226,648,O,AIRPORT,
300,LH,2402,2010-10-23,174868,648,O,AIRPORT,
300,QF,5,2011-03-11,20156,1640,O,AIRPORT,
300,AA,17,2011-03-09,20132,1640,O,AIRPORT,
300,LH,400,2010-05-22,2039,1640,O,AIRPORT,
300,AA,17,2011-02-23,19534,1640,O,AIRPORT,
300,AA,17,2011-03-02,19744,1640,O,AIRPORT,
300,DL,106,2010-05-24,1963,1640,O,AIRPORT,
300,AZ,555,2011-03-30,21599,1640,O,AIRPORT,
300,DL,106,2011-04-04,21583,1640,O,AIRPORT,
300,AA,17,2011-03-23,20986,1640,O,AIRPORT,
300,AA,17,2011-02-02,17872,1640,O,AIRPORT,
300,LH,400,2011-01-15,16978,1640,O,AIRPORT,
300,AA,17,2011-01-19,17335,1640,O,AIRPORT,
300,UA,7,2011-06-18,18737,1640,O,AIRPORT,
300,JL,407,2011-06-24,18986,1640,O,AIRPORT,
300,JL,407,2011-06-24,18985,1640,O,AIRPORT,
300,UA,7,2011-06-18,18550,1640,O,AIRPORT,
300,QF,6,2010-12-22,48751,1640,O,AIRPORT,
300,QF,5,2011-05-13,24297,1640,O,AIRPORT,
300,AA,26,2010-10-27,47077,1640,O,AIRPORT,
300,AA,26,2010-11-10,47707,1640,O,AIRPORT,
300,DL,1699,2010-10-04,47784,1640,O,AIRPORT,
300,AZ,788,2010-09-28,48030,1640,O,AIRPORT,
300,QF,5,2011-04-15,22579,1640,O,AIRPORT,
300,DL,106,2011-04-04,21767,1640,O,AIRPORT,
300,AZ,555,2011-04-27,23278,1640,O,AIRPORT,
300,JL,407,2010-06-11,2347,1640,O,AIRPORT,
300,AA,17,2010-08-11,6965,1640,O,AIRPORT,
300,QF,5,2010-10-01,10288,1640,O,AIRPORT,
300,AZ,555,2010-10-13,11221,1640,O,AIRPORT,
300,AA,17,2010-09-01,8325,1640,O,AIRPORT,
300,UA,7,2010-10-16,7762,1640,O,AIRPORT,
300,UA,7,2010-10-16,7763,1640,O,AIRPORT,
300,LH,400,2010-12-18,15055,1640,O,AIRPORT,
300,AZ,555,2010-12-29,16100,1640,O,AIRPORT,
300,AZ,555,2010-11-03,12512,1640,O,AIRPORT,
300,UA,7,2010-05-22,1281,1640,O,AIRPORT,
300,DL,106,2010-11-15,12667,1640,O,AIRPORT,
300,DL,106,2010-11-01,12077,1640,O,AIRPORT,
300,QF,5,2010-12-03,14057,1640,O,AIRPORT,
300,JL,408,2010-09-11,32152,1640,O,AIRPORT,
300,UA,941,2010-08-19,31995,1640,O,AIRPORT,
300,AA,17,2011-11-09,35225,1640,O,AIRPORT,
300,AA,17,2011-11-16,35945,1640,O,AIRPORT,
300,AA,17,2011-10-05,33453,1640,O,AIRPORT,
300,DL,106,2011-10-31,34591,1640,O,AIRPORT,
300,DL,106,2011-10-31,34592,1640,O,AIRPORT,
300,DL,106,2011-10-24,34218,1640,O,AIRPORT,
300,AZ,555,2011-07-06,27559,1640,O,AIRPORT,
300,UA,7,2011-11-12,25641,1640,O,AIRPORT,
300,LH,400,2011-06-04,25650,1640,O,AIRPORT,
300,AZ,555,2011-06-01,25653,1640,O,AIRPORT,
300,QF,5,2011-06-10,25810,1640,O,AIRPORT,
300,DL,106,2011-06-13,26035,1640,O,AIRPORT,
300,QF,5,2011-08-26,30534,1640,O,AIRPORT,
300,QF,5,2011-07-22,28586,1640,O,AIRPORT,
300,UA,941,2011-07-28,44246,1640,O,AIRPORT,
300,AZ,788,2010-06-22,42135,1640,O,AIRPORT,
300,JL,408,2011-07-02,42745,1640,O,AIRPORT,
300,JL,408,2011-06-18,42327,1640,O,AIRPORT,
300,DL,1699,2010-09-06,45984,1640,O,AIRPORT,
300,DL,1699,2010-09-20,46764,1640,O,AIRPORT,
300,LH,401,2010-07-09,44627,1640,O,AIRPORT,
300,LH,400,2011-12-10,37567,1640,O,AIRPORT,
300,AA,17,2012-04-04,38603,1640,O,AIRPORT,
300,LH,400,2012-01-14,38475,1640,O,AIRPORT,
300,UA,941,2011-02-17,38462,1640,O,AIRPORT,
300,AA,17,2011-11-30,36541,1640,O,AIRPORT,
300,DL,106,2012-01-02,36491,1640,O,AIRPORT,
300,QF,6,2010-06-23,40737,1640,O,AIRPORT,
300,DL,1699,2010-06-07,40359,1640,O,AIRPORT,
300,UA,941,2011-05-05,41367,1640,O,AIRPORT,
300,UA,941,2011-05-12,41480,1640,O,AIRPORT,
300,AA,26,2010-05-05,39485,1640,O,AIRPORT,
300,QF,6,2010-06-02,39806,1640,O,AIRPORT,
300,LH,401,2011-02-04,57770,1640,O,AIRPORT,
300,UA,3504,2010-08-13,57604,1640,O,AIRPORT,
300,AZ,788,2011-03-08,57925,1640,O,AIRPORT,
300,UA,3504,2010-08-27,58125,1640,O,AIRPORT,
300,QF,6,2011-07-20,58136,1640,O,AIRPORT,
300,AA,26,2011-10-26,63386,1640,O,AIRPORT,
300,UA,3504,2010-11-26,63808,1640,O,AIRPORT,
300,UA,7,2010-05-08,747,1640,O,AIRPORT,
300,AA,26,2011-12-07,64589,1640,O,AIRPORT,
300,UA,3504,2010-12-03,64401,1640,O,AIRPORT,
300,AA,26,2011-10-19,62933,1640,O,AIRPORT,
300,AA,26,2011-10-12,62483,1640,O,AIRPORT,
300,AA,26,2011-10-12,62482,1640,O,AIRPORT,
300,AA,26,2011-10-12,62693,1640,O,AIRPORT,
300,DL,1699,2010-12-06,51627,1640,O,AIRPORT,
300,AZ,788,2010-10-26,49583,1640,O,AIRPORT,
300,DL,1699,2010-11-22,50649,1640,O,AIRPORT,
300,UA,7,2010-05-01,499,1640,O,AIRPORT,
300,AZ,788,2010-11-02,50063,1640,O,AIRPORT,
300,AA,26,2011-04-27,55123,1640,O,AIRPORT,
300,UA,3504,2010-08-06,56731,1640,O,AIRPORT,
300,AA,26,2011-05-18,56255,1640,O,AIRPORT,
300,QF,6,2011-04-06,53361,1640,O,AIRPORT,
300,QF,6,2011-04-20,54184,1640,O,AIRPORT,
300,QF,6,2011-04-20,54185,1640,O,AIRPORT,
300,QF,6,2011-04-20,54078,1640,O,AIRPORT,
300,LH,401,2011-07-29,68439,1640,O,AIRPORT,
300,LH,401,2011-08-05,68840,1640,O,AIRPORT,
300,AZ,788,2011-09-06,69520,1640,O,AIRPORT,
300,DL,1699,2011-09-26,69912,1640,O,AIRPORT,
300,DL,1699,2011-09-19,69375,1640,O,AIRPORT,
300,UA,3504,2010-12-24,65645,1640,O,AIRPORT,
300,AA,64,2010-06-11,67848,1640,O,AIRPORT,
300,UA,3504,2011-01-14,66901,1640,O,AIRPORT,
300,AZ,789,2010-09-29,86284,1640,O,AIRPORT,
300,AA,64,2012-02-24,87683,1640,O,AIRPORT,
300,DL,1984,2010-10-25,87072,1640,O,AIRPORT,
300,AA,64,2011-11-18,86641,1640,O,AIRPORT,
300,DL,1984,2010-04-26,75686,1640,O,AIRPORT,
300,AA,64,2010-12-10,74537,1640,O,AIRPORT,
300,AA,64,2010-09-17,71502,1640,O,AIRPORT,
300,UA,3504,2011-03-18,71095,1640,O,AIRPORT,
300,AZ,788,2011-10-04,71051,1640,O,AIRPORT,
300,AZ,788,2011-11-08,73341,1640,O,AIRPORT,
300,AZ,788,2011-11-08,73340,1640,O,AIRPORT,
300,AZ,789,2010-08-25,84157,1640,O,AIRPORT,
300,LH,402,2010-07-05,83933,1640,O,AIRPORT,
300,DL,1984,2010-09-13,84473,1640,O,AIRPORT,
300,LH,402,2010-06-28,83376,1640,O,AIRPORT,
300,UA,3504,2011-07-29,79141,1640,O,AIRPORT,
300,LH,401,2012-02-03,78404,1640,O,AIRPORT,
300,AZ,789,2011-07-13,103974,1640,O,AIRPORT,
300,AZ,789,2011-07-27,104877,1640,O,AIRPORT,
300,LH,402,2011-04-04,100815,1640,O,AIRPORT,
300,LH,402,2011-04-04,100841,1640,O,AIRPORT,
300,UA,3516,2010-11-02,101245,1640,O,AIRPORT,
300,DL,1984,2011-09-05,106491,1640,O,AIRPORT,
300,DL,1984,2011-09-12,107040,1640,O,AIRPORT,
300,LH,402,2011-08-08,108736,1640,O,AIRPORT,
300,AZ,789,2010-12-15,90860,1640,O,AIRPORT,
300,DL,1984,2010-12-20,90528,1640,O,AIRPORT,
300,DL,1984,2010-12-20,90529,1640,O,AIRPORT,
300,UA,3504,2012-03-02,88705,1640,O,AIRPORT,
300,UA,3516,2010-04-27,89689,1640,O,AIRPORT,
300,DL,1984,2011-02-21,94512,1640,O,AIRPORT,
300,LH,402,2010-12-27,94696,1640,O,AIRPORT,
300,UA,3516,2011-10-25,124553,1640,O,AIRPORT,
300,AZ,790,2011-01-12,126249,1640,O,AIRPORT,
300,AZ,790,2011-02-09,127286,1640,O,AIRPORT,
300,LH,454,2010-06-05,119854,1640,O,AIRPORT,
300,UA,3516,2011-08-30,120364,1640,O,AIRPORT,
300,LH,454,2010-07-24,121901,1640,O,AIRPORT,
300,LH,454,2010-07-03,121064,1640,O,AIRPORT,
300,LH,455,2010-09-27,151274,1640,O,AIRPORT,
300,LH,455,2010-11-08,152862,1640,O,AIRPORT,
300,LH,455,2010-11-08,152861,1640,O,AIRPORT,
300,AZ,791,2010-09-30,147122,1640,O,AIRPORT,
300,LH,455,2010-08-23,150153,1640,O,AIRPORT,
300,UA,3517,2011-04-04,149792,1640,O,AIRPORT,
300,LH,455,2010-09-06,150702,1640,O,AIRPORT,
300,UA,3517,2011-09-12,160141,1640,O,AIRPORT,
300,AZ,791,2011-11-17,161837,1640,O,AIRPORT,
300,UA,3517,2010-08-23,135904,1640,O,AIRPORT,
300,AZ,790,2011-07-20,134439,1640,O,AIRPORT,
300,AZ,790,2011-09-21,137265,1640,O,AIRPORT,
300,AZ,790,2011-04-27,130849,1640,O,AIRPORT,
300,AZ,790,2011-06-22,133192,1640,O,AIRPORT,
300,AZ,791,2010-05-13,142409,1640,O,AIRPORT,
300,LH,454,2011-10-22,142606,1640,O,AIRPORT,
300,LH,454,2011-10-29,143100,1640,O,AIRPORT,
300,AZ,791,2010-09-02,146169,1640,O,AIRPORT,
300,AZ,791,2010-07-15,144609,1640,O,AIRPORT,
300,UA,3517,2011-01-24,145369,1640,O,AIRPORT,
300,UA,3517,2010-10-18,139340,1640,O,AIRPORT,
300,LH,454,2011-08-06,138674,1640,O,AIRPORT,
300,LH,454,2011-09-17,140718,1640,O,AIRPORT,
300,LH,455,2011-10-24,165778,1640,O,AIRPORT,
300,LH,455,2011-08-29,163526,1640,O,AIRPORT,
300,LH,455,2011-08-29,163527,1640,O,AIRPORT,
300,LH,2462,2011-11-04,266154,1640,O,AIRPORT,
300,LH,2462,2011-10-14,265292,1640,O,AIRPORT,
300,LH,2462,2011-03-18,257500,1640,O,AIRPORT,
300,LH,2462,2011-02-04,255837,1640,O,AIRPORT,
300,LH,2463,2011-04-09,280500,1640,O,AIRPORT,
300,LH,2463,2011-02-19,278726,1640,O,AIRPORT,
300,LH,2463,2010-09-04,272775,1640,O,AIRPORT,
300,LH,2463,2010-09-25,273668,1640,O,AIRPORT,
300,LH,2436,2010-11-06,236597,1640,O,AIRPORT,
300,LH,2415,2011-09-09,228809,1640,O,AIRPORT,
300,LH,2462,2010-08-27,250099,1640,O,AIRPORT,
300,LH,2436,2011-12-10,244939,1640,O,AIRPORT,
300,LH,2463,2012-03-10,290613,1640,O,AIRPORT,
300,LH,3577,2010-05-22,291813,1640,O,AIRPORT,
300,LH,2463,2011-09-17,286674,1640,O,AIRPORT,
300,LH,2463,2011-08-20,285331,1640,O,AIRPORT,
300,LH,3577,2011-03-19,302566,1640,O,AIRPORT,
300,LH,3577,2011-02-26,301870,1640,O,AIRPORT,
300,LH,3577,2011-05-21,304963,1640,O,AIRPORT,
300,LH,2407,2010-12-25,199622,1640,O,AIRPORT,
300,LH,2407,2010-10-30,197578,1640,O,AIRPORT,
300,LH,2407,2011-07-16,206774,1640,O,AIRPORT,
300,LH,2402,2012-01-28,190231,1640,O,AIRPORT,
300,LH,2402,2011-11-26,189454,1640,O,AIRPORT,
300,LH,2402,2011-11-05,188738,1640,O,AIRPORT,
300,LH,2407,2010-07-31,194236,1640,O,AIRPORT,
300,LH,2415,2010-11-26,219873,1640,O,AIRPORT,
300,LH,2415,2010-11-05,219159,1640,O,AIRPORT,
300,LH,2415,2010-11-05,219145,1640,O,AIRPORT,
300,LH,2415,2010-08-27,217142,1640,O,AIRPORT,
300,LH,2415,2010-10-22,218741,1640,O,AIRPORT,
300,LH,2415,2011-04-15,224276,1640,O,AIRPORT,
300,LH,2407,2011-10-01,210188,1640,O,AIRPORT,
300,LH,2407,2011-09-17,209283,1640,O,AIRPORT,
300,LH,2415,2010-08-06,216308,1640,O,AIRPORT,
300,LH,2402,2011-02-19,179010,1640,O,AIRPORT,
300,LH,2402,2011-08-13,185278,1640,O,AIRPORT,
300,LH,2402,2010-05-15,168920,1640,O,AIRPORT,
300,LH,2402,2010-05-22,169340,1640,O,AIRPORT,
300,LH,2402,2010-12-18,176818,1640,O,AIRPORT,
300,LH,2402,2010-09-18,173498,1640,O,AIRPORT,
300,LH,2402,2010-09-04,173091,1640,O,AIRPORT,
300,LH,2402,2010-09-11,173288,1640,O,AIRPORT,
300,JL,407,2010-08-20,5330,2367,O,AIRPORT,
300,QF,5,2011-03-25,20972,2367,O,AIRPORT,
300,UA,7,2011-08-06,20922,2367,O,AIRPORT,
300,AA,17,2010-05-19,1763,2367,O,AIRPORT,
300,JL,407,2011-05-20,17425,2367,O,AIRPORT,
300,QF,5,2010-07-23,5743,2367,O,AIRPORT,
300,AA,17,2011-01-19,17064,2367,O,AIRPORT,
300,DL,106,2011-02-21,18887,2367,O,AIRPORT,
300,AZ,555,2011-02-16,19066,2367,O,AIRPORT,
300,DL,106,2011-02-07,18082,2367,O,AIRPORT,
300,AZ,788,2010-10-05,48420,2367,O,AIRPORT,
300,AA,26,2010-12-01,48727,2367,O,AIRPORT,
300,AA,17,2011-05-18,24576,2367,O,AIRPORT,
300,AA,26,2010-11-03,47456,2367,O,AIRPORT,
300,LH,401,2010-08-27,47726,2367,O,AIRPORT,
300,AZ,555,2011-04-06,22168,2367,O,AIRPORT,
300,LH,400,2011-05-07,23910,2367,O,AIRPORT,
300,LH,400,2011-04-30,23146,2367,O,AIRPORT,
300,AA,17,2011-05-04,23492,2367,O,AIRPORT,
300,DL,106,2010-08-23,7568,2367,O,AIRPORT,
300,JL,407,2010-09-24,7100,2367,O,AIRPORT,
300,DL,106,2010-05-10,1074,2367,O,AIRPORT,
300,QF,5,2010-10-08,10727,2367,O,AIRPORT,
300,LH,400,2010-10-16,10936,2367,O,AIRPORT,
300,DL,106,2010-10-18,11024,2367,O,AIRPORT,
300,JL,407,2010-11-26,9706,2367,O,AIRPORT,
300,JL,407,2010-10-22,8052,2367,O,AIRPORT,
300,QF,5,2010-08-20,7683,2367,O,AIRPORT,
300,DL,106,2010-09-06,8662,2367,O,AIRPORT,
300,LH,400,2010-12-18,14871,2367,O,AIRPORT,
300,AZ,555,2011-01-05,16377,2367,O,AIRPORT,
300,DL,106,2011-01-03,16065,2367,O,AIRPORT,
300,JL,407,2011-01-28,12472,2367,O,AIRPORT,
300,LH,400,2010-10-23,11729,2367,O,AIRPORT,
300,AZ,555,2010-11-03,12236,2367,O,AIRPORT,
300,DL,106,2010-11-08,12304,2367,O,AIRPORT,
300,QF,5,2010-11-05,12267,2367,O,AIRPORT,
300,DL,106,2010-11-29,13787,2367,O,AIRPORT,
300,AZ,555,2010-12-01,14140,2367,O,AIRPORT,
300,LH,400,2010-07-31,6188,2367,O,AIRPORT,
300,AA,17,2010-11-24,13497,2367,O,AIRPORT,
300,DL,106,2011-09-05,31093,2367,O,AIRPORT,
300,UA,941,2010-07-29,31303,2367,O,AIRPORT,
300,QF,5,2011-09-02,31284,2367,O,AIRPORT,
300,AA,17,2011-08-31,30903,2367,O,AIRPORT,
300,AA,17,2010-06-09,3161,2367,O,AIRPORT,
300,AA,17,2011-11-02,34821,2367,O,AIRPORT,
300,AZ,555,2011-11-09,35527,2367,O,AIRPORT,
300,AA,17,2011-10-12,33781,2367,O,AIRPORT,
300,DL,106,2010-06-14,3395,2367,O,AIRPORT,
300,LH,400,2011-10-01,33638,2367,O,AIRPORT,
300,QF,5,2011-10-28,34707,2367,O,AIRPORT,
300,UA,941,2010-10-28,34568,2367,O,AIRPORT,
300,LH,400,2011-10-08,34316,2367,O,AIRPORT,
300,JL,407,2011-11-18,25336,2367,O,AIRPORT,
300,AA,17,2011-05-25,25186,2367,O,AIRPORT,
300,AA,17,2011-06-22,26523,2367,O,AIRPORT,
300,AZ,555,2011-07-13,28336,2367,O,AIRPORT,
300,DL,106,2011-07-25,28445,2367,O,AIRPORT,
300,DL,106,2011-08-08,29270,2367,O,AIRPORT,
300,LH,400,2011-07-23,28608,2367,O,AIRPORT,
300,QF,5,2011-07-29,28773,2367,O,AIRPORT,
300,DL,1699,2010-07-26,43115,2367,O,AIRPORT,
300,UA,7,2010-07-31,4317,2367,O,AIRPORT,
300,QF,5,2010-06-25,4159,2367,O,AIRPORT,
300,AZ,788,2010-08-24,46039,2367,O,AIRPORT,
300,QF,6,2010-10-27,46253,2367,O,AIRPORT,
300,AA,26,2010-09-29,45969,2367,O,AIRPORT,
300,UA,941,2011-09-15,46405,2367,O,AIRPORT,
300,QF,6,2010-11-03,46641,2367,O,AIRPORT,
300,UA,941,2011-08-18,44963,2367,O,AIRPORT,
300,QF,6,2010-09-15,44421,2367,O,AIRPORT,
300,JL,408,2011-08-20,44422,2367,O,AIRPORT,
300,DL,1699,2010-08-16,44603,2367,O,AIRPORT,
300,UA,941,2011-08-18,44984,2367,O,AIRPORT,
300,AZ,788,2010-04-20,38045,2367,O,AIRPORT,
300,DL,1699,2010-05-17,38768,2367,O,AIRPORT,
300,DL,1699,2010-05-17,38706,2367,O,AIRPORT,
300,AA,17,2011-11-30,36422,2367,O,AIRPORT,
300,UA,941,2011-01-13,37305,2367,O,AIRPORT,
300,DL,106,2012-02-20,36907,2367,O,AIRPORT,
300,QF,5,2011-05-27,25020,2367,O,AIRPORT,
300,JL,408,2011-05-14,40937,2367,O,AIRPORT,
300,AA,26,2010-06-16,41199,2367,O,AIRPORT,
300,AZ,555,2010-06-23,3920,2367,O,AIRPORT,
300,AZ,788,2010-05-11,39214,2367,O,AIRPORT,
300,AZ,555,2010-06-23,3986,2367,O,AIRPORT,
300,AZ,788,2011-04-05,59858,2367,O,AIRPORT,
300,QF,6,2011-08-31,59918,2367,O,AIRPORT,
300,AA,26,2011-08-10,59910,2367,O,AIRPORT,
300,DL,1699,2011-04-25,60389,2367,O,AIRPORT,
300,QF,6,2011-09-14,60655,2367,O,AIRPORT,
300,UA,3504,2010-08-27,58298,2367,O,AIRPORT,
300,AA,26,2011-10-19,63017,2367,O,AIRPORT,
300,QF,6,2011-03-02,51815,2367,O,AIRPORT,
300,AZ,788,2010-11-23,51647,2367,O,AIRPORT,
300,AA,26,2011-02-16,52114,2367,O,AIRPORT,
300,AZ,788,2010-11-30,51944,2367,O,AIRPORT,
300,QF,6,2011-03-09,52276,2367,O,AIRPORT,
300,UA,941,2011-11-24,49038,2367,O,AIRPORT,
300,DL,1699,2011-02-28,56962,2367,O,AIRPORT,
300,AA,26,2011-03-30,53874,2367,O,AIRPORT,
300,AZ,788,2010-12-21,53356,2367,O,AIRPORT,
300,AA,26,2011-04-06,54097,2367,O,AIRPORT,
300,UA,3504,2010-06-18,53973,2367,O,AIRPORT,
300,LH,401,2011-06-24,66367,2367,O,AIRPORT,
300,AZ,788,2011-07-05,65380,2367,O,AIRPORT,
300,UA,3504,2011-01-28,67889,2367,O,AIRPORT,
300,AZ,788,2011-08-02,66997,2367,O,AIRPORT,
300,AZ,788,2011-08-02,67096,2367,O,AIRPORT,
300,AZ,789,2010-09-08,84878,2367,O,AIRPORT,
300,AZ,789,2010-10-27,87902,2367,O,AIRPORT,
300,DL,1984,2010-11-08,87756,2367,O,AIRPORT,
300,AZ,788,2012-03-27,75749,2367,O,AIRPORT,
300,UA,3504,2011-05-13,74542,2367,O,AIRPORT,
300,AA,64,2011-03-04,77506,2367,O,AIRPORT,
300,LH,401,2011-12-16,77302,2367,O,AIRPORT,
300,LH,401,2011-12-16,77299,2367,O,AIRPORT,
300,LH,401,2011-11-11,75901,2367,O,AIRPORT,
300,AZ,789,2010-04-28,76460,2367,O,AIRPORT,
300,AZ,788,2011-10-11,71574,2367,O,AIRPORT,
300,AZ,788,2011-11-22,73944,2367,O,AIRPORT,
300,DL,1984,2010-08-09,82231,2367,O,AIRPORT,
300,LH,402,2010-06-21,82789,2367,O,AIRPORT,
300,UA,3504,2011-09-28,83348,2367,O,AIRPORT,
300,AZ,789,2010-08-11,83121,2367,O,AIRPORT,
300,UA,3504,2011-07-29,79332,2367,O,AIRPORT,
300,AA,64,2011-03-18,77899,2367,O,AIRPORT,
300,LH,402,2010-05-17,80652,2367,O,AIRPORT,
300,DL,1984,2010-07-05,80133,2367,O,AIRPORT,
300,AZ,789,2011-12-07,112643,2367,O,AIRPORT,
300,LH,402,2011-06-06,104579,2367,O,AIRPORT,
300,AZ,789,2011-07-20,104508,2367,O,AIRPORT,
300,LH,402,2011-06-20,105702,2367,O,AIRPORT,
300,AZ,789,2011-05-25,100799,2367,O,AIRPORT,
300,AZ,789,2011-06-15,102486,2367,O,AIRPORT,
300,LH,402,2011-05-09,102988,2367,O,AIRPORT,
300,LH,402,2011-08-28,110066,2367,O,AIRPORT,
300,AZ,789,2011-10-19,109928,2367,O,AIRPORT,
300,AZ,789,2011-11-16,111944,2367,O,AIRPORT,
300,DL,1984,2011-10-17,109073,2367,O,AIRPORT,
300,UA,3516,2011-03-08,109162,2367,O,AIRPORT,
300,UA,3516,2010-04-27,89827,2367,O,AIRPORT,
300,AZ,789,2010-11-24,89820,2367,O,AIRPORT,
300,UA,3504,2012-02-24,88561,2367,O,AIRPORT,
300,UA,3516,2010-06-22,93234,2367,O,AIRPORT,
300,AZ,789,2011-03-16,96618,2367,O,AIRPORT,
300,UA,3516,2010-07-20,94819,2367,O,AIRPORT,
300,UA,3516,2010-09-14,98163,2367,O,AIRPORT,
300,AZ,790,2010-11-24,123859,2367,O,AIRPORT,
300,LH,454,2010-12-04,127678,2367,O,AIRPORT,
300,LH,454,2010-10-23,125838,2367,O,AIRPORT,
300,UA,3516,2011-06-14,115361,2367,O,AIRPORT,
300,LH,402,2011-10-31,114490,2367,O,AIRPORT,
300,AZ,790,2010-09-15,120866,2367,O,AIRPORT,
300,LH,455,2010-10-18,152095,2367,O,AIRPORT,
300,UA,3517,2011-05-09,152045,2367,O,AIRPORT,
300,UA,3517,2011-05-09,151792,2367,O,AIRPORT,
300,AZ,791,2011-04-28,154720,2367,O,AIRPORT,
300,UA,3517,2011-05-30,153164,2367,O,AIRPORT,
300,AZ,791,2010-10-21,147864,2367,O,AIRPORT,
300,AZ,791,2010-11-25,149245,2367,O,AIRPORT,
300,LH,455,2011-08-22,163053,2367,O,AIRPORT,
300,AZ,791,2011-06-30,156971,2367,O,AIRPORT,
300,UA,3517,2011-08-15,157822,2367,O,AIRPORT,
300,LH,454,2011-05-28,135545,2367,O,AIRPORT,
300,LH,454,2011-05-07,134745,2367,O,AIRPORT,
300,LH,454,2011-06-18,136600,2367,O,AIRPORT,
300,UA,3517,2010-09-13,137170,2367,O,AIRPORT,
300,LH,454,2011-02-26,131581,2367,O,AIRPORT,
300,UA,3517,2010-07-12,133450,2367,O,AIRPORT,
300,UA,3517,2011-01-03,144186,2367,O,AIRPORT,
300,LH,454,2012-03-10,145522,2367,O,AIRPORT,
300,LH,455,2010-05-03,146136,2367,O,AIRPORT,
300,UA,3517,2011-01-17,145002,2367,O,AIRPORT,
300,LH,454,2011-08-27,139546,2367,O,AIRPORT,
300,AZ,790,2011-10-19,138591,2367,O,AIRPORT,
300,UA,3517,2010-11-08,140686,2367,O,AIRPORT,
300,UA,3517,2010-11-08,140485,2367,O,AIRPORT,
300,UA,3517,2010-11-15,141029,2367,O,AIRPORT,
300,UA,3517,2011-10-31,163441,2367,O,AIRPORT,
300,LH,2462,2012-02-24,267647,2367,O,AIRPORT,
300,LH,2462,2011-10-07,265178,2367,O,AIRPORT,
300,LH,2462,2011-03-04,256969,2367,O,AIRPORT,
300,LH,2462,2011-02-18,256568,2367,O,AIRPORT,
300,LH,2463,2010-11-27,275796,2367,O,AIRPORT,
300,LH,2462,2012-04-20,267886,2367,O,AIRPORT,
300,LH,2436,2010-06-05,233392,2367,O,AIRPORT,
300,LH,2436,2010-05-01,232686,2367,O,AIRPORT,
300,LH,2415,2011-11-04,230798,2367,O,AIRPORT,
300,LH,2462,2010-08-27,250114,2367,O,AIRPORT,
300,LH,2462,2010-12-10,253845,2367,O,AIRPORT,
300,LH,3577,2011-10-15,310719,2367,O,AIRPORT,
300,LH,3577,2011-08-13,307873,2367,O,AIRPORT,
300,LH,2463,2011-12-17,289733,2367,O,AIRPORT,
300,LH,3577,2010-06-19,292936,2367,O,AIRPORT,
300,LH,3577,2010-05-15,291703,2367,O,AIRPORT,
300,LH,2463,2011-05-14,281900,2367,O,AIRPORT,
300,LH,3577,2011-02-12,301449,2367,O,AIRPORT,
300,LH,3577,2011-06-18,305826,2367,O,AIRPORT,
300,LH,3577,2010-10-16,297253,2367,O,AIRPORT,
300,LH,3577,2010-10-09,296858,2367,O,AIRPORT,
300,LH,3577,2010-12-11,299265,2367,O,AIRPORT,
300,LH,2407,2011-05-28,205085,2367,O,AIRPORT,
300,LH,2407,2010-05-01,191034,2367,O,AIRPORT,
300,LH,2407,2010-05-29,192102,2367,O,AIRPORT,
300,LH,2407,2010-05-08,191340,2367,O,AIRPORT,
300,LH,2407,2010-08-28,195270,2367,O,AIRPORT,
300,LH,2415,2010-10-01,218180,2367,O,AIRPORT,
300,LH,2415,2010-10-01,218156,2367,O,AIRPORT,
300,LH,2407,2011-10-22,210881,2367,O,AIRPORT,
300,LH,455,2011-12-12,167179,2367,O,AIRPORT,
300,LH,2402,2011-02-12,178772,2367,O,AIRPORT,
300,LH,2402,2011-09-03,186396,2367,O,AIRPORT,
300,LH,2402,2010-05-08,168678,2367,O,AIRPORT,
300,LH,2402,2010-05-15,169122,2367,O,AIRPORT,
300,QF,5,2011-02-25,19387,1639,O,AIRPORT,
300,QF,5,2011-04-01,21323,1639,O,AIRPORT,
300,DL,106,2011-04-04,21444,1639,O,AIRPORT,
300,AZ,555,2011-03-16,20690,1639,O,AIRPORT,
300,QF,5,2011-02-11,18289,1639,O,AIRPORT,
300,LH,400,2011-02-12,18436,1639,O,AIRPORT,
300,QF,6,2010-12-15,48521,1639,O,AIRPORT,
300,QF,6,2010-12-08,48399,1639,O,AIRPORT,
300,DL,106,2011-05-23,24587,1639,O,AIRPORT,
300,DL,106,2011-05-23,24662,1639,O,AIRPORT,
300,DL,1699,2010-09-27,47144,1639,O,AIRPORT,
300,DL,1699,2010-10-11,47844,1639,O,AIRPORT,
300,AZ,788,2010-09-21,47788,1639,O,AIRPORT,
300,UA,7,2011-09-10,22650,1639,O,AIRPORT,
300,DL,106,2011-04-18,22268,1639,O,AIRPORT,
300,DL,106,2010-05-31,2212,1639,O,AIRPORT,
300,JL,407,2011-10-21,24135,1639,O,AIRPORT,
300,JL,407,2011-10-21,24119,1639,O,AIRPORT,
300,LH,400,2011-05-14,24186,1639,O,AIRPORT,
300,UA,7,2011-09-24,23197,1639,O,AIRPORT,
300,UA,7,2011-09-24,23383,1639,O,AIRPORT,
300,LH,400,2010-10-02,10260,1639,O,AIRPORT,
300,AA,17,2010-08-11,6970,1639,O,AIRPORT,
300,AA,17,2010-08-04,6852,1639,O,AIRPORT,
300,DL,106,2010-08-09,6881,1639,O,AIRPORT,
300,AZ,555,2010-08-11,7228,1639,O,AIRPORT,
300,LH,400,2010-09-18,9519,1639,O,AIRPORT,
300,JL,407,2010-05-14,958,1639,O,AIRPORT,
300,LH,400,2010-05-08,931,1639,O,AIRPORT,
300,AZ,555,2010-09-22,9944,1639,O,AIRPORT,
300,UA,7,2010-10-23,8295,1639,O,AIRPORT,
300,QF,5,2010-10-01,10133,1639,O,AIRPORT,
300,AA,17,2010-09-08,8838,1639,O,AIRPORT,
300,AZ,555,2010-09-01,8586,1639,O,AIRPORT,
300,AZ,555,2010-12-22,15421,1639,O,AIRPORT,
300,LH,400,2010-12-11,14691,1639,O,AIRPORT,
300,UA,7,2011-04-30,16639,1639,O,AIRPORT,
300,DL,106,2011-01-10,16498,1639,O,AIRPORT,
300,JL,407,2011-04-08,15691,1639,O,AIRPORT,
300,JL,407,2011-04-15,16022,1639,O,AIRPORT,
300,AZ,555,2010-11-10,12854,1639,O,AIRPORT,
300,AA,17,2010-05-05,1272,1639,O,AIRPORT,
300,UA,7,2011-01-22,12046,1639,O,AIRPORT,
300,DL,106,2010-05-17,1418,1639,O,AIRPORT,
300,AA,17,2010-11-24,13567,1639,O,AIRPORT,
300,QF,5,2010-11-19,13365,1639,O,AIRPORT,
300,UA,7,2011-02-19,13364,1639,O,AIRPORT,
300,AA,17,2011-09-21,32334,1639,O,AIRPORT,
300,LH,400,2011-08-28,31138,1639,O,AIRPORT,
300,LH,400,2011-09-03,31723,1639,O,AIRPORT,
300,QF,5,2011-09-16,31956,1639,O,AIRPORT,
300,UA,941,2010-08-05,31489,1639,O,AIRPORT,
300,DL,106,2010-06-21,3513,1639,O,AIRPORT,
300,AA,17,2011-11-09,35260,1639,O,AIRPORT,
300,JL,408,2010-10-30,34008,1639,O,AIRPORT,
300,AA,17,2010-06-09,3391,1639,O,AIRPORT,
300,JL,407,2011-11-18,25351,1639,O,AIRPORT,
300,DL,106,2011-06-06,25365,1639,O,AIRPORT,
300,QF,5,2011-06-03,25366,1639,O,AIRPORT,
300,UA,7,2011-11-05,25367,1639,O,AIRPORT,
300,AA,17,2011-06-15,26379,1639,O,AIRPORT,
300,AZ,555,2011-06-08,25994,1639,O,AIRPORT,
300,LH,400,2011-08-13,29850,1639,O,AIRPORT,
300,QF,5,2011-08-05,29370,1639,O,AIRPORT,
300,JL,408,2010-07-24,30498,1639,O,AIRPORT,
300,AA,17,2011-08-24,30532,1639,O,AIRPORT,
300,AA,17,2011-08-24,30552,1639,O,AIRPORT,
300,DL,106,2011-08-22,30228,1639,O,AIRPORT,
300,UA,941,2010-05-06,28450,1639,O,AIRPORT,
300,AA,17,2011-07-20,28498,1639,O,AIRPORT,
300,AZ,788,2010-07-13,43363,1639,O,AIRPORT,
300,UA,941,2011-07-07,43548,1639,O,AIRPORT,
300,JL,408,2011-06-04,41651,1639,O,AIRPORT,
300,LH,401,2010-07-16,44902,1639,O,AIRPORT,
300,QF,6,2010-09-15,44430,1639,O,AIRPORT,
300,UA,941,2011-02-03,38200,1639,O,AIRPORT,
300,LH,400,2011-11-19,37004,1639,O,AIRPORT,
300,LH,401,2011-03-18,60005,1639,O,AIRPORT,
300,AZ,788,2011-04-26,60982,1639,O,AIRPORT,
300,AA,26,2011-08-31,60694,1639,O,AIRPORT,
300,AA,26,2011-06-29,57873,1639,O,AIRPORT,
300,QF,6,2011-06-29,57275,1639,O,AIRPORT,
300,QF,6,2011-12-14,63976,1639,O,AIRPORT,
300,UA,3504,2010-11-26,63726,1639,O,AIRPORT,
300,QF,6,2012-04-25,65097,1639,O,AIRPORT,
300,LH,401,2011-05-27,64561,1639,O,AIRPORT,
300,DL,1699,2011-07-04,64756,1639,O,AIRPORT,
300,DL,1699,2011-06-06,62950,1639,O,AIRPORT,
300,UA,3504,2010-11-05,62703,1639,O,AIRPORT,
300,DL,1699,2010-12-13,51754,1639,O,AIRPORT,
300,QF,6,2011-03-16,52682,1639,O,AIRPORT,
300,UA,941,2011-12-29,49309,1639,O,AIRPORT,
300,UA,941,2012-01-26,49697,1639,O,AIRPORT,
300,UA,7,2010-04-24,28,1639,O,AIRPORT,
300,LH,401,2010-10-08,50222,1639,O,AIRPORT,
300,UA,3504,2010-07-23,56180,1639,O,AIRPORT,
300,AZ,788,2011-02-08,56146,1639,O,AIRPORT,
300,QF,6,2011-06-15,56496,1639,O,AIRPORT,
300,AZ,788,2010-12-28,53601,1639,O,AIRPORT,
300,AZ,788,2011-01-18,54958,1639,O,AIRPORT,
300,DL,1699,2011-01-31,54826,1639,O,AIRPORT,
300,UA,3504,2010-06-18,53993,1639,O,AIRPORT,
300,AZ,788,2011-09-06,69508,1639,O,AIRPORT,
300,LH,401,2011-07-15,67489,1639,O,AIRPORT,
300,AA,64,2010-05-14,67032,1639,O,AIRPORT,
300,DL,1984,2010-10-11,86391,1639,O,AIRPORT,
300,UA,3504,2011-10-14,85068,1639,O,AIRPORT,
300,UA,3504,2011-11-18,87048,1639,O,AIRPORT,
300,AA,64,2012-01-27,87494,1639,O,AIRPORT,
300,UA,3504,2011-05-06,74103,1639,O,AIRPORT,
300,AA,64,2011-03-04,77468,1639,O,AIRPORT,
300,AZ,788,2011-10-25,72439,1639,O,AIRPORT,
300,UA,3504,2011-04-15,72761,1639,O,AIRPORT,
300,AA,64,2011-07-29,82669,1639,O,AIRPORT,
300,DL,1984,2010-07-26,81556,1639,O,AIRPORT,
300,UA,3504,2011-10-07,84524,1639,O,AIRPORT,
300,DL,1984,2010-08-30,83436,1639,O,AIRPORT,
300,LH,402,2011-05-23,104020,1639,O,AIRPORT,
300,UA,3516,2010-12-28,104715,1639,O,AIRPORT,
300,DL,1984,2011-08-22,105903,1639,O,AIRPORT,
300,LH,402,2011-06-20,105498,1639,O,AIRPORT,
300,LH,402,2011-04-11,101086,1639,O,AIRPORT,
300,DL,1984,2011-06-13,101384,1639,O,AIRPORT,
300,AZ,789,2011-05-18,100425,1639,O,AIRPORT,
300,UA,3516,2010-11-23,102732,1639,O,AIRPORT,
300,AZ,789,2011-06-22,102726,1639,O,AIRPORT,
300,UA,3516,2010-11-16,102341,1639,O,AIRPORT,
300,UA,3516,2011-03-29,110344,1639,O,AIRPORT,
300,LH,402,2011-08-28,109727,1639,O,AIRPORT,
300,UA,3516,2011-04-19,111758,1639,O,AIRPORT,
300,DL,1984,2011-09-19,107321,1639,O,AIRPORT,
300,LH,402,2011-07-18,107364,1639,O,AIRPORT,
300,AZ,789,2011-09-07,107355,1639,O,AIRPORT,
300,LH,402,2011-08-15,109115,1639,O,AIRPORT,
300,LH,402,2010-10-18,90402,1639,O,AIRPORT,
300,DL,1984,2010-12-20,90693,1639,O,AIRPORT,
300,LH,402,2010-09-20,88767,1639,O,AIRPORT,
300,UA,3516,2010-04-27,89650,1639,O,AIRPORT,
300,AZ,789,2010-11-17,89342,1639,O,AIRPORT,
300,UA,3516,2010-05-25,91541,1639,O,AIRPORT,
300,DL,1984,2011-01-24,92544,1639,O,AIRPORT,
300,UA,3516,2010-10-05,99629,1639,O,AIRPORT,
300,LH,402,2011-01-31,96701,1639,O,AIRPORT,
300,UA,3516,2010-08-17,96732,1639,O,AIRPORT,
300,AZ,789,2011-02-02,94232,1639,O,AIRPORT,
300,UA,3516,2010-08-17,96793,1639,O,AIRPORT,
300,UA,3516,2011-09-28,122616,1639,O,AIRPORT,
300,UA,3516,2011-10-11,123737,1639,O,AIRPORT,
300,AZ,790,2011-03-23,129316,1639,O,AIRPORT,
300,LH,454,2010-10-16,125552,1639,O,AIRPORT,
300,AZ,790,2010-05-12,115162,1639,O,AIRPORT,
300,AZ,790,2010-06-23,117104,1639,O,AIRPORT,
300,AZ,790,2010-04-28,114558,1639,O,AIRPORT,
300,UA,3516,2011-06-07,114879,1639,O,AIRPORT,
300,LH,454,2010-06-26,120821,1639,O,AIRPORT,
300,LH,454,2010-06-12,120240,1639,O,AIRPORT,
300,UA,3516,2011-08-23,119613,1639,O,AIRPORT,
300,LH,455,2010-11-01,152558,1639,O,AIRPORT,
300,UA,3517,2011-04-25,151159,1639,O,AIRPORT,
300,UA,3517,2011-06-20,154473,1639,O,AIRPORT,
300,UA,3517,2011-06-06,153532,1639,O,AIRPORT,
300,UA,3517,2011-02-28,147812,1639,O,AIRPORT,
300,LH,455,2010-08-09,149738,1639,O,AIRPORT,
300,AZ,791,2010-11-18,149027,1639,O,AIRPORT,
300,UA,3517,2011-09-19,160579,1639,O,AIRPORT,
300,UA,3517,2011-09-12,160270,1639,O,AIRPORT,
300,LH,455,2011-06-27,160979,1639,O,AIRPORT,
300,AZ,791,2011-10-13,160744,1639,O,AIRPORT,
300,UA,3517,2011-10-24,163090,1639,O,AIRPORT,
300,UA,3517,2011-10-03,161788,1639,O,AIRPORT,
300,LH,454,2011-05-28,135590,1639,O,AIRPORT,
300,UA,3517,2010-08-09,135158,1639,O,AIRPORT,
300,LH,454,2011-06-04,135782,1639,O,AIRPORT,
300,UA,3517,2010-07-26,134132,1639,O,AIRPORT,
300,UA,3517,2010-09-27,137916,1639,O,AIRPORT,
300,LH,454,2011-06-25,136750,1639,O,AIRPORT,
300,UA,3517,2010-06-14,131380,1639,O,AIRPORT,
300,UA,3517,2010-05-24,130155,1639,O,AIRPORT,
300,AZ,790,2011-04-13,130101,1639,O,AIRPORT,
300,UA,3517,2010-05-31,130696,1639,O,AIRPORT,
300,AZ,790,2011-06-22,133386,1639,O,AIRPORT,
300,LH,454,2011-09-03,140316,1639,O,AIRPORT,
300,AZ,790,2012-01-18,140757,1639,O,AIRPORT,
300,UA,3517,2012-02-27,166257,1639,O,AIRPORT,
300,UA,3517,2012-01-23,165809,1639,O,AIRPORT,
300,LH,2462,2011-08-12,262626,1639,O,AIRPORT,
300,LH,2462,2011-10-28,265936,1639,O,AIRPORT,
300,LH,2462,2011-08-19,263019,1639,O,AIRPORT,
300,LH,2462,2011-01-14,255136,1639,O,AIRPORT,
300,LH,2462,2011-07-01,261234,1639,O,AIRPORT,
300,LH,2436,2011-03-05,239102,1639,O,AIRPORT,
300,LH,2436,2011-05-14,240577,1639,O,AIRPORT,
300,LH,2415,2011-07-01,226475,1639,O,AIRPORT,
300,LH,2415,2011-08-19,227970,1639,O,AIRPORT,
300,LH,2436,2011-08-28,242863,1639,O,AIRPORT,
300,LH,2436,2011-06-04,240962,1639,O,AIRPORT,
300,LH,2436,2012-01-21,245257,1639,O,AIRPORT,
300,LH,3577,2011-10-08,310373,1639,O,AIRPORT,
300,LH,3577,2011-11-05,311330,1639,O,AIRPORT,
300,LH,3577,2010-06-12,292598,1639,O,AIRPORT,
300,LH,3577,2011-02-12,301301,1639,O,AIRPORT,
300,LH,3577,2011-06-25,306142,1639,O,AIRPORT,
300,LH,3577,2010-09-18,296187,1639,O,AIRPORT,
300,LH,2407,2011-02-26,201817,1639,O,AIRPORT,
300,LH,2407,2010-12-18,199244,1639,O,AIRPORT,
300,LH,2407,2011-04-09,203310,1639,O,AIRPORT,
300,LH,2402,2012-01-14,190097,1639,O,AIRPORT,
300,LH,2407,2010-10-09,196683,1639,O,AIRPORT,
300,LH,2407,2010-09-25,196188,1639,O,AIRPORT,
300,LH,2415,2010-11-05,219275,1639,O,AIRPORT,
300,LH,2415,2010-08-27,217071,1639,O,AIRPORT,
300,LH,2415,2011-04-08,223929,1639,O,AIRPORT,
300,LH,2407,2011-07-23,207143,1639,O,AIRPORT,
300,LH,2407,2011-08-27,208404,1639,O,AIRPORT,
300,LH,2415,2010-05-07,213513,1639,O,AIRPORT,
300,LH,2402,2011-09-17,186792,1639,O,AIRPORT,
300,QF,0006,2010-12-22,00048776,00000805,O,AIRPORT,0000
300,LH,0400,2011-01-01,00015962,00000805,O,AIRPORT,0000
300,AA,0017,2010-11-17,00013399,00000805,O,AIRPORT,0000
300,UA,0007,2011-03-19,00014732,00000805,O,AIRPORT,0000
300,DL,0106,2010-12-13,00014531,00000805,O,AIRPORT,0000
300,QF,0005,2010-12-17,00015042,00000805,O,AIRPORT,0000
300,QF,0005,2010-12-03,00013906,00000805,O,AIRPORT,0000
300,DL,0106,2011-04-11,00021856,00000805,O,AIRPORT,0000
300,JL,0407,2011-10-21,00024216,00000805,O,AIRPORT,0000
300,UA,0007,2011-09-17,00023049,00000805,O,AIRPORT,0000
300,LH,0400,2011-04-23,00022887,00000805,O,AIRPORT,0000
300,AZ,0555,2011-02-23,00019221,00000805,O,AIRPORT,0000
300,DL,0106,2011-02-21,00019102,00000805,O,AIRPORT,0000
300,DL,0106,2011-02-28,00019477,00000805,O,AIRPORT,0000
300,JL,0407,2011-07-01,00019444,00000805,O,AIRPORT,0000
300,AZ,0555,2011-02-09,00018482,00000805,O,AIRPORT,0000
300,LH,0400,2011-03-19,00020600,00000805,O,AIRPORT,0000
300,LH,0400,2011-03-19,00020636,00000805,O,AIRPORT,0000
300,AA,0017,2011-03-23,00021197,00000805,O,AIRPORT,0000
300,JL,0407,2010-07-30,00004543,00000805,O,AIRPORT,0000
300,AA,0017,2010-06-30,00004358,00000805,O,AIRPORT,0000
300,QF,0005,2010-07-16,00005416,00000805,O,AIRPORT,0000
300,UA,0007,2010-09-04,00005995,00000805,O,AIRPORT,0000
300,DL,0106,2010-07-12,00005035,00000805,O,AIRPORT,0000
300,LH,0400,2010-07-10,00005090,00000805,O,AIRPORT,0000
300,UA,0007,2010-05-08,00000839,00000805,O,AIRPORT,0000
300,JL,0407,2010-05-14,00001200,00000805,O,AIRPORT,0000
300,QF,0005,2010-05-07,00001251,00000805,O,AIRPORT,0000
300,LH,0400,2010-05-01,00000719,00000805,O,AIRPORT,0000
300,UA,0007,2010-05-08,00000708,00000805,O,AIRPORT,0000
300,AZ,0555,2010-04-21,00000432,00000805,O,AIRPORT,0000
300,LH,0400,2010-09-25,00009657,00000805,O,AIRPORT,0000
300,DL,0106,2010-10-25,00011643,00000805,O,AIRPORT,0000
300,AZ,0555,2010-10-27,00011996,00000805,O,AIRPORT,0000
300,UA,0007,2011-01-22,00012141,00000805,O,AIRPORT,0000
300,LH,0400,2010-08-07,00006933,00000805,O,AIRPORT,0000
300,QF,0005,2010-08-06,00006927,00000805,O,AIRPORT,0000
300,LH,0400,2010-08-14,00007285,00000805,O,AIRPORT,0000
300,JL,0407,2010-10-01,00007239,00000805,O,AIRPORT,0000
300,QF,0005,2010-08-20,00007800,00000805,O,AIRPORT,0000
300,JL,0408,2011-04-02,00039520,00000805,O,AIRPORT,0000
300,AA,0026,2010-05-05,00039583,00000805,O,AIRPORT,0000
300,JL,0408,2011-06-04,00041623,00000805,O,AIRPORT,0000
300,AA,0026,2010-06-16,00041416,00000805,O,AIRPORT,0000
300,AZ,0555,2012-02-01,00037070,00000805,O,AIRPORT,0000
300,AA,0017,2011-12-21,00036860,00000805,O,AIRPORT,0000
300,AZ,0788,2010-05-04,00038994,00000805,O,AIRPORT,0000
300,QF,0006,2010-04-21,00038072,00000805,O,AIRPORT,0000
300,JL,0408,2011-09-24,00045797,00000805,O,AIRPORT,0000
300,QF,0006,2010-10-20,00046132,00000805,O,AIRPORT,0000
300,LH,0401,2010-08-20,00047170,00000805,O,AIRPORT,0000
300,DL,1699,2010-09-27,00047153,00000805,O,AIRPORT,0000
300,AZ,0788,2010-07-13,00043212,00000805,O,AIRPORT,0000
300,DL,1699,2010-07-19,00042897,00000805,O,AIRPORT,0000
300,AZ,0788,2010-08-17,00045390,00000805,O,AIRPORT,0000
300,QF,0006,2010-09-29,00045293,00000805,O,AIRPORT,0000
300,UA,0941,2011-07-21,00044186,00000805,O,AIRPORT,0000
300,AZ,0788,2010-07-27,00044031,00000805,O,AIRPORT,0000
300,AA,0017,2011-07-13,00028212,00000805,O,AIRPORT,0000
300,DL,0106,2011-07-18,00028304,00000805,O,AIRPORT,0000
300,AA,0017,2011-07-20,00028604,00000805,O,AIRPORT,0000
300,QF,0005,2011-07-08,00027699,00000805,O,AIRPORT,0000
300,AZ,0555,2011-06-29,00027441,00000805,O,AIRPORT,0000
300,DL,0106,2011-07-11,00027804,00000805,O,AIRPORT,0000
300,UA,0941,2010-06-10,00029632,00000805,O,AIRPORT,0000
300,AZ,0555,2011-05-18,00024768,00000805,O,AIRPORT,0000
300,LH,0400,2011-05-28,00024867,00000805,O,AIRPORT,0000
300,QF,0005,2011-06-24,00026773,00000805,O,AIRPORT,0000
300,QF,0005,2011-07-01,00027331,00000805,O,AIRPORT,0000
300,QF,0005,2011-07-01,00027113,00000805,O,AIRPORT,0000
300,LH,0400,2011-06-11,00025928,00000805,O,AIRPORT,0000
300,AZ,0555,2011-10-26,00034870,00000805,O,AIRPORT,0000
300,QF,0005,2011-10-14,00033611,00000805,O,AIRPORT,0000
300,QF,0005,2011-10-21,00034075,00000805,O,AIRPORT,0000
300,LH,0400,2011-11-05,00035848,00000805,O,AIRPORT,0000
300,JL,0408,2011-01-01,00036183,00000805,O,AIRPORT,0000
300,AZ,0555,2011-09-07,00031835,00000805,O,AIRPORT,0000
300,DL,0106,2011-09-12,00031645,00000805,O,AIRPORT,0000
300,QF,0005,2011-08-26,00030690,00000805,O,AIRPORT,0000
300,UA,0941,2010-08-26,00032243,00000805,O,AIRPORT,0000
300,JL,0408,2010-09-18,00032498,00000805,O,AIRPORT,0000
300,UA,0941,2010-08-26,00032435,00000805,O,AIRPORT,0000
300,UA,3504,2010-11-12,00062935,00000805,O,AIRPORT,0000
300,DL,1699,2011-06-06,00062839,00000805,O,AIRPORT,0000
300,AA,0026,2011-10-19,00062843,00000805,O,AIRPORT,0000
300,AZ,0788,2011-05-31,00063169,00000805,O,AIRPORT,0000
300,LH,0401,2011-01-07,00055954,00000805,O,AIRPORT,0000
300,AA,0026,2012-01-04,00064927,00000805,O,AIRPORT,0000
300,AZ,0788,2011-03-22,00058813,00000805,O,AIRPORT,0000
300,AZ,0788,2011-04-05,00059914,00000805,O,AIRPORT,0000
300,AA,0026,2011-08-03,00059435,00000805,O,AIRPORT,0000
300,LH,0401,2011-03-04,00059360,00000805,O,AIRPORT,0000
300,LH,0401,2011-04-08,00061576,00000805,O,AIRPORT,0000
300,LH,0401,2011-04-08,00061333,00000805,O,AIRPORT,0000
300,AZ,0788,2010-10-26,00049749,00000805,O,AIRPORT,0000
300,QF,0006,2011-03-09,00052094,00000805,O,AIRPORT,0000
300,LH,0401,2010-11-12,00052546,00000805,O,AIRPORT,0000
300,UA,3504,2010-05-28,00052399,00000805,O,AIRPORT,0000
300,UA,3504,2010-05-28,00052712,00000805,O,AIRPORT,0000
300,AZ,0788,2010-10-19,00049512,00000805,O,AIRPORT,0000
300,UA,3504,2010-07-09,00055189,00000805,O,AIRPORT,0000
300,LH,0401,2010-12-24,00055118,00000805,O,AIRPORT,0000
300,LH,0401,2010-12-03,00053842,00000805,O,AIRPORT,0000
300,AZ,0788,2010-12-28,00053874,00000805,O,AIRPORT,0000
300,DL,1699,2011-01-17,00054306,00000805,O,AIRPORT,0000
300,UA,3504,2011-03-25,00071321,00000805,O,AIRPORT,0000
300,UA,3504,2011-03-18,00070951,00000805,O,AIRPORT,0000
300,UA,3504,2011-03-25,00071113,00000805,O,AIRPORT,0000
300,UA,3504,2011-04-01,00071958,00000805,O,AIRPORT,0000
300,DL,1984,2010-05-03,00076401,00000805,O,AIRPORT,0000
300,UA,3504,2011-05-13,00074447,00000805,O,AIRPORT,0000
300,AA,0064,2010-12-17,00074746,00000805,O,AIRPORT,0000
300,UA,3504,2011-01-14,00067144,00000805,O,AIRPORT,0000
300,UA,3504,2011-03-11,00070308,00000805,O,AIRPORT,0000
300,AZ,0788,2011-09-06,00069301,00000805,O,AIRPORT,0000
300,LH,0401,2012-01-20,00078197,00000805,O,AIRPORT,0000
300,DL,1984,2010-06-14,00078860,00000805,O,AIRPORT,0000
300,DL,1984,2010-05-24,00077578,00000805,O,AIRPORT,0000
300,DL,1984,2010-05-24,00077366,00000805,O,AIRPORT,0000
300,AZ,0789,2010-06-16,00079572,00000805,O,AIRPORT,0000
300,UA,3504,2011-10-28,00085542,00000805,O,AIRPORT,0000
300,LH,0402,2010-07-26,00085021,00000805,O,AIRPORT,0000
300,AZ,0789,2010-09-29,00086382,00000805,O,AIRPORT,0000
300,AZ,0789,2010-07-21,00082026,00000805,O,AIRPORT,0000
300,AZ,0789,2010-07-07,00080898,00000805,O,AIRPORT,0000
300,AA,0064,2011-08-19,00083415,00000805,O,AIRPORT,0000
300,LH,0402,2010-06-28,00083208,00000805,O,AIRPORT,0000
300,AZ,0789,2011-08-03,00105349,00000805,O,AIRPORT,0000
300,DL,1984,2011-09-12,00106928,00000805,O,AIRPORT,0000
300,LH,0402,2011-06-27,00106030,00000805,O,AIRPORT,0000
300,UA,3516,2010-11-23,00102708,00000805,O,AIRPORT,0000
300,UA,3516,2010-12-14,00103932,00000805,O,AIRPORT,0000
300,UA,3516,2010-12-14,00103817,00000805,O,AIRPORT,0000
300,UA,3516,2010-11-30,00103065,00000805,O,AIRPORT,0000
300,UA,3516,2010-11-30,00103346,00000805,O,AIRPORT,0000
300,DL,1984,2011-07-18,00103379,00000805,O,AIRPORT,0000
300,AZ,0789,2011-11-09,00111309,00000805,O,AIRPORT,0000
300,LH,0402,2011-09-28,00112447,00000805,O,AIRPORT,0000
300,DL,1984,2011-09-19,00107622,00000805,O,AIRPORT,0000
300,UA,3516,2011-03-22,00109932,00000805,O,AIRPORT,0000
300,UA,3516,2011-05-10,00113263,00000805,O,AIRPORT,0000
300,LH,0402,2010-11-01,00091392,00000805,O,AIRPORT,0000
300,UA,3516,2010-05-25,00091316,00000805,O,AIRPORT,0000
300,UA,3516,2010-05-04,00090191,00000805,O,AIRPORT,0000
300,LH,0402,2011-01-24,00096464,00000805,O,AIRPORT,0000
300,AZ,0789,2011-05-25,00100882,00000805,O,AIRPORT,0000
300,UA,3516,2010-08-03,00095573,00000805,O,AIRPORT,0000
300,UA,3517,2011-01-31,00145871,00000805,O,AIRPORT,0000
300,AZ,0791,2010-12-30,00150486,00000805,O,AIRPORT,0000
300,UA,3517,2010-11-08,00140851,00000805,O,AIRPORT,0000
300,UA,3517,2010-11-22,00141419,00000805,O,AIRPORT,0000
300,LH,0454,2011-11-19,00143927,00000805,O,AIRPORT,0000
300,UA,3517,2010-12-20,00143269,00000805,O,AIRPORT,0000
300,UA,3517,2010-11-29,00141917,00000805,O,AIRPORT,0000
300,LH,0455,2011-05-02,00159035,00000805,O,AIRPORT,0000
300,UA,3517,2011-04-25,00151234,00000805,O,AIRPORT,0000
300,UA,3517,2011-07-11,00156006,00000805,O,AIRPORT,0000
300,UA,3517,2011-07-04,00155471,00000805,O,AIRPORT,0000
300,AZ,0791,2011-05-05,00154939,00000805,O,AIRPORT,0000
300,LH,0454,2010-08-21,00123234,00000805,O,AIRPORT,0000
300,LH,0454,2010-07-03,00120962,00000805,O,AIRPORT,0000
300,UA,3516,2011-08-30,00120423,00000805,O,AIRPORT,0000
300,LH,0454,2010-07-17,00121651,00000805,O,AIRPORT,0000
300,UA,3516,2011-09-06,00121032,00000805,O,AIRPORT,0000
300,AZ,0790,2010-09-22,00121084,00000805,O,AIRPORT,0000
300,AZ,0790,2010-11-17,00123593,00000805,O,AIRPORT,0000
300,UA,3516,2011-06-28,00116029,00000805,O,AIRPORT,0000
300,LH,0402,2011-11-28,00116015,00000805,O,AIRPORT,0000
300,LH,0402,2012-01-09,00116815,00000805,O,AIRPORT,0000
300,AZ,0790,2010-08-11,00119401,00000805,O,AIRPORT,0000
300,UA,3517,2010-09-06,00136789,00000805,O,AIRPORT,0000
300,AZ,0790,2011-08-31,00136458,00000805,O,AIRPORT,0000
300,LH,0454,2010-12-04,00127958,00000805,O,AIRPORT,0000
300,LH,0454,2010-12-11,00128263,00000805,O,AIRPORT,0000
300,UA,3517,2010-05-03,00128993,00000805,O,AIRPORT,0000
300,UA,3516,2011-12-13,00126567,00000805,O,AIRPORT,0000
300,LH,0454,2010-11-06,00126599,00000805,O,AIRPORT,0000
300,AZ,0790,2011-05-11,00131542,00000805,O,AIRPORT,0000
300,LH,0454,2011-02-26,00131649,00000805,O,AIRPORT,0000
300,LH,0454,2011-02-26,00131622,00000805,O,AIRPORT,0000
300,LH,0454,2011-03-19,00132419,00000805,O,AIRPORT,0000
300,LH,0455,2011-10-31,00166083,00000805,O,AIRPORT,0000
300,LH,2407,2010-10-09,00196788,00000805,O,AIRPORT,0000
300,LH,2407,2010-07-31,00194198,00000805,O,AIRPORT,0000
300,LH,2407,2010-11-13,00198024,00000805,O,AIRPORT,0000
300,LH,2402,2011-06-04,00182839,00000805,O,AIRPORT,0000
300,LH,0455,2011-12-05,00167020,00000805,O,AIRPORT,0000
300,LH,2402,2010-06-05,00169813,00000805,O,AIRPORT,0000
300,LH,2402,2011-03-05,00179638,00000805,O,AIRPORT,0000
300,LH,2402,2011-02-12,00178818,00000805,O,AIRPORT,0000
300,LH,2402,2011-04-23,00181402,00000805,O,AIRPORT,0000
300,LH,2402,2011-03-19,00180137,00000805,O,AIRPORT,0000
300,LH,2463,2010-06-12,00269680,00000805,O,AIRPORT,0000
300,LH,2462,2011-05-13,00259389,00000805,O,AIRPORT,0000
300,LH,2462,2011-06-17,00260598,00000805,O,AIRPORT,0000
300,LH,2462,2011-06-03,00260150,00000805,O,AIRPORT,0000
300,LH,2462,2011-06-03,00260177,00000805,O,AIRPORT,0000
300,LH,2415,2012-01-13,00231895,00000805,O,AIRPORT,0000
300,LH,2415,2011-10-07,00230038,00000805,O,AIRPORT,0000
300,LH,2415,2011-10-28,00230630,00000805,O,AIRPORT,0000
300,LH,2436,2012-02-04,00245400,00000805,O,AIRPORT,0000
300,LH,2436,2011-09-28,00243586,00000805,O,AIRPORT,0000
300,LH,2436,2011-09-10,00243180,00000805,O,AIRPORT,0000
300,LH,2436,2011-02-12,00238671,00000805,O,AIRPORT,0000
300,LH,3577,2010-05-08,00291480,00000805,O,AIRPORT,0000
300,LH,2463,2012-01-28,00290242,00000805,O,AIRPORT,0000
300,LH,2463,2012-01-07,00289940,00000805,O,AIRPORT,0000
300,LH,2463,2011-03-05,00279413,00000805,O,AIRPORT,0000
300,LH,2463,2011-07-16,00284077,00000805,O,AIRPORT,0000
300,LH,2463,2010-12-25,00276823,00000805,O,AIRPORT,0000
300,LH,3577,2011-08-06,00307578,00000805,O,AIRPORT,0000
300,LH,3577,2011-07-16,00306954,00000805,O,AIRPORT,0000
300,LH,2407,2011-04-09,00203417,00000805,O,AIRPORT,0000
300,LH,2407,2011-01-22,00200580,00000805,O,AIRPORT,0000
300,LH,2407,2011-02-19,00201490,00000805,O,AIRPORT,0000
300,LH,2407,2011-08-20,00208171,00000805,O,AIRPORT,0000
300,AA,17,2011-03-09,20236,2363,O,AIRPORT,
300,QF,5,2010-07-16,5499,2363,O,AIRPORT,
300,DL,106,2011-03-28,21290,2363,O,AIRPORT,
300,AA,17,2011-03-16,20508,2363,O,AIRPORT,
300,QF,5,2010-05-21,1773,2363,O,AIRPORT,
300,DL,106,2011-01-17,16984,2363,O,AIRPORT,
300,UA,7,2010-08-28,5765,2363,O,AIRPORT,
300,AZ,555,2011-01-19,17146,2363,O,AIRPORT,
300,UA,7,2011-06-18,18552,2363,O,AIRPORT,
300,QF,5,2011-05-27,24909,2363,O,AIRPORT,
300,QF,6,2010-12-22,48977,2363,O,AIRPORT,
300,LH,401,2010-09-17,48723,2363,O,AIRPORT,
300,AZ,555,2011-05-18,24845,2363,O,AIRPORT,
300,UA,7,2011-10-15,24695,2363,O,AIRPORT,
300,DL,1699,2010-10-04,47643,2363,O,AIRPORT,
300,AZ,788,2010-09-14,47283,2363,O,AIRPORT,
300,LH,401,2010-09-03,48135,2363,O,AIRPORT,
300,JL,408,2011-11-19,47773,2363,O,AIRPORT,
300,QF,5,2010-05-28,2249,2363,O,AIRPORT,
300,AA,17,2011-04-13,22206,2363,O,AIRPORT,
300,DL,106,2011-05-09,23866,2363,O,AIRPORT,
300,QF,5,2011-05-06,23634,2363,O,AIRPORT,
300,DL,106,2011-05-16,24228,2363,O,AIRPORT,
300,JL,407,2011-09-30,23378,2363,O,AIRPORT,
300,AZ,555,2010-08-04,6591,2363,O,AIRPORT,
300,JL,407,2010-10-08,7508,2363,O,AIRPORT,
300,LH,400,2010-10-16,11200,2363,O,AIRPORT,
300,AZ,555,2010-10-06,10854,2363,O,AIRPORT,
300,AZ,555,2010-09-15,9396,2363,O,AIRPORT,
300,AZ,555,2010-09-22,9610,2363,O,AIRPORT,
300,UA,7,2011-03-26,15039,2363,O,AIRPORT,
300,JL,407,2011-03-11,14383,2363,O,AIRPORT,
300,AA,17,2010-12-01,14246,2363,O,AIRPORT,
300,LH,400,2011-01-08,16357,2363,O,AIRPORT,
300,QF,5,2011-01-07,16233,2363,O,AIRPORT,
300,JL,407,2011-04-08,15749,2363,O,AIRPORT,
300,AA,17,2010-12-29,15718,2363,O,AIRPORT,
300,AA,17,2010-12-29,16069,2363,O,AIRPORT,
300,LH,400,2011-01-01,15859,2363,O,AIRPORT,
300,DL,106,2010-11-08,12342,2363,O,AIRPORT,
300,AZ,555,2010-10-27,12075,2363,O,AIRPORT,
300,QF,5,2010-12-03,14131,2363,O,AIRPORT,
300,DL,106,2010-11-22,13266,2363,O,AIRPORT,
300,DL,106,2010-11-22,13096,2363,O,AIRPORT,
300,UA,7,2011-02-19,13494,2363,O,AIRPORT,
300,AA,17,2010-11-17,13320,2363,O,AIRPORT,
300,LH,400,2011-09-17,32666,2363,O,AIRPORT,
300,AA,17,2011-09-14,32019,2363,O,AIRPORT,
300,JL,408,2010-08-14,31152,2363,O,AIRPORT,
300,AZ,555,2011-08-24,30852,2363,O,AIRPORT,
300,JL,407,2010-07-02,3170,2363,O,AIRPORT,
300,AZ,555,2011-09-14,31921,2363,O,AIRPORT,
300,DL,106,2011-09-19,31885,2363,O,AIRPORT,
300,QF,5,2010-06-18,3525,2363,O,AIRPORT,
300,LH,400,2011-10-01,33840,2363,O,AIRPORT,
300,LH,400,2011-10-08,34461,2363,O,AIRPORT,
300,UA,941,2010-10-21,34358,2363,O,AIRPORT,
300,LH,400,2011-06-25,26741,2363,O,AIRPORT,
300,DL,106,2011-07-04,27384,2363,O,AIRPORT,
300,QF,5,2011-06-17,26204,2363,O,AIRPORT,
300,UA,941,2010-06-03,29306,2363,O,AIRPORT,
300,AA,17,2011-08-17,30305,2363,O,AIRPORT,
300,UA,941,2010-07-08,30634,2363,O,AIRPORT,
300,AZ,555,2011-07-20,28520,2363,O,AIRPORT,
300,AA,17,2011-07-13,28192,2363,O,AIRPORT,
300,JL,408,2010-05-22,28160,2363,O,AIRPORT,
300,LH,401,2010-06-18,43424,2363,O,AIRPORT,
300,AA,26,2010-07-28,43070,2363,O,AIRPORT,
300,AA,26,2010-09-01,44771,2363,O,AIRPORT,
300,LH,401,2010-07-09,44538,2363,O,AIRPORT,
300,QF,6,2010-10-06,45542,2363,O,AIRPORT,
300,AZ,555,2010-06-30,4510,2363,O,AIRPORT,
300,UA,941,2011-01-27,37756,2363,O,AIRPORT,
300,AZ,555,2011-11-16,36196,2363,O,AIRPORT,
300,JL,408,2010-12-25,36129,2363,O,AIRPORT,
300,UA,941,2011-01-13,37236,2363,O,AIRPORT,
300,LH,401,2010-05-21,41350,2363,O,AIRPORT,
300,UA,941,2011-05-12,41553,2363,O,AIRPORT,
300,UA,941,2011-04-28,41024,2363,O,AIRPORT,
300,AZ,788,2010-05-18,39903,2363,O,AIRPORT,
300,AA,26,2010-05-12,39822,2363,O,AIRPORT,
300,UA,3504,2010-09-17,59384,2363,O,AIRPORT,
300,AA,26,2011-06-22,57710,2363,O,AIRPORT,
300,QF,5,2010-04-30,586,2363,O,AIRPORT,
300,AZ,788,2011-06-14,64008,2363,O,AIRPORT,
300,QF,6,2011-12-07,63859,2363,O,AIRPORT,
300,QF,6,2011-10-05,61457,2363,O,AIRPORT,
300,QF,6,2011-11-09,62908,2363,O,AIRPORT,
300,DL,1699,2011-06-13,63301,2363,O,AIRPORT,
300,LH,401,2010-11-19,52709,2363,O,AIRPORT,
300,LH,401,2010-10-15,50675,2363,O,AIRPORT,
300,DL,1699,2010-11-15,50240,2363,O,AIRPORT,
300,AA,26,2011-01-05,50153,2363,O,AIRPORT,
300,QF,6,2011-06-01,55816,2363,O,AIRPORT,
300,LH,401,2010-12-31,55411,2363,O,AIRPORT,
300,DL,1699,2011-02-21,56296,2363,O,AIRPORT,
300,DL,1699,2011-01-03,53467,2363,O,AIRPORT,
300,DL,1699,2011-01-31,54873,2363,O,AIRPORT,
300,UA,3504,2010-06-25,54174,2363,O,AIRPORT,
300,AZ,788,2011-01-04,53953,2363,O,AIRPORT,
300,UA,3504,2011-02-11,68501,2363,O,AIRPORT,
300,LH,401,2011-08-19,69962,2363,O,AIRPORT,
300,UA,3504,2011-02-25,69773,2363,O,AIRPORT,
300,DL,1699,2011-09-12,69013,2363,O,AIRPORT,
300,DL,1699,2011-07-25,66105,2363,O,AIRPORT,
300,AA,64,2010-04-23,66274,2363,O,AIRPORT,
300,AZ,788,2011-07-19,66343,2363,O,AIRPORT,
300,AA,64,2010-05-28,67503,2363,O,AIRPORT,
300,DL,1984,2010-09-27,85121,2363,O,AIRPORT,
300,AA,64,2010-12-24,75013,2363,O,AIRPORT,
300,UA,3504,2011-06-24,77179,2363,O,AIRPORT,
300,DL,1984,2010-05-10,76654,2363,O,AIRPORT,
300,AA,64,2010-10-01,71936,2363,O,AIRPORT,
300,AA,64,2010-10-01,72071,2363,O,AIRPORT,
300,LH,401,2011-08-28,70681,2363,O,AIRPORT,
300,AA,64,2010-09-03,71032,2363,O,AIRPORT,
300,AA,64,2010-10-22,72681,2363,O,AIRPORT,
300,LH,402,2010-06-14,82342,2363,O,AIRPORT,
300,LH,402,2010-05-24,81296,2363,O,AIRPORT,
300,AA,64,2011-09-09,84157,2363,O,AIRPORT,
300,AA,64,2011-08-26,83734,2363,O,AIRPORT,
300,UA,3504,2011-07-22,78529,2363,O,AIRPORT,
300,UA,3504,2011-07-08,77979,2363,O,AIRPORT,
300,LH,401,2012-01-06,77640,2363,O,AIRPORT,
300,AZ,789,2010-05-12,77702,2363,O,AIRPORT,
300,AA,64,2011-03-25,78245,2363,O,AIRPORT,
300,AZ,789,2010-06-30,80424,2363,O,AIRPORT,
300,DL,1984,2010-07-19,81008,2363,O,AIRPORT,
300,UA,3516,2011-05-10,113056,2363,O,AIRPORT,
300,LH,402,2011-10-10,113318,2363,O,AIRPORT,
300,UA,3516,2010-12-21,104643,2363,O,AIRPORT,
300,UA,3516,2010-12-07,103621,2363,O,AIRPORT,
300,AZ,789,2011-08-17,106024,2363,O,AIRPORT,
300,UA,3516,2011-01-18,106134,2363,O,AIRPORT,
300,AZ,789,2011-05-18,100449,2363,O,AIRPORT,
300,LH,402,2011-08-22,109580,2363,O,AIRPORT,
300,DL,1984,2011-12-05,111427,2363,O,AIRPORT,
300,LH,402,2011-09-26,111989,2363,O,AIRPORT,
300,DL,1984,2011-09-19,107454,2363,O,AIRPORT,
300,DL,1984,2010-12-20,90406,2363,O,AIRPORT,
300,LH,402,2010-10-18,90450,2363,O,AIRPORT,
300,LH,402,2010-11-29,92952,2363,O,AIRPORT,
300,DL,1984,2011-01-10,91855,2363,O,AIRPORT,
300,LH,402,2011-03-14,99652,2363,O,AIRPORT,
300,LH,402,2011-03-14,99409,2363,O,AIRPORT,
300,UA,3516,2010-08-03,95661,2363,O,AIRPORT,
300,UA,3516,2010-07-13,94598,2363,O,AIRPORT,
300,AZ,789,2011-02-23,95370,2363,O,AIRPORT,
300,AZ,789,2011-02-16,94740,2363,O,AIRPORT,
300,AZ,789,2011-03-30,97339,2363,O,AIRPORT,
300,AZ,790,2010-12-08,124585,2363,O,AIRPORT,
300,UA,3516,2011-10-04,123111,2363,O,AIRPORT,
300,AZ,790,2011-04-06,129866,2363,O,AIRPORT,
300,LH,402,2011-12-12,116274,2363,O,AIRPORT,
300,AZ,789,2012-03-21,113946,2363,O,AIRPORT,
300,LH,402,2011-10-24,114230,2363,O,AIRPORT,
300,UA,3516,2011-09-13,121237,2363,O,AIRPORT,
300,LH,454,2010-04-24,117819,2363,O,AIRPORT,
300,AZ,790,2010-08-11,119468,2363,O,AIRPORT,
300,LH,455,2010-10-18,152060,2363,O,AIRPORT,
300,UA,3517,2011-05-02,151459,2363,O,AIRPORT,
300,UA,3517,2011-06-13,154278,2363,O,AIRPORT,
300,AZ,791,2010-09-23,146879,2363,O,AIRPORT,
300,LH,455,2010-05-17,146617,2363,O,AIRPORT,
300,LH,455,2010-08-09,149741,2363,O,AIRPORT,
300,AZ,791,2010-12-30,150545,2363,O,AIRPORT,
300,LH,455,2010-07-26,149044,2363,O,AIRPORT,
300,AZ,791,2010-12-02,149463,2363,O,AIRPORT,
300,AZ,791,2011-10-06,160292,2363,O,AIRPORT,
300,LH,455,2011-07-18,161898,2363,O,AIRPORT,
300,AZ,791,2011-11-17,161878,2363,O,AIRPORT,
300,UA,3517,2011-07-11,155688,2363,O,AIRPORT,
300,LH,455,2011-03-28,157846,2363,O,AIRPORT,
300,UA,3517,2010-08-30,136448,2363,O,AIRPORT,
300,AZ,790,2011-09-14,137068,2363,O,AIRPORT,
300,UA,3517,2010-06-14,131417,2363,O,AIRPORT,
300,LH,454,2011-02-05,130488,2363,O,AIRPORT,
300,AZ,790,2011-06-22,133433,2363,O,AIRPORT,
300,AZ,790,2011-06-15,132925,2363,O,AIRPORT,
300,UA,3517,2010-12-13,142744,2363,O,AIRPORT,
300,LH,454,2011-09-03,140195,2363,O,AIRPORT,
300,UA,3517,2011-11-28,164886,2363,O,AIRPORT,
300,LH,2462,2011-09-23,264507,2363,O,AIRPORT,
300,LH,2462,2011-03-18,257415,2363,O,AIRPORT,
300,LH,2462,2011-04-29,258884,2363,O,AIRPORT,
300,LH,2463,2010-10-02,273897,2363,O,AIRPORT,
300,LH,2436,2010-07-03,234001,2363,O,AIRPORT,
300,LH,2436,2010-07-24,234379,2363,O,AIRPORT,
300,LH,2436,2011-01-29,238275,2363,O,AIRPORT,
300,LH,2415,2011-09-16,229142,2363,O,AIRPORT,
300,LH,2415,2011-08-19,228109,2363,O,AIRPORT,
300,LH,2436,2010-06-05,233364,2363,O,AIRPORT,
300,LH,2415,2011-12-02,231538,2363,O,AIRPORT,
300,LH,2462,2010-08-06,249400,2363,O,AIRPORT,
300,LH,2462,2010-11-26,253345,2363,O,AIRPORT,
300,LH,2436,2011-10-22,244109,2363,O,AIRPORT,
300,LH,2436,2011-09-28,243554,2363,O,AIRPORT,
300,LH,2462,2010-05-07,246093,2363,O,AIRPORT,
300,LH,2462,2010-06-11,247402,2363,O,AIRPORT,
300,LH,3577,2011-09-24,309679,2363,O,AIRPORT,
300,LH,3577,2011-10-08,310513,2363,O,AIRPORT,
300,LH,3577,2011-10-08,310420,2363,O,AIRPORT,
300,LH,2463,2011-06-04,282698,2363,O,AIRPORT,
300,LH,3577,2011-02-05,301130,2363,O,AIRPORT,
300,LH,3577,2011-06-25,306091,2363,O,AIRPORT,
300,LH,3577,2011-06-18,305973,2363,O,AIRPORT,
300,LH,3577,2011-05-21,304914,2363,O,AIRPORT,
300,LH,2407,2010-10-23,197176,2363,O,AIRPORT,
300,LH,2407,2010-09-11,195894,2363,O,AIRPORT,
300,LH,2407,2010-08-21,195049,2363,O,AIRPORT,
300,LH,2415,2010-09-10,217561,2363,O,AIRPORT,
300,LH,2415,2010-05-14,213894,2363,O,AIRPORT,
300,LH,2402,2011-04-09,180818,2363,O,AIRPORT,
300,LH,2402,2011-03-05,179440,2363,O,AIRPORT,
300,LH,2402,2011-09-28,187280,2363,O,AIRPORT,
300,LH,2402,2010-08-07,172050,2363,O,AIRPORT,
300,DL,1699,2010-10-25,00048822,00004173,O,AIRPORT,0000
300,SQ,0117,2010-09-06,00153356,00004405,O,AIRPORT,0000
300,UA,0007,2011-04-23,00016290,00004173,O,AIRPORT,0000
300,AZ,0555,2010-12-22,00015361,00004173,O,AIRPORT,0000
300,SQ,0117,2010-09-06,00153388,00001448,O,AIRPORT,0000
300,DL,0106,2011-01-03,00015811,00004173,O,AIRPORT,0000
300,SQ,0117,2010-09-06,00153400,00003935,O,AIRPORT,0000
300,QF,0005,2010-12-31,00015963,00004173,O,AIRPORT,0000
300,SQ,0117,2010-09-06,00153349,00003935,O,AIRPORT,0000
300,AA,0017,2011-01-26,00017746,00004173,O,AIRPORT,0000
300,SQ,0117,2010-09-06,00153216,00002032,O,AIRPORT,0000
300,DL,0106,2010-11-08,00012252,00004173,O,AIRPORT,0000
300,SQ,0117,2010-09-06,00153362,00001004,O,AIRPORT,0000
300,QF,0005,2010-11-12,00012748,00004173,O,AIRPORT,0000
300,SQ,0117,2010-09-06,00153237,00003106,O,AIRPORT,0000
300,AZ,0555,2010-11-24,00013730,00004173,O,AIRPORT,0000
300,AA,0017,2011-04-06,00022085,00004173,O,AIRPORT,0000
300,SQ,0117,2010-09-06,00153344,00003151,O,AIRPORT,0000
300,LH,0400,2011-04-16,00022257,00004173,O,AIRPORT,0000
300,SQ,0117,2010-09-06,00153209,00002689,O,AIRPORT,0000
300,LH,0400,2011-04-23,00022774,00004173,O,AIRPORT,0000
300,SQ,0117,2010-09-06,00153357,00001685,O,AIRPORT,0000
300,UA,0007,2011-09-03,00022461,00004173,O,AIRPORT,0000
300,SQ,0117,2010-09-06,00153212,00004433,O,AIRPORT,0000
300,LH,0400,2011-04-09,00021862,00004173,O,AIRPORT,0000
300,SQ,0117,2010-09-06,00153277,00002906,O,AIRPORT,0000
300,LH,0400,2011-05-14,00024160,00004173,O,AIRPORT,0000
300,AZ,0555,2011-02-09,00018495,00004173,O,AIRPORT,0000
300,SQ,0117,2010-09-06,00153415,00001156,O,AIRPORT,0000
300,QF,0005,2011-03-25,00020998,00004173,O,AIRPORT,0000
300,SQ,0117,2010-09-06,00153248,00000855,O,AIRPORT,0000
300,DL,0106,2011-03-28,00021067,00004173,O,AIRPORT,0000
300,SQ,0117,2010-09-06,00153278,00000001,O,AIRPORT,0000
300,LH,0400,2011-03-12,00020196,00004173,O,AIRPORT,0000
300,SQ,0117,2010-09-06,00153255,00002862,O,AIRPORT,0000
300,JL,0407,2010-07-23,00004088,00004173,O,AIRPORT,0000
300,SQ,0117,2010-09-06,00153235,00000663,O,AIRPORT,0000
300,JL,0407,2010-07-09,00003480,00004173,O,AIRPORT,0000
300,UA,0007,2010-07-10,00003545,00004173,O,AIRPORT,0000
300,SQ,0117,2010-09-06,00153322,00001565,O,AIRPORT,0000
300,JL,0407,2010-08-06,00004789,00004173,O,AIRPORT,0000
300,SQ,0117,2010-09-06,00153321,00001565,O,AIRPORT,0000
300,UA,0007,2010-05-15,00000972,00004173,O,AIRPORT,0000
300,SQ,0117,2010-09-06,00153271,00001580,O,AIRPORT,0000
300,DL,0106,2010-05-03,00000833,00004173,O,AIRPORT,0000
300,SQ,0117,2010-09-06,00153422,00001081,O,AIRPORT,0000
300,QF,0005,2010-05-07,00000925,00004173,O,AIRPORT,0000
300,SQ,0117,2010-09-06,00153241,00001100,O,AIRPORT,0000
300,JL,0407,2010-05-21,00001411,00004173,O,AIRPORT,0000
300,LH,0400,2010-05-08,00001303,00004173,O,AIRPORT,0000
300,SQ,0117,2010-09-06,00153281,00002248,O,AIRPORT,0000
300,JL,0407,2010-06-18,00002741,00004173,O,AIRPORT,0000
300,SQ,0117,2010-09-06,00153418,00001890,O,AIRPORT,0000
300,UA,0007,2010-12-04,00010113,00004173,O,AIRPORT,0000
300,SQ,0117,2010-09-06,00153346,00000226,O,AIRPORT,0000
300,UA,0007,2010-12-04,00009991,00004173,O,AIRPORT,0000
300,SQ,0117,2010-09-06,00153375,00001326,O,AIRPORT,0000
300,UA,0007,2010-12-11,00010459,00004173,O,AIRPORT,0000
300,SQ,0117,2010-09-06,00153334,00000692,O,AIRPORT,0000
300,DL,0106,2010-11-01,00011787,00004173,O,AIRPORT,0000
300,SQ,0117,2010-09-06,00153312,00002578,O,AIRPORT,0000
300,JL,0407,2011-01-21,00012137,00004173,O,AIRPORT,0000
300,SQ,0117,2010-09-06,00153353,00003634,O,AIRPORT,0000
300,AZ,0555,2010-10-27,00011984,00004173,O,AIRPORT,0000
300,SQ,0117,2010-09-06,00153205,00003634,O,AIRPORT,0000
300,AA,0017,2010-10-13,00011116,00004173,O,AIRPORT,0000
300,SQ,0117,2010-09-06,00153411,00003423,O,AIRPORT,0000
300,AA,0017,2010-10-13,00011036,00004173,O,AIRPORT,0000
300,AZ,0555,2010-08-11,00007184,00004173,O,AIRPORT,0000
300,SQ,0117,2010-09-06,00153190,00004488,O,AIRPORT,0000
300,DL,0106,2010-08-23,00007475,00004173,O,AIRPORT,0000
300,SQ,0117,2010-09-06,00153260,00001941,O,AIRPORT,0000
300,JL,0407,2010-10-08,00007427,00004173,O,AIRPORT,0000
300,SQ,0117,2010-09-06,00153247,00001155,O,AIRPORT,0000
300,JL,0407,2010-09-24,00006838,00004173,O,AIRPORT,0000
300,SQ,0117,2010-09-06,00153423,00002773,O,AIRPORT,0000
300,JL,0407,2010-11-12,00009128,00004173,O,AIRPORT,0000
300,SQ,0117,2010-09-06,00153405,00002964,O,AIRPORT,0000
300,QF,0005,2010-09-10,00008752,00004173,O,AIRPORT,0000
300,SQ,0117,2010-09-06,00153350,00000674,O,AIRPORT,0000
300,LH,0401,2010-05-07,00040574,00004173,O,AIRPORT,0000
300,SQ,0117,2010-09-06,00153249,00002279,O,AIRPORT,0000
300,QF,0006,2010-05-26,00039710,00004173,O,AIRPORT,0000
300,LH,0401,2010-04-23,00039536,00004173,O,AIRPORT,0000
300,SQ,0117,2010-09-06,00153392,00000821,O,AIRPORT,0000
300,AZ,0788,2010-05-25,00040011,00004173,O,AIRPORT,0000
300,SQ,0117,2010-09-06,00153397,00003278,O,AIRPORT,0000
300,QF,0006,2010-06-09,00040101,00004173,O,AIRPORT,0000
300,SQ,0117,2010-09-06,00153396,00003278,O,AIRPORT,0000
300,AZ,0788,2010-04-20,00037911,00004173,O,AIRPORT,0000
300,SQ,0117,2010-09-06,00153332,00000871,O,AIRPORT,0000
300,AA,0026,2010-05-05,00039395,00004173,O,AIRPORT,0000
300,SQ,0117,2010-09-06,00153274,00001245,O,AIRPORT,0000
300,DL,1699,2010-05-03,00038137,00004173,O,AIRPORT,0000
300,SQ,0117,2010-09-06,00153381,00001403,O,AIRPORT,0000
300,DL,1699,2010-08-09,00043936,00004173,O,AIRPORT,0000
300,SQ,0117,2010-09-06,00153259,00001403,O,AIRPORT,0000
300,DL,1699,2010-07-12,00042545,00004173,O,AIRPORT,0000
300,SQ,0117,2010-09-06,00153219,00000232,O,AIRPORT,0000
300,SQ,0117,2010-09-06,00153378,00001885,O,AIRPORT,0000
300,SQ,0117,2010-09-06,00153416,00002500,O,AIRPORT,0000
300,SQ,0117,2010-09-06,00153227,00002311,O,AIRPORT,0000
300,SQ,0117,2010-09-06,00153345,00000269,O,AIRPORT,0000
300,SQ,0117,2010-09-06,00153303,00001878,O,AIRPORT,0000
300,SQ,0117,2010-09-06,00153379,00003908,O,AIRPORT,0000
300,SQ,0117,2010-09-06,00153316,00000921,O,AIRPORT,0000
300,SQ,0117,2010-09-06,00153202,00003965,O,AIRPORT,0000
300,SQ,0117,2010-09-06,00153224,00003541,O,AIRPORT,0000
300,SQ,0117,2010-09-06,00153363,00003562,O,AIRPORT,0000
300,SQ,0117,2010-09-06,00153384,00003476,O,AIRPORT,0000
300,SQ,0117,2010-09-06,00153401,00001351,O,AIRPORT,0000
300,SQ,0117,2010-09-06,00153234,00004288,O,AIRPORT,0000
300,SQ,0117,2010-09-06,00153232,00003785,O,AIRPORT,0000
300,SQ,0117,2010-09-06,00153300,00002385,O,AIRPORT,0000
300,SQ,0117,2010-09-06,00153368,00002921,O,AIRPORT,0000
300,SQ,0117,2010-09-06,00153338,00000413,O,AIRPORT,0000
300,SQ,0117,2010-09-06,00153282,00002982,O,AIRPORT,0000
300,SQ,0117,2010-09-06,00153231,00002334,O,AIRPORT,0000
300,SQ,0117,2010-09-06,00153222,00002856,O,AIRPORT,0000
300,SQ,0117,2010-09-06,00153221,00002856,O,AIRPORT,0000
300,SQ,0117,2010-09-06,00153308,00000879,O,AIRPORT,0000
300,SQ,0117,2010-09-06,00153186,00000623,O,AIRPORT,0000
300,SQ,0117,2010-09-06,00153244,00003530,O,AIRPORT,0000
300,SQ,0117,2010-09-06,00153199,00000959,O,AIRPORT,0000
300,SQ,0117,2010-09-06,00153348,00001137,O,AIRPORT,0000
300,SQ,0117,2010-09-06,00153192,00000033,O,AIRPORT,0000
300,SQ,0117,2010-09-06,00153245,00001687,O,AIRPORT,0000
300,SQ,0117,2010-09-06,00153297,00004526,O,AIRPORT,0000
300,SQ,0117,2010-09-06,00153273,00004330,O,AIRPORT,0000
300,SQ,0117,2010-09-06,00153342,00001261,O,AIRPORT,0000
300,SQ,0117,2010-09-06,00153414,00004432,O,AIRPORT,0000
300,SQ,0117,2010-09-06,00153361,00001819,O,AIRPORT,0000
300,SQ,0117,2010-09-06,00153377,00001980,O,AIRPORT,0000
300,SQ,0117,2010-09-06,00153218,00003667,O,AIRPORT,0000
300,SQ,0117,2010-09-06,00153419,00004386,O,AIRPORT,0000
300,SQ,0117,2010-09-06,00153288,00002290,O,AIRPORT,0000
300,SQ,0117,2010-09-06,00153257,00002290,O,AIRPORT,0000
300,SQ,0117,2010-09-06,00153289,00003711,O,AIRPORT,0000
300,SQ,0117,2010-09-06,00153225,00001387,O,AIRPORT,0000
300,SQ,0117,2010-09-06,00153403,00001192,O,AIRPORT,0000
300,SQ,0117,2010-09-06,00153185,00001254,O,AIRPORT,0000
300,SQ,0117,2010-09-06,00153238,00003155,O,AIRPORT,0000
300,SQ,0117,2010-09-06,00153409,00001174,O,AIRPORT,0000
300,SQ,0117,2010-09-06,00153365,00002845,O,AIRPORT,0000
300,SQ,0117,2010-09-06,00153270,00001572,O,AIRPORT,0000
300,SQ,0117,2010-09-06,00153399,00003074,O,AIRPORT,0000
300,SQ,0117,2010-09-06,00153367,00000163,O,AIRPORT,0000
300,SQ,0117,2010-09-06,00153291,00000666,O,AIRPORT,0000
300,SQ,0117,2010-09-06,00153336,00002823,O,AIRPORT,0000
300,SQ,0117,2010-09-06,00153410,00001802,O,AIRPORT,0000
300,SQ,0117,2010-09-06,00153266,00000883,O,AIRPORT,0000
300,SQ,0117,2010-09-06,00153431,00000876,O,AIRPORT,0000
300,SQ,0117,2010-09-06,00153230,00002115,O,AIRPORT,0000
300,SQ,0117,2010-09-06,00153302,00003572,O,AIRPORT,0000
300,SQ,0117,2010-09-06,00153236,00000014,O,AIRPORT,0000
300,SQ,0117,2010-09-06,00153425,00003005,O,AIRPORT,0000
300,SQ,0117,2010-09-06,00153323,00002912,O,AIRPORT,0000
300,SQ,0117,2010-09-06,00153211,00002448,O,AIRPORT,0000
300,SQ,0117,2010-09-06,00153296,00001764,O,AIRPORT,0000
300,SQ,0117,2010-09-06,00153333,00001154,O,AIRPORT,0000
300,SQ,0117,2010-09-06,00153290,00000272,O,AIRPORT,0000
300,SQ,0117,2010-09-06,00153382,00000965,O,AIRPORT,0000
300,SQ,0117,2010-09-06,00153424,00000287,O,AIRPORT,0000
300,SQ,0117,2010-09-06,00153428,00003851,O,AIRPORT,0000
300,SQ,0117,2010-09-06,00153220,00003227,O,AIRPORT,0000
300,SQ,0117,2010-09-06,00153314,00000474,O,AIRPORT,0000
300,SQ,0117,2010-09-06,00153306,00000773,O,AIRPORT,0000
300,SQ,0117,2010-09-06,00153310,00000862,O,AIRPORT,0000
300,SQ,0117,2010-09-06,00153187,00001431,O,AIRPORT,0000
300,SQ,0117,2010-09-06,00153327,00002599,O,AIRPORT,0000
300,SQ,0117,2010-09-06,00153214,00002434,O,AIRPORT,0000
300,SQ,0117,2010-09-06,00153243,00004174,O,AIRPORT,0000
300,SQ,0117,2010-09-06,00153201,00004254,O,AIRPORT,0000
300,SQ,0117,2010-09-06,00153213,00002841,O,AIRPORT,0000
300,SQ,0117,2010-09-06,00153197,00003183,O,AIRPORT,0000
300,SQ,0117,2010-09-06,00153203,00004543,O,AIRPORT,0000
300,SQ,0117,2010-09-06,00153391,00001651,O,AIRPORT,0000
300,SQ,0117,2010-09-06,00153318,00003164,O,AIRPORT,0000
300,SQ,0117,2010-09-06,00153341,00001022,O,AIRPORT,0000
300,SQ,0117,2010-09-06,00153252,00004455,O,AIRPORT,0000
300,SQ,0117,2010-09-06,00153304,00002918,O,AIRPORT,0000
300,SQ,0117,2010-09-06,00153385,00003650,O,AIRPORT,0000
300,SQ,0117,2010-09-06,00153254,00000245,O,AIRPORT,0000
300,SQ,0117,2010-09-06,00153359,00001161,O,AIRPORT,0000
300,SQ,0117,2010-09-06,00153193,00003354,O,AIRPORT,0000
300,SQ,0117,2010-09-06,00153208,00003481,O,AIRPORT,0000
300,SQ,0117,2010-09-06,00153374,00000253,O,AIRPORT,0000
300,SQ,0117,2010-09-06,00153408,00002997,O,AIRPORT,0000
300,SQ,0117,2010-09-06,00153292,00004404,O,AIRPORT,0000
300,SQ,0117,2010-09-06,00153311,00000700,O,AIRPORT,0000
300,SQ,0117,2010-09-06,00153317,00001699,O,AIRPORT,0000
300,SQ,0117,2010-09-06,00153432,00001691,O,AIRPORT,0000
300,SQ,0117,2010-09-06,00153189,00002707,O,AIRPORT,0000
300,SQ,0117,2010-09-06,00153253,00002707,O,AIRPORT,0000
300,SQ,0117,2010-09-06,00153435,00003198,O,AIRPORT,0000
300,SQ,0117,2010-09-06,00153239,00002133,O,AIRPORT,0000
300,SQ,0117,2010-09-06,00153279,00000237,O,AIRPORT,0000
300,SQ,0117,2010-09-06,00153339,00002303,O,AIRPORT,0000
300,SQ,0117,2010-09-06,00153369,00002941,O,AIRPORT,0000
300,SQ,0117,2010-09-06,00153426,00004440,O,AIRPORT,0000
300,SQ,0117,2010-09-06,00153366,00000390,O,AIRPORT,0000
300,SQ,0117,2010-09-06,00153421,00003246,O,AIRPORT,0000
300,SQ,0117,2010-09-06,00153395,00000328,O,AIRPORT,0000
300,SQ,0117,2010-09-06,00153398,00002265,O,AIRPORT,0000
300,SQ,0117,2010-09-06,00153229,00001726,O,AIRPORT,0000
300,SQ,0117,2010-09-06,00153371,00002686,O,AIRPORT,0000
300,SQ,0117,2010-09-06,00153315,00002686,O,AIRPORT,0000
300,SQ,0117,2010-09-06,00153433,00002232,O,AIRPORT,0000
300,SQ,0117,2010-09-06,00153305,00002437,O,AIRPORT,0000
300,SQ,0117,2010-09-06,00153256,00000918,O,AIRPORT,0000
300,SQ,0117,2010-09-06,00153389,00002924,O,AIRPORT,0000
300,SQ,0117,2010-09-06,00153223,00000356,O,AIRPORT,0000
300,SQ,0117,2010-09-06,00153275,00004216,O,AIRPORT,0000
300,SQ,0117,2010-09-06,00153195,00000345,O,AIRPORT,0000
300,SQ,0117,2010-09-06,00153299,00000984,O,AIRPORT,0000
300,SQ,0117,2010-09-06,00153204,00002246,O,AIRPORT,0000
300,SQ,0117,2010-09-06,00153354,00000379,O,AIRPORT,0000
300,SQ,0117,2010-09-06,00153262,00002784,O,AIRPORT,0000
300,SQ,0117,2010-09-06,00153380,00001993,O,AIRPORT,0000
300,SQ,0117,2010-09-06,00153242,00002679,O,AIRPORT,0000
300,SQ,0117,2010-09-06,00153412,00002650,O,AIRPORT,0000
300,SQ,0117,2010-09-06,00153373,00004136,O,AIRPORT,0000
300,SQ,0117,2010-09-06,00153337,00004136,O,AIRPORT,0000
300,SQ,0117,2010-09-06,00153268,00004557,O,AIRPORT,0000
300,SQ,0117,2010-09-06,00153347,00002992,O,AIRPORT,0000
300,SQ,0117,2010-09-06,00153196,00003109,O,AIRPORT,0000
300,SQ,0117,2010-09-06,00153264,00002055,O,AIRPORT,0000
300,SQ,0117,2010-09-06,00153434,00003007,O,AIRPORT,0000
300,SQ,0117,2010-09-06,00153294,00002213,O,AIRPORT,0000
300,SQ,0117,2010-09-06,00153394,00001874,O,AIRPORT,0000
300,SQ,0117,2010-09-06,00153364,00004215,O,AIRPORT,0000
300,SQ,0117,2010-09-06,00153340,00002790,O,AIRPORT,0000
300,SQ,0117,2010-09-06,00153263,00000099,O,AIRPORT,0000
300,SQ,0117,2010-09-06,00153251,00004588,O,AIRPORT,0000
300,SQ,0117,2010-09-06,00153226,00002107,O,AIRPORT,0000
300,SQ,0117,2010-09-06,00153402,00002106,O,AIRPORT,0000
300,SQ,0117,2010-09-06,00153295,00000157,O,AIRPORT,0000
300,SQ,0117,2010-09-06,00153406,00001441,O,AIRPORT,0000
300,SQ,0117,2010-09-06,00153287,00001451,O,AIRPORT,0000
300,SQ,0117,2010-09-06,00153352,00001581,O,AIRPORT,0000
300,SQ,0117,2010-09-06,00153206,00000744,O,AIRPORT,0000
300,SQ,0117,2010-09-06,00153261,00000844,O,AIRPORT,0000
300,SQ,0117,2010-09-06,00153258,00004112,O,AIRPORT,0000
300,SQ,0117,2010-09-06,00153326,00003092,O,AIRPORT,0000
300,SQ,0117,2010-09-06,00153215,00004512,O,AIRPORT,0000
300,SQ,0117,2010-09-06,00153404,00003809,O,AIRPORT,0000
300,SQ,0117,2010-09-06,00153343,00004378,O,AIRPORT,0000
300,SQ,0117,2010-09-06,00153413,00001849,O,AIRPORT,0000
300,SQ,0117,2010-09-06,00153301,00001926,O,AIRPORT,0000
300,SQ,0117,2010-09-06,00153358,00002443,O,AIRPORT,0000
300,SQ,0117,2010-09-06,00153283,00003719,O,AIRPORT,0000
300,SQ,0117,2010-09-06,00153370,00003503,O,AIRPORT,0000
300,SQ,0117,2010-09-06,00153233,00003832,O,AIRPORT,0000
300,SQ,0117,2010-09-06,00153328,00003524,O,AIRPORT,0000
300,SQ,0117,2010-09-06,00153387,00000396,O,AIRPORT,0000
300,SQ,0117,2010-09-06,00153324,00001136,O,AIRPORT,0000
300,SQ,0117,2010-09-06,00153320,00000529,O,AIRPORT,0000
300,SQ,0117,2011-07-18,00164579,00000542,O,AIRPORT,0000
300,SQ,0117,2011-07-18,00164472,00001528,O,AIRPORT,0000
300,SQ,0117,2011-07-18,00164386,00000285,O,AIRPORT,0000
300,SQ,0117,2011-07-18,00164404,00004412,O,AIRPORT,0000
300,SQ,0117,2011-07-18,00164519,00003710,O,AIRPORT,0000
300,SQ,0117,2011-07-18,00164417,00000956,O,AIRPORT,0000
300,SQ,0117,2011-07-18,00164388,00002913,O,AIRPORT,0000
300,SQ,0117,2011-07-18,00164466,00002350,O,AIRPORT,0000
300,SQ,0117,2011-07-18,00164548,00003059,O,AIRPORT,0000
300,SQ,0117,2011-07-18,00164428,00001827,O,AIRPORT,0000
300,SQ,0117,2011-07-18,00164628,00004093,O,AIRPORT,0000
300,SQ,0117,2011-07-18,00164566,00000647,O,AIRPORT,0000
300,SQ,0117,2011-07-18,00164546,00000928,O,AIRPORT,0000
300,SQ,0117,2011-07-18,00164610,00002586,O,AIRPORT,0000
300,SQ,0117,2011-07-18,00164457,00004595,O,AIRPORT,0000
300,SQ,0117,2011-07-18,00164607,00001615,O,AIRPORT,0000
300,SQ,0117,2011-07-18,00164464,00000972,O,AIRPORT,0000
300,SQ,0117,2011-07-18,00164418,00001110,O,AIRPORT,0000
300,QF,0006,2010-08-18,00043144,00004173,O,AIRPORT,0000
300,SQ,0117,2011-07-18,00164382,00002214,O,AIRPORT,0000
300,AZ,0788,2010-07-13,00043155,00004173,O,AIRPORT,0000
300,SQ,0117,2011-07-18,00164565,00003345,O,AIRPORT,0000
300,AA,0026,2010-09-08,00045084,00004173,O,AIRPORT,0000
300,SQ,0117,2011-07-18,00164563,00001051,O,AIRPORT,0000
300,QF,0006,2010-09-29,00045104,00004173,O,AIRPORT,0000
300,SQ,0117,2011-07-18,00164558,00002170,O,AIRPORT,0000
300,LH,0401,2010-07-16,00044846,00004173,O,AIRPORT,0000
300,SQ,0117,2011-07-18,00164384,00001735,O,AIRPORT,0000
300,QF,0006,2010-09-01,00044007,00004173,O,AIRPORT,0000
300,SQ,0117,2011-07-18,00164581,00004162,O,AIRPORT,0000
300,SQ,0117,2011-07-18,00164514,00000777,O,AIRPORT,0000
300,AA,0026,2010-09-01,00044606,00004173,O,AIRPORT,0000
300,SQ,0117,2011-07-18,00164487,00000667,O,AIRPORT,0000
300,QF,0005,2011-08-12,00029828,00004173,O,AIRPORT,0000
300,SQ,0117,2011-07-18,00164409,00003794,O,AIRPORT,0000
300,QF,0005,2011-05-27,00025117,00004173,O,AIRPORT,0000
300,SQ,0117,2011-07-18,00164405,00000527,O,AIRPORT,0000
300,JL,0407,2011-11-04,00024912,00004173,O,AIRPORT,0000
300,SQ,0117,2011-07-18,00164522,00002367,O,AIRPORT,0000
300,DL,0106,2011-06-27,00026644,00004173,O,AIRPORT,0000
300,SQ,0117,2011-07-18,00164493,00000462,O,AIRPORT,0000
300,QF,0005,2011-07-01,00027361,00004173,O,AIRPORT,0000
300,SQ,0117,2011-07-18,00164507,00001363,O,AIRPORT,0000
300,AZ,0555,2011-06-29,00027161,00004173,O,AIRPORT,0000
300,SQ,0117,2011-07-18,00164621,00000805,O,AIRPORT,0000
300,UA,0941,2010-10-07,00033784,00004173,O,AIRPORT,0000
300,JL,0408,2010-12-18,00035741,00004173,O,AIRPORT,0000
300,SQ,0117,2011-07-18,00164455,00002486,O,AIRPORT,0000
300,DL,0106,2011-11-21,00035776,00004173,O,AIRPORT,0000
300,SQ,0117,2011-07-18,00164486,00003218,O,AIRPORT,0000
300,AA,0017,2011-11-16,00035769,00004173,O,AIRPORT,0000
300,SQ,0117,2011-07-18,00164489,00000496,O,AIRPORT,0000
300,AZ,0555,2011-11-16,00036080,00004173,O,AIRPORT,0000
300,SQ,0117,2011-07-18,00164475,00002901,O,AIRPORT,0000
300,UA,0941,2010-11-11,00035105,00004173,O,AIRPORT,0000
300,SQ,0117,2011-07-18,00164395,00003668,O,AIRPORT,0000
300,DL,0106,2011-11-07,00034963,00004173,O,AIRPORT,0000
300,SQ,0117,2011-07-18,00164611,00000141,O,AIRPORT,0000
300,UA,0941,2010-11-18,00035272,00004173,O,AIRPORT,0000
300,SQ,0117,2011-07-18,00164588,00001501,O,AIRPORT,0000
300,UA,0941,2010-09-09,00032881,00004173,O,AIRPORT,0000
300,SQ,0117,2011-07-18,00164414,00001707,O,AIRPORT,0000
300,DL,1699,2011-06-27,00064267,00004173,O,AIRPORT,0000
300,SQ,0117,2011-07-18,00164592,00001774,O,AIRPORT,0000
300,UA,3504,2010-12-03,00064390,00004173,O,AIRPORT,0000
300,SQ,0117,2011-07-18,00164503,00001722,O,AIRPORT,0000
300,UA,3504,2010-11-05,00062716,00004173,O,AIRPORT,0000
300,SQ,0117,2011-07-18,00164567,00000796,O,AIRPORT,0000
300,AZ,0788,2011-03-01,00057454,00004173,O,AIRPORT,0000
300,SQ,0117,2011-07-18,00164550,00000642,O,AIRPORT,0000
300,QF,0006,2011-06-29,00057322,00004173,O,AIRPORT,0000
300,LH,0401,2010-10-22,00051175,00004173,O,AIRPORT,0000
300,SQ,0117,2011-07-18,00164554,00002379,O,AIRPORT,0000
300,AA,0026,2011-07-27,00059162,00004173,O,AIRPORT,0000
300,SQ,0117,2011-07-18,00164538,00004519,O,AIRPORT,0000
300,AZ,0788,2011-03-22,00058969,00004173,O,AIRPORT,0000
300,SQ,0117,2011-07-18,00164399,00004501,O,AIRPORT,0000
300,AA,0026,2011-07-13,00058698,00004173,O,AIRPORT,0000
300,SQ,0117,2011-07-18,00164485,00002339,O,AIRPORT,0000
300,UA,3504,2010-08-27,00058171,00004173,O,AIRPORT,0000
300,SQ,0117,2011-07-18,00164593,00003317,O,AIRPORT,0000
300,AA,0026,2011-10-05,00062300,00004173,O,AIRPORT,0000
300,SQ,0117,2011-07-18,00164431,00003138,O,AIRPORT,0000
300,QF,0006,2011-03-09,00052223,00004173,O,AIRPORT,0000
300,SQ,0117,2011-07-18,00164430,00003138,O,AIRPORT,0000
300,UA,3504,2010-06-11,00053462,00004173,O,AIRPORT,0000
300,SQ,0117,2011-07-18,00164471,00001835,O,AIRPORT,0000
300,AZ,0788,2010-12-21,00053084,00004173,O,AIRPORT,0000
300,SQ,0117,2011-07-18,00164470,00001835,O,AIRPORT,0000
300,DL,1699,2010-12-06,00051441,00004173,O,AIRPORT,0000
300,SQ,0117,2011-07-18,00164497,00002643,O,AIRPORT,0000
300,DL,1699,2011-01-10,00053867,00004173,O,AIRPORT,0000
300,UA,3504,2010-06-25,00054283,00004173,O,AIRPORT,0000
300,SQ,0117,2011-07-18,00164534,00003226,O,AIRPORT,0000
300,QF,0006,2011-02-23,00051531,00004173,O,AIRPORT,0000
300,SQ,0117,2011-07-18,00164583,00002059,O,AIRPORT,0000
300,LH,0401,2011-09-28,00073090,00004173,O,AIRPORT,0000
300,SQ,0117,2011-07-18,00164498,00002805,O,AIRPORT,0000
300,DL,1699,2011-11-28,00073534,00004173,O,AIRPORT,0000
300,SQ,0117,2011-07-18,00164587,00003624,O,AIRPORT,0000
300,AZ,0788,2011-11-15,00073822,00004173,O,AIRPORT,0000
300,SQ,0117,2011-07-18,00164505,00000826,O,AIRPORT,0000
300,UA,3504,2011-05-06,00073735,00004173,O,AIRPORT,0000
300,SQ,0117,2011-07-18,00164394,00001256,O,AIRPORT,0000
300,AZ,0788,2011-11-08,00073238,00004173,O,AIRPORT,0000
300,SQ,0117,2011-07-18,00164609,00004165,O,AIRPORT,0000
300,UA,3504,2011-03-18,00070996,00004173,O,AIRPORT,0000
300,SQ,0117,2011-07-18,00164415,00002931,O,AIRPORT,0000
300,AZ,0788,2011-10-18,00071991,00004173,O,AIRPORT,0000
300,AZ,0788,2012-02-21,00075385,00004173,O,AIRPORT,0000
300,SQ,0117,2011-07-18,00164397,00002821,O,AIRPORT,0000
300,AZ,0788,2012-02-28,00075586,00004173,O,AIRPORT,0000
300,SQ,0117,2011-07-18,00164411,00002902,O,AIRPORT,0000
300,SQ,0117,2011-07-18,00164532,00001347,O,AIRPORT,0000
300,AA,0064,2010-05-14,00067064,00004173,O,AIRPORT,0000
300,SQ,0117,2011-07-18,00164456,00004205,O,AIRPORT,0000
300,LH,0401,2011-06-24,00066145,00004173,O,AIRPORT,0000
300,AZ,0788,2011-09-20,00070387,00004173,O,AIRPORT,0000
300,SQ,0117,2011-07-18,00164586,00003374,O,AIRPORT,0000
300,UA,3504,2011-02-11,00068504,00004173,O,AIRPORT,0000
300,SQ,0117,2011-07-18,00164570,00004573,O,AIRPORT,0000
300,UA,3504,2011-02-11,00068666,00004173,O,AIRPORT,0000
300,SQ,0117,2011-07-18,00164423,00000064,O,AIRPORT,0000
300,UA,3504,2011-02-25,00069453,00004173,O,AIRPORT,0000
300,SQ,0117,2011-07-18,00164389,00002239,O,AIRPORT,0000
300,UA,3504,2011-07-22,00078909,00004173,O,AIRPORT,0000
300,SQ,0117,2011-07-18,00164491,00000564,O,AIRPORT,0000
300,AZ,0789,2010-05-05,00077221,00004173,O,AIRPORT,0000
300,SQ,0117,2011-07-18,00164604,00001759,O,AIRPORT,0000
300,UA,3504,2011-11-04,00086143,00004173,O,AIRPORT,0000
300,SQ,0117,2011-07-18,00164517,00002920,O,AIRPORT,0000
300,AA,0064,2011-10-28,00085884,00004173,O,AIRPORT,0000
300,SQ,0117,2011-07-18,00164582,00002543,O,AIRPORT,0000
300,LH,0402,2010-07-26,00085056,00004173,O,AIRPORT,0000
300,SQ,0117,2011-07-18,00164453,00004115,O,AIRPORT,0000
300,AA,0064,2011-11-18,00086659,00004173,O,AIRPORT,0000
300,SQ,0117,2011-07-18,00164488,00002578,O,AIRPORT,0000
300,AA,0064,2011-11-11,00086372,00004173,O,AIRPORT,0000
300,SQ,0117,2011-07-18,00164454,00002670,O,AIRPORT,0000
300,UA,3504,2011-09-09,00082149,00004173,O,AIRPORT,0000
300,SQ,0117,2011-07-18,00164510,00003427,O,AIRPORT,0000
300,AZ,0789,2010-09-01,00084327,00004173,O,AIRPORT,0000
300,SQ,0117,2011-07-18,00164452,00000930,O,AIRPORT,0000
300,DL,1984,2010-08-23,00082957,00004173,O,AIRPORT,0000
300,SQ,0117,2011-07-18,00164541,00000430,O,AIRPORT,0000
300,LH,0402,2011-06-13,00105278,00004173,O,AIRPORT,0000
300,DL,1984,2011-09-12,00106917,00004173,O,AIRPORT,0000
300,SQ,0117,2011-07-18,00164551,00001495,O,AIRPORT,0000
300,AZ,0789,2011-08-31,00107245,00004173,O,AIRPORT,0000
300,SQ,0117,2011-07-18,00164573,00004434,O,AIRPORT,0000
300,LH,0402,2011-07-04,00106318,00004173,O,AIRPORT,0000
300,SQ,0117,2011-07-18,00164557,00001558,O,AIRPORT,0000
300,AZ,0789,2011-07-13,00104056,00004173,O,AIRPORT,0000
300,SQ,0117,2011-07-18,00164542,00002393,O,AIRPORT,0000
300,LH,0402,2011-09-12,00110986,00004173,O,AIRPORT,0000
300,SQ,0117,2011-07-18,00164525,00002325,O,AIRPORT,0000
300,DL,1984,2011-09-26,00107940,00004173,O,AIRPORT,0000
300,SQ,0117,2011-07-18,00164446,00003581,O,AIRPORT,0000
300,UA,3516,2011-03-15,00109659,00004173,O,AIRPORT,0000
300,SQ,0117,2011-07-18,00164449,00004366,O,AIRPORT,0000
300,AZ,0789,2011-10-05,00109167,00004173,O,AIRPORT,0000
300,SQ,0117,2011-07-18,00164381,00003486,O,AIRPORT,0000
300,LH,0402,2011-08-15,00108919,00004173,O,AIRPORT,0000
300,AZ,0789,2011-12-21,00112775,00004173,O,AIRPORT,0000
300,SQ,0117,2011-07-18,00164547,00000248,O,AIRPORT,0000
300,LH,0402,2010-12-20,00094341,00004173,O,AIRPORT,0000
300,SQ,0117,2011-07-18,00164623,00002453,O,AIRPORT,0000
300,LH,0402,2010-10-25,00090918,00004173,O,AIRPORT,0000
300,SQ,0117,2011-07-18,00164380,00004201,O,AIRPORT,0000
300,DL,1984,2011-01-31,00093209,00004173,O,AIRPORT,0000
300,SQ,0117,2011-07-18,00164393,00001878,O,AIRPORT,0000
300,DL,1984,2011-01-31,00092999,00004173,O,AIRPORT,0000
300,SQ,0117,2011-07-18,00164529,00003130,O,AIRPORT,0000
300,UA,3516,2010-06-15,00092608,00004173,O,AIRPORT,0000
300,SQ,0117,2011-07-18,00164577,00001483,O,AIRPORT,0000
300,AZ,0789,2011-01-12,00092560,00004173,O,AIRPORT,0000
300,AZ,0789,2010-11-17,00089457,00004173,O,AIRPORT,0000
300,SQ,0117,2011-07-18,00164524,00003977,O,AIRPORT,0000
300,LH,0402,2010-12-20,00094103,00004173,O,AIRPORT,0000
300,SQ,0117,2011-07-18,00164552,00002795,O,AIRPORT,0000
300,AZ,0789,2011-03-16,00096582,00004173,O,AIRPORT,0000
300,SQ,0117,2011-07-18,00164606,00003563,O,AIRPORT,0000
300,DL,1984,2011-04-25,00098266,00004173,O,AIRPORT,0000
300,SQ,0117,2011-07-18,00164474,00003274,O,AIRPORT,0000
300,LH,0402,2011-03-28,00100169,00004173,O,AIRPORT,0000
300,SQ,0117,2011-07-18,00164520,00002293,O,AIRPORT,0000
300,DL,1984,2011-05-30,00100409,00004173,O,AIRPORT,0000
300,SQ,0117,2011-07-18,00164450,00002191,O,AIRPORT,0000
300,DL,1984,2011-05-23,00099888,00004173,O,AIRPORT,0000
300,SQ,0117,2011-07-18,00164614,00000834,O,AIRPORT,0000
300,UA,3516,2010-09-07,00098014,00004173,O,AIRPORT,0000
300,SQ,0117,2011-07-18,00164434,00003167,O,AIRPORT,0000
300,UA,3516,2010-08-03,00095565,00004173,O,AIRPORT,0000
300,SQ,0117,2011-07-18,00164408,00001766,O,AIRPORT,0000
300,AZ,0789,2012-02-01,00113525,00004173,O,AIRPORT,0000
300,SQ,0117,2011-07-18,00164619,00003871,O,AIRPORT,0000
300,AZ,0791,2010-08-12,00145452,00004173,O,AIRPORT,0000
300,AZ,0791,2010-08-26,00145954,00004173,O,AIRPORT,0000
300,SQ,0117,2011-07-18,00164518,00001567,O,AIRPORT,0000
300,AZ,0791,2010-08-12,00145573,00004173,O,AIRPORT,0000
300,SQ,0117,2011-07-18,00164459,00004006,O,AIRPORT,0000
300,AZ,0791,2010-08-19,00145632,00004173,O,AIRPORT,0000
300,SQ,0117,2011-07-18,00164392,00001514,O,AIRPORT,0000
300,UA,3517,2011-01-31,00145743,00004173,O,AIRPORT,0000
300,SQ,0117,2011-07-18,00164549,00002881,O,AIRPORT,0000
300,LH,0455,2010-08-09,00149622,00004173,O,AIRPORT,0000
300,SQ,0117,2011-07-18,00164543,00000910,O,AIRPORT,0000
300,AZ,0790,2011-11-02,00139180,00004173,O,AIRPORT,0000
300,SQ,0117,2011-07-18,00164412,00003256,O,AIRPORT,0000
300,UA,3517,2010-12-06,00142537,00004173,O,AIRPORT,0000
300,SQ,0117,2011-07-18,00164476,00001627,O,AIRPORT,0000
300,AZ,0791,2011-08-11,00158364,00004173,O,AIRPORT,0000
300,SQ,0117,2011-07-18,00164509,00004177,O,AIRPORT,0000
300,SQ,0117,2011-07-18,00164468,00001614,O,AIRPORT,0000
300,SQ,0117,2011-07-18,00164545,00000879,O,AIRPORT,0000
300,SQ,0117,2011-07-18,00164562,00000575,O,AIRPORT,0000
300,SQ,0117,2011-07-18,00164410,00000290,O,AIRPORT,0000
300,SQ,0117,2011-07-18,00164559,00000742,O,AIRPORT,0000
300,UA,3517,2011-08-22,00158501,00004173,O,AIRPORT,0000
300,SQ,0117,2011-07-18,00164622,00002416,O,AIRPORT,0000
300,AZ,0791,2011-08-11,00158452,00004173,O,AIRPORT,0000
300,SQ,0117,2011-07-18,00164501,00001900,O,AIRPORT,0000
300,UA,3517,2011-10-24,00162994,00004173,O,AIRPORT,0000
300,SQ,0117,2011-07-18,00164427,00001980,O,AIRPORT,0000
300,AZ,0791,2011-10-20,00160939,00004173,O,AIRPORT,0000
300,SQ,0117,2011-07-18,00164537,00003438,O,AIRPORT,0000
300,AZ,0791,2011-02-24,00152502,00004173,O,AIRPORT,0000
300,SQ,0117,2011-07-18,00164523,00003479,O,AIRPORT,0000
300,AZ,0791,2011-04-07,00153959,00004173,O,AIRPORT,0000
300,SQ,0117,2011-07-18,00164627,00003667,O,AIRPORT,0000
300,UA,3517,2011-05-02,00151347,00004173,O,AIRPORT,0000
300,SQ,0117,2011-07-18,00164441,00002677,O,AIRPORT,0000
300,LH,0455,2010-10-25,00152379,00004173,O,AIRPORT,0000
300,SQ,0117,2011-07-18,00164597,00000505,O,AIRPORT,0000
300,LH,0455,2010-10-11,00151838,00004173,O,AIRPORT,0000
300,UA,3516,2011-09-20,00122028,00004173,O,AIRPORT,0000
300,SQ,0117,2011-07-18,00164479,00001882,O,AIRPORT,0000
300,LH,0454,2010-10-16,00125578,00004173,O,AIRPORT,0000
300,SQ,0117,2011-07-18,00164508,00003148,O,AIRPORT,0000
300,UA,3516,2011-11-29,00126247,00004173,O,AIRPORT,0000
300,SQ,0117,2011-07-18,00164396,00001283,O,AIRPORT,0000
300,AZ,0790,2010-11-24,00123861,00004173,O,AIRPORT,0000
300,SQ,0117,2011-07-18,00164599,00001590,O,AIRPORT,0000
300,LH,0454,2010-09-18,00124455,00004173,O,AIRPORT,0000
300,SQ,0117,2011-07-18,00164608,00004304,O,AIRPORT,0000
300,UA,3516,2011-06-21,00115945,00004173,O,AIRPORT,0000
300,UA,3516,2011-07-05,00116439,00004173,O,AIRPORT,0000
300,SQ,0117,2011-07-18,00164425,00000331,O,AIRPORT,0000
300,AZ,0790,2010-06-09,00116682,00004173,O,AIRPORT,0000
300,SQ,0117,2011-07-18,00164506,00000471,O,AIRPORT,0000
300,LH,0402,2012-03-19,00117595,00004173,O,AIRPORT,0000
300,SQ,0117,2011-07-18,00164512,00004577,O,AIRPORT,0000
300,LH,0454,2010-05-01,00118240,00004173,O,AIRPORT,0000
300,SQ,0117,2011-07-18,00164482,00000060,O,AIRPORT,0000
300,AZ,0790,2011-07-20,00134660,00004173,O,AIRPORT,0000
300,UA,3517,2010-07-05,00132700,00004173,O,AIRPORT,0000
300,SQ,0117,2011-07-18,00164419,00000063,O,AIRPORT,0000
300,AZ,0790,2011-09-28,00137515,00004173,O,AIRPORT,0000
300,SQ,0117,2011-07-18,00164391,00000874,O,AIRPORT,0000
300,UA,3517,2010-09-13,00137313,00004173,O,AIRPORT,0000
300,SQ,0117,2011-07-18,00164469,00003428,O,AIRPORT,0000
300,LH,0454,2011-07-30,00138392,00004173,O,AIRPORT,0000
300,SQ,0117,2011-07-18,00164495,00000628,O,AIRPORT,0000
300,LH,0454,2011-07-30,00138206,00004173,O,AIRPORT,0000
300,SQ,0117,2011-07-18,00164530,00000804,O,AIRPORT,0000
300,UA,3517,2010-08-23,00135872,00004173,O,AIRPORT,0000
300,SQ,0117,2011-07-18,00164385,00002266,O,AIRPORT,0000
300,AZ,0790,2011-03-16,00128996,00004173,O,AIRPORT,0000
300,SQ,0117,2011-07-18,00164595,00002317,O,AIRPORT,0000
300,AZ,0790,2011-04-06,00129744,00004173,O,AIRPORT,0000
300,LH,0454,2011-02-12,00130898,00004173,O,AIRPORT,0000
300,SQ,0117,2011-07-18,00164496,00000894,O,AIRPORT,0000
300,UA,3517,2012-04-23,00166582,00004173,O,AIRPORT,0000
300,SQ,0117,2011-07-18,00164516,00004094,O,AIRPORT,0000
300,LH,2402,2011-08-20,00185613,00004173,O,AIRPORT,0000
300,SQ,0117,2011-07-18,00164540,00003775,O,AIRPORT,0000
300,LH,2402,2011-05-28,00182611,00004173,O,AIRPORT,0000
300,SQ,0117,2011-07-18,00164603,00002907,O,AIRPORT,0000
300,LH,0455,2012-03-26,00168075,00004173,O,AIRPORT,0000
300,SQ,0117,2011-07-18,00164617,00001649,O,AIRPORT,0000
300,LH,2402,2011-04-16,00181022,00004173,O,AIRPORT,0000
300,LH,2402,2010-10-09,00174163,00004173,O,AIRPORT,0000
300,SQ,0117,2011-07-18,00164629,00002733,O,AIRPORT,0000
300,LH,2462,2011-03-11,00257218,00004173,O,AIRPORT,0000
300,SQ,0117,2011-07-18,00164624,00004114,O,AIRPORT,0000
300,LH,2462,2010-11-26,00253517,00004173,O,AIRPORT,0000
300,SQ,0117,2011-07-18,00164515,00001372,O,AIRPORT,0000
300,LH,2462,2011-07-29,00262070,00004173,O,AIRPORT,0000
300,SQ,0117,2011-07-18,00164625,00004184,O,AIRPORT,0000
300,LH,2462,2011-07-29,00262249,00004173,O,AIRPORT,0000
300,SQ,0117,2011-07-18,00164461,00003565,O,AIRPORT,0000
300,LH,2462,2010-06-04,00247148,00004173,O,AIRPORT,0000
300,SQ,0117,2011-07-18,00164473,00002833,O,AIRPORT,0000
300,LH,2436,2011-01-15,00238072,00004173,O,AIRPORT,0000
300,SQ,0117,2011-07-18,00164630,00001886,O,AIRPORT,0000
300,LH,3577,2010-05-08,00291298,00004173,O,AIRPORT,0000
300,LH,3577,2010-09-18,00296245,00004173,O,AIRPORT,0000
300,SQ,0117,2011-07-18,00164602,00004353,O,AIRPORT,0000
300,LH,3577,2010-08-07,00294751,00004173,O,AIRPORT,0000
300,SQ,0117,2011-07-18,00164574,00000191,O,AIRPORT,0000
300,LH,3577,2010-08-07,00294705,00004173,O,AIRPORT,0000
300,SQ,0117,2011-07-18,00164426,00003039,O,AIRPORT,0000
300,LH,3577,2010-09-04,00295725,00004173,O,AIRPORT,0000
300,SQ,0117,2011-07-18,00164383,00001031,O,AIRPORT,0000
300,LH,2463,2011-04-02,00280203,00004173,O,AIRPORT,0000
300,SQ,0117,2011-07-18,00164433,00003630,O,AIRPORT,0000
300,LH,2463,2011-03-05,00279399,00004173,O,AIRPORT,0000
300,SQ,0117,2011-07-18,00164598,00003696,O,AIRPORT,0000
300,LH,2463,2011-01-08,00277274,00004173,O,AIRPORT,0000
300,SQ,0117,2011-07-18,00164504,00004423,O,AIRPORT,0000
300,LH,2463,2010-09-04,00272751,00004173,O,AIRPORT,0000
300,SQ,0117,2011-07-18,00164561,00004029,O,AIRPORT,0000
300,LH,3577,2011-03-12,00302513,00004173,O,AIRPORT,0000
300,SQ,0117,2011-07-18,00164589,00004002,O,AIRPORT,0000
300,LH,3577,2011-01-08,00300119,00004173,O,AIRPORT,0000
300,SQ,0117,2011-07-18,00164568,00000764,O,AIRPORT,0000
300,LH,3577,2011-01-29,00300886,00004173,O,AIRPORT,0000
300,SQ,0117,2011-07-18,00164438,00003385,O,AIRPORT,0000
300,LH,3577,2011-09-03,00308900,00004173,O,AIRPORT,0000
300,SQ,0117,2011-07-18,00164578,00001714,O,AIRPORT,0000
300,LH,2407,2011-03-19,00202537,00004173,O,AIRPORT,0000
300,SQ,0117,2011-07-18,00164406,00003753,O,AIRPORT,0000
300,LH,2407,2011-04-16,00203593,00004173,O,AIRPORT,0000
300,SQ,0117,2011-07-18,00164528,00003636,O,AIRPORT,0000
300,LH,2415,2010-06-04,00214482,00004173,O,AIRPORT,0000
300,SQ,0117,2011-07-18,00164502,00001428,O,AIRPORT,0000
300,LH,2415,2010-05-21,00214086,00004173,O,AIRPORT,0000
300,LH,2415,2011-04-15,00224124,00004173,O,AIRPORT,0000
300,SQ,0117,2011-07-18,00164401,00003733,O,AIRPORT,0000
300,LH,2415,2010-08-13,00216689,00004173,O,AIRPORT,0000
300,SQ,0117,2011-07-18,00164585,00000196,O,AIRPORT,0000
300,LH,2407,2011-05-07,00204415,00004173,O,AIRPORT,0000
300,SQ,0117,2011-07-18,00164448,00000059,O,AIRPORT,0000
300,LH,2407,2011-06-11,00205562,00004173,O,AIRPORT,0000
300,SQ,0117,2011-07-18,00164467,00002609,O,AIRPORT,0000
300,AZ,0555,2011-01-05,00016459,00004176,O,AIRPORT,0000
300,SQ,0117,2011-07-18,00164445,00003904,O,AIRPORT,0000
300,JL,0407,2011-04-08,00015469,00004176,O,AIRPORT,0000
300,SQ,0117,2011-07-18,00164511,00004616,O,AIRPORT,0000
300,AA,0017,2011-01-12,00016868,00004176,O,AIRPORT,0000
300,SQ,0117,2011-07-18,00164615,00004616,O,AIRPORT,0000
300,SQ,0117,2011-07-18,00164584,00000429,O,AIRPORT,0000
300,JL,0407,2011-02-11,00013171,00004176,O,AIRPORT,0000
300,SQ,0117,2011-07-18,00164539,00004174,O,AIRPORT,0000
300,DL,0106,2010-11-15,00012959,00004176,O,AIRPORT,0000
300,SQ,0117,2011-07-18,00164443,00002181,O,AIRPORT,0000
300,AA,0017,2010-11-17,00013077,00004176,O,AIRPORT,0000
300,SQ,0117,2011-07-18,00164544,00003281,O,AIRPORT,0000
300,AA,0017,2010-11-24,00013599,00004176,O,AIRPORT,0000
300,SQ,0117,2011-07-18,00164572,00003281,O,AIRPORT,0000
300,AZ,0555,2010-11-24,00013681,00004176,O,AIRPORT,0000
300,SQ,0117,2011-07-18,00164560,00002067,O,AIRPORT,0000
300,AZ,0555,2010-11-03,00012264,00004176,O,AIRPORT,0000
300,SQ,0117,2011-07-18,00164533,00004033,O,AIRPORT,0000
300,LH,0400,2010-10-30,00012179,00004176,O,AIRPORT,0000
300,SQ,0117,2011-07-18,00164605,00001730,O,AIRPORT,0000
300,QF,0005,2010-11-05,00012291,00004176,O,AIRPORT,0000
300,SQ,0117,2011-07-18,00164600,00001022,O,AIRPORT,0000
300,AA,0017,2010-11-10,00012850,00004176,O,AIRPORT,0000
300,SQ,0117,2011-07-18,00164379,00000974,O,AIRPORT,0000
300,LH,0400,2010-12-11,00014603,00004176,O,AIRPORT,0000
300,SQ,0117,2011-07-18,00164612,00003288,O,AIRPORT,0000
300,JL,0407,2011-09-02,00022146,00004176,O,AIRPORT,0000
300,SQ,0117,2011-07-18,00164460,00003363,O,AIRPORT,0000
300,DL,0106,2011-04-11,00022089,00004176,O,AIRPORT,0000
300,SQ,0117,2011-07-18,00164626,00001964,O,AIRPORT,0000
300,DL,0106,2011-04-18,00022255,00004176,O,AIRPORT,0000
300,SQ,0117,2011-07-18,00164480,00004498,O,AIRPORT,0000
300,AZ,0555,2011-04-13,00022630,00004176,O,AIRPORT,0000
300,SQ,0117,2011-07-18,00164390,00001668,O,AIRPORT,0000
300,LH,0400,2011-04-02,00021372,00004176,O,AIRPORT,0000
300,SQ,0117,2011-07-18,00164400,00002356,O,AIRPORT,0000
300,JL,0407,2011-08-19,00021495,00004176,O,AIRPORT,0000
300,SQ,0117,2011-07-18,00164403,00002969,O,AIRPORT,0000
300,LH,0400,2011-05-07,00023737,00004176,O,AIRPORT,0000
300,JL,0407,2011-09-30,00023459,00004176,O,AIRPORT,0000
300,SQ,0117,2011-07-18,00164387,00004403,O,AIRPORT,0000
300,AA,0017,2011-02-23,00019449,00004176,O,AIRPORT,0000
300,SQ,0117,2011-07-18,00164620,00003742,O,AIRPORT,0000
300,AA,0017,2011-02-16,00018967,00004176,O,AIRPORT,0000
300,SQ,0117,2011-07-18,00164492,00000476,O,AIRPORT,0000
300,LH,0400,2011-03-19,00020631,00004176,O,AIRPORT,0000
300,SQ,0117,2011-07-18,00164465,00000714,O,AIRPORT,0000
300,QF,0005,2010-06-11,00003361,00004176,O,AIRPORT,0000
300,SQ,0117,2011-07-18,00164407,00000736,O,AIRPORT,0000
300,AA,0017,2010-06-09,00003107,00004176,O,AIRPORT,0000
300,SQ,0117,2011-07-18,00164591,00002374,O,AIRPORT,0000
300,AZ,0555,2010-06-02,00002707,00004176,O,AIRPORT,0000
300,SQ,0117,2011-07-18,00164483,00002133,O,AIRPORT,0000
300,AA,0017,2010-06-02,00002836,00004176,O,AIRPORT,0000
300,SQ,0117,2011-07-18,00164536,00003291,O,AIRPORT,0000
300,AZ,0555,2010-09-29,00010219,00004176,O,AIRPORT,0000
300,SQ,0117,2011-07-18,00164484,00003820,O,AIRPORT,0000
300,AZ,0555,2010-09-15,00009389,00004176,O,AIRPORT,0000
300,AA,0017,2010-10-20,00011366,00004176,O,AIRPORT,0000
300,SQ,0117,2011-07-18,00164477,00002450,O,AIRPORT,0000
300,AA,0017,2010-10-13,00011044,00004176,O,AIRPORT,0000
300,SQ,0117,2011-07-18,00164618,00002450,O,AIRPORT,0000
300,LH,0400,2010-10-16,00011137,00004176,O,AIRPORT,0000
300,SQ,0117,2011-07-18,00164490,00002255,O,AIRPORT,0000
300,UA,0007,2010-09-25,00007086,00004176,O,AIRPORT,0000
300,SQ,0117,2011-07-18,00164402,00003967,O,AIRPORT,0000
300,AA,0017,2010-08-04,00006947,00004176,O,AIRPORT,0000
300,SQ,0117,2011-07-18,00164444,00002086,O,AIRPORT,0000
300,UA,0007,2010-10-09,00007554,00004176,O,AIRPORT,0000
300,SQ,0117,2011-07-18,00164398,00002086,O,AIRPORT,0000
300,AA,0017,2010-08-04,00006643,00004176,O,AIRPORT,0000
300,SQ,0117,2011-07-18,00164521,00004057,O,AIRPORT,0000
300,AA,0017,2010-08-18,00007730,00004176,O,AIRPORT,0000
300,SQ,0117,2011-07-18,00164439,00002827,O,AIRPORT,0000
300,UA,0941,2011-04-28,00041078,00004176,O,AIRPORT,0000
300,SQ,0117,2011-07-18,00164436,00002563,O,AIRPORT,0000
300,DL,0106,2012-03-12,00037145,00004176,O,AIRPORT,0000
300,SQ,0117,2011-07-18,00164462,00000039,O,AIRPORT,0000
300,UA,0941,2011-02-24,00038761,00004176,O,AIRPORT,0000
300,SQ,0117,2011-07-18,00164440,00002505,O,AIRPORT,0000
300,AA,0017,2012-03-07,00038183,00004176,O,AIRPORT,0000
300,SQ,0117,2011-07-18,00164555,00004287,O,AIRPORT,0000
300,DL,1699,2010-05-10,00038377,00004176,O,AIRPORT,0000
300,SQ,0117,2011-07-18,00164420,00002184,O,AIRPORT,0000
300,AA,0026,2010-10-20,00046741,00004176,O,AIRPORT,0000
300,SQ,0117,2011-07-18,00164556,00002854,O,AIRPORT,0000
300,JL,0408,2011-12-10,00048055,00004176,O,AIRPORT,0000
300,SQ,0117,2011-07-18,00164616,00000043,O,AIRPORT,0000
300,AZ,0788,2010-09-28,00048045,00004176,O,AIRPORT,0000
300,SQ,0117,2011-07-18,00164442,00000535,O,AIRPORT,0000
300,LH,0401,2010-09-10,00048243,00004176,O,AIRPORT,0000
300,SQ,0117,2011-07-18,00164571,00001884,O,AIRPORT,0000
300,QF,0006,2010-08-18,00043324,00004176,O,AIRPORT,0000
300,SQ,0117,2011-07-18,00164580,00000401,O,AIRPORT,0000
300,AA,0026,2010-07-28,00043190,00004176,O,AIRPORT,0000
300,AA,0026,2010-07-28,00043210,00004176,O,AIRPORT,0000
300,SQ,0117,2011-07-18,00164432,00001236,O,AIRPORT,0000
300,UA,0941,2011-08-11,00044843,00004176,O,AIRPORT,0000
300,SQ,0117,2011-07-18,00164478,00004311,O,AIRPORT,0000
300,LH,0401,2010-07-23,00045484,00004176,O,AIRPORT,0000
300,SQ,0117,2011-07-18,00164481,00000583,O,AIRPORT,0000
300,UA,0941,2011-07-28,00044303,00004176,O,AIRPORT,0000
300,SQ,0117,2011-07-18,00164535,00000400,O,AIRPORT,0000
300,LH,0401,2010-07-09,00044719,00004176,O,AIRPORT,0000
300,SQ,0117,2011-07-18,00164422,00001085,O,AIRPORT,0000
300,AZ,0788,2010-08-03,00044445,00004176,O,AIRPORT,0000
300,SQ,0117,2011-07-18,00164458,00001076,O,AIRPORT,0000
300,QF,0006,2010-09-15,00044408,00004176,O,AIRPORT,0000
300,SQ,0117,2011-07-18,00164575,00003761,O,AIRPORT,0000
300,DL,0106,2011-08-01,00028787,00004176,O,AIRPORT,0000
300,SQ,0117,2011-07-18,00164413,00003847,O,AIRPORT,0000
300,JL,0408,2010-07-10,00029872,00004176,O,AIRPORT,0000
300,SQ,0117,2011-07-18,00164499,00002254,O,AIRPORT,0000
300,LH,0400,2011-08-13,00029886,00004176,O,AIRPORT,0000
300,JL,0408,2010-07-03,00029802,00004176,O,AIRPORT,0000
300,SQ,0117,2011-07-18,00164553,00003599,O,AIRPORT,0000
300,AZ,0555,2011-08-03,00029285,00004176,O,AIRPORT,0000
300,SQ,0117,2011-07-18,00164429,00000472,O,AIRPORT,0000
300,AZ,0555,2011-07-27,00029226,00004176,O,AIRPORT,0000
300,SQ,0117,2011-07-18,00164424,00003204,O,AIRPORT,0000
300,UA,0941,2010-05-27,00029041,00004176,O,AIRPORT,0000
300,SQ,0117,2011-07-18,00164613,00002765,O,AIRPORT,0000
300,JL,0408,2010-07-03,00029623,00004176,O,AIRPORT,0000
300,SQ,0117,2011-07-18,00164494,00004363,O,AIRPORT,0000
300,JL,0408,2010-06-26,00029412,00004176,O,AIRPORT,0000
300,SQ,0117,2011-07-18,00164451,00003982,O,AIRPORT,0000
300,QF,0005,2011-06-03,00025459,00004176,O,AIRPORT,0000
300,SQ,0117,2011-07-18,00164569,00003121,O,AIRPORT,0000
300,JL,0407,2011-10-28,00024567,00004176,O,AIRPORT,0000
300,JL,0407,2011-10-21,00024403,00004176,O,AIRPORT,0000
300,LH,0400,2011-07-02,00027246,00004176,O,AIRPORT,0000
300,SQ,0117,2011-07-18,00164447,00004329,O,AIRPORT,0000
300,AZ,0555,2011-06-08,00025983,00004176,O,AIRPORT,0000
300,SQ,0117,2011-07-18,00164500,00003166,O,AIRPORT,0000
300,AZ,0555,2011-10-19,00034456,00004176,O,AIRPORT,0000
300,SQ,0117,2011-07-18,00164590,00002408,O,AIRPORT,0000
300,LH,0400,2011-10-15,00034850,00004176,O,AIRPORT,0000
300,SQ,0117,2011-07-18,00164601,00000042,O,AIRPORT,0000
300,UA,0941,2010-10-07,00033796,00004176,O,AIRPORT,0000
300,SQ,0117,2011-07-18,00164531,00000744,O,AIRPORT,0000
300,DL,0106,2011-10-17,00033878,00004176,O,AIRPORT,0000
300,SQ,0117,2011-07-18,00164437,00003746,O,AIRPORT,0000
300,JL,0408,2010-12-18,00035720,00004176,O,AIRPORT,0000
300,SQ,0117,2011-07-18,00164463,00004112,O,AIRPORT,0000
300,DL,0106,2011-12-26,00036336,00004176,O,AIRPORT,0000
300,SQ,0117,2011-07-18,00164526,00002039,O,AIRPORT,0000
300,LH,0400,2011-10-29,00035451,00004176,O,AIRPORT,0000
300,SQ,0117,2011-07-18,00164527,00003873,O,AIRPORT,0000
300,AZ,0555,2011-09-14,00031930,00004176,O,AIRPORT,0000
300,SQ,0117,2011-07-18,00164435,00003528,O,AIRPORT,0000
300,AA,0017,2011-08-24,00030773,00004176,O,AIRPORT,0000
300,SQ,0117,2011-07-18,00164576,00000614,O,AIRPORT,0000
300,DL,0106,2011-09-05,00031016,00004176,O,AIRPORT,0000
300,SQ,0117,2011-07-18,00164564,00003537,O,AIRPORT,0000
300,LH,0400,2011-09-24,00032821,00004176,O,AIRPORT,0000
300,DL,0106,2011-10-03,00033008,00004176,O,AIRPORT,0000
300,SQ,0117,2011-07-18,00164596,00002583,O,AIRPORT,0000
300,DL,1699,2011-07-04,00064523,00004176,O,AIRPORT,0000
300,SQ,0117,2011-07-18,00164421,00002404,O,AIRPORT,0000
300,QF,0006,2011-11-02,00062775,00004176,O,AIRPORT,0000
300,SQ,0117,2011-07-18,00164416,00001533,O,AIRPORT,0000
300,LH,0401,2011-04-22,00062471,00004176,O,AIRPORT,0000
300,SQ,0117,2011-07-18,00164594,00000943,O,AIRPORT,0000
300,DL,1699,2010-11-15,00050162,00004176,O,AIRPORT,0000
300,SQ,0117,2011-07-18,00164513,00004109,O,AIRPORT,0000
300,UA,3504,2010-07-23,00056220,00004176,O,AIRPORT,0000
300,SQ,0117,2011-07-11,00164280,00003158,O,AIRPORT,0000
300,QF,0006,2011-07-06,00057500,00004176,O,AIRPORT,0000
300,SQ,0117,2011-07-11,00164264,00004437,O,AIRPORT,0000
300,AZ,0788,2011-02-22,00057117,00004176,O,AIRPORT,0000
300,SQ,0117,2011-07-11,00164134,00001528,O,AIRPORT,0000
300,UA,3504,2010-09-10,00059327,00004176,O,AIRPORT,0000
300,SQ,0117,2011-07-11,00164195,00000979,O,AIRPORT,0000
300,DL,1699,2011-05-16,00061457,00004176,O,AIRPORT,0000
300,SQ,0117,2011-07-11,00164289,00003000,O,AIRPORT,0000
300,QF,0006,2011-08-31,00060019,00004176,O,AIRPORT,0000
300,SQ,0117,2011-07-11,00164372,00003000,O,AIRPORT,0000
300,DL,1699,2010-11-22,00050735,00004176,O,AIRPORT,0000
300,SQ,0117,2011-07-11,00164316,00003627,O,AIRPORT,0000
300,LH,0401,2011-04-01,00061019,00004176,O,AIRPORT,0000
300,SQ,0117,2011-07-11,00164342,00000004,O,AIRPORT,0000
300,UA,0941,2011-11-24,00049011,00004176,O,AIRPORT,0000
300,SQ,0117,2011-07-11,00164303,00002944,O,AIRPORT,0000
300,AZ,0788,2010-11-30,00052114,00004176,O,AIRPORT,0000
300,SQ,0117,2011-07-11,00164313,00003910,O,AIRPORT,0000
300,LH,0401,2010-11-19,00052760,00004176,O,AIRPORT,0000
300,SQ,0117,2011-07-11,00164312,00003910,O,AIRPORT,0000
300,QF,0006,2011-05-04,00054790,00004176,O,AIRPORT,0000
300,SQ,0117,2011-07-11,00164281,00001833,O,AIRPORT,0000
300,LH,0401,2010-12-24,00054820,00004176,O,AIRPORT,0000
300,SQ,0117,2011-07-11,00164370,00002701,O,AIRPORT,0000
300,DL,1699,2011-01-24,00054720,00004176,O,AIRPORT,0000
300,SQ,0117,2011-07-11,00164362,00003485,O,AIRPORT,0000
300,UA,0941,2012-03-29,00050063,00004176,O,AIRPORT,0000
300,SQ,0117,2011-07-11,00164196,00002913,O,AIRPORT,0000
300,AZ,0788,2010-11-02,00050015,00004176,O,AIRPORT,0000
300,SQ,0117,2011-07-11,00164165,00002238,O,AIRPORT,0000
300,LH,0401,2011-09-28,00072777,00004176,O,AIRPORT,0000
300,SQ,0117,2011-07-11,00164268,00001891,O,AIRPORT,0000
300,AZ,0789,2010-04-21,00076087,00004176,O,AIRPORT,0000
300,SQ,0117,2011-07-11,00164248,00002270,O,AIRPORT,0000
300,AA,0064,2011-01-28,00076283,00004176,O,AIRPORT,0000
300,SQ,0117,2011-07-11,00164262,00002251,O,AIRPORT,0000
300,AA,0064,2010-12-10,00074357,00004176,O,AIRPORT,0000
300,SQ,0117,2011-07-11,00164155,00001781,O,AIRPORT,0000
300,AZ,0788,2011-12-20,00074784,00004176,O,AIRPORT,0000
300,SQ,0117,2011-07-11,00164174,00000669,O,AIRPORT,0000
300,AZ,0788,2011-07-26,00066577,00004176,O,AIRPORT,0000
300,SQ,0117,2011-07-11,00164272,00001438,O,AIRPORT,0000
300,AA,0064,2010-06-04,00067664,00004176,O,AIRPORT,0000
300,AZ,0788,2011-08-23,00068300,00004176,O,AIRPORT,0000
300,SQ,0117,2011-07-11,00164269,00000831,O,AIRPORT,0000
300,DL,1699,2011-09-12,00069097,00004176,O,AIRPORT,0000
300,SQ,0117,2011-07-11,00164231,00002312,O,AIRPORT,0000
300,LH,0401,2011-08-05,00068997,00004176,O,AIRPORT,0000
300,SQ,0117,2011-07-11,00164190,00003870,O,AIRPORT,0000
300,DL,1984,2010-05-17,00077175,00004176,O,AIRPORT,0000
300,SQ,0117,2011-07-11,00164238,00002826,O,AIRPORT,0000
300,AA,0064,2011-03-11,00077823,00004176,O,AIRPORT,0000
300,SQ,0117,2011-07-11,00164184,00001780,O,AIRPORT,0000
300,AZ,0789,2010-06-09,00079406,00004176,O,AIRPORT,0000
300,SQ,0117,2011-07-11,00164320,00003712,O,AIRPORT,0000
300,AA,0064,2011-05-06,00079623,00004176,O,AIRPORT,0000
300,SQ,0117,2011-07-11,00164376,00000947,O,AIRPORT,0000
300,LH,0402,2010-08-23,00086883,00004176,O,AIRPORT,0000
300,SQ,0117,2011-07-11,00164286,00001263,O,AIRPORT,0000
300,LH,0402,2010-06-14,00082401,00004176,O,AIRPORT,0000
300,SQ,0117,2011-07-11,00164345,00001521,O,AIRPORT,0000
300,DL,1984,2010-08-16,00082561,00004176,O,AIRPORT,0000
300,SQ,0117,2011-07-11,00164226,00004402,O,AIRPORT,0000
300,UA,3504,2011-09-09,00082206,00004176,O,AIRPORT,0000
300,SQ,0117,2011-07-11,00164244,00003987,O,AIRPORT,0000
300,AA,0064,2011-06-10,00080917,00004176,O,AIRPORT,0000
300,SQ,0117,2011-07-11,00164186,00003896,O,AIRPORT,0000
300,LH,0402,2010-05-31,00081603,00004176,O,AIRPORT,0000
300,SQ,0117,2011-07-11,00164147,00001443,O,AIRPORT,0000
300,DL,1984,2010-07-26,00081424,00004176,O,AIRPORT,0000
300,SQ,0117,2011-07-11,00164246,00001187,O,AIRPORT,0000
300,AZ,0789,2010-08-25,00083884,00004176,O,AIRPORT,0000
300,SQ,0117,2011-07-11,00164203,00002766,O,AIRPORT,0000
300,UA,3504,2011-09-28,00083547,00004176,O,AIRPORT,0000
300,SQ,0117,2011-07-11,00164247,00000408,O,AIRPORT,0000
300,UA,3504,2011-09-28,00083471,00004176,O,AIRPORT,0000
300,SQ,0117,2011-07-11,00164270,00004161,O,AIRPORT,0000
300,AA,0064,2011-08-12,00083247,00004176,O,AIRPORT,0000
300,SQ,0117,2011-07-11,00164317,00002575,O,AIRPORT,0000
300,LH,0402,2010-06-21,00083158,00004176,O,AIRPORT,0000
300,SQ,0117,2011-07-11,00164324,00001339,O,AIRPORT,0000
300,UA,3516,2011-01-04,00105300,00004176,O,AIRPORT,0000
300,SQ,0117,2011-07-11,00164323,00003196,O,AIRPORT,0000
300,UA,3516,2011-01-25,00106501,00004176,O,AIRPORT,0000
300,SQ,0117,2011-07-11,00164159,00000978,O,AIRPORT,0000
300,AZ,0789,2011-07-13,00103805,00004176,O,AIRPORT,0000
300,SQ,0117,2011-07-11,00164358,00004270,O,AIRPORT,0000
300,UA,3516,2010-11-30,00103073,00004176,O,AIRPORT,0000
300,SQ,0117,2011-07-11,00164343,00000145,O,AIRPORT,0000
300,UA,3516,2010-12-07,00103475,00004176,O,AIRPORT,0000
300,SQ,0117,2011-07-11,00164183,00000223,O,AIRPORT,0000
300,AZ,0789,2011-11-09,00111288,00004176,O,AIRPORT,0000
300,SQ,0117,2011-07-11,00164212,00001163,O,AIRPORT,0000
300,LH,0402,2011-09-05,00110874,00004176,O,AIRPORT,0000
300,SQ,0117,2011-07-11,00164211,00001626,O,AIRPORT,0000
300,UA,3516,2011-04-26,00112160,00004176,O,AIRPORT,0000
300,SQ,0117,2011-07-11,00164252,00000516,O,AIRPORT,0000
300,UA,3516,2011-03-08,00109283,00004176,O,AIRPORT,0000
300,SQ,0117,2011-07-11,00164173,00000539,O,AIRPORT,0000
300,DL,1984,2012-04-02,00113283,00004176,O,AIRPORT,0000
300,SQ,0117,2011-07-11,00164172,00001513,O,AIRPORT,0000
300,UA,3516,2010-07-13,00094556,00004176,O,AIRPORT,0000
300,SQ,0117,2011-07-11,00164307,00003273,O,AIRPORT,0000
300,DL,1984,2011-02-28,00094875,00004176,O,AIRPORT,0000
300,SQ,0117,2011-07-11,00164237,00001501,O,AIRPORT,0000
300,AZ,0789,2010-12-22,00091390,00004176,O,AIRPORT,0000
300,SQ,0117,2011-07-11,00164257,00003622,O,AIRPORT,0000
300,LH,0402,2010-11-22,00092640,00004176,O,AIRPORT,0000
300,SQ,0117,2011-07-11,00164337,00003935,O,AIRPORT,0000
300,UA,3516,2010-06-08,00092467,00004176,O,AIRPORT,0000
300,SQ,0117,2011-07-11,00164242,00002052,O,AIRPORT,0000
300,DL,1984,2010-11-22,00088817,00004176,O,AIRPORT,0000
300,LH,0402,2010-12-20,00094140,00004176,O,AIRPORT,0000
300,AZ,0789,2010-12-01,00090238,00004176,O,AIRPORT,0000
300,LH,0402,2011-03-14,00099469,00004176,O,AIRPORT,0000
300,DL,1984,2011-04-25,00098284,00004176,O,AIRPORT,0000
300,LH,0402,2011-03-28,00100292,00004176,O,AIRPORT,0000
300,UA,3516,2010-10-12,00100262,00004176,O,AIRPORT,0000
300,UA,3516,2010-09-07,00097691,00004176,O,AIRPORT,0000
300,LH,0402,2011-01-10,00095566,00004176,O,AIRPORT,0000
300,DL,1984,2011-03-07,00095326,00004176,O,AIRPORT,0000
300,DL,1984,2011-03-07,00095360,00004176,O,AIRPORT,0000
300,AZ,0791,2010-12-09,00149577,00004176,O,AIRPORT,0000
300,UA,3517,2011-04-25,00150904,00004176,O,AIRPORT,0000
300,UA,3517,2011-08-29,00159366,00004176,O,AIRPORT,0000
300,UA,3517,2011-09-19,00160389,00004176,O,AIRPORT,0000
300,AZ,0791,2011-02-10,00151927,00004176,O,AIRPORT,0000
300,AZ,0791,2011-06-23,00156754,00004176,O,AIRPORT,0000
300,AZ,0791,2011-04-14,00154196,00004176,O,AIRPORT,0000
300,UA,3516,2011-09-27,00122371,00004176,O,AIRPORT,0000
300,LH,0454,2010-07-24,00121812,00004176,O,AIRPORT,0000
300,UA,3516,2011-08-30,00120477,00004176,O,AIRPORT,0000
300,UA,3516,2011-11-08,00125507,00004176,O,AIRPORT,0000
300,AZ,0790,2011-01-19,00126326,00004176,O,AIRPORT,0000
300,LH,0454,2010-05-22,00119248,00004176,O,AIRPORT,0000
300,AZ,0790,2010-06-30,00117560,00004176,O,AIRPORT,0000
300,UA,3517,2010-07-26,00134221,00004176,O,AIRPORT,0000
300,UA,3517,2010-07-12,00133273,00004176,O,AIRPORT,0000
300,UA,3517,2010-09-27,00138200,00004176,O,AIRPORT,0000
300,UA,3517,2010-09-27,00138206,00004176,O,AIRPORT,0000
300,LH,0454,2010-12-25,00128608,00004176,O,AIRPORT,0000
300,LH,0454,2010-12-25,00128895,00004176,O,AIRPORT,0000
300,UA,3516,2011-12-20,00126791,00004176,O,AIRPORT,0000
300,AZ,0790,2011-01-26,00126855,00004176,O,AIRPORT,0000
300,LH,0454,2010-11-20,00127205,00004176,O,AIRPORT,0000
300,AZ,0790,2011-02-09,00127410,00004176,O,AIRPORT,0000
300,AZ,0790,2011-04-06,00129997,00004176,O,AIRPORT,0000
300,LH,0454,2011-01-22,00129846,00004176,O,AIRPORT,0000
300,LH,0454,2011-02-05,00130519,00004176,O,AIRPORT,0000
300,LH,2407,2010-09-11,00195902,00004176,O,AIRPORT,0000
300,LH,2407,2010-12-18,00199210,00004176,O,AIRPORT,0000
300,LH,2407,2010-12-04,00198863,00004176,O,AIRPORT,0000
300,LH,2402,2011-09-24,00187111,00004176,O,AIRPORT,0000
300,LH,2402,2012-02-04,00190248,00004176,O,AIRPORT,0000
300,LH,2402,2011-02-19,00179017,00004176,O,AIRPORT,0000
300,LH,2402,2011-03-19,00180086,00004176,O,AIRPORT,0000
300,LH,2402,2011-01-15,00177824,00004176,O,AIRPORT,0000
300,LH,2462,2010-12-31,00254691,00004176,O,AIRPORT,0000
300,LH,2462,2011-05-06,00259174,00004176,O,AIRPORT,0000
300,LH,2462,2012-01-20,00267253,00004176,O,AIRPORT,0000
300,LH,2415,2012-03-30,00232428,00004176,O,AIRPORT,0000
300,LH,2436,2010-11-20,00236856,00004176,O,AIRPORT,0000
300,LH,2436,2011-01-22,00238147,00004176,O,AIRPORT,0000
300,LH,2463,2011-11-19,00289138,00004176,O,AIRPORT,0000
300,LH,2463,2012-03-17,00290634,00004176,O,AIRPORT,0000
300,LH,3577,2010-10-23,00297446,00004176,O,AIRPORT,0000
300,LH,3577,2010-09-18,00296264,00004176,O,AIRPORT,0000
300,LH,2463,2011-06-04,00282569,00004176,O,AIRPORT,0000
300,LH,2463,2011-02-12,00278648,00004176,O,AIRPORT,0000
300,LH,2463,2011-02-19,00278729,00004176,O,AIRPORT,0000
300,LH,2463,2011-09-17,00286578,00004176,O,AIRPORT,0000
300,LH,2463,2011-08-28,00285966,00004176,O,AIRPORT,0000
300,LH,3577,2011-09-28,00309839,00004176,O,AIRPORT,0000
300,LH,2463,2010-07-10,00270688,00004176,O,AIRPORT,0000
300,LH,3577,2011-01-01,00299787,00004176,O,AIRPORT,0000
300,LH,3577,2011-09-17,00309444,00004176,O,AIRPORT,0000
300,LH,3577,2011-06-11,00305748,00004176,O,AIRPORT,0000
300,LH,2407,2011-03-26,00202817,00004176,O,AIRPORT,0000
300,LH,2407,2011-03-26,00202676,00004176,O,AIRPORT,0000
300,LH,2407,2012-01-28,00212605,00004176,O,AIRPORT,0000
300,LH,2415,2010-05-07,00213576,00004176,O,AIRPORT,0000
300,LH,2415,2011-01-21,00221651,00004176,O,AIRPORT,0000
300,LH,2415,2011-05-06,00224774,00004176,O,AIRPORT,0000
300,LH,2415,2011-01-14,00221308,00004176,O,AIRPORT,0000
300,DL,1699,2010-10-25,00048900,00001676,O,AIRPORT,0000
300,QF,0005,2011-01-07,00016229,00001676,O,AIRPORT,0000
300,DL,0106,2011-01-31,00017678,00001676,O,AIRPORT,0000
300,AZ,0555,2011-02-02,00017977,00001676,O,AIRPORT,0000
300,LH,0400,2010-11-13,00012884,00001676,O,AIRPORT,0000
300,AZ,0555,2010-12-08,00014721,00001676,O,AIRPORT,0000
300,QF,0005,2010-12-17,00014838,00001676,O,AIRPORT,0000
300,QF,0005,2011-04-01,00021585,00001676,O,AIRPORT,0000
300,UA,0007,2011-10-01,00023876,00001676,O,AIRPORT,0000
300,DL,0106,2011-05-09,00023913,00001676,O,AIRPORT,0000
300,QF,0005,2011-02-25,00019177,00001676,O,AIRPORT,0000
300,AZ,0555,2011-02-16,00019019,00001676,O,AIRPORT,0000
300,DL,0106,2011-03-21,00020715,00001676,O,AIRPORT,0000
300,JL,0407,2011-07-29,00020642,00001676,O,AIRPORT,0000
300,AZ,0555,2010-06-23,00004168,00001676,O,AIRPORT,0000
300,UA,0007,2010-06-26,00003081,00001676,O,AIRPORT,0000
300,UA,0007,2010-07-10,00003607,00001676,O,AIRPORT,0000
300,JL,0407,2010-05-21,00001277,00001676,O,AIRPORT,0000
300,QF,0005,2010-04-23,00000242,00001676,O,AIRPORT,0000
300,AA,0017,2010-06-02,00002725,00001676,O,AIRPORT,0000
300,AA,0017,2010-09-22,00009817,00001676,O,AIRPORT,0000
300,QF,0005,2010-09-24,00009586,00001676,O,AIRPORT,0000
300,JL,0407,2011-01-07,00011541,00001676,O,AIRPORT,0000
300,QF,0005,2010-07-30,00006354,00001676,O,AIRPORT,0000
300,AZ,0555,2010-07-28,00006493,00001676,O,AIRPORT,0000
300,JL,0407,2010-10-29,00008377,00001676,O,AIRPORT,0000
300,LH,0400,2010-09-11,00008809,00001676,O,AIRPORT,0000
300,JL,0407,2010-10-22,00008102,00001676,O,AIRPORT,0000
300,QF,0006,2010-06-09,00040199,00001676,O,AIRPORT,0000
300,UA,0941,2011-04-07,00040346,00001676,O,AIRPORT,0000
300,AA,0026,2010-05-19,00040052,00001676,O,AIRPORT,0000
300,QF,0006,2010-06-02,00039997,00001676,O,AIRPORT,0000
300,LH,0400,2011-12-10,00037472,00001676,O,AIRPORT,0000
300,UA,0941,2011-01-13,00037237,00001676,O,AIRPORT,0000
300,LH,0400,2012-04-07,00039381,00001676,O,AIRPORT,0000
300,DL,1699,2010-05-10,00038643,00001676,O,AIRPORT,0000
300,UA,0941,2011-02-17,00038612,00001676,O,AIRPORT,0000
300,DL,1699,2010-09-06,00045722,00001676,O,AIRPORT,0000
300,AA,0026,2010-09-22,00045521,00001676,O,AIRPORT,0000
300,JL,0408,2011-11-19,00047826,00001676,O,AIRPORT,0000
300,LH,0401,2010-09-03,00047869,00001676,O,AIRPORT,0000
300,JL,0408,2011-12-24,00048339,00001676,O,AIRPORT,0000
300,JL,0408,2011-11-05,00047342,00001676,O,AIRPORT,0000
300,AA,0026,2010-11-03,00047453,00001676,O,AIRPORT,0000
300,JL,0408,2011-11-12,00047423,00001676,O,AIRPORT,0000
300,LH,0401,2010-06-25,00043502,00001676,O,AIRPORT,0000
300,UA,0941,2011-06-30,00043460,00001676,O,AIRPORT,0000
300,AA,0026,2010-07-21,00042755,00001676,O,AIRPORT,0000
300,LH,0401,2010-06-18,00043062,00001676,O,AIRPORT,0000
300,JL,0408,2011-07-16,00043208,00001676,O,AIRPORT,0000
300,QF,0006,2010-09-29,00045055,00001676,O,AIRPORT,0000
300,JL,0408,2011-08-20,00044516,00001676,O,AIRPORT,0000
300,AZ,0555,2011-07-20,00028721,00001676,O,AIRPORT,0000
300,QF,0005,2011-07-22,00028638,00001676,O,AIRPORT,0000
300,AA,0017,2011-07-27,00028975,00001676,O,AIRPORT,0000
300,DL,0106,2011-08-08,00029545,00001676,O,AIRPORT,0000
300,AA,0017,2011-06-01,00025514,00001676,O,AIRPORT,0000
300,QF,0005,2011-05-27,00024829,00001676,O,AIRPORT,0000
300,DL,0106,2011-07-04,00027268,00001676,O,AIRPORT,0000
300,JL,0407,2011-12-30,00026110,00001676,O,AIRPORT,0000
300,UA,0007,2011-11-19,00026109,00001676,O,AIRPORT,0000
300,LH,0400,2011-06-18,00026228,00001676,O,AIRPORT,0000
300,UA,0007,2011-12-17,00026537,00001676,O,AIRPORT,0000
300,LH,0400,2011-10-08,00034131,00001676,O,AIRPORT,0000
300,UA,0941,2010-10-14,00034159,00001676,O,AIRPORT,0000
300,DL,0106,2011-11-07,00035258,00001676,O,AIRPORT,0000
300,QF,0005,2011-11-04,00034997,00001676,O,AIRPORT,0000
300,QF,0005,2011-11-11,00035511,00001676,O,AIRPORT,0000
300,UA,0941,2010-11-25,00035591,00001676,O,AIRPORT,0000
300,DL,0106,2011-08-29,00030640,00001676,O,AIRPORT,0000
300,LH,0400,2011-08-20,00030501,00001676,O,AIRPORT,0000
300,AZ,0788,2011-06-14,00064092,00001676,O,AIRPORT,0000
300,UA,3504,2010-11-26,00064118,00001676,O,AIRPORT,0000
300,LH,0401,2011-05-27,00064682,00001676,O,AIRPORT,0000
300,AZ,0788,2011-06-21,00064623,00001676,O,AIRPORT,0000
300,UA,3504,2010-11-05,00062753,00001676,O,AIRPORT,0000
300,UA,3504,2010-11-05,00062754,00001676,O,AIRPORT,0000
300,DL,1699,2011-06-06,00062827,00001676,O,AIRPORT,0000
300,UA,3504,2010-09-10,00059056,00001676,O,AIRPORT,0000
300,QF,0006,2011-08-03,00058762,00001676,O,AIRPORT,0000
300,DL,1699,2010-11-29,00051048,00001676,O,AIRPORT,0000
300,DL,1699,2010-11-29,00051047,00001676,O,AIRPORT,0000
300,AA,0026,2011-09-14,00061499,00001676,O,AIRPORT,0000
300,UA,3504,2010-10-15,00061499,00001676,O,AIRPORT,0000
300,UA,3504,2010-10-29,00062330,00001676,O,AIRPORT,0000
300,AA,0026,2011-01-12,00050612,00001676,O,AIRPORT,0000
300,AZ,0788,2011-04-19,00060821,00001676,O,AIRPORT,0000
300,DL,1699,2010-12-27,00052643,00001676,O,AIRPORT,0000
300,LH,0401,2010-12-17,00054517,00001676,O,AIRPORT,0000
300,LH,0401,2010-12-31,00055515,00001676,O,AIRPORT,0000
300,UA,3504,2010-07-16,00055683,00001676,O,AIRPORT,0000
300,UA,3504,2010-07-09,00055172,00001676,O,AIRPORT,0000
300,UA,3504,2010-07-09,00055210,00001676,O,AIRPORT,0000
300,UA,3504,2010-07-09,00055372,00001676,O,AIRPORT,0000
300,AA,0064,2011-01-28,00076329,00001676,O,AIRPORT,0000
300,AZ,0789,2010-04-21,00076223,00001676,O,AIRPORT,0000
300,AA,0064,2010-12-24,00075046,00001676,O,AIRPORT,0000
300,LH,0401,2011-10-21,00074786,00001676,O,AIRPORT,0000
300,UA,3504,2011-01-28,00067727,00001676,O,AIRPORT,0000
300,AZ,0788,2011-09-27,00070742,00001676,O,AIRPORT,0000
300,DL,1699,2011-10-10,00070926,00001676,O,AIRPORT,0000
300,AA,0064,2010-06-18,00068245,00001676,O,AIRPORT,0000
300,UA,3504,2011-02-18,00069338,00001676,O,AIRPORT,0000
300,LH,0401,2012-03-09,00078961,00001676,O,AIRPORT,0000
300,DL,1984,2010-06-14,00078709,00001676,O,AIRPORT,0000
300,DL,1984,2010-05-24,00077498,00001676,O,AIRPORT,0000
300,AZ,0789,2010-06-30,00080425,00001676,O,AIRPORT,0000
300,AZ,0789,2010-09-01,00084406,00001676,O,AIRPORT,0000
300,LH,0402,2010-07-19,00084628,00001676,O,AIRPORT,0000
300,DL,1984,2010-11-01,00087422,00001676,O,AIRPORT,0000
300,DL,1984,2010-11-08,00088014,00001676,O,AIRPORT,0000
300,AA,0064,2011-11-18,00086635,00001676,O,AIRPORT,0000
300,DL,1984,2010-08-02,00081960,00001676,O,AIRPORT,0000
300,DL,1984,2010-07-19,00080862,00001676,O,AIRPORT,0000
300,UA,3504,2011-09-16,00082758,00001676,O,AIRPORT,0000
300,UA,3516,2011-01-11,00105763,00001676,O,AIRPORT,0000
300,DL,1984,2011-09-19,00107355,00001676,O,AIRPORT,0000
300,DL,1984,2011-09-05,00106412,00001676,O,AIRPORT,0000
300,AZ,0789,2011-06-08,00101656,00001676,O,AIRPORT,0000
300,UA,3516,2010-11-09,00101866,00001676,O,AIRPORT,0000
300,LH,0402,2011-05-23,00103658,00001676,O,AIRPORT,0000
300,LH,0402,2011-09-19,00111647,00001676,O,AIRPORT,0000
300,LH,0402,2011-08-08,00108410,00001676,O,AIRPORT,0000
300,DL,1984,2011-10-17,00109027,00001676,O,AIRPORT,0000
300,UA,3516,2010-06-15,00092865,00001676,O,AIRPORT,0000
300,LH,0402,2010-11-29,00092898,00001676,O,AIRPORT,0000
300,LH,0402,2010-12-06,00093421,00001676,O,AIRPORT,0000
300,AZ,0789,2011-01-05,00092372,00001676,O,AIRPORT,0000
300,LH,0402,2010-09-27,00088884,00001676,O,AIRPORT,0000
300,DL,1984,2010-11-15,00088562,00001676,O,AIRPORT,0000
300,UA,3516,2010-07-06,00094069,00001676,O,AIRPORT,0000
300,UA,3516,2010-08-31,00097269,00001676,O,AIRPORT,0000
300,UA,3516,2010-08-10,00096062,00001676,O,AIRPORT,0000
300,SQ,0117,2011-07-11,00164273,00004501,O,AIRPORT,0000
300,SQ,0117,2011-07-11,00164167,00003106,O,AIRPORT,0000
300,SQ,0117,2011-07-11,00164127,00001385,O,AIRPORT,0000
300,SQ,0117,2011-07-11,00164143,00001906,O,AIRPORT,0000
300,SQ,0117,2011-07-11,00164139,00002480,O,AIRPORT,0000
300,SQ,0117,2011-07-11,00164336,00001416,O,AIRPORT,0000
300,SQ,0117,2011-07-11,00164161,00001881,O,AIRPORT,0000
300,SQ,0117,2011-07-11,00164373,00001288,O,AIRPORT,0000
300,SQ,0117,2011-07-11,00164311,00003501,O,AIRPORT,0000
300,SQ,0117,2011-07-11,00164169,00000708,O,AIRPORT,0000
300,SQ,0117,2011-07-11,00164368,00000924,O,AIRPORT,0000
300,SQ,0117,2011-07-11,00164318,00000855,O,AIRPORT,0000
300,SQ,0117,2011-07-11,00164204,00001978,O,AIRPORT,0000
300,SQ,0117,2011-07-11,00164325,00000811,O,AIRPORT,0000
300,SQ,0117,2011-07-11,00164131,00002341,O,AIRPORT,0000
300,SQ,0117,2011-07-11,00164188,00004456,O,AIRPORT,0000
300,SQ,0117,2011-07-11,00164354,00002257,O,AIRPORT,0000
300,SQ,0117,2011-07-11,00164344,00001759,O,AIRPORT,0000
300,SQ,0117,2011-07-11,00164292,00000784,O,AIRPORT,0000
300,SQ,0117,2011-07-11,00164306,00001399,O,AIRPORT,0000
300,SQ,0117,2011-07-11,00164194,00004614,O,AIRPORT,0000
300,SQ,0117,2011-07-11,00164299,00000913,O,AIRPORT,0000
300,SQ,0117,2011-07-11,00164130,00002336,O,AIRPORT,0000
300,SQ,0117,2011-07-11,00164355,00003918,O,AIRPORT,0000
300,SQ,0117,2011-07-11,00164199,00002407,O,AIRPORT,0000
300,SQ,0117,2011-07-11,00164314,00004434,O,AIRPORT,0000
300,SQ,0117,2011-07-11,00164235,00002773,O,AIRPORT,0000
300,SQ,0117,2011-07-11,00164192,00003876,O,AIRPORT,0000
300,SQ,0117,2011-07-11,00164333,00002883,O,AIRPORT,0000
300,SQ,0117,2011-07-11,00164332,00001065,O,AIRPORT,0000
300,SQ,0117,2011-07-11,00164278,00002281,O,AIRPORT,0000
300,SQ,0117,2011-07-11,00164164,00000212,O,AIRPORT,0000
300,SQ,0117,2011-07-11,00164309,00000162,O,AIRPORT,0000
300,SQ,0117,2011-07-11,00164140,00003985,O,AIRPORT,0000
300,SQ,0117,2011-07-11,00164236,00004366,O,AIRPORT,0000
300,SQ,0117,2011-07-11,00164233,00003025,O,AIRPORT,0000
300,SQ,0117,2011-07-11,00164266,00002427,O,AIRPORT,0000
300,SQ,0117,2011-07-11,00164156,00001910,O,AIRPORT,0000
300,SQ,0117,2011-07-11,00164245,00004611,O,AIRPORT,0000
300,SQ,0117,2011-07-11,00164361,00002260,O,AIRPORT,0000
300,SQ,0117,2011-07-11,00164308,00000070,O,AIRPORT,0000
300,SQ,0117,2011-07-11,00164275,00004222,O,AIRPORT,0000
300,SQ,0117,2011-07-11,00164208,00002644,O,AIRPORT,0000
300,SQ,0117,2011-07-11,00164209,00000269,O,AIRPORT,0000
300,SQ,0117,2011-07-11,00164202,00000814,O,AIRPORT,0000
300,SQ,0117,2011-07-11,00164285,00002934,O,AIRPORT,0000
300,SQ,0117,2011-07-11,00164168,00003430,O,AIRPORT,0000
300,SQ,0117,2011-07-11,00164256,00003476,O,AIRPORT,0000
300,SQ,0117,2011-07-11,00164374,00002148,O,AIRPORT,0000
300,SQ,0117,2011-07-11,00164305,00001160,O,AIRPORT,0000
300,SQ,0117,2011-07-11,00164282,00004570,O,AIRPORT,0000
300,SQ,0117,2011-07-11,00164221,00002291,O,AIRPORT,0000
300,SQ,0117,2011-07-11,00164276,00001653,O,AIRPORT,0000
300,SQ,0117,2011-07-11,00164346,00000701,O,AIRPORT,0000
300,SQ,0117,2011-07-11,00164182,00000522,O,AIRPORT,0000
300,SQ,0117,2011-07-11,00164137,00001614,O,AIRPORT,0000
300,SQ,0117,2011-07-11,00164322,00002116,O,AIRPORT,0000
300,SQ,0117,2011-07-11,00164304,00003497,O,AIRPORT,0000
300,SQ,0117,2011-07-11,00164225,00001325,O,AIRPORT,0000
300,SQ,0117,2011-07-11,00164187,00004194,O,AIRPORT,0000
300,SQ,0117,2011-07-11,00164170,00001900,O,AIRPORT,0000
300,SQ,0117,2011-07-11,00164232,00003462,O,AIRPORT,0000
300,SQ,0117,2011-07-11,00164356,00004239,O,AIRPORT,0000
300,SQ,0117,2011-07-11,00164128,00003479,O,AIRPORT,0000
300,SQ,0117,2011-07-11,00164258,00003578,O,AIRPORT,0000
300,SQ,0117,2011-07-11,00164359,00002879,O,AIRPORT,0000
300,SQ,0117,2011-07-11,00164129,00004438,O,AIRPORT,0000
300,SQ,0117,2011-07-11,00164162,00002677,O,AIRPORT,0000
300,SQ,0117,2011-07-11,00164290,00000672,O,AIRPORT,0000
300,SQ,0117,2011-07-11,00164220,00001417,O,AIRPORT,0000
300,SQ,0117,2011-07-11,00164240,00000520,O,AIRPORT,0000
300,SQ,0117,2011-07-11,00164239,00000520,O,AIRPORT,0000
300,SQ,0117,2011-07-11,00164177,00000505,O,AIRPORT,0000
300,SQ,0117,2011-07-11,00164284,00001560,O,AIRPORT,0000
300,SQ,0117,2011-07-11,00164283,00001560,O,AIRPORT,0000
300,SQ,0117,2011-07-11,00164250,00003148,O,AIRPORT,0000
300,SQ,0117,2011-07-11,00164228,00002473,O,AIRPORT,0000
300,SQ,0117,2011-07-11,00164135,00002888,O,AIRPORT,0000
300,SQ,0117,2011-07-11,00164198,00002874,O,AIRPORT,0000
300,SQ,0117,2011-07-11,00164297,00002692,O,AIRPORT,0000
300,SQ,0117,2011-07-11,00164205,00003002,O,AIRPORT,0000
300,SQ,0117,2011-07-11,00164229,00000367,O,AIRPORT,0000
300,SQ,0117,2011-07-11,00164353,00004085,O,AIRPORT,0000
300,SQ,0117,2011-07-11,00164133,00004482,O,AIRPORT,0000
300,SQ,0117,2011-07-11,00164350,00003560,O,AIRPORT,0000
300,SQ,0117,2011-07-11,00164185,00003948,O,AIRPORT,0000
300,SQ,0117,2011-07-11,00164138,00003947,O,AIRPORT,0000
300,SQ,0117,2011-07-11,00164213,00000791,O,AIRPORT,0000
300,SQ,0117,2011-07-11,00164132,00001981,O,AIRPORT,0000
300,SQ,0117,2011-07-11,00164146,00002675,O,AIRPORT,0000
300,SQ,0117,2011-07-11,00164339,00000302,O,AIRPORT,0000
300,SQ,0117,2011-07-11,00164263,00003154,O,AIRPORT,0000
300,SQ,0117,2011-07-11,00164287,00002748,O,AIRPORT,0000
300,SQ,0117,2011-07-11,00164149,00001649,O,AIRPORT,0000
300,SQ,0117,2011-07-11,00164296,00002916,O,AIRPORT,0000
300,SQ,0117,2011-07-11,00164335,00003673,O,AIRPORT,0000
300,SQ,0117,2011-07-11,00164360,00001037,O,AIRPORT,0000
300,SQ,0117,2011-07-11,00164367,00000768,O,AIRPORT,0000
300,SQ,0117,2011-07-11,00164338,00001405,O,AIRPORT,0000
300,SQ,0117,2011-07-11,00164377,00003840,O,AIRPORT,0000
300,SQ,0117,2011-07-11,00164274,00000875,O,AIRPORT,0000
300,SQ,0117,2011-07-11,00164294,00002026,O,AIRPORT,0000
300,SQ,0117,2011-07-11,00164334,00004265,O,AIRPORT,0000
300,SQ,0117,2011-07-11,00164271,00004360,O,AIRPORT,0000
300,SQ,0117,2011-07-11,00164375,00001301,O,AIRPORT,0000
300,SQ,0117,2011-07-11,00164277,00004328,O,AIRPORT,0000
300,SQ,0117,2011-07-11,00164261,00002237,O,AIRPORT,0000
300,SQ,0117,2011-07-11,00164171,00002504,O,AIRPORT,0000
300,SQ,0117,2011-07-11,00164210,00001442,O,AIRPORT,0000
300,SQ,0117,2011-07-11,00164326,00002551,O,AIRPORT,0000
300,SQ,0117,2011-07-11,00164369,00002551,O,AIRPORT,0000
300,SQ,0117,2011-07-11,00164327,00002599,O,AIRPORT,0000
300,SQ,0117,2011-07-11,00164181,00001918,O,AIRPORT,0000
300,SQ,0117,2011-07-11,00164151,00000571,O,AIRPORT,0000
300,SQ,0117,2011-07-11,00164295,00000312,O,AIRPORT,0000
300,SQ,0117,2011-07-11,00164315,00004480,O,AIRPORT,0000
300,SQ,0117,2011-07-11,00164224,00001337,O,AIRPORT,0000
300,SQ,0117,2011-07-11,00164201,00003185,O,AIRPORT,0000
300,SQ,0117,2011-07-11,00164298,00001908,O,AIRPORT,0000
300,SQ,0117,2011-07-11,00164217,00000036,O,AIRPORT,0000
300,SQ,0117,2011-07-11,00164136,00002780,O,AIRPORT,0000
300,SQ,0117,2011-07-11,00164347,00002791,O,AIRPORT,0000
300,SQ,0117,2011-07-11,00164378,00002978,O,AIRPORT,0000
300,SQ,0117,2011-07-11,00164341,00000327,O,AIRPORT,0000
300,SQ,0117,2011-07-11,00164150,00002208,O,AIRPORT,0000
300,SQ,0117,2011-07-11,00164218,00002532,O,AIRPORT,0000
300,SQ,0117,2011-07-11,00164180,00000626,O,AIRPORT,0000
300,SQ,0117,2011-07-11,00164352,00003915,O,AIRPORT,0000
300,SQ,0117,2011-07-11,00164348,00002072,O,AIRPORT,0000
300,SQ,0117,2011-07-11,00164163,00000917,O,AIRPORT,0000
300,SQ,0117,2011-07-11,00164148,00003169,O,AIRPORT,0000
300,SQ,0117,2011-07-11,00164207,00000447,O,AIRPORT,0000
300,SQ,0117,2011-07-11,00164293,00003144,O,AIRPORT,0000
300,SQ,0117,2011-07-11,00164365,00003040,O,AIRPORT,0000
300,SQ,0117,2011-07-11,00164255,00002657,O,AIRPORT,0000
300,SQ,0117,2011-07-11,00164254,00002154,O,AIRPORT,0000
300,SQ,0117,2011-07-11,00164206,00000318,O,AIRPORT,0000
300,SQ,0117,2011-07-11,00164223,00002129,O,AIRPORT,0000
300,SQ,0117,2011-07-11,00164145,00002954,O,AIRPORT,0000
300,SQ,0117,2011-07-11,00164301,00001525,O,AIRPORT,0000
300,SQ,0117,2011-07-11,00164340,00004495,O,AIRPORT,0000
300,SQ,0117,2011-07-11,00164329,00001394,O,AIRPORT,0000
300,SQ,0117,2011-07-11,00164154,00003337,O,AIRPORT,0000
300,SQ,0117,2011-07-11,00164243,00002207,O,AIRPORT,0000
300,SQ,0117,2011-07-11,00164166,00004361,O,AIRPORT,0000
300,SQ,0117,2011-07-11,00164157,00004398,O,AIRPORT,0000
300,SQ,0117,2011-07-11,00164176,00000142,O,AIRPORT,0000
300,SQ,0117,2011-07-11,00164330,00004131,O,AIRPORT,0000
300,SQ,0117,2011-07-11,00164179,00002757,O,AIRPORT,0000
300,SQ,0117,2011-07-11,00164302,00002847,O,AIRPORT,0000
300,SQ,0117,2011-07-11,00164364,00002827,O,AIRPORT,0000
300,SQ,0117,2011-07-11,00164259,00003311,O,AIRPORT,0000
300,SQ,0117,2011-07-11,00164189,00004287,O,AIRPORT,0000
300,SQ,0117,2011-07-11,00164227,00001296,O,AIRPORT,0000
300,SQ,0117,2011-07-11,00164158,00000556,O,AIRPORT,0000
300,SQ,0117,2011-07-11,00164222,00004634,O,AIRPORT,0000
300,SQ,0117,2011-07-11,00164152,00002882,O,AIRPORT,0000
300,SQ,0117,2011-07-11,00164191,00001945,O,AIRPORT,0000
300,SQ,0117,2011-07-11,00164241,00004556,O,AIRPORT,0000
300,SQ,0117,2011-07-11,00164175,00000798,O,AIRPORT,0000
300,SQ,0117,2011-07-11,00164251,00004219,O,AIRPORT,0000
300,SQ,0117,2011-07-11,00164249,00002201,O,AIRPORT,0000
300,SQ,0117,2011-07-11,00164328,00003566,O,AIRPORT,0000
300,SQ,0117,2011-07-11,00164363,00000336,O,AIRPORT,0000
300,SQ,0117,2011-07-11,00164216,00002550,O,AIRPORT,0000
300,SQ,0117,2011-07-11,00164260,00003759,O,AIRPORT,0000
300,SQ,2,2011-09-22,18620,1414,O,AIRPORT,
300,SQ,0117,2011-07-11,00164331,00000195,O,AIRPORT,0000
300,SQ,2,2011-09-22,18728,423,O,AIRPORT,
300,SQ,0117,2011-07-11,00164279,00002679,O,AIRPORT,0000
300,SQ,2,2011-09-22,18510,864,O,AIRPORT,
300,SQ,0117,2011-07-11,00164291,00000534,O,AIRPORT,0000
300,SQ,0117,2011-07-11,00164265,00000444,O,AIRPORT,0000
300,SQ,2,2011-09-22,18702,3053,O,AIRPORT,
300,SQ,0117,2011-07-11,00164153,00001537,O,AIRPORT,0000
300,SQ,2,2011-09-22,18531,491,O,AIRPORT,
300,SQ,0117,2011-07-11,00164288,00003454,O,AIRPORT,0000
300,SQ,2,2011-09-22,18527,3525,O,AIRPORT,
300,SQ,0117,2011-07-11,00164310,00001181,O,AIRPORT,0000
300,SQ,2,2011-09-22,18664,407,O,AIRPORT,
300,SQ,0117,2011-07-11,00164300,00003613,O,AIRPORT,0000
300,SQ,2,2011-09-22,18567,2779,O,AIRPORT,
300,SQ,0117,2011-07-11,00164197,00003707,O,AIRPORT,0000
300,SQ,0117,2011-07-11,00164351,00001617,O,AIRPORT,0000
300,SQ,0117,2011-07-11,00164253,00002568,O,AIRPORT,0000
300,SQ,2,2011-09-22,18660,2376,O,AIRPORT,
300,SQ,0117,2011-07-11,00164234,00001227,O,AIRPORT,0000
300,SQ,2,2011-09-22,18659,2376,O,AIRPORT,
300,SQ,2,2011-09-22,18548,738,O,AIRPORT,
300,SQ,0117,2011-07-11,00164230,00002940,O,AIRPORT,0000
300,SQ,0117,2011-07-11,00164200,00000510,O,AIRPORT,0000
300,SQ,2,2011-09-22,18487,2593,O,AIRPORT,
300,SQ,0117,2011-07-11,00164349,00004182,O,AIRPORT,0000
300,SQ,2,2011-09-22,18497,1187,O,AIRPORT,
300,SQ,2,2011-09-22,18555,2177,O,AIRPORT,
300,SQ,0117,2011-07-11,00164214,00002106,O,AIRPORT,0000
300,SQ,0117,2011-07-11,00164178,00003917,O,AIRPORT,0000
300,SQ,2,2011-09-22,18500,1604,O,AIRPORT,
300,SQ,0117,2011-07-11,00164366,00003279,O,AIRPORT,0000
300,SQ,2,2011-09-22,18529,1604,O,AIRPORT,
300,SQ,0117,2011-07-11,00164267,00002383,O,AIRPORT,0000
300,SQ,2,2011-09-22,18553,1854,O,AIRPORT,
300,SQ,0117,2011-07-11,00164321,00001315,O,AIRPORT,0000
300,SQ,2,2011-09-22,18605,377,O,AIRPORT,
300,SQ,0117,2011-07-11,00164160,00001315,O,AIRPORT,0000
300,SQ,2,2011-09-22,18543,377,O,AIRPORT,
300,SQ,0117,2011-07-11,00164141,00001522,O,AIRPORT,0000
300,SQ,2,2011-09-22,18589,1203,O,AIRPORT,
300,SQ,0117,2011-07-11,00164319,00003289,O,AIRPORT,0000
300,SQ,2,2011-09-22,18640,462,O,AIRPORT,
300,SQ,0117,2011-07-11,00164357,00001184,O,AIRPORT,0000
300,SQ,2,2011-09-22,18673,3251,O,AIRPORT,
300,SQ,0117,2011-07-11,00164215,00000309,O,AIRPORT,0000
300,SQ,2,2011-09-22,18560,859,O,AIRPORT,
300,SQ,0117,2011-07-11,00164371,00003909,O,AIRPORT,0000
300,SQ,2,2011-09-22,18585,1425,O,AIRPORT,
300,SQ,0117,2011-07-11,00164142,00001103,O,AIRPORT,0000
300,SQ,2,2011-09-22,18599,126,O,AIRPORT,
300,SQ,0117,2011-07-11,00164193,00004015,O,AIRPORT,0000
300,SQ,2,2011-09-22,18498,4200,O,AIRPORT,
300,SQ,0117,2011-07-11,00164219,00002564,O,AIRPORT,0000
300,SQ,2,2011-09-22,18499,4200,O,AIRPORT,
300,SQ,0117,2011-07-11,00164144,00003443,O,AIRPORT,0000
300,SQ,2,2011-09-22,18520,239,O,AIRPORT,
300,SQ,0117,2011-09-19,00166726,00003158,O,AIRPORT,0000
300,SQ,2,2011-09-22,18597,554,O,AIRPORT,
300,SQ,0117,2011-09-19,00166725,00001528,O,AIRPORT,0000
300,SQ,2,2011-09-22,18655,580,O,AIRPORT,
300,SQ,0117,2011-09-19,00166852,00001088,O,AIRPORT,0000
300,SQ,2,2011-09-22,18696,347,O,AIRPORT,
300,SQ,0117,2011-09-19,00166657,00000285,O,AIRPORT,0000
300,SQ,0117,2011-09-19,00166876,00000892,O,AIRPORT,0000
300,SQ,2,2011-09-22,18593,2081,O,AIRPORT,
300,SQ,0117,2011-09-19,00166758,00000817,O,AIRPORT,0000
300,SQ,2,2011-09-22,18700,2792,O,AIRPORT,
300,SQ,0117,2011-09-19,00166872,00004276,O,AIRPORT,0000
300,SQ,2,2011-09-22,18568,4445,O,AIRPORT,
300,SQ,0117,2011-09-19,00166660,00002680,O,AIRPORT,0000
300,SQ,2,2011-09-22,18630,1142,O,AIRPORT,
300,SQ,0117,2011-09-19,00166771,00002175,O,AIRPORT,0000
300,SQ,2,2011-09-22,18492,2647,O,AIRPORT,
300,SQ,0117,2011-09-19,00166858,00002175,O,AIRPORT,0000
300,SQ,0117,2011-09-19,00166861,00001781,O,AIRPORT,0000
300,SQ,0117,2011-09-19,00166687,00002660,O,AIRPORT,0000
300,SQ,0117,2011-09-19,00166683,00001317,O,AIRPORT,0000
300,SQ,0117,2011-09-19,00166838,00001834,O,AIRPORT,0000
300,SQ,0117,2011-09-19,00166690,00000214,O,AIRPORT,0000
300,SQ,0117,2011-09-19,00166671,00004546,O,AIRPORT,0000
300,SQ,0117,2011-09-19,00166665,00003053,O,AIRPORT,0000
300,SQ,0117,2011-09-19,00166850,00004374,O,AIRPORT,0000
300,SQ,0117,2011-09-19,00166809,00004409,O,AIRPORT,0000
300,SQ,0117,2011-09-19,00166673,00002355,O,AIRPORT,0000
300,SQ,0117,2011-09-19,00166834,00003571,O,AIRPORT,0000
300,SQ,0117,2011-09-19,00166739,00003006,O,AIRPORT,0000
300,SQ,0117,2011-09-19,00166879,00002732,O,AIRPORT,0000
300,SQ,0117,2011-09-19,00166681,00000407,O,AIRPORT,0000
300,SQ,0117,2011-09-19,00166666,00002371,O,AIRPORT,0000
300,SQ,0117,2011-09-19,00166688,00004101,O,AIRPORT,0000
300,SQ,0117,2011-09-19,00166715,00002995,O,AIRPORT,0000
300,SQ,0117,2011-09-19,00166814,00002722,O,AIRPORT,0000
300,SQ,0117,2011-09-19,00166729,00000443,O,AIRPORT,0000
300,SQ,0117,2011-09-19,00166813,00004416,O,AIRPORT,0000
300,SQ,0117,2011-09-19,00166846,00001377,O,AIRPORT,0000
300,SQ,0117,2011-09-19,00166754,00003608,O,AIRPORT,0000
300,SQ,0117,2011-09-19,00166823,00001266,O,AIRPORT,0000
300,SQ,0117,2011-09-19,00166756,00002475,O,AIRPORT,0000
300,SQ,0117,2011-09-19,00166731,00002143,O,AIRPORT,0000
300,SQ,0117,2011-09-19,00166767,00003586,O,AIRPORT,0000
300,SQ,0117,2011-09-19,00166637,00001578,O,AIRPORT,0000
300,SQ,0117,2011-09-19,00166796,00004066,O,AIRPORT,0000
300,SQ,0117,2011-09-19,00166822,00002909,O,AIRPORT,0000
300,SQ,0117,2011-09-19,00166635,00001299,O,AIRPORT,0000
300,SQ,0117,2011-09-19,00166639,00004513,O,AIRPORT,0000
300,SQ,0117,2011-09-19,00166764,00004026,O,AIRPORT,0000
300,SQ,0117,2011-09-19,00166664,00002052,O,AIRPORT,0000
300,SQ,0117,2011-09-19,00166710,00001004,O,AIRPORT,0000
300,SQ,0117,2011-09-19,00166800,00002007,O,AIRPORT,0000
300,SQ,0117,2011-09-19,00166785,00001800,O,AIRPORT,0000
300,SQ,0117,2011-09-19,00166819,00001816,O,AIRPORT,0000
300,SQ,0117,2011-09-19,00166680,00000305,O,AIRPORT,0000
300,SQ,0117,2011-09-19,00166848,00004155,O,AIRPORT,0000
300,SQ,2,2011-09-22,18719,1774,O,AIRPORT,
300,SQ,0117,2011-09-19,00166684,00000515,O,AIRPORT,0000
300,SQ,2,2011-09-22,18675,1774,O,AIRPORT,
300,SQ,0117,2011-09-19,00166646,00000660,O,AIRPORT,0000
300,SQ,2,2011-09-22,18668,3190,O,AIRPORT,
300,SQ,0117,2011-09-19,00166827,00002615,O,AIRPORT,0000
300,SQ,2,2011-09-22,18572,252,O,AIRPORT,
300,SQ,0117,2011-09-19,00166875,00003309,O,AIRPORT,0000
300,SQ,2,2011-09-22,18721,2922,O,AIRPORT,
300,SQ,0117,2011-09-19,00166882,00002986,O,AIRPORT,0000
300,SQ,2,2011-09-22,18596,1549,O,AIRPORT,
300,SQ,0117,2011-09-19,00166793,00001499,O,AIRPORT,0000
300,SQ,2,2011-09-22,18547,4084,O,AIRPORT,
300,SQ,0117,2011-09-19,00166774,00000884,O,AIRPORT,0000
300,SQ,2,2011-09-22,18656,3539,O,AIRPORT,
300,SQ,0117,2011-09-19,00166761,00003535,O,AIRPORT,0000
300,SQ,2,2011-09-22,18598,2713,O,AIRPORT,
300,SQ,0117,2011-09-19,00166869,00004208,O,AIRPORT,0000
300,SQ,2,2011-09-22,18583,30,O,AIRPORT,
300,SQ,0117,2011-09-19,00166651,00004208,O,AIRPORT,0000
300,SQ,2,2011-09-22,18574,1500,O,AIRPORT,
300,SQ,0117,2011-09-19,00166871,00003656,O,AIRPORT,0000
300,SQ,2,2011-09-22,18549,1532,O,AIRPORT,
300,SQ,0117,2011-09-19,00166770,00002413,O,AIRPORT,0000
300,SQ,2,2011-09-22,18539,3460,O,AIRPORT,
300,SQ,0117,2011-09-19,00166633,00004456,O,AIRPORT,0000
300,SQ,2,2011-09-22,18628,3601,O,AIRPORT,
300,SQ,0117,2011-09-19,00166804,00001432,O,AIRPORT,0000
300,SQ,2,2011-09-22,18677,3601,O,AIRPORT,
300,SQ,0117,2011-09-19,00166755,00003070,O,AIRPORT,0000
300,SQ,2,2011-09-22,18577,1385,O,AIRPORT,
300,SQ,2,2011-09-22,18482,1341,O,AIRPORT,
300,SQ,0117,2011-09-19,00166818,00001580,O,AIRPORT,0000
300,SQ,2,2011-09-22,18565,515,O,AIRPORT,
300,SQ,0117,2011-09-19,00166674,00001489,O,AIRPORT,0000
300,SQ,2,2011-09-22,18645,2017,O,AIRPORT,
300,SQ,0117,2011-09-19,00166851,00000570,O,AIRPORT,0000
300,SQ,2,2011-09-22,18692,1114,O,AIRPORT,
300,SQ,0117,2011-09-19,00166716,00001663,O,AIRPORT,0000
300,SQ,2,2011-09-22,18564,1499,O,AIRPORT,
300,SQ,0117,2011-09-19,00166810,00004205,O,AIRPORT,0000
300,SQ,2,2011-09-22,18570,3489,O,AIRPORT,
300,SQ,0117,2011-09-19,00166808,00001135,O,AIRPORT,0000
300,SQ,2,2011-09-22,18507,3489,O,AIRPORT,
300,SQ,0117,2011-09-19,00166841,00002782,O,AIRPORT,0000
300,SQ,2,2011-09-22,18490,3489,O,AIRPORT,
300,SQ,0117,2011-09-19,00166751,00003984,O,AIRPORT,0000
300,SQ,2,2011-09-22,18603,2397,O,AIRPORT,
300,SQ,0117,2011-09-19,00166685,00000973,O,AIRPORT,0000
300,SQ,2,2011-09-22,18488,2652,O,AIRPORT,
300,SQ,0117,2011-09-19,00166784,00001759,O,AIRPORT,0000
300,SQ,2,2011-09-22,18552,2659,O,AIRPORT,
300,SQ,0117,2011-09-19,00166799,00001326,O,AIRPORT,0000
300,SQ,2,2011-09-22,18480,3374,O,AIRPORT,
300,SQ,0117,2011-09-19,00166640,00003459,O,AIRPORT,0000
300,SQ,2,2011-09-22,18566,1534,O,AIRPORT,
300,SQ,2,2011-09-22,18594,64,O,AIRPORT,
300,SQ,0117,2011-09-19,00166805,00003756,O,AIRPORT,0000
300,SQ,2,2011-09-22,18678,64,O,AIRPORT,
300,SQ,0117,2011-09-19,00166727,00003030,O,AIRPORT,0000
300,SQ,2,2011-09-22,18559,1353,O,AIRPORT,
300,SQ,0117,2011-09-19,00166732,00001694,O,AIRPORT,0000
300,SQ,2,2011-09-22,18521,639,O,AIRPORT,
300,SQ,0117,2011-09-19,00166795,00003554,O,AIRPORT,0000
300,SQ,2,2011-09-22,18516,4115,O,AIRPORT,
300,SQ,0117,2011-09-19,00166855,00004430,O,AIRPORT,0000
300,SQ,2,2011-09-22,18595,4302,O,AIRPORT,
300,SQ,0117,2011-09-19,00166815,00001678,O,AIRPORT,0000
300,SQ,2,2011-09-22,18612,1195,O,AIRPORT,
300,SQ,0117,2011-09-19,00166842,00001270,O,AIRPORT,0000
300,SQ,2,2011-09-22,18646,4613,O,AIRPORT,
300,SQ,0117,2011-09-19,00166750,00003380,O,AIRPORT,0000
300,SQ,2,2011-09-22,18647,3791,O,AIRPORT,
300,SQ,0117,2011-09-19,00166670,00000674,O,AIRPORT,0000
300,SQ,2,2011-09-22,18701,3730,O,AIRPORT,
300,SQ,2,2011-09-22,18688,4525,O,AIRPORT,
300,SQ,0117,2011-09-19,00166736,00000837,O,AIRPORT,0000
300,SQ,2,2011-09-22,18504,3802,O,AIRPORT,
300,SQ,0117,2011-09-19,00166783,00001287,O,AIRPORT,0000
300,SQ,2,2011-09-22,18494,2770,O,AIRPORT,
300,SQ,0117,2011-09-19,00166691,00001304,O,AIRPORT,0000
300,SQ,2,2011-09-22,18523,569,O,AIRPORT,
300,SQ,2,2011-09-22,18725,1878,O,AIRPORT,
300,SQ,2,2011-09-22,18582,1449,O,AIRPORT,
300,SQ,0117,2011-09-19,00166645,00002346,O,AIRPORT,0000
300,SQ,2,2011-09-22,18491,2642,O,AIRPORT,
300,SQ,0117,2011-09-19,00166791,00002211,O,AIRPORT,0000
300,SQ,2,2011-09-22,18546,1705,O,AIRPORT,
300,SQ,0117,2011-09-19,00166870,00000718,O,AIRPORT,0000
300,SQ,2,2011-09-22,18720,4027,O,AIRPORT,
300,SQ,0117,2011-09-19,00166847,00003816,O,AIRPORT,0000
300,SQ,2,2011-09-22,18576,2167,O,AIRPORT,
300,SQ,0117,2011-09-19,00166694,00001660,O,AIRPORT,0000
300,SQ,2,2011-09-22,18638,1852,O,AIRPORT,
300,SQ,2,2011-09-22,18639,70,O,AIRPORT,
300,SQ,0117,2011-09-19,00166648,00000132,O,AIRPORT,0000
300,SQ,2,2011-09-22,18584,2840,O,AIRPORT,
300,SQ,0117,2011-09-19,00166641,00002008,O,AIRPORT,0000
300,SQ,2,2011-09-22,18540,3881,O,AIRPORT,
300,SQ,0117,2011-09-19,00166658,00000380,O,AIRPORT,0000
300,SQ,2,2011-09-22,18690,388,O,AIRPORT,
300,SQ,0117,2011-09-19,00166719,00004356,O,AIRPORT,0000
300,SQ,2,2011-09-22,18619,1795,O,AIRPORT,
300,SQ,0117,2011-09-19,00166829,00001858,O,AIRPORT,0000
300,SQ,2,2011-09-22,18575,1404,O,AIRPORT,
300,SQ,0117,2011-09-19,00166696,00000814,O,AIRPORT,0000
300,SQ,2,2011-09-22,18610,2911,O,AIRPORT,
300,SQ,2,2011-09-22,18609,2911,O,AIRPORT,
300,SQ,0117,2011-09-19,00166711,00003130,O,AIRPORT,0000
300,SQ,2,2011-09-22,18604,2291,O,AIRPORT,
300,SQ,0117,2011-09-19,00166776,00003203,O,AIRPORT,0000
300,SQ,2,2011-09-22,18606,1913,O,AIRPORT,
300,SQ,0117,2011-09-19,00166749,00001145,O,AIRPORT,0000
300,SQ,2,2011-09-22,18727,1116,O,AIRPORT,
300,SQ,0117,2011-09-19,00166636,00003320,O,AIRPORT,0000
300,SQ,2,2011-09-22,18710,1683,O,AIRPORT,
300,SQ,0117,2011-09-19,00166718,00000569,O,AIRPORT,0000
300,SQ,2,2011-09-22,18515,500,O,AIRPORT,
300,SQ,0117,2011-09-19,00166874,00002789,O,AIRPORT,0000
300,SQ,2,2011-09-22,18726,2457,O,AIRPORT,
300,SQ,0117,2011-09-19,00166705,00001035,O,AIRPORT,0000
300,SQ,2,2011-09-22,18580,1271,O,AIRPORT,
300,SQ,2,2011-09-22,18579,1323,O,AIRPORT,
300,SQ,0117,2011-09-19,00166649,00003051,O,AIRPORT,0000
300,SQ,2,2011-09-22,18631,3216,O,AIRPORT,
300,SQ,0117,2011-09-19,00166738,00000726,O,AIRPORT,0000
300,SQ,2,2011-09-22,18670,71,O,AIRPORT,
300,SQ,0117,2011-09-19,00166709,00003102,O,AIRPORT,0000
300,SQ,2,2011-09-22,18513,251,O,AIRPORT,
300,SQ,0117,2011-09-19,00166825,00001514,O,AIRPORT,0000
300,SQ,2,2011-09-22,18712,593,O,AIRPORT,
300,SQ,0117,2011-09-19,00166786,00000404,O,AIRPORT,0000
300,SQ,2,2011-09-22,18484,424,O,AIRPORT,
300,SQ,0117,2011-09-19,00166692,00001605,O,AIRPORT,0000
300,SQ,2,2011-09-22,18479,4106,O,AIRPORT,
300,SQ,0117,2011-09-19,00166747,00001623,O,AIRPORT,0000
300,SQ,2,2011-09-22,18478,4106,O,AIRPORT,
300,SQ,0117,2011-09-19,00166859,00000697,O,AIRPORT,0000
300,SQ,2,2011-09-22,18713,2549,O,AIRPORT,
300,SQ,0117,2011-09-19,00166837,00000606,O,AIRPORT,0000
300,SQ,2,2011-09-22,18709,4181,O,AIRPORT,
300,SQ,0117,2011-09-19,00166686,00001194,O,AIRPORT,0000
300,SQ,2,2011-09-22,18679,4379,O,AIRPORT,
300,SQ,0117,2011-09-19,00166677,00002089,O,AIRPORT,0000
300,SQ,2,2011-09-22,18495,4267,O,AIRPORT,
300,SQ,0117,2011-09-19,00166714,00001137,O,AIRPORT,0000
300,SQ,2,2011-09-22,18557,2399,O,AIRPORT,
300,SQ,0117,2011-09-19,00166644,00000033,O,AIRPORT,0000
300,SQ,2,2011-09-22,18505,3704,O,AIRPORT,
300,SQ,0117,2011-09-19,00166730,00001588,O,AIRPORT,0000
300,SQ,2,2011-09-22,18714,2411,O,AIRPORT,
300,SQ,0117,2011-09-19,00166782,00001588,O,AIRPORT,0000
300,SQ,2,2011-09-22,18642,3303,O,AIRPORT,
300,SQ,0117,2011-09-19,00166707,00003455,O,AIRPORT,0000
300,SQ,2,2011-09-22,18618,3618,O,AIRPORT,
300,SQ,2,2011-09-22,18522,1199,O,AIRPORT,
300,SQ,0117,2011-09-19,00166706,00003455,O,AIRPORT,0000
300,SQ,2,2011-09-22,18622,3931,O,AIRPORT,
300,SQ,0117,2011-09-19,00166652,00001325,O,AIRPORT,0000
300,SQ,2,2011-09-22,18633,2709,O,AIRPORT,
300,SQ,0117,2011-09-19,00166712,00001940,O,AIRPORT,0000
300,SQ,2,2011-09-22,18508,2879,O,AIRPORT,
300,SQ,0117,2011-09-19,00166693,00001963,O,AIRPORT,0000
300,SQ,2,2011-09-22,18626,4589,O,AIRPORT,
300,SQ,0117,2011-09-19,00166721,00000362,O,AIRPORT,0000
300,SQ,2,2011-09-22,18512,4608,O,AIRPORT,
300,SQ,0117,2011-09-19,00166724,00000829,O,AIRPORT,0000
300,SQ,2,2011-09-22,18641,1002,O,AIRPORT,
300,SQ,0117,2011-09-19,00166788,00003041,O,AIRPORT,0000
300,SQ,2,2011-09-22,18674,987,O,AIRPORT,
300,SQ,0117,2011-09-19,00166759,00003303,O,AIRPORT,0000
300,SQ,2,2011-09-22,18684,2874,O,AIRPORT,
300,SQ,0117,2011-09-19,00166723,00004387,O,AIRPORT,0000
300,SQ,2,2011-09-22,18635,1972,O,AIRPORT,
300,SQ,0117,2011-09-19,00166699,00001563,O,AIRPORT,0000
300,SQ,2,2011-09-22,18644,706,O,AIRPORT,
300,SQ,0117,2011-09-19,00166700,00001199,O,AIRPORT,0000
300,SQ,2,2011-09-22,18503,4150,O,AIRPORT,
300,SQ,0117,2011-09-19,00166787,00001241,O,AIRPORT,0000
300,SQ,2,2011-09-22,18502,4150,O,AIRPORT,
300,SQ,2,2011-09-22,18662,3775,O,AIRPORT,
300,SQ,0117,2011-09-19,00166862,00001594,O,AIRPORT,0000
300,SQ,2,2011-09-22,18636,1742,O,AIRPORT,
300,SQ,0117,2011-09-19,00166807,00000035,O,AIRPORT,0000
300,SQ,2,2011-09-22,18509,2197,O,AIRPORT,
300,SQ,0117,2011-09-19,00166701,00001264,O,AIRPORT,0000
300,SQ,2,2011-09-22,18489,4000,O,AIRPORT,
300,SQ,0117,2011-09-19,00166854,00000470,O,AIRPORT,0000
300,SQ,2,2011-09-22,18694,3974,O,AIRPORT,
300,SQ,0117,2011-09-19,00166790,00000485,O,AIRPORT,0000
300,SQ,2,2011-09-22,18663,586,O,AIRPORT,
300,SQ,0117,2011-09-19,00166801,00000900,O,AIRPORT,0000
300,SQ,2,2011-09-22,18693,2916,O,AIRPORT,
300,SQ,0117,2011-09-19,00166708,00003520,O,AIRPORT,0000
300,SQ,2,2011-09-22,18657,3139,O,AIRPORT,
300,SQ,0117,2011-09-19,00166878,00003401,O,AIRPORT,0000
300,SQ,2,2011-09-22,18614,2925,O,AIRPORT,
300,SQ,0117,2011-09-19,00166668,00002329,O,AIRPORT,0000
300,SQ,2,2011-09-22,18704,4070,O,AIRPORT,
300,SQ,0117,2011-09-19,00166675,00002266,O,AIRPORT,0000
300,SQ,2,2011-09-22,18705,4070,O,AIRPORT,
300,SQ,0117,2011-09-19,00166794,00000080,O,AIRPORT,0000
300,SQ,2,2011-09-22,18545,948,O,AIRPORT,
300,SQ,0117,2011-09-19,00166792,00001075,O,AIRPORT,0000
300,SQ,2,2011-09-22,18561,835,O,AIRPORT,
300,SQ,0117,2011-09-19,00166840,00002673,O,AIRPORT,0000
300,SQ,2,2011-09-22,18695,630,O,AIRPORT,
300,SQ,0117,2011-09-19,00166863,00002605,O,AIRPORT,0000
300,SQ,2,2011-09-22,18518,2945,O,AIRPORT,
300,SQ,0117,2011-09-19,00166740,00001535,O,AIRPORT,0000
300,SQ,2,2011-09-22,18718,2234,O,AIRPORT,
300,SQ,2,2011-09-22,18629,330,O,AIRPORT,
300,SQ,0117,2011-09-19,00166650,00003118,O,AIRPORT,0000
300,SQ,2,2011-09-22,18661,2078,O,AIRPORT,
300,SQ,0117,2011-09-19,00166778,00002182,O,AIRPORT,0000
300,SQ,2,2011-09-22,18485,1098,O,AIRPORT,
300,SQ,0117,2011-09-19,00166703,00004385,O,AIRPORT,0000
300,SQ,2,2011-09-22,18634,3373,O,AIRPORT,
300,SQ,0117,2011-09-19,00166802,00000263,O,AIRPORT,0000
300,SQ,2,2011-09-22,18483,3976,O,AIRPORT,
300,SQ,0117,2011-09-19,00166806,00001372,O,AIRPORT,0000
300,SQ,2,2011-09-22,18556,3131,O,AIRPORT,
300,SQ,0117,2011-09-19,00166768,00002467,O,AIRPORT,0000
300,SQ,2,2011-09-22,18672,3015,O,AIRPORT,
300,SQ,0117,2011-09-19,00166844,00000227,O,AIRPORT,0000
300,SQ,2,2011-09-22,18569,44,O,AIRPORT,
300,SQ,0117,2011-09-19,00166663,00003555,O,AIRPORT,0000
300,SQ,2,2011-09-22,18666,2054,O,AIRPORT,
300,SQ,0117,2011-09-19,00166766,00004544,O,AIRPORT,0000
300,SQ,2,2011-09-22,18648,22,O,AIRPORT,
300,SQ,0117,2011-09-19,00166661,00001314,O,AIRPORT,0000
300,SQ,2,2011-09-22,18632,1934,O,AIRPORT,
300,SQ,0117,2011-09-19,00166678,00000032,O,AIRPORT,0000
300,SQ,2,2011-09-22,18613,3936,O,AIRPORT,
300,SQ,0117,2011-09-19,00166856,00002123,O,AIRPORT,0000
300,SQ,2,2011-09-22,18722,3936,O,AIRPORT,
300,SQ,2,2011-09-22,18542,3813,O,AIRPORT,
300,SQ,0117,2011-09-19,00166682,00001011,O,AIRPORT,0000
300,SQ,2,2011-09-22,18524,3813,O,AIRPORT,
300,SQ,0117,2011-09-19,00166757,00004029,O,AIRPORT,0000
300,SQ,2,2011-09-22,18617,4166,O,AIRPORT,
300,SQ,0117,2011-09-19,00166735,00003753,O,AIRPORT,0000
300,SQ,2,2011-09-22,18601,3348,O,AIRPORT,
300,SQ,0117,2011-09-19,00166816,00000474,O,AIRPORT,0000
300,SQ,2,2011-09-22,18699,2378,O,AIRPORT,
300,SQ,0117,2011-09-19,00166704,00001370,O,AIRPORT,0000
300,SQ,2,2011-09-22,18525,3689,O,AIRPORT,
300,SQ,0117,2011-09-19,00166769,00003718,O,AIRPORT,0000
300,SQ,2,2011-09-22,18514,2580,O,AIRPORT,
300,SQ,0117,2011-09-19,00166781,00003718,O,AIRPORT,0000
300,SQ,2,2011-09-22,18554,3903,O,AIRPORT,
300,SQ,0117,2011-09-19,00166833,00000856,O,AIRPORT,0000
300,SQ,2,2011-09-22,18703,2718,O,AIRPORT,
300,SQ,0117,2011-09-19,00166832,00000856,O,AIRPORT,0000
300,SQ,2,2011-09-22,18643,4603,O,AIRPORT,
300,SQ,0117,2011-09-19,00166722,00000015,O,AIRPORT,0000
300,SQ,2,2011-09-22,18573,785,O,AIRPORT,
300,SQ,0117,2011-09-19,00166713,00004313,O,AIRPORT,0000
300,SQ,2,2011-09-22,18665,1164,O,AIRPORT,
300,SQ,0117,2011-09-19,00166734,00004174,O,AIRPORT,0000
300,SQ,2,2011-09-22,18486,3732,O,AIRPORT,
300,SQ,0117,2011-09-19,00166865,00003868,O,AIRPORT,0000
300,SQ,2,2011-09-22,18621,1316,O,AIRPORT,
300,SQ,0117,2011-09-19,00166720,00003482,O,AIRPORT,0000
300,SQ,2,2011-09-22,18590,3084,O,AIRPORT,
300,SQ,0117,2011-09-19,00166773,00000912,O,AIRPORT,0000
300,SQ,2,2011-09-22,18586,1221,O,AIRPORT,
300,SQ,0117,2011-09-19,00166763,00003474,O,AIRPORT,0000
300,SQ,2,2011-09-22,18607,1384,O,AIRPORT,
300,SQ,0117,2011-09-19,00166655,00004636,O,AIRPORT,0000
300,SQ,2,2011-09-22,18536,2127,O,AIRPORT,
300,SQ,2,2011-09-22,18667,530,O,AIRPORT,
300,SQ,0117,2011-09-19,00166737,00001061,O,AIRPORT,0000
300,SQ,2,2011-09-22,18550,4268,O,AIRPORT,
300,SQ,0117,2011-09-19,00166777,00003467,O,AIRPORT,0000
300,SQ,2,2011-09-22,18676,4268,O,AIRPORT,
300,SQ,0117,2011-09-19,00166830,00001579,O,AIRPORT,0000
300,SQ,2,2011-09-22,18711,3676,O,AIRPORT,
300,SQ,0117,2011-09-19,00166864,00004478,O,AIRPORT,0000
300,SQ,2,2011-09-22,18658,2446,O,AIRPORT,
300,SQ,0117,2011-09-19,00166748,00000352,O,AIRPORT,0000
300,SQ,2,2011-09-22,18654,3094,O,AIRPORT,
300,SQ,0117,2011-09-19,00166743,00003745,O,AIRPORT,0000
300,SQ,2,2011-09-22,18698,2137,O,AIRPORT,
300,SQ,0117,2011-09-19,00166845,00000024,O,AIRPORT,0000
300,SQ,2,2011-09-22,18717,2190,O,AIRPORT,
300,SQ,0117,2011-09-19,00166695,00002730,O,AIRPORT,0000
300,SQ,2,2011-09-22,18697,2190,O,AIRPORT,
300,SQ,0117,2011-09-19,00166779,00003076,O,AIRPORT,0000
300,SQ,2,2011-09-22,18511,142,O,AIRPORT,
300,SQ,0117,2011-09-19,00166741,00000861,O,AIRPORT,0000
300,SQ,2,2011-09-22,18530,514,O,AIRPORT,
300,SQ,0117,2011-09-19,00166742,00002969,O,AIRPORT,0000
300,SQ,2,2011-09-22,18592,4485,O,AIRPORT,
300,SQ,0117,2011-09-19,00166868,00001435,O,AIRPORT,0000
300,SQ,2,2011-09-22,18707,746,O,AIRPORT,
300,SQ,0117,2011-09-19,00166867,00001435,O,AIRPORT,0000
300,SQ,2,2011-09-22,18506,1322,O,AIRPORT,
300,SQ,0117,2011-09-19,00166647,00003742,O,AIRPORT,0000
300,SQ,2,2011-09-22,18534,2797,O,AIRPORT,
300,SQ,0117,2011-09-19,00166820,00000531,O,AIRPORT,0000
300,SQ,2,2011-09-22,18558,1966,O,AIRPORT,
300,SQ,0117,2011-09-19,00166662,00000684,O,AIRPORT,0000
300,SQ,2,2011-09-22,18533,1054,O,AIRPORT,
300,SQ,0117,2011-09-19,00166656,00000514,O,AIRPORT,0000
300,SQ,2,2011-09-22,18608,2000,O,AIRPORT,
300,SQ,2,2011-09-22,18723,2806,O,AIRPORT,
300,SQ,0117,2011-09-19,00166765,00000732,O,AIRPORT,0000
300,SQ,2,2011-09-22,18501,1085,O,AIRPORT,
300,SQ,0117,2011-09-19,00166698,00000402,O,AIRPORT,0000
300,SQ,2,2011-09-22,18517,1034,O,AIRPORT,
300,SQ,0117,2011-09-19,00166697,00003198,O,AIRPORT,0000
300,SQ,2,2011-09-22,18624,845,O,AIRPORT,
300,SQ,0117,2011-09-19,00166798,00004495,O,AIRPORT,0000
300,SQ,2,2011-09-22,18681,609,O,AIRPORT,
300,SQ,0117,2011-09-19,00166659,00002430,O,AIRPORT,0000
300,SQ,2,2011-09-22,18541,3313,O,AIRPORT,
300,SQ,0117,2011-09-19,00166835,00001621,O,AIRPORT,0000
300,SQ,2,2011-09-22,18637,512,O,AIRPORT,
300,SQ,0117,2011-09-19,00166762,00001043,O,AIRPORT,0000
300,SQ,2,2011-09-22,18602,1048,O,AIRPORT,
300,SQ,0117,2011-09-19,00166789,00000410,O,AIRPORT,0000
300,SQ,2,2011-09-22,18615,147,O,AIRPORT,
300,SQ,0117,2011-09-19,00166667,00000609,O,AIRPORT,0000
300,SQ,2,2011-09-22,18587,725,O,AIRPORT,
300,SQ,0117,2011-09-19,00166672,00003773,O,AIRPORT,0000
300,SQ,2,2011-09-22,18537,2996,O,AIRPORT,
300,SQ,0117,2011-09-19,00166812,00002232,O,AIRPORT,0000
300,SQ,2,2011-09-22,18650,621,O,AIRPORT,
300,SQ,0117,2011-09-19,00166733,00002996,O,AIRPORT,0000
300,SQ,2,2011-09-22,18551,138,O,AIRPORT,
300,SQ,0117,2011-09-19,00166745,00000798,O,AIRPORT,0000
300,SQ,2,2011-09-22,18680,909,O,AIRPORT,
300,SQ,0117,2011-09-19,00166744,00000798,O,AIRPORT,0000
300,SQ,2,2011-09-22,18724,3174,O,AIRPORT,
300,SQ,0117,2011-09-19,00166828,00003729,O,AIRPORT,0000
300,SQ,2,2011-09-22,18526,4290,O,AIRPORT,
300,SQ,0117,2011-09-19,00166753,00003258,O,AIRPORT,0000
300,SQ,2,2011-09-22,18689,316,O,AIRPORT,
300,SQ,0117,2011-09-19,00166728,00004216,O,AIRPORT,0000
300,SQ,2,2011-09-22,18651,3551,O,AIRPORT,
300,SQ,0117,2011-09-19,00166843,00004362,O,AIRPORT,0000
300,SQ,2,2011-09-22,18652,3551,O,AIRPORT,
300,SQ,0117,2011-09-19,00166877,00004629,O,AIRPORT,0000
300,SQ,2,2011-09-22,18683,2669,O,AIRPORT,
300,SQ,0117,2011-09-19,00166780,00002784,O,AIRPORT,0000
300,SQ,2,2011-09-22,18682,2669,O,AIRPORT,
300,SQ,0117,2011-09-19,00166634,00003759,O,AIRPORT,0000
300,SQ,2,2011-09-22,18578,2702,O,AIRPORT,
300,SQ,0117,2011-09-19,00166752,00003680,O,AIRPORT,0000
300,SQ,2,2011-09-22,18623,2702,O,AIRPORT,
300,SQ,2,2011-09-22,18653,2058,O,AIRPORT,
300,SQ,0117,2011-09-19,00166717,00002669,O,AIRPORT,0000
300,SQ,2,2011-09-22,18496,2079,O,AIRPORT,
300,SQ,0117,2011-09-19,00166642,00002650,O,AIRPORT,0000
300,SQ,2,2011-09-22,18716,3613,O,AIRPORT,
300,SQ,0117,2011-09-19,00166654,00004241,O,AIRPORT,0000
300,SQ,2,2011-09-22,18715,3415,O,AIRPORT,
300,SQ,0117,2011-09-19,00166760,00004359,O,AIRPORT,0000
300,SQ,2,2011-09-22,18519,1733,O,AIRPORT,
300,SQ,0117,2011-09-19,00166772,00001138,O,AIRPORT,0000
300,SQ,2,2011-09-22,18611,1395,O,AIRPORT,
300,SQ,0117,2011-09-19,00166881,00002894,O,AIRPORT,0000
300,SQ,2,2011-09-22,18591,3692,O,AIRPORT,
300,SQ,0117,2011-09-19,00166775,00000927,O,AIRPORT,0000
300,SQ,2,2011-09-22,18686,2790,O,AIRPORT,
300,SQ,2,2011-09-22,18685,2790,O,AIRPORT,
300,SQ,0117,2011-09-19,00166821,00000927,O,AIRPORT,0000
300,SQ,2,2011-09-22,18562,2103,O,AIRPORT,
300,SQ,0117,2011-09-19,00166860,00001461,O,AIRPORT,0000
300,SQ,2,2011-09-22,18669,4439,O,AIRPORT,
300,SQ,0117,2011-09-19,00166866,00004620,O,AIRPORT,0000
300,SQ,2,2011-09-22,18477,4439,O,AIRPORT,
300,SQ,0117,2011-09-19,00166883,00000698,O,AIRPORT,0000
300,SQ,2,2011-09-22,18600,880,O,AIRPORT,
300,SQ,0117,2011-09-19,00166857,00001056,O,AIRPORT,0000
300,SQ,2,2011-09-22,18532,2377,O,AIRPORT,
300,SQ,0117,2011-09-19,00166831,00000664,O,AIRPORT,0000
300,SQ,2,2011-09-22,18588,2435,O,AIRPORT,
300,SQ,0117,2011-09-19,00166880,00004350,O,AIRPORT,0000
300,SQ,2,2011-09-22,18627,1338,O,AIRPORT,
300,SQ,0117,2011-09-19,00166638,00003912,O,AIRPORT,0000
300,SQ,2,2011-09-22,18625,4368,O,AIRPORT,
300,SQ,0117,2011-09-19,00166826,00001727,O,AIRPORT,0000
300,SQ,2,2011-09-22,18538,3920,O,AIRPORT,
300,SQ,0117,2011-09-19,00166873,00002736,O,AIRPORT,0000
300,SQ,2,2011-09-22,18528,1836,O,AIRPORT,
300,SQ,0117,2011-09-19,00166817,00001472,O,AIRPORT,0000
300,SQ,2,2011-09-22,18493,309,O,AIRPORT,
300,SQ,2,2011-09-22,18563,396,O,AIRPORT,
300,SQ,0117,2011-09-19,00166746,00002267,O,AIRPORT,0000
300,SQ,2,2011-09-22,18616,4541,O,AIRPORT,
300,SQ,0117,2011-09-19,00166824,00002799,O,AIRPORT,0000
300,SQ,2,2011-09-22,18481,2788,O,AIRPORT,
300,SQ,0117,2011-09-19,00166797,00002616,O,AIRPORT,0000
300,SQ,2,2010-06-24,2420,624,O,AIRPORT,
300,SQ,0117,2011-09-19,00166803,00004534,O,AIRPORT,0000
300,SQ,2,2010-06-24,2429,2726,O,AIRPORT,
300,SQ,0117,2011-09-19,00166669,00003797,O,AIRPORT,0000
300,SQ,2,2010-06-24,2303,3157,O,AIRPORT,
300,SQ,0117,2011-09-19,00166853,00000051,O,AIRPORT,0000
300,SQ,2,2010-06-24,2384,1149,O,AIRPORT,
300,SQ,0117,2011-09-19,00166811,00000648,O,AIRPORT,0000
300,SQ,0117,2011-09-19,00166836,00000710,O,AIRPORT,0000
300,SQ,0117,2011-09-19,00166702,00003557,O,AIRPORT,0000
300,SQ,2,2010-06-24,2349,3855,O,AIRPORT,
300,SQ,2,2010-06-24,2215,2010,O,AIRPORT,
300,SQ,2,2010-06-24,2376,2639,O,AIRPORT,
300,SQ,0117,2011-09-19,00166676,00000466,O,AIRPORT,0000
300,SQ,2,2010-06-24,2242,2701,O,AIRPORT,
300,SQ,0117,2011-09-19,00166849,00003620,O,AIRPORT,0000
300,SQ,2,2010-06-24,2399,1716,O,AIRPORT,
300,SQ,0117,2011-09-19,00166653,00003981,O,AIRPORT,0000
300,SQ,2,2010-06-24,2301,3485,O,AIRPORT,
300,SQ,0117,2011-09-19,00166679,00001684,O,AIRPORT,0000
300,SQ,2,2010-06-24,2291,1781,O,AIRPORT,
300,SQ,0117,2011-09-19,00166643,00000729,O,AIRPORT,0000
300,SQ,2,2010-06-24,2354,1121,O,AIRPORT,
300,SQ,0117,2011-09-19,00166689,00001047,O,AIRPORT,0000
300,SQ,2,2010-06-24,2239,3145,O,AIRPORT,
300,SQ,0117,2011-09-19,00166839,00001569,O,AIRPORT,0000
300,SQ,2,2010-06-24,2452,2487,O,AIRPORT,
300,SQ,0117,2011-05-23,00162489,00002587,O,AIRPORT,0000
300,SQ,2,2010-06-24,2267,56,O,AIRPORT,
300,SQ,0117,2011-05-23,00162471,00002441,O,AIRPORT,0000
300,SQ,2,2010-06-24,2342,2672,O,AIRPORT,
300,SQ,0117,2011-05-23,00162368,00001916,O,AIRPORT,0000
300,SQ,2,2010-06-24,2451,1172,O,AIRPORT,
300,SQ,0117,2011-05-23,00162580,00004043,O,AIRPORT,0000
300,SQ,2,2010-06-24,2274,1172,O,AIRPORT,
300,SQ,0117,2011-05-23,00162423,00002010,O,AIRPORT,0000
300,SQ,2,2010-06-24,2330,2355,O,AIRPORT,
300,SQ,2,2010-06-24,2310,3372,O,AIRPORT,
300,SQ,0117,2011-05-23,00162419,00002701,O,AIRPORT,0000
300,SQ,2,2010-06-24,2347,4374,O,AIRPORT,
300,SQ,0117,2011-05-23,00162606,00001414,O,AIRPORT,0000
300,SQ,2,2010-06-24,2297,753,O,AIRPORT,
300,SQ,0117,2011-05-23,00162417,00001608,O,AIRPORT,0000
300,SQ,2,2010-06-24,2416,4324,O,AIRPORT,
300,SQ,0117,2011-05-23,00162498,00003386,O,AIRPORT,0000
300,SQ,2,2010-06-24,2331,2202,O,AIRPORT,
300,SQ,0117,2011-05-23,00162562,00001598,O,AIRPORT,0000
300,SQ,2,2010-06-24,2271,1664,O,AIRPORT,
300,SQ,0117,2011-05-23,00162545,00000613,O,AIRPORT,0000
300,SQ,2,2010-06-24,2370,2873,O,AIRPORT,
300,SQ,0117,2011-05-23,00162525,00000528,O,AIRPORT,0000
300,SQ,2,2010-06-24,2237,1177,O,AIRPORT,
300,SQ,2,2010-06-24,2298,2025,O,AIRPORT,
300,SQ,0117,2011-05-23,00162472,00003028,O,AIRPORT,0000
300,SQ,2,2010-06-24,2270,1732,O,AIRPORT,
300,SQ,0117,2011-05-23,00162501,00000864,O,AIRPORT,0000
300,SQ,2,2010-06-24,2254,2503,O,AIRPORT,
300,SQ,0117,2011-05-23,00162392,00003145,O,AIRPORT,0000
300,SQ,2,2010-06-24,2206,3456,O,AIRPORT,
300,SQ,0117,2011-05-23,00162518,00000661,O,AIRPORT,0000
300,SQ,2,2010-06-24,2218,2170,O,AIRPORT,
300,SQ,0117,2011-05-23,00162452,00002355,O,AIRPORT,0000
300,SQ,2,2010-06-24,2319,2804,O,AIRPORT,
300,SQ,0117,2011-05-23,00162605,00003340,O,AIRPORT,0000
300,SQ,2,2010-06-24,2393,2367,O,AIRPORT,
300,SQ,2,2010-06-24,2350,1339,O,AIRPORT,
300,SQ,0117,2011-05-23,00162563,00004601,O,AIRPORT,0000
300,SQ,2,2010-06-24,2408,3490,O,AIRPORT,
300,SQ,0117,2011-05-23,00162514,00001311,O,AIRPORT,0000
300,SQ,2,2010-06-24,2305,262,O,AIRPORT,
300,SQ,0117,2011-05-23,00162558,00002297,O,AIRPORT,0000
300,SQ,2,2010-06-24,2369,88,O,AIRPORT,
300,SQ,0117,2011-05-23,00162487,00001096,O,AIRPORT,0000
300,SQ,2,2010-06-24,2314,3251,O,AIRPORT,
300,SQ,0117,2011-05-23,00162449,00001292,O,AIRPORT,0000
300,SQ,2,2010-06-24,2358,3860,O,AIRPORT,
300,SQ,0117,2011-05-23,00162491,00002586,O,AIRPORT,0000
300,SQ,2,2010-06-24,2397,3153,O,AIRPORT,
300,SQ,0117,2011-05-23,00162390,00003349,O,AIRPORT,0000
300,SQ,2,2010-06-24,2311,796,O,AIRPORT,
300,SQ,0117,2011-05-23,00162583,00002807,O,AIRPORT,0000
300,SQ,2,2010-06-24,2234,1815,O,AIRPORT,
300,SQ,0117,2011-05-23,00162542,00001943,O,AIRPORT,0000
300,SQ,2,2010-06-24,2407,3815,O,AIRPORT,
300,SQ,0117,2011-05-23,00162508,00000895,O,AIRPORT,0000
300,SQ,2,2010-06-24,2220,3815,O,AIRPORT,
300,SQ,0117,2011-05-23,00162369,00001506,O,AIRPORT,0000
300,SQ,2,2010-06-24,2285,141,O,AIRPORT,
300,SQ,0117,2011-05-23,00162401,00000667,O,AIRPORT,0000
300,SQ,2,2010-06-24,2266,3769,O,AIRPORT,
300,SQ,2,2010-06-24,2337,1576,O,AIRPORT,
300,SQ,0117,2011-05-23,00162520,00003351,O,AIRPORT,0000
300,SQ,2,2010-06-24,2348,1578,O,AIRPORT,
300,SQ,0117,2011-05-23,00162536,00002553,O,AIRPORT,0000
300,SQ,2,2010-06-24,2360,3346,O,AIRPORT,
300,SQ,0117,2011-05-23,00162515,00000088,O,AIRPORT,0000
300,SQ,2,2010-06-24,2378,1452,O,AIRPORT,
300,SQ,0117,2011-05-23,00162546,00004223,O,AIRPORT,0000
300,SQ,2,2010-06-24,2259,2861,O,AIRPORT,
300,SQ,0117,2011-05-23,00162431,00004380,O,AIRPORT,0000
300,SQ,2,2010-06-24,2295,3171,O,AIRPORT,
300,SQ,0117,2011-05-23,00162459,00000335,O,AIRPORT,0000
300,SQ,2,2010-06-24,2244,4405,O,AIRPORT,
300,SQ,0117,2011-05-23,00162458,00000335,O,AIRPORT,0000
300,SQ,2,2010-06-24,2243,3841,O,AIRPORT,
300,SQ,0117,2011-05-23,00162371,00001312,O,AIRPORT,0000
300,SQ,2,2010-06-24,2308,2600,O,AIRPORT,
300,SQ,0117,2011-05-23,00162460,00003324,O,AIRPORT,0000
300,SQ,2,2010-06-24,2293,2560,O,AIRPORT,
300,SQ,0117,2011-05-23,00162564,00002139,O,AIRPORT,0000
300,SQ,2,2010-06-24,2355,4096,O,AIRPORT,
300,SQ,0117,2011-05-23,00162527,00001038,O,AIRPORT,0000
300,SQ,2,2010-06-24,2208,1420,O,AIRPORT,
300,SQ,0117,2011-05-23,00162468,00003244,O,AIRPORT,0000
300,SQ,2,2010-06-24,2436,3523,O,AIRPORT,
300,SQ,0117,2011-05-23,00162467,00003244,O,AIRPORT,0000
300,SQ,2,2010-06-24,2351,4612,O,AIRPORT,
300,SQ,0117,2011-05-23,00162405,00000201,O,AIRPORT,0000
300,SQ,2,2010-06-24,2400,3713,O,AIRPORT,
300,SQ,0117,2011-05-23,00162473,00001490,O,AIRPORT,0000
300,SQ,2,2010-06-24,2250,1897,O,AIRPORT,
300,SQ,0117,2011-05-23,00162505,00001549,O,AIRPORT,0000
300,SQ,2,2010-06-24,2325,1832,O,AIRPORT,
300,SQ,0117,2011-05-23,00162410,00002999,O,AIRPORT,0000
300,SQ,2,2010-06-24,2322,3507,O,AIRPORT,
300,SQ,0117,2011-05-23,00162402,00001523,O,AIRPORT,0000
300,SQ,2,2010-06-24,2362,1151,O,AIRPORT,
300,SQ,0117,2011-05-23,00162516,00002295,O,AIRPORT,0000
300,SQ,2,2010-06-24,2380,1807,O,AIRPORT,
300,SQ,2,2010-06-24,2377,2233,O,AIRPORT,
300,SQ,0117,2011-05-23,00162372,00001965,O,AIRPORT,0000
300,SQ,2,2010-06-24,2439,1587,O,AIRPORT,
300,SQ,0117,2011-05-23,00162429,00000929,O,AIRPORT,0000
300,SQ,2,2010-06-24,2221,2585,O,AIRPORT,
300,SQ,0117,2011-05-23,00162412,00002033,O,AIRPORT,0000
300,SQ,2,2010-06-24,2203,2476,O,AIRPORT,
300,SQ,0117,2011-05-23,00162478,00004501,O,AIRPORT,0000
300,SQ,2,2010-06-24,2422,4034,O,AIRPORT,
300,SQ,0117,2011-05-23,00162502,00003317,O,AIRPORT,0000
300,SQ,2,2010-06-24,2387,3071,O,AIRPORT,
300,SQ,0117,2011-05-23,00162486,00002007,O,AIRPORT,0000
300,SQ,2,2010-06-24,2409,3709,O,AIRPORT,
300,SQ,0117,2011-05-23,00162444,00000793,O,AIRPORT,0000
300,SQ,2,2010-06-24,2276,3570,O,AIRPORT,
300,SQ,2,2010-06-24,2341,4383,O,AIRPORT,
300,SQ,0117,2011-05-23,00162595,00001921,O,AIRPORT,0000
300,SQ,2,2010-06-24,2334,3260,O,AIRPORT,
300,SQ,0117,2011-05-23,00162426,00003309,O,AIRPORT,0000
300,SQ,2,2010-06-24,2328,3070,O,AIRPORT,
300,SQ,0117,2011-05-23,00162557,00001826,O,AIRPORT,0000
300,SQ,2,2010-06-24,2211,1976,O,AIRPORT,
300,SQ,0117,2011-05-23,00162496,00000186,O,AIRPORT,0000
300,SQ,2,2010-06-24,2435,1959,O,AIRPORT,
300,SQ,0117,2011-05-23,00162614,00004424,O,AIRPORT,0000
300,SQ,2,2010-06-24,2327,1079,O,AIRPORT,
300,SQ,0117,2011-05-23,00162568,00000001,O,AIRPORT,0000
300,SQ,2,2010-06-24,2339,2506,O,AIRPORT,
300,SQ,0117,2011-05-23,00162394,00001939,O,AIRPORT,0000
300,SQ,2,2010-06-24,2398,2559,O,AIRPORT,
300,SQ,0117,2011-05-23,00162597,00002991,O,AIRPORT,0000
300,SQ,2,2010-06-24,2448,3459,O,AIRPORT,
300,SQ,0117,2011-05-23,00162575,00001359,O,AIRPORT,0000
300,SQ,2,2010-06-24,2253,2835,O,AIRPORT,
300,SQ,2,2010-06-24,2230,2427,O,AIRPORT,
300,SQ,2,2010-06-24,2257,3682,O,AIRPORT,
300,SQ,2,2010-06-24,2329,3409,O,AIRPORT,
300,SQ,2,2010-06-24,2316,1036,O,AIRPORT,
300,SQ,2,2010-06-24,2217,433,O,AIRPORT,
300,SQ,2,2010-06-24,2286,3284,O,AIRPORT,
300,SQ,2,2010-06-24,2403,674,O,AIRPORT,
300,SQ,2,2010-06-24,2338,4562,O,AIRPORT,
300,SQ,2,2010-06-24,2251,1558,O,AIRPORT,
300,SQ,2,2010-06-24,2340,1162,O,AIRPORT,
300,SQ,2,2010-06-24,2278,3023,O,AIRPORT,
300,SQ,2,2010-06-24,2288,568,O,AIRPORT,
300,SQ,2,2010-06-24,2219,1705,O,AIRPORT,
300,SQ,2,2010-06-24,2309,469,O,AIRPORT,
300,SQ,2,2010-06-24,2379,501,O,AIRPORT,
300,SQ,2,2010-06-24,2406,2960,O,AIRPORT,
300,SQ,2,2010-06-24,2437,2921,O,AIRPORT,
300,SQ,2,2010-06-24,2417,1605,O,AIRPORT,
300,SQ,2,2010-06-24,2312,1426,O,AIRPORT,
300,SQ,2,2010-06-24,2449,2927,O,AIRPORT,
300,SQ,2,2010-06-24,2434,137,O,AIRPORT,
300,SQ,2,2010-06-24,2442,587,O,AIRPORT,
300,SQ,2,2010-06-24,2279,2694,O,AIRPORT,
300,SQ,2,2010-06-24,2453,361,O,AIRPORT,
300,SQ,2,2010-06-24,2256,1137,O,AIRPORT,
300,SQ,2,2010-06-24,2365,4260,O,AIRPORT,
300,SQ,2,2010-06-24,2364,4260,O,AIRPORT,
300,SQ,2,2010-06-24,2272,4288,O,AIRPORT,
300,SQ,2,2010-06-24,2273,4528,O,AIRPORT,
300,SQ,2,2010-06-24,2255,4528,O,AIRPORT,
300,SQ,2,2010-06-24,2321,3448,O,AIRPORT,
300,SQ,2,2010-06-24,2441,1927,O,AIRPORT,
300,SQ,2,2010-06-24,2336,1116,O,AIRPORT,
300,SQ,2,2010-06-24,2245,1766,O,AIRPORT,
300,SQ,2,2010-06-24,2367,3824,O,AIRPORT,
300,SQ,2,2010-06-24,2227,1721,O,AIRPORT,
300,SQ,2,2010-06-24,2411,500,O,AIRPORT,
300,SQ,2,2010-06-24,2249,3497,O,AIRPORT,
300,SQ,2,2010-06-24,2421,3429,O,AIRPORT,
300,SQ,2,2010-06-24,2222,3643,O,AIRPORT,
300,SQ,2,2010-06-24,2268,76,O,AIRPORT,
300,SQ,2,2010-06-24,2210,3583,O,AIRPORT,
300,SQ,2,2010-06-24,2447,2497,O,AIRPORT,
300,SQ,2,2010-06-24,2226,4203,O,AIRPORT,
300,SQ,2,2010-06-24,2388,4177,O,AIRPORT,
300,SQ,2,2010-06-24,2366,4221,O,AIRPORT,
300,SQ,2,2010-06-24,2289,1797,O,AIRPORT,
300,SQ,2,2010-06-24,2440,4234,O,AIRPORT,
300,SQ,2,2010-06-24,2209,2436,O,AIRPORT,
300,SQ,2,2010-06-24,2381,2598,O,AIRPORT,
300,SQ,2,2010-06-24,2300,3573,O,AIRPORT,
300,SQ,2,2010-06-24,2357,3578,O,AIRPORT,
300,SQ,2,2010-06-24,2204,458,O,AIRPORT,
300,SQ,2,2010-06-24,2304,1176,O,AIRPORT,
300,SQ,2,2010-06-24,2414,1466,O,AIRPORT,
300,SQ,2,2010-06-24,2315,1466,O,AIRPORT,
300,SQ,2,2010-06-24,2258,1429,O,AIRPORT,
300,SQ,2,2010-06-24,2390,2687,O,AIRPORT,
300,SQ,2,2010-06-24,2280,1152,O,AIRPORT,
300,SQ,2,2010-06-24,2438,2738,O,AIRPORT,
300,SQ,2,2010-06-24,2236,2178,O,AIRPORT,
300,SQ,2,2010-06-24,2235,2178,O,AIRPORT,
300,SQ,2,2010-06-24,2382,1390,O,AIRPORT,
300,SQ,2,2010-06-24,2431,3002,O,AIRPORT,
300,SQ,2,2010-06-24,2240,3693,O,AIRPORT,
300,SQ,2,2010-06-24,2424,1252,O,AIRPORT,
300,SQ,2,2010-06-24,2343,1421,O,AIRPORT,
300,SQ,2,2010-06-24,2213,80,O,AIRPORT,
300,SQ,2,2010-06-24,2345,94,O,AIRPORT,
300,SQ,2,2010-06-24,2361,2970,O,AIRPORT,
300,SQ,2,2010-06-24,2261,768,O,AIRPORT,
300,SQ,2,2010-06-24,2225,489,O,AIRPORT,
300,SQ,2,2010-06-24,2260,2912,O,AIRPORT,
300,SQ,2,2010-06-24,2263,3806,O,AIRPORT,
300,SQ,2,2010-06-24,2412,4622,O,AIRPORT,
300,SQ,2,2010-06-24,2401,3856,O,AIRPORT,
300,SQ,2,2010-06-24,2282,4074,O,AIRPORT,
300,SQ,2,2010-06-24,2333,2237,O,AIRPORT,
300,SQ,2,2010-06-24,2323,58,O,AIRPORT,
300,SQ,2,2010-06-24,2430,4152,O,AIRPORT,
300,SQ,2,2010-06-24,2433,4343,O,AIRPORT,
300,SQ,2,2010-06-24,2413,835,O,AIRPORT,
300,SQ,2,2010-06-24,2443,1376,O,AIRPORT,
300,SQ,2,2010-06-24,2294,2952,O,AIRPORT,
300,SQ,2,2010-06-24,2313,2952,O,AIRPORT,
300,SQ,2,2010-06-24,2353,2592,O,AIRPORT,
300,SQ,2,2010-06-24,2252,1873,O,AIRPORT,
300,SQ,2,2010-06-24,2391,2654,O,AIRPORT,
300,SQ,2,2010-06-24,2373,1862,O,AIRPORT,
300,SQ,2,2010-06-24,2223,1291,O,AIRPORT,
300,SQ,2,2010-06-24,2446,3406,O,AIRPORT,
300,SQ,2,2010-06-24,2419,3400,O,AIRPORT,
300,SQ,2,2010-06-24,2346,2834,O,AIRPORT,
300,SQ,2,2010-06-24,2283,2889,O,AIRPORT,
300,SQ,2,2010-06-24,2426,2532,O,AIRPORT,
300,SQ,2,2010-06-24,2445,905,O,AIRPORT,
300,SQ,2,2010-06-24,2324,3207,O,AIRPORT,
300,SQ,2,2010-06-24,2344,3893,O,AIRPORT,
300,SQ,2,2010-06-24,2385,1463,O,AIRPORT,
300,SQ,2,2010-06-24,2356,2767,O,AIRPORT,
300,SQ,2,2010-06-24,2216,782,O,AIRPORT,
300,SQ,2,2010-06-24,2296,454,O,AIRPORT,
300,SQ,2,2010-06-24,2233,810,O,AIRPORT,
300,SQ,2,2010-06-24,2302,610,O,AIRPORT,
300,SQ,2,2010-06-24,2248,3327,O,AIRPORT,
300,SQ,2,2010-06-24,2368,3739,O,AIRPORT,
300,SQ,2,2010-06-24,2214,2308,O,AIRPORT,
300,SQ,2,2010-06-24,2410,887,O,AIRPORT,
300,SQ,2,2010-06-24,2371,182,O,AIRPORT,
300,SQ,2,2010-06-24,2247,1435,O,AIRPORT,
300,SQ,2,2010-06-24,2418,2764,O,AIRPORT,
300,SQ,2,2010-06-24,2269,808,O,AIRPORT,
300,SQ,2,2010-06-24,2432,4307,O,AIRPORT,
300,SQ,2,2010-06-24,2326,2793,O,AIRPORT,
300,SQ,2,2010-06-24,2212,602,O,AIRPORT,
300,SQ,2,2010-06-24,2318,3956,O,AIRPORT,
300,SQ,2,2010-06-24,2277,4317,O,AIRPORT,
300,SQ,2,2010-06-24,2383,2926,O,AIRPORT,
300,SQ,2,2010-06-24,2427,3027,O,AIRPORT,
300,SQ,2,2010-06-24,2317,1085,O,AIRPORT,
300,SQ,2,2010-06-24,2372,3483,O,AIRPORT,
300,SQ,2,2010-06-24,2299,2607,O,AIRPORT,
300,SQ,2,2010-06-24,2207,2496,O,AIRPORT,
300,SQ,2,2010-06-24,2292,582,O,AIRPORT,
300,SQ,2,2010-06-24,2454,2505,O,AIRPORT,
300,SQ,2,2010-06-24,2423,4131,O,AIRPORT,
300,SQ,2,2010-06-24,2284,4136,O,AIRPORT,
300,SQ,2,2010-06-24,2415,238,O,AIRPORT,
300,SQ,2,2010-06-24,2307,1647,O,AIRPORT,
300,SQ,2,2010-06-24,2450,2854,O,AIRPORT,
300,SQ,2,2010-06-24,2425,2915,O,AIRPORT,
300,SQ,2,2010-06-24,2352,2915,O,AIRPORT,
300,SQ,2,2010-06-24,2375,3178,O,AIRPORT,
300,SQ,2,2010-06-24,2228,2784,O,AIRPORT,
300,SQ,2,2010-06-24,2396,4394,O,AIRPORT,
300,SQ,2,2010-06-24,2405,3735,O,AIRPORT,
300,SQ,2,2010-06-24,2363,3465,O,AIRPORT,
300,SQ,2,2010-06-24,2374,2364,O,AIRPORT,
300,SQ,2,2010-06-24,2275,2364,O,AIRPORT,
300,SQ,2,2010-06-24,2231,2079,O,AIRPORT,
300,SQ,2,2010-06-24,2265,1860,O,AIRPORT,
300,SQ,2,2010-06-24,2392,4306,O,AIRPORT,
300,SQ,2,2010-06-24,2232,680,O,AIRPORT,
300,SQ,2,2010-06-24,2246,3193,O,AIRPORT,
300,SQ,2,2010-06-24,2306,3224,O,AIRPORT,
300,SQ,2,2010-06-24,2262,381,O,AIRPORT,
300,SQ,2,2010-06-24,2320,1217,O,AIRPORT,
300,SQ,2,2010-06-24,2287,65,O,AIRPORT,
300,SQ,2,2010-06-24,2241,2568,O,AIRPORT,
300,SQ,2,2010-06-24,2290,4625,O,AIRPORT,
300,SQ,2,2010-06-24,2428,461,O,AIRPORT,
300,SQ,2,2010-06-24,2335,2071,O,AIRPORT,
300,SQ,2,2010-06-24,2389,3396,O,AIRPORT,
300,SQ,2,2010-06-24,2404,4329,O,AIRPORT,
300,SQ,2,2010-06-24,2359,648,O,AIRPORT,
300,SQ,2,2010-06-24,2229,157,O,AIRPORT,
300,SQ,2,2010-06-24,2394,2981,O,AIRPORT,
300,SQ,2,2010-06-24,2332,3801,O,AIRPORT,
300,SQ,2,2010-06-24,2386,436,O,AIRPORT,
300,SQ,2,2010-06-24,2205,2646,O,AIRPORT,
300,SQ,2,2010-06-24,2281,925,O,AIRPORT,
300,SQ,2,2010-06-24,2395,1877,O,AIRPORT,
300,SQ,2,2010-06-24,2264,2030,O,AIRPORT,
300,SQ,2,2010-06-24,2402,3033,O,AIRPORT,
300,SQ,2,2010-06-24,2224,3033,O,AIRPORT,
300,SQ,2,2010-06-24,2444,1761,O,AIRPORT,
300,SQ,2,2010-06-24,2238,2119,O,AIRPORT,
300,SQ,2,2010-07-01,2500,3110,O,AIRPORT,
300,SQ,2,2010-07-01,2552,743,O,AIRPORT,
300,SQ,2,2010-07-01,2493,3627,O,AIRPORT,
300,SQ,2,2010-07-01,2681,2754,O,AIRPORT,
300,SQ,2,2010-07-01,2527,3639,O,AIRPORT,
300,SQ,2,2010-07-01,2559,2117,O,AIRPORT,
300,SQ,2,2010-07-01,2540,2606,O,AIRPORT,
300,SQ,2,2010-07-01,2468,1947,O,AIRPORT,
300,SQ,2,2010-07-01,2473,1736,O,AIRPORT,
300,SQ,2,2010-07-01,2617,864,O,AIRPORT,
300,SQ,2,2010-07-01,2589,2487,O,AIRPORT,
300,SQ,2,2010-07-01,2665,4299,O,AIRPORT,
300,SQ,2,2010-07-01,2675,831,O,AIRPORT,
300,SQ,2,2010-07-01,2629,2134,O,AIRPORT,
300,SQ,2,2010-07-01,2471,1737,O,AIRPORT,
300,SQ,2,2010-07-01,2531,1062,O,AIRPORT,
300,SQ,2,2010-07-01,2636,2362,O,AIRPORT,
300,SQ,2,2010-07-01,2657,2836,O,AIRPORT,
300,SQ,0117,2011-05-23,00162534,00002627,O,AIRPORT,0000
300,SQ,0117,2011-05-23,00162435,00004349,O,AIRPORT,0000
300,SQ,0117,2011-05-23,00162414,00002051,O,AIRPORT,0000
300,SQ,0117,2011-05-23,00162533,00000963,O,AIRPORT,0000
300,SQ,0117,2011-05-23,00162434,00004550,O,AIRPORT,0000
300,SQ,0117,2011-05-23,00162388,00000960,O,AIRPORT,0000
300,SQ,0117,2011-05-23,00162590,00000960,O,AIRPORT,0000
300,SQ,0117,2011-05-23,00162612,00001805,O,AIRPORT,0000
300,SQ,0117,2011-05-23,00162572,00001094,O,AIRPORT,0000
300,SQ,0117,2011-05-23,00162380,00000040,O,AIRPORT,0000
300,SQ,0117,2011-05-23,00162382,00003219,O,AIRPORT,0000
300,SQ,0117,2011-05-23,00162464,00004195,O,AIRPORT,0000
300,SQ,0117,2011-05-23,00162476,00001065,O,AIRPORT,0000
300,SQ,0117,2011-05-23,00162554,00002080,O,AIRPORT,0000
300,SQ,0117,2011-05-23,00162375,00003119,O,AIRPORT,0000
300,SQ,0117,2011-05-23,00162603,00001597,O,AIRPORT,0000
300,SQ,0117,2011-05-23,00162413,00002325,O,AIRPORT,0000
300,SQ,0117,2011-05-23,00162513,00002286,O,AIRPORT,0000
300,SQ,0117,2011-05-23,00162591,00002286,O,AIRPORT,0000
300,SQ,0117,2011-05-23,00162510,00001660,O,AIRPORT,0000
300,SQ,0117,2011-05-23,00162607,00000374,O,AIRPORT,0000
300,SQ,0117,2011-05-23,00162577,00002525,O,AIRPORT,0000
300,SQ,0117,2011-05-23,00162585,00000599,O,AIRPORT,0000
300,SQ,0117,2011-05-23,00162566,00003800,O,AIRPORT,0000
300,SQ,0117,2011-05-23,00162385,00003977,O,AIRPORT,0000
300,SQ,0117,2011-05-23,00162374,00001139,O,AIRPORT,0000
300,SQ,0117,2011-05-23,00162442,00001584,O,AIRPORT,0000
300,SQ,0117,2011-05-23,00162411,00003511,O,AIRPORT,0000
300,SQ,0117,2011-05-23,00162407,00003377,O,AIRPORT,0000
300,SQ,0117,2011-05-23,00162573,00000525,O,AIRPORT,0000
300,SQ,0117,2011-05-23,00162416,00004369,O,AIRPORT,0000
300,SQ,0117,2011-05-23,00162547,00001902,O,AIRPORT,0000
300,SQ,0117,2011-05-23,00162447,00001824,O,AIRPORT,0000
300,SQ,0117,2011-05-23,00162418,00003274,O,AIRPORT,0000
300,SQ,0117,2011-05-23,00162469,00003779,O,AIRPORT,0000
300,SQ,0117,2011-05-23,00162377,00001222,O,AIRPORT,0000
300,SQ,0117,2011-05-23,00162604,00001953,O,AIRPORT,0000
300,SQ,0117,2011-05-23,00162406,00002728,O,AIRPORT,0000
300,SQ,0117,2011-05-23,00162454,00002676,O,AIRPORT,0000
300,SQ,0117,2011-05-23,00162482,00002903,O,AIRPORT,0000
300,SQ,0117,2011-05-23,00162404,00002768,O,AIRPORT,0000
300,SQ,0117,2011-05-23,00162587,00002264,O,AIRPORT,0000
300,SQ,0117,2011-05-23,00162569,00000561,O,AIRPORT,0000
300,SQ,0117,2011-05-23,00162477,00004056,O,AIRPORT,0000
300,SQ,0117,2011-05-23,00162571,00003497,O,AIRPORT,0000
300,SQ,0117,2011-05-23,00162619,00002063,O,AIRPORT,0000
300,SQ,0117,2011-05-23,00162425,00001159,O,AIRPORT,0000
300,SQ,0117,2011-05-23,00162383,00001940,O,AIRPORT,0000
300,SQ,0117,2011-05-23,00162602,00000675,O,AIRPORT,0000
300,SQ,0117,2011-05-23,00162483,00000342,O,AIRPORT,0000
300,SQ,0117,2011-05-23,00162481,00003829,O,AIRPORT,0000
300,SQ,0117,2011-05-23,00162559,00001971,O,AIRPORT,0000
300,SQ,0117,2011-05-23,00162495,00001797,O,AIRPORT,0000
300,SQ,0117,2011-05-23,00162387,00003041,O,AIRPORT,0000
300,SQ,0117,2011-05-23,00162373,00003825,O,AIRPORT,0000
300,SQ,0117,2011-05-23,00162592,00002420,O,AIRPORT,0000
300,SQ,0117,2011-05-23,00162589,00003303,O,AIRPORT,0000
300,SQ,0117,2011-05-23,00162436,00000696,O,AIRPORT,0000
300,SQ,0117,2011-05-23,00162535,00000505,O,AIRPORT,0000
300,SQ,0117,2011-05-23,00162551,00001661,O,AIRPORT,0000
300,SQ,0117,2011-05-23,00162561,00001751,O,AIRPORT,0000
300,SQ,0117,2011-05-23,00162511,00001196,O,AIRPORT,0000
300,SQ,0117,2011-05-23,00162465,00001176,O,AIRPORT,0000
300,SQ,0117,2011-05-23,00162422,00003081,O,AIRPORT,0000
300,SQ,0117,2011-05-23,00162456,00004197,O,AIRPORT,0000
300,SQ,0117,2011-05-23,00162443,00004021,O,AIRPORT,0000
300,SQ,0117,2011-05-23,00162528,00004021,O,AIRPORT,0000
300,SQ,0117,2011-05-23,00162552,00003623,O,AIRPORT,0000
300,SQ,0117,2011-05-23,00162549,00003560,O,AIRPORT,0000
300,SQ,0117,2011-05-23,00162438,00001002,O,AIRPORT,0000
300,SQ,0117,2011-05-23,00162393,00003401,O,AIRPORT,0000
300,SQ,0117,2011-05-23,00162378,00003364,O,AIRPORT,0000
300,SQ,0117,2011-05-23,00162570,00000806,O,AIRPORT,0000
300,SQ,0117,2011-05-23,00162512,00000306,O,AIRPORT,0000
300,SQ,0117,2011-05-23,00162499,00004468,O,AIRPORT,0000
300,SQ,0117,2011-05-23,00162574,00003836,O,AIRPORT,0000
300,SQ,0117,2011-05-23,00162506,00000263,O,AIRPORT,0000
300,SQ,0117,2011-05-23,00162397,00001372,O,AIRPORT,0000
300,SQ,0117,2011-05-23,00162441,00003927,O,AIRPORT,0000
300,SQ,0117,2011-05-23,00162379,00001518,O,AIRPORT,0000
300,SQ,0117,2011-05-23,00162463,00002908,O,AIRPORT,0000
300,SQ,0117,2011-05-23,00162560,00000143,O,AIRPORT,0000
300,SQ,0117,2011-05-23,00162526,00004170,O,AIRPORT,0000
300,SQ,0117,2011-05-23,00162509,00000267,O,AIRPORT,0000
300,SQ,0117,2011-05-23,00162470,00002284,O,AIRPORT,0000
300,SQ,0117,2011-05-23,00162400,00000630,O,AIRPORT,0000
300,SQ,0117,2011-05-23,00162530,00001243,O,AIRPORT,0000
300,SQ,0117,2011-05-23,00162507,00000068,O,AIRPORT,0000
300,SQ,0117,2011-05-23,00162446,00002234,O,AIRPORT,0000
300,SQ,0117,2011-05-23,00162448,00003373,O,AIRPORT,0000
300,SQ,0117,2011-05-23,00162492,00000446,O,AIRPORT,0000
300,SQ,0117,2011-05-23,00162409,00003636,O,AIRPORT,0000
300,SQ,0117,2011-05-23,00162437,00004401,O,AIRPORT,0000
300,SQ,0117,2011-05-23,00162490,00001470,O,AIRPORT,0000
300,SQ,0117,2011-05-23,00162615,00001918,O,AIRPORT,0000
300,SQ,0117,2011-05-23,00162386,00001214,O,AIRPORT,0000
300,SQ,0117,2011-05-23,00162420,00004166,O,AIRPORT,0000
300,SQ,0117,2011-05-23,00162480,00004166,O,AIRPORT,0000
300,SQ,0117,2011-05-23,00162565,00000745,O,AIRPORT,0000
300,SQ,0117,2011-05-23,00162579,00003085,O,AIRPORT,0000
300,SQ,0117,2011-05-23,00162613,00000682,O,AIRPORT,0000
300,SQ,0117,2011-05-23,00162450,00000644,O,AIRPORT,0000
300,SQ,0117,2011-05-23,00162440,00000974,O,AIRPORT,0000
300,SQ,0117,2011-05-23,00162523,00004078,O,AIRPORT,0000
300,SQ,0117,2011-05-23,00162616,00000218,O,AIRPORT,0000
300,SQ,0117,2011-05-23,00162493,00001434,O,AIRPORT,0000
300,SQ,0117,2011-05-23,00162484,00003331,O,AIRPORT,0000
300,SQ,0117,2011-05-23,00162461,00002308,O,AIRPORT,0000
300,SQ,0117,2011-05-23,00162370,00002849,O,AIRPORT,0000
300,SQ,0117,2011-05-23,00162548,00000610,O,AIRPORT,0000
300,SQ,0117,2011-05-23,00162451,00000778,O,AIRPORT,0000
300,SQ,0117,2011-05-23,00162578,00000778,O,AIRPORT,0000
300,SQ,0117,2011-05-23,00162430,00001540,O,AIRPORT,0000
300,SQ,0117,2011-05-23,00162618,00001740,O,AIRPORT,0000
300,SQ,0117,2011-05-23,00162519,00000905,O,AIRPORT,0000
300,SQ,0117,2011-05-23,00162396,00000896,O,AIRPORT,0000
300,SQ,0117,2011-05-23,00162488,00000447,O,AIRPORT,0000
300,SQ,0117,2011-05-23,00162517,00002492,O,AIRPORT,0000
300,SQ,0117,2011-05-23,00162398,00004610,O,AIRPORT,0000
300,SQ,0117,2011-05-23,00162421,00004160,O,AIRPORT,0000
300,SQ,0117,2011-05-23,00162522,00001681,O,AIRPORT,0000
300,SQ,0117,2011-05-23,00162521,00001681,O,AIRPORT,0000
300,SQ,0117,2011-05-23,00162567,00001681,O,AIRPORT,0000
300,SQ,0117,2011-05-23,00162556,00002567,O,AIRPORT,0000
300,SQ,0117,2011-05-23,00162540,00001525,O,AIRPORT,0000
300,SQ,0117,2011-05-23,00162601,00002793,O,AIRPORT,0000
300,SQ,0117,2011-05-23,00162389,00002797,O,AIRPORT,0000
300,SQ,0117,2011-05-23,00162586,00003359,O,AIRPORT,0000
300,SQ,0117,2011-05-23,00162395,00003375,O,AIRPORT,0000
300,SQ,0117,2011-05-23,00162611,00001083,O,AIRPORT,0000
300,SQ,0117,2011-05-23,00162500,00002468,O,AIRPORT,0000
300,SQ,0117,2011-05-23,00162596,00000414,O,AIRPORT,0000
300,SQ,0117,2011-05-23,00162408,00004287,O,AIRPORT,0000
300,SQ,0117,2011-05-23,00162485,00000292,O,AIRPORT,0000
300,SQ,0117,2011-05-23,00162593,00000054,O,AIRPORT,0000
300,SQ,0117,2011-05-23,00162541,00002496,O,AIRPORT,0000
300,SQ,0117,2011-05-23,00162538,00000823,O,AIRPORT,0000
300,SQ,0117,2011-05-23,00162550,00001078,O,AIRPORT,0000
300,SQ,0117,2011-05-23,00162445,00001255,O,AIRPORT,0000
300,SQ,0117,2011-05-23,00162432,00002915,O,AIRPORT,0000
300,SQ,0117,2011-05-23,00162594,00000438,O,AIRPORT,0000
300,SQ,0117,2011-05-23,00162462,00001236,O,AIRPORT,0000
300,SQ,0117,2011-05-23,00162555,00003566,O,AIRPORT,0000
300,SQ,0117,2011-05-23,00162543,00000621,O,AIRPORT,0000
300,SQ,0117,2011-05-23,00162439,00000010,O,AIRPORT,0000
300,SQ,0117,2011-05-23,00162428,00000512,O,AIRPORT,0000
300,SQ,0117,2011-05-23,00162582,00000848,O,AIRPORT,0000
300,SQ,0117,2011-05-23,00162581,00000848,O,AIRPORT,0000
300,SQ,0117,2011-05-23,00162529,00001993,O,AIRPORT,0000
300,SQ,0117,2011-05-23,00162504,00003726,O,AIRPORT,0000
300,SQ,0117,2011-05-23,00162576,00001969,O,AIRPORT,0000
300,SQ,0117,2011-05-23,00162600,00001760,O,AIRPORT,0000
300,SQ,0117,2011-05-23,00162524,00004470,O,AIRPORT,0000
300,SQ,0117,2011-05-23,00162598,00000016,O,AIRPORT,0000
300,SQ,0117,2011-05-23,00162479,00001063,O,AIRPORT,0000
300,SQ,0117,2011-05-23,00162403,00003100,O,AIRPORT,0000
300,SQ,0117,2011-05-23,00162497,00000472,O,AIRPORT,0000
300,SQ,0117,2011-05-23,00162553,00004410,O,AIRPORT,0000
300,SQ,0117,2011-05-23,00162384,00003600,O,AIRPORT,0000
300,SQ,0117,2011-05-23,00162503,00004348,O,AIRPORT,0000
300,SQ,0117,2011-05-23,00162544,00003055,O,AIRPORT,0000
300,SQ,0117,2011-05-23,00162391,00003421,O,AIRPORT,0000
300,SQ,0117,2011-05-23,00162494,00002843,O,AIRPORT,0000
300,SQ,0117,2011-05-23,00162455,00003410,O,AIRPORT,0000
300,SQ,0117,2011-05-23,00162532,00001097,O,AIRPORT,0000
300,SQ,0117,2011-05-23,00162588,00002384,O,AIRPORT,0000
300,SQ,0117,2011-05-23,00162381,00004588,O,AIRPORT,0000
300,SQ,0117,2011-05-23,00162599,00001290,O,AIRPORT,0000
300,SQ,0117,2011-05-23,00162537,00000664,O,AIRPORT,0000
300,SQ,0117,2011-05-23,00162608,00000727,O,AIRPORT,0000
300,SQ,0117,2011-05-23,00162609,00000803,O,AIRPORT,0000
300,SQ,0117,2011-05-23,00162475,00002106,O,AIRPORT,0000
300,SQ,0117,2011-05-23,00162424,00000573,O,AIRPORT,0000
300,SQ,0117,2011-05-23,00162415,00000867,O,AIRPORT,0000
300,SQ,0117,2011-05-23,00162531,00001298,O,AIRPORT,0000
300,SQ,0117,2011-05-23,00162610,00003521,O,AIRPORT,0000
300,SQ,0117,2011-05-23,00162617,00003125,O,AIRPORT,0000
300,SQ,0117,2011-05-23,00162376,00002068,O,AIRPORT,0000
300,SQ,0117,2011-05-23,00162453,00001765,O,AIRPORT,0000
300,SQ,0117,2011-05-23,00162457,00001198,O,AIRPORT,0000
300,SQ,0117,2011-05-23,00162474,00004300,O,AIRPORT,0000
300,SQ,0117,2011-05-23,00162584,00000451,O,AIRPORT,0000
300,SQ,0117,2011-05-23,00162433,00000925,O,AIRPORT,0000
300,SQ,0117,2011-05-23,00162399,00003747,O,AIRPORT,0000
300,SQ,0117,2011-05-23,00162427,00000396,O,AIRPORT,0000
300,SQ,0117,2011-05-23,00162466,00003862,O,AIRPORT,0000
300,SQ,0117,2011-06-20,00163407,00000542,O,AIRPORT,0000
300,SQ,0117,2011-06-20,00163379,00001189,O,AIRPORT,0000
300,SQ,0117,2011-06-20,00163606,00000994,O,AIRPORT,0000
300,SQ,0117,2011-06-20,00163419,00003514,O,AIRPORT,0000
300,SQ,0117,2011-06-20,00163468,00003855,O,AIRPORT,0000
300,SQ,0117,2011-06-20,00163492,00003710,O,AIRPORT,0000
300,SQ,0117,2011-06-20,00163495,00002639,O,AIRPORT,0000
300,SQ,0117,2011-06-20,00163449,00004536,O,AIRPORT,0000
300,SQ,0117,2011-06-20,00163543,00004245,O,AIRPORT,0000
300,SQ,0117,2011-06-20,00163415,00000536,O,AIRPORT,0000
300,SQ,0117,2011-06-20,00163406,00004429,O,AIRPORT,0000
300,SQ,0117,2011-06-20,00163444,00002268,O,AIRPORT,0000
300,SQ,0117,2011-06-20,00163520,00000592,O,AIRPORT,0000
300,SQ,0117,2011-06-20,00163531,00000613,O,AIRPORT,0000
300,SQ,0117,2011-06-20,00163480,00002672,O,AIRPORT,0000
300,SQ,0117,2011-06-20,00163498,00003414,O,AIRPORT,0000
300,SQ,0117,2011-06-20,00163604,00003408,O,AIRPORT,0000
300,SQ,0117,2011-06-20,00163484,00004093,O,AIRPORT,0000
300,SQ,0117,2011-06-20,00163611,00000478,O,AIRPORT,0000
300,SQ,0117,2011-06-20,00163380,00003064,O,AIRPORT,0000
300,SQ,0117,2011-06-20,00163455,00002082,O,AIRPORT,0000
300,SQ,0117,2011-06-20,00163555,00004571,O,AIRPORT,0000
300,SQ,0117,2011-06-20,00163579,00003475,O,AIRPORT,0000
300,SQ,0117,2011-06-20,00163537,00000026,O,AIRPORT,0000
300,SQ,0117,2011-06-20,00163556,00003349,O,AIRPORT,0000
300,SQ,0117,2011-06-20,00163494,00004121,O,AIRPORT,0000
300,SQ,0117,2011-06-20,00163490,00004012,O,AIRPORT,0000
300,SQ,0117,2011-06-20,00163375,00002807,O,AIRPORT,0000
300,SQ,0117,2011-06-20,00163600,00000765,O,AIRPORT,0000
300,SQ,0117,2011-06-20,00163607,00004053,O,AIRPORT,0000
300,SQ,2,2010-07-01,2472,1263,O,AIRPORT,
300,SQ,0117,2011-06-20,00163539,00002077,O,AIRPORT,0000
300,SQ,2,2010-07-01,2486,1119,O,AIRPORT,
300,SQ,0117,2011-06-20,00163514,00003671,O,AIRPORT,0000
300,SQ,2,2010-07-01,2599,4402,O,AIRPORT,
300,SQ,0117,2011-06-20,00163463,00004332,O,AIRPORT,0000
300,SQ,2,2010-07-01,2603,1664,O,AIRPORT,
300,SQ,0117,2011-06-20,00163442,00003750,O,AIRPORT,0000
300,SQ,2,2010-07-01,2619,386,O,AIRPORT,
300,SQ,0117,2011-06-20,00163493,00002070,O,AIRPORT,0000
300,SQ,2,2010-07-01,2485,4344,O,AIRPORT,
300,SQ,0117,2011-06-20,00163587,00000223,O,AIRPORT,0000
300,SQ,2,2010-07-01,2637,354,O,AIRPORT,
300,SQ,0117,2011-06-20,00163432,00003858,O,AIRPORT,0000
300,SQ,2,2010-07-01,2649,1193,O,AIRPORT,
300,SQ,2,2010-07-01,2664,3543,O,AIRPORT,
300,SQ,0117,2011-06-20,00163592,00004089,O,AIRPORT,0000
300,SQ,2,2010-07-01,2630,1107,O,AIRPORT,
300,SQ,0117,2011-06-20,00163580,00001479,O,AIRPORT,0000
300,SQ,2,2010-07-01,2551,1585,O,AIRPORT,
300,SQ,0117,2011-06-20,00163599,00003866,O,AIRPORT,0000
300,SQ,2,2010-07-01,2609,1430,O,AIRPORT,
300,SQ,0117,2011-06-20,00163529,00002537,O,AIRPORT,0000
300,SQ,2,2010-07-01,2558,4162,O,AIRPORT,
300,SQ,0117,2011-06-20,00163466,00000197,O,AIRPORT,0000
300,SQ,2,2010-07-01,2591,4101,O,AIRPORT,
300,SQ,2,2010-07-01,2677,2426,O,AIRPORT,
300,SQ,0117,2011-06-20,00163568,00002419,O,AIRPORT,0000
300,SQ,2,2010-07-01,2579,3453,O,AIRPORT,
300,SQ,0117,2011-06-20,00163439,00003622,O,AIRPORT,0000
300,SQ,2,2010-07-01,2469,2610,O,AIRPORT,
300,SQ,0117,2011-06-20,00163428,00002345,O,AIRPORT,0000
300,SQ,2,2010-07-01,2627,1066,O,AIRPORT,
300,SQ,0117,2011-06-20,00163440,00002818,O,AIRPORT,0000
300,SQ,2,2010-07-01,2539,756,O,AIRPORT,
300,SQ,0117,2011-06-20,00163612,00003841,O,AIRPORT,0000
300,SQ,2,2010-07-01,2581,300,O,AIRPORT,
300,SQ,0117,2011-06-20,00163609,00004083,O,AIRPORT,0000
300,SQ,2,2010-07-01,2640,1861,O,AIRPORT,
300,SQ,0117,2011-06-20,00163454,00000598,O,AIRPORT,0000
300,SQ,2,2010-07-01,2706,383,O,AIRPORT,
300,SQ,2,2010-07-01,2702,2486,O,AIRPORT,
300,SQ,0117,2011-06-20,00163508,00002379,O,AIRPORT,0000
300,SQ,2,2010-07-01,2477,676,O,AIRPORT,
300,SQ,0117,2011-06-20,00163482,00000970,O,AIRPORT,0000
300,SQ,2,2010-07-01,2543,3197,O,AIRPORT,
300,SQ,0117,2011-06-20,00163585,00003460,O,AIRPORT,0000
300,SQ,0117,2011-06-20,00163564,00003516,O,AIRPORT,0000
300,SQ,0117,2011-06-20,00163546,00004489,O,AIRPORT,0000
300,SQ,2,2010-07-01,2474,3671,O,AIRPORT,
300,SQ,2,2010-07-01,2537,617,O,AIRPORT,
300,SQ,2,2010-07-01,2577,3013,O,AIRPORT,
300,SQ,2,2010-07-01,2585,398,O,AIRPORT,
300,SQ,2,2010-07-01,2633,2600,O,AIRPORT,
300,SQ,2,2010-07-01,2481,3526,O,AIRPORT,
300,SQ,2,2010-07-01,2597,1568,O,AIRPORT,
